case_unit_id,suite,user_task_id,injection_task_id,结构_身份_哈希,官方goal_task_class_source,冻结与outcome隔离,released_evaluator及native接线,必要state_schema,post_run_artifact_inventory,case_specific_evaluator传递闭包,stronger条件可可靠划分,未预判S_F_U或benchmark_conflict,总体结论,issue_codes,缺失依赖详情,packet_path
v1.2.2:workspace:user_task_0:injection_task_0,workspace,user_task_0,injection_task_0,通过,通过,通过,不通过,不通过,不通过,不通过,不通过,通过,不符合设计，必须重建packet后才能draft,OFFICIAL_SOURCE_CONTENT_NOT_MATERIALIZED;NATIVE_RUNNER_AND_AGGREGATION_NOT_IN_PACKET;STATE_SCHEMA_DESCRIPTOR_ONLY;POSTRUN_ARTIFACT_INVENTORY_ABSENT;STRONGER_SPLIT_NOT_RELIABLY_DERIVABLE;USER_EVALUATOR_HELPER_SOURCE_MISSING,用户 evaluator helper:list_is_in_string_or_set@agentdojo.default_suites.v1.workspace.user_tasks,/Users/gss/Downloads/revised_agent_benchmark_paper_package/experiments/agentdojo_full_v1.2.2_direct/case_packets/agentdojo/v1.2.2_workspace_user_task_0_injection_task_0/case_packet.md
v1.2.2:workspace:user_task_0:injection_task_1,workspace,user_task_0,injection_task_1,通过,通过,通过,不通过,不通过,不通过,不通过,不通过,通过,不符合设计，必须重建packet后才能draft,OFFICIAL_SOURCE_CONTENT_NOT_MATERIALIZED;NATIVE_RUNNER_AND_AGGREGATION_NOT_IN_PACKET;STATE_SCHEMA_DESCRIPTOR_ONLY;POSTRUN_ARTIFACT_INVENTORY_ABSENT;STRONGER_SPLIT_NOT_RELIABLY_DERIVABLE;USER_EVALUATOR_HELPER_SOURCE_MISSING,用户 evaluator helper:list_is_in_string_or_set@agentdojo.default_suites.v1.workspace.user_tasks,/Users/gss/Downloads/revised_agent_benchmark_paper_package/experiments/agentdojo_full_v1.2.2_direct/case_packets/agentdojo/v1.2.2_workspace_user_task_0_injection_task_1/case_packet.md
v1.2.2:workspace:user_task_0:injection_task_2,workspace,user_task_0,injection_task_2,通过,通过,通过,不通过,不通过,不通过,不通过,不通过,通过,不符合设计，必须重建packet后才能draft,OFFICIAL_SOURCE_CONTENT_NOT_MATERIALIZED;NATIVE_RUNNER_AND_AGGREGATION_NOT_IN_PACKET;STATE_SCHEMA_DESCRIPTOR_ONLY;POSTRUN_ARTIFACT_INVENTORY_ABSENT;STRONGER_SPLIT_NOT_RELIABLY_DERIVABLE;USER_EVALUATOR_HELPER_SOURCE_MISSING;INJECTION_EVALUATOR_HELPER_SOURCE_MISSING,用户 evaluator helper:list_is_in_string_or_set@agentdojo.default_suites.v1.workspace.user_tasks | 安全 evaluator helper:parse_datetime@agentdojo.default_suites.v1.workspace.user_tasks,/Users/gss/Downloads/revised_agent_benchmark_paper_package/experiments/agentdojo_full_v1.2.2_direct/case_packets/agentdojo/v1.2.2_workspace_user_task_0_injection_task_2/case_packet.md
v1.2.2:workspace:user_task_0:injection_task_3,workspace,user_task_0,injection_task_3,通过,通过,通过,不通过,不通过,不通过,不通过,不通过,通过,不符合设计，必须重建packet后才能draft,OFFICIAL_SOURCE_CONTENT_NOT_MATERIALIZED;NATIVE_RUNNER_AND_AGGREGATION_NOT_IN_PACKET;STATE_SCHEMA_DESCRIPTOR_ONLY;POSTRUN_ARTIFACT_INVENTORY_ABSENT;STRONGER_SPLIT_NOT_RELIABLY_DERIVABLE;USER_EVALUATOR_HELPER_SOURCE_MISSING,用户 evaluator helper:list_is_in_string_or_set@agentdojo.default_suites.v1.workspace.user_tasks,/Users/gss/Downloads/revised_agent_benchmark_paper_package/experiments/agentdojo_full_v1.2.2_direct/case_packets/agentdojo/v1.2.2_workspace_user_task_0_injection_task_3/case_packet.md
v1.2.2:workspace:user_task_0:injection_task_4,workspace,user_task_0,injection_task_4,通过,通过,通过,不通过,不通过,不通过,不通过,不通过,通过,不符合设计，必须重建packet后才能draft,OFFICIAL_SOURCE_CONTENT_NOT_MATERIALIZED;NATIVE_RUNNER_AND_AGGREGATION_NOT_IN_PACKET;STATE_SCHEMA_DESCRIPTOR_ONLY;POSTRUN_ARTIFACT_INVENTORY_ABSENT;STRONGER_SPLIT_NOT_RELIABLY_DERIVABLE;USER_EVALUATOR_HELPER_SOURCE_MISSING,用户 evaluator helper:list_is_in_string_or_set@agentdojo.default_suites.v1.workspace.user_tasks,/Users/gss/Downloads/revised_agent_benchmark_paper_package/experiments/agentdojo_full_v1.2.2_direct/case_packets/agentdojo/v1.2.2_workspace_user_task_0_injection_task_4/case_packet.md
v1.2.2:workspace:user_task_0:injection_task_5,workspace,user_task_0,injection_task_5,通过,通过,通过,不通过,不通过,不通过,不通过,不通过,通过,不符合设计，必须重建packet后才能draft,OFFICIAL_SOURCE_CONTENT_NOT_MATERIALIZED;NATIVE_RUNNER_AND_AGGREGATION_NOT_IN_PACKET;STATE_SCHEMA_DESCRIPTOR_ONLY;POSTRUN_ARTIFACT_INVENTORY_ABSENT;STRONGER_SPLIT_NOT_RELIABLY_DERIVABLE;USER_EVALUATOR_HELPER_SOURCE_MISSING,用户 evaluator helper:list_is_in_string_or_set@agentdojo.default_suites.v1.workspace.user_tasks,/Users/gss/Downloads/revised_agent_benchmark_paper_package/experiments/agentdojo_full_v1.2.2_direct/case_packets/agentdojo/v1.2.2_workspace_user_task_0_injection_task_5/case_packet.md
v1.2.2:workspace:user_task_0:injection_task_7,workspace,user_task_0,injection_task_7,通过,通过,通过,不通过,不通过,不通过,不通过,不通过,通过,不符合设计，必须重建packet后才能draft,OFFICIAL_SOURCE_CONTENT_NOT_MATERIALIZED;NATIVE_RUNNER_AND_AGGREGATION_NOT_IN_PACKET;STATE_SCHEMA_DESCRIPTOR_ONLY;POSTRUN_ARTIFACT_INVENTORY_ABSENT;STRONGER_SPLIT_NOT_RELIABLY_DERIVABLE;USER_EVALUATOR_HELPER_SOURCE_MISSING;INJECTION_EVALUATOR_HELPER_SOURCE_MISSING,用户 evaluator helper:list_is_in_string_or_set@agentdojo.default_suites.v1.workspace.user_tasks | 安全 evaluator helper:are_email_bodies_in_str@agentdojo.default_suites.v1_2.workspace.injection_tasks,/Users/gss/Downloads/revised_agent_benchmark_paper_package/experiments/agentdojo_full_v1.2.2_direct/case_packets/agentdojo/v1.2.2_workspace_user_task_0_injection_task_7/case_packet.md
v1.2.2:workspace:user_task_0:injection_task_8,workspace,user_task_0,injection_task_8,通过,通过,通过,不通过,不通过,不通过,不通过,不通过,通过,不符合设计，必须重建packet后才能draft,OFFICIAL_SOURCE_CONTENT_NOT_MATERIALIZED;NATIVE_RUNNER_AND_AGGREGATION_NOT_IN_PACKET;STATE_SCHEMA_DESCRIPTOR_ONLY;POSTRUN_ARTIFACT_INVENTORY_ABSENT;STRONGER_SPLIT_NOT_RELIABLY_DERIVABLE;USER_EVALUATOR_HELPER_SOURCE_MISSING;INJECTION_EVALUATOR_HELPER_SOURCE_MISSING,用户 evaluator helper:list_is_in_string_or_set@agentdojo.default_suites.v1.workspace.user_tasks | 安全 evaluator helper:are_email_bodies_in_str@agentdojo.default_suites.v1_2.workspace.injection_tasks,/Users/gss/Downloads/revised_agent_benchmark_paper_package/experiments/agentdojo_full_v1.2.2_direct/case_packets/agentdojo/v1.2.2_workspace_user_task_0_injection_task_8/case_packet.md
v1.2.2:workspace:user_task_0:injection_task_9,workspace,user_task_0,injection_task_9,通过,通过,通过,不通过,不通过,不通过,不通过,不通过,通过,不符合设计，必须重建packet后才能draft,OFFICIAL_SOURCE_CONTENT_NOT_MATERIALIZED;NATIVE_RUNNER_AND_AGGREGATION_NOT_IN_PACKET;STATE_SCHEMA_DESCRIPTOR_ONLY;POSTRUN_ARTIFACT_INVENTORY_ABSENT;STRONGER_SPLIT_NOT_RELIABLY_DERIVABLE;USER_EVALUATOR_HELPER_SOURCE_MISSING;INJECTION_EVALUATOR_HELPER_SOURCE_MISSING,用户 evaluator helper:list_is_in_string_or_set@agentdojo.default_suites.v1.workspace.user_tasks | 安全 evaluator helper:are_email_bodies_in_str@agentdojo.default_suites.v1_2.workspace.injection_tasks,/Users/gss/Downloads/revised_agent_benchmark_paper_package/experiments/agentdojo_full_v1.2.2_direct/case_packets/agentdojo/v1.2.2_workspace_user_task_0_injection_task_9/case_packet.md
v1.2.2:workspace:user_task_0:injection_task_10,workspace,user_task_0,injection_task_10,通过,通过,通过,不通过,不通过,不通过,不通过,不通过,通过,不符合设计，必须重建packet后才能draft,OFFICIAL_SOURCE_CONTENT_NOT_MATERIALIZED;NATIVE_RUNNER_AND_AGGREGATION_NOT_IN_PACKET;STATE_SCHEMA_DESCRIPTOR_ONLY;POSTRUN_ARTIFACT_INVENTORY_ABSENT;STRONGER_SPLIT_NOT_RELIABLY_DERIVABLE;USER_EVALUATOR_HELPER_SOURCE_MISSING,用户 evaluator helper:list_is_in_string_or_set@agentdojo.default_suites.v1.workspace.user_tasks,/Users/gss/Downloads/revised_agent_benchmark_paper_package/experiments/agentdojo_full_v1.2.2_direct/case_packets/agentdojo/v1.2.2_workspace_user_task_0_injection_task_10/case_packet.md
v1.2.2:workspace:user_task_0:injection_task_11,workspace,user_task_0,injection_task_11,通过,通过,通过,不通过,不通过,不通过,不通过,不通过,通过,不符合设计，必须重建packet后才能draft,OFFICIAL_SOURCE_CONTENT_NOT_MATERIALIZED;NATIVE_RUNNER_AND_AGGREGATION_NOT_IN_PACKET;STATE_SCHEMA_DESCRIPTOR_ONLY;POSTRUN_ARTIFACT_INVENTORY_ABSENT;STRONGER_SPLIT_NOT_RELIABLY_DERIVABLE;USER_EVALUATOR_HELPER_SOURCE_MISSING,用户 evaluator helper:list_is_in_string_or_set@agentdojo.default_suites.v1.workspace.user_tasks,/Users/gss/Downloads/revised_agent_benchmark_paper_package/experiments/agentdojo_full_v1.2.2_direct/case_packets/agentdojo/v1.2.2_workspace_user_task_0_injection_task_11/case_packet.md
v1.2.2:workspace:user_task_0:injection_task_12,workspace,user_task_0,injection_task_12,通过,通过,通过,不通过,不通过,不通过,不通过,不通过,通过,不符合设计，必须重建packet后才能draft,OFFICIAL_SOURCE_CONTENT_NOT_MATERIALIZED;NATIVE_RUNNER_AND_AGGREGATION_NOT_IN_PACKET;STATE_SCHEMA_DESCRIPTOR_ONLY;POSTRUN_ARTIFACT_INVENTORY_ABSENT;STRONGER_SPLIT_NOT_RELIABLY_DERIVABLE;USER_EVALUATOR_HELPER_SOURCE_MISSING,用户 evaluator helper:list_is_in_string_or_set@agentdojo.default_suites.v1.workspace.user_tasks,/Users/gss/Downloads/revised_agent_benchmark_paper_package/experiments/agentdojo_full_v1.2.2_direct/case_packets/agentdojo/v1.2.2_workspace_user_task_0_injection_task_12/case_packet.md
v1.2.2:workspace:user_task_0:injection_task_13,workspace,user_task_0,injection_task_13,通过,通过,通过,不通过,不通过,不通过,不通过,不通过,通过,不符合设计，必须重建packet后才能draft,OFFICIAL_SOURCE_CONTENT_NOT_MATERIALIZED;NATIVE_RUNNER_AND_AGGREGATION_NOT_IN_PACKET;STATE_SCHEMA_DESCRIPTOR_ONLY;POSTRUN_ARTIFACT_INVENTORY_ABSENT;STRONGER_SPLIT_NOT_RELIABLY_DERIVABLE;USER_EVALUATOR_HELPER_SOURCE_MISSING,用户 evaluator helper:list_is_in_string_or_set@agentdojo.default_suites.v1.workspace.user_tasks,/Users/gss/Downloads/revised_agent_benchmark_paper_package/experiments/agentdojo_full_v1.2.2_direct/case_packets/agentdojo/v1.2.2_workspace_user_task_0_injection_task_13/case_packet.md
v1.2.2:workspace:user_task_1:injection_task_0,workspace,user_task_1,injection_task_0,通过,通过,通过,不通过,不通过,不通过,类内方法可读但全局来源仍不完整,不通过,通过,不符合设计，必须重建packet后才能draft,OFFICIAL_SOURCE_CONTENT_NOT_MATERIALIZED;NATIVE_RUNNER_AND_AGGREGATION_NOT_IN_PACKET;STATE_SCHEMA_DESCRIPTOR_ONLY;POSTRUN_ARTIFACT_INVENTORY_ABSENT;STRONGER_SPLIT_NOT_RELIABLY_DERIVABLE,,/Users/gss/Downloads/revised_agent_benchmark_paper_package/experiments/agentdojo_full_v1.2.2_direct/case_packets/agentdojo/v1.2.2_workspace_user_task_1_injection_task_0/case_packet.md
v1.2.2:workspace:user_task_1:injection_task_1,workspace,user_task_1,injection_task_1,通过,通过,通过,不通过,不通过,不通过,类内方法可读但全局来源仍不完整,不通过,通过,不符合设计，必须重建packet后才能draft,OFFICIAL_SOURCE_CONTENT_NOT_MATERIALIZED;NATIVE_RUNNER_AND_AGGREGATION_NOT_IN_PACKET;STATE_SCHEMA_DESCRIPTOR_ONLY;POSTRUN_ARTIFACT_INVENTORY_ABSENT;STRONGER_SPLIT_NOT_RELIABLY_DERIVABLE,,/Users/gss/Downloads/revised_agent_benchmark_paper_package/experiments/agentdojo_full_v1.2.2_direct/case_packets/agentdojo/v1.2.2_workspace_user_task_1_injection_task_1/case_packet.md
v1.2.2:workspace:user_task_1:injection_task_2,workspace,user_task_1,injection_task_2,通过,通过,通过,不通过,不通过,不通过,不通过,不通过,通过,不符合设计，必须重建packet后才能draft,OFFICIAL_SOURCE_CONTENT_NOT_MATERIALIZED;NATIVE_RUNNER_AND_AGGREGATION_NOT_IN_PACKET;STATE_SCHEMA_DESCRIPTOR_ONLY;POSTRUN_ARTIFACT_INVENTORY_ABSENT;STRONGER_SPLIT_NOT_RELIABLY_DERIVABLE;INJECTION_EVALUATOR_HELPER_SOURCE_MISSING,安全 evaluator helper:parse_datetime@agentdojo.default_suites.v1.workspace.user_tasks,/Users/gss/Downloads/revised_agent_benchmark_paper_package/experiments/agentdojo_full_v1.2.2_direct/case_packets/agentdojo/v1.2.2_workspace_user_task_1_injection_task_2/case_packet.md
v1.2.2:workspace:user_task_1:injection_task_3,workspace,user_task_1,injection_task_3,通过,通过,通过,不通过,不通过,不通过,类内方法可读但全局来源仍不完整,不通过,通过,不符合设计，必须重建packet后才能draft,OFFICIAL_SOURCE_CONTENT_NOT_MATERIALIZED;NATIVE_RUNNER_AND_AGGREGATION_NOT_IN_PACKET;STATE_SCHEMA_DESCRIPTOR_ONLY;POSTRUN_ARTIFACT_INVENTORY_ABSENT;STRONGER_SPLIT_NOT_RELIABLY_DERIVABLE,,/Users/gss/Downloads/revised_agent_benchmark_paper_package/experiments/agentdojo_full_v1.2.2_direct/case_packets/agentdojo/v1.2.2_workspace_user_task_1_injection_task_3/case_packet.md
v1.2.2:workspace:user_task_1:injection_task_4,workspace,user_task_1,injection_task_4,通过,通过,通过,不通过,不通过,不通过,类内方法可读但全局来源仍不完整,不通过,通过,不符合设计，必须重建packet后才能draft,OFFICIAL_SOURCE_CONTENT_NOT_MATERIALIZED;NATIVE_RUNNER_AND_AGGREGATION_NOT_IN_PACKET;STATE_SCHEMA_DESCRIPTOR_ONLY;POSTRUN_ARTIFACT_INVENTORY_ABSENT;STRONGER_SPLIT_NOT_RELIABLY_DERIVABLE,,/Users/gss/Downloads/revised_agent_benchmark_paper_package/experiments/agentdojo_full_v1.2.2_direct/case_packets/agentdojo/v1.2.2_workspace_user_task_1_injection_task_4/case_packet.md
v1.2.2:workspace:user_task_1:injection_task_5,workspace,user_task_1,injection_task_5,通过,通过,通过,不通过,不通过,不通过,类内方法可读但全局来源仍不完整,不通过,通过,不符合设计，必须重建packet后才能draft,OFFICIAL_SOURCE_CONTENT_NOT_MATERIALIZED;NATIVE_RUNNER_AND_AGGREGATION_NOT_IN_PACKET;STATE_SCHEMA_DESCRIPTOR_ONLY;POSTRUN_ARTIFACT_INVENTORY_ABSENT;STRONGER_SPLIT_NOT_RELIABLY_DERIVABLE,,/Users/gss/Downloads/revised_agent_benchmark_paper_package/experiments/agentdojo_full_v1.2.2_direct/case_packets/agentdojo/v1.2.2_workspace_user_task_1_injection_task_5/case_packet.md
v1.2.2:workspace:user_task_1:injection_task_6,workspace,user_task_1,injection_task_6,通过,通过,通过,不通过,不通过,不通过,不通过,不通过,通过,不符合设计，必须重建packet后才能draft,OFFICIAL_SOURCE_CONTENT_NOT_MATERIALIZED;NATIVE_RUNNER_AND_AGGREGATION_NOT_IN_PACKET;STATE_SCHEMA_DESCRIPTOR_ONLY;POSTRUN_ARTIFACT_INVENTORY_ABSENT;STRONGER_SPLIT_NOT_RELIABLY_DERIVABLE;INJECTION_EVALUATOR_HELPER_SOURCE_MISSING,安全 evaluator helper:are_email_bodies_in_str@agentdojo.default_suites.v1_2.workspace.injection_tasks,/Users/gss/Downloads/revised_agent_benchmark_paper_package/experiments/agentdojo_full_v1.2.2_direct/case_packets/agentdojo/v1.2.2_workspace_user_task_1_injection_task_6/case_packet.md
v1.2.2:workspace:user_task_1:injection_task_7,workspace,user_task_1,injection_task_7,通过,通过,通过,不通过,不通过,不通过,不通过,不通过,通过,不符合设计，必须重建packet后才能draft,OFFICIAL_SOURCE_CONTENT_NOT_MATERIALIZED;NATIVE_RUNNER_AND_AGGREGATION_NOT_IN_PACKET;STATE_SCHEMA_DESCRIPTOR_ONLY;POSTRUN_ARTIFACT_INVENTORY_ABSENT;STRONGER_SPLIT_NOT_RELIABLY_DERIVABLE;INJECTION_EVALUATOR_HELPER_SOURCE_MISSING,安全 evaluator helper:are_email_bodies_in_str@agentdojo.default_suites.v1_2.workspace.injection_tasks,/Users/gss/Downloads/revised_agent_benchmark_paper_package/experiments/agentdojo_full_v1.2.2_direct/case_packets/agentdojo/v1.2.2_workspace_user_task_1_injection_task_7/case_packet.md
v1.2.2:workspace:user_task_1:injection_task_9,workspace,user_task_1,injection_task_9,通过,通过,通过,不通过,不通过,不通过,不通过,不通过,通过,不符合设计，必须重建packet后才能draft,OFFICIAL_SOURCE_CONTENT_NOT_MATERIALIZED;NATIVE_RUNNER_AND_AGGREGATION_NOT_IN_PACKET;STATE_SCHEMA_DESCRIPTOR_ONLY;POSTRUN_ARTIFACT_INVENTORY_ABSENT;STRONGER_SPLIT_NOT_RELIABLY_DERIVABLE;INJECTION_EVALUATOR_HELPER_SOURCE_MISSING,安全 evaluator helper:are_email_bodies_in_str@agentdojo.default_suites.v1_2.workspace.injection_tasks,/Users/gss/Downloads/revised_agent_benchmark_paper_package/experiments/agentdojo_full_v1.2.2_direct/case_packets/agentdojo/v1.2.2_workspace_user_task_1_injection_task_9/case_packet.md
v1.2.2:workspace:user_task_1:injection_task_11,workspace,user_task_1,injection_task_11,通过,通过,通过,不通过,不通过,不通过,类内方法可读但全局来源仍不完整,不通过,通过,不符合设计，必须重建packet后才能draft,OFFICIAL_SOURCE_CONTENT_NOT_MATERIALIZED;NATIVE_RUNNER_AND_AGGREGATION_NOT_IN_PACKET;STATE_SCHEMA_DESCRIPTOR_ONLY;POSTRUN_ARTIFACT_INVENTORY_ABSENT;STRONGER_SPLIT_NOT_RELIABLY_DERIVABLE,,/Users/gss/Downloads/revised_agent_benchmark_paper_package/experiments/agentdojo_full_v1.2.2_direct/case_packets/agentdojo/v1.2.2_workspace_user_task_1_injection_task_11/case_packet.md
v1.2.2:workspace:user_task_1:injection_task_12,workspace,user_task_1,injection_task_12,通过,通过,通过,不通过,不通过,不通过,类内方法可读但全局来源仍不完整,不通过,通过,不符合设计，必须重建packet后才能draft,OFFICIAL_SOURCE_CONTENT_NOT_MATERIALIZED;NATIVE_RUNNER_AND_AGGREGATION_NOT_IN_PACKET;STATE_SCHEMA_DESCRIPTOR_ONLY;POSTRUN_ARTIFACT_INVENTORY_ABSENT;STRONGER_SPLIT_NOT_RELIABLY_DERIVABLE,,/Users/gss/Downloads/revised_agent_benchmark_paper_package/experiments/agentdojo_full_v1.2.2_direct/case_packets/agentdojo/v1.2.2_workspace_user_task_1_injection_task_12/case_packet.md
v1.2.2:workspace:user_task_1:injection_task_13,workspace,user_task_1,injection_task_13,通过,通过,通过,不通过,不通过,不通过,类内方法可读但全局来源仍不完整,不通过,通过,不符合设计，必须重建packet后才能draft,OFFICIAL_SOURCE_CONTENT_NOT_MATERIALIZED;NATIVE_RUNNER_AND_AGGREGATION_NOT_IN_PACKET;STATE_SCHEMA_DESCRIPTOR_ONLY;POSTRUN_ARTIFACT_INVENTORY_ABSENT;STRONGER_SPLIT_NOT_RELIABLY_DERIVABLE,,/Users/gss/Downloads/revised_agent_benchmark_paper_package/experiments/agentdojo_full_v1.2.2_direct/case_packets/agentdojo/v1.2.2_workspace_user_task_1_injection_task_13/case_packet.md
v1.2.2:workspace:user_task_3:injection_task_0,workspace,user_task_3,injection_task_0,通过,通过,通过,不通过,不通过,不通过,类内方法可读但全局来源仍不完整,不通过,通过,不符合设计，必须重建packet后才能draft,OFFICIAL_SOURCE_CONTENT_NOT_MATERIALIZED;NATIVE_RUNNER_AND_AGGREGATION_NOT_IN_PACKET;STATE_SCHEMA_DESCRIPTOR_ONLY;POSTRUN_ARTIFACT_INVENTORY_ABSENT;STRONGER_SPLIT_NOT_RELIABLY_DERIVABLE,,/Users/gss/Downloads/revised_agent_benchmark_paper_package/experiments/agentdojo_full_v1.2.2_direct/case_packets/agentdojo/v1.2.2_workspace_user_task_3_injection_task_0/case_packet.md
v1.2.2:workspace:user_task_3:injection_task_1,workspace,user_task_3,injection_task_1,通过,通过,通过,不通过,不通过,不通过,类内方法可读但全局来源仍不完整,不通过,通过,不符合设计，必须重建packet后才能draft,OFFICIAL_SOURCE_CONTENT_NOT_MATERIALIZED;NATIVE_RUNNER_AND_AGGREGATION_NOT_IN_PACKET;STATE_SCHEMA_DESCRIPTOR_ONLY;POSTRUN_ARTIFACT_INVENTORY_ABSENT;STRONGER_SPLIT_NOT_RELIABLY_DERIVABLE,,/Users/gss/Downloads/revised_agent_benchmark_paper_package/experiments/agentdojo_full_v1.2.2_direct/case_packets/agentdojo/v1.2.2_workspace_user_task_3_injection_task_1/case_packet.md
v1.2.2:workspace:user_task_3:injection_task_2,workspace,user_task_3,injection_task_2,通过,通过,通过,不通过,不通过,不通过,不通过,不通过,通过,不符合设计，必须重建packet后才能draft,OFFICIAL_SOURCE_CONTENT_NOT_MATERIALIZED;NATIVE_RUNNER_AND_AGGREGATION_NOT_IN_PACKET;STATE_SCHEMA_DESCRIPTOR_ONLY;POSTRUN_ARTIFACT_INVENTORY_ABSENT;STRONGER_SPLIT_NOT_RELIABLY_DERIVABLE;INJECTION_EVALUATOR_HELPER_SOURCE_MISSING,安全 evaluator helper:parse_datetime@agentdojo.default_suites.v1.workspace.user_tasks,/Users/gss/Downloads/revised_agent_benchmark_paper_package/experiments/agentdojo_full_v1.2.2_direct/case_packets/agentdojo/v1.2.2_workspace_user_task_3_injection_task_2/case_packet.md
v1.2.2:workspace:user_task_3:injection_task_3,workspace,user_task_3,injection_task_3,通过,通过,通过,不通过,不通过,不通过,类内方法可读但全局来源仍不完整,不通过,通过,不符合设计，必须重建packet后才能draft,OFFICIAL_SOURCE_CONTENT_NOT_MATERIALIZED;NATIVE_RUNNER_AND_AGGREGATION_NOT_IN_PACKET;STATE_SCHEMA_DESCRIPTOR_ONLY;POSTRUN_ARTIFACT_INVENTORY_ABSENT;STRONGER_SPLIT_NOT_RELIABLY_DERIVABLE,,/Users/gss/Downloads/revised_agent_benchmark_paper_package/experiments/agentdojo_full_v1.2.2_direct/case_packets/agentdojo/v1.2.2_workspace_user_task_3_injection_task_3/case_packet.md
v1.2.2:workspace:user_task_3:injection_task_4,workspace,user_task_3,injection_task_4,通过,通过,通过,不通过,不通过,不通过,类内方法可读但全局来源仍不完整,不通过,通过,不符合设计，必须重建packet后才能draft,OFFICIAL_SOURCE_CONTENT_NOT_MATERIALIZED;NATIVE_RUNNER_AND_AGGREGATION_NOT_IN_PACKET;STATE_SCHEMA_DESCRIPTOR_ONLY;POSTRUN_ARTIFACT_INVENTORY_ABSENT;STRONGER_SPLIT_NOT_RELIABLY_DERIVABLE,,/Users/gss/Downloads/revised_agent_benchmark_paper_package/experiments/agentdojo_full_v1.2.2_direct/case_packets/agentdojo/v1.2.2_workspace_user_task_3_injection_task_4/case_packet.md
v1.2.2:workspace:user_task_3:injection_task_5,workspace,user_task_3,injection_task_5,通过,通过,通过,不通过,不通过,不通过,类内方法可读但全局来源仍不完整,不通过,通过,不符合设计，必须重建packet后才能draft,OFFICIAL_SOURCE_CONTENT_NOT_MATERIALIZED;NATIVE_RUNNER_AND_AGGREGATION_NOT_IN_PACKET;STATE_SCHEMA_DESCRIPTOR_ONLY;POSTRUN_ARTIFACT_INVENTORY_ABSENT;STRONGER_SPLIT_NOT_RELIABLY_DERIVABLE,,/Users/gss/Downloads/revised_agent_benchmark_paper_package/experiments/agentdojo_full_v1.2.2_direct/case_packets/agentdojo/v1.2.2_workspace_user_task_3_injection_task_5/case_packet.md
v1.2.2:workspace:user_task_3:injection_task_6,workspace,user_task_3,injection_task_6,通过,通过,通过,不通过,不通过,不通过,不通过,不通过,通过,不符合设计，必须重建packet后才能draft,OFFICIAL_SOURCE_CONTENT_NOT_MATERIALIZED;NATIVE_RUNNER_AND_AGGREGATION_NOT_IN_PACKET;STATE_SCHEMA_DESCRIPTOR_ONLY;POSTRUN_ARTIFACT_INVENTORY_ABSENT;STRONGER_SPLIT_NOT_RELIABLY_DERIVABLE;INJECTION_EVALUATOR_HELPER_SOURCE_MISSING,安全 evaluator helper:are_email_bodies_in_str@agentdojo.default_suites.v1_2.workspace.injection_tasks,/Users/gss/Downloads/revised_agent_benchmark_paper_package/experiments/agentdojo_full_v1.2.2_direct/case_packets/agentdojo/v1.2.2_workspace_user_task_3_injection_task_6/case_packet.md
v1.2.2:workspace:user_task_3:injection_task_8,workspace,user_task_3,injection_task_8,通过,通过,通过,不通过,不通过,不通过,不通过,不通过,通过,不符合设计，必须重建packet后才能draft,OFFICIAL_SOURCE_CONTENT_NOT_MATERIALIZED;NATIVE_RUNNER_AND_AGGREGATION_NOT_IN_PACKET;STATE_SCHEMA_DESCRIPTOR_ONLY;POSTRUN_ARTIFACT_INVENTORY_ABSENT;STRONGER_SPLIT_NOT_RELIABLY_DERIVABLE;INJECTION_EVALUATOR_HELPER_SOURCE_MISSING,安全 evaluator helper:are_email_bodies_in_str@agentdojo.default_suites.v1_2.workspace.injection_tasks,/Users/gss/Downloads/revised_agent_benchmark_paper_package/experiments/agentdojo_full_v1.2.2_direct/case_packets/agentdojo/v1.2.2_workspace_user_task_3_injection_task_8/case_packet.md
v1.2.2:workspace:user_task_3:injection_task_9,workspace,user_task_3,injection_task_9,通过,通过,通过,不通过,不通过,不通过,不通过,不通过,通过,不符合设计，必须重建packet后才能draft,OFFICIAL_SOURCE_CONTENT_NOT_MATERIALIZED;NATIVE_RUNNER_AND_AGGREGATION_NOT_IN_PACKET;STATE_SCHEMA_DESCRIPTOR_ONLY;POSTRUN_ARTIFACT_INVENTORY_ABSENT;STRONGER_SPLIT_NOT_RELIABLY_DERIVABLE;INJECTION_EVALUATOR_HELPER_SOURCE_MISSING,安全 evaluator helper:are_email_bodies_in_str@agentdojo.default_suites.v1_2.workspace.injection_tasks,/Users/gss/Downloads/revised_agent_benchmark_paper_package/experiments/agentdojo_full_v1.2.2_direct/case_packets/agentdojo/v1.2.2_workspace_user_task_3_injection_task_9/case_packet.md
v1.2.2:workspace:user_task_3:injection_task_10,workspace,user_task_3,injection_task_10,通过,通过,通过,不通过,不通过,不通过,类内方法可读但全局来源仍不完整,不通过,通过,不符合设计，必须重建packet后才能draft,OFFICIAL_SOURCE_CONTENT_NOT_MATERIALIZED;NATIVE_RUNNER_AND_AGGREGATION_NOT_IN_PACKET;STATE_SCHEMA_DESCRIPTOR_ONLY;POSTRUN_ARTIFACT_INVENTORY_ABSENT;STRONGER_SPLIT_NOT_RELIABLY_DERIVABLE,,/Users/gss/Downloads/revised_agent_benchmark_paper_package/experiments/agentdojo_full_v1.2.2_direct/case_packets/agentdojo/v1.2.2_workspace_user_task_3_injection_task_10/case_packet.md
v1.2.2:workspace:user_task_3:injection_task_11,workspace,user_task_3,injection_task_11,通过,通过,通过,不通过,不通过,不通过,类内方法可读但全局来源仍不完整,不通过,通过,不符合设计，必须重建packet后才能draft,OFFICIAL_SOURCE_CONTENT_NOT_MATERIALIZED;NATIVE_RUNNER_AND_AGGREGATION_NOT_IN_PACKET;STATE_SCHEMA_DESCRIPTOR_ONLY;POSTRUN_ARTIFACT_INVENTORY_ABSENT;STRONGER_SPLIT_NOT_RELIABLY_DERIVABLE,,/Users/gss/Downloads/revised_agent_benchmark_paper_package/experiments/agentdojo_full_v1.2.2_direct/case_packets/agentdojo/v1.2.2_workspace_user_task_3_injection_task_11/case_packet.md
v1.2.2:workspace:user_task_3:injection_task_12,workspace,user_task_3,injection_task_12,通过,通过,通过,不通过,不通过,不通过,类内方法可读但全局来源仍不完整,不通过,通过,不符合设计，必须重建packet后才能draft,OFFICIAL_SOURCE_CONTENT_NOT_MATERIALIZED;NATIVE_RUNNER_AND_AGGREGATION_NOT_IN_PACKET;STATE_SCHEMA_DESCRIPTOR_ONLY;POSTRUN_ARTIFACT_INVENTORY_ABSENT;STRONGER_SPLIT_NOT_RELIABLY_DERIVABLE,,/Users/gss/Downloads/revised_agent_benchmark_paper_package/experiments/agentdojo_full_v1.2.2_direct/case_packets/agentdojo/v1.2.2_workspace_user_task_3_injection_task_12/case_packet.md
v1.2.2:workspace:user_task_3:injection_task_13,workspace,user_task_3,injection_task_13,通过,通过,通过,不通过,不通过,不通过,类内方法可读但全局来源仍不完整,不通过,通过,不符合设计，必须重建packet后才能draft,OFFICIAL_SOURCE_CONTENT_NOT_MATERIALIZED;NATIVE_RUNNER_AND_AGGREGATION_NOT_IN_PACKET;STATE_SCHEMA_DESCRIPTOR_ONLY;POSTRUN_ARTIFACT_INVENTORY_ABSENT;STRONGER_SPLIT_NOT_RELIABLY_DERIVABLE,,/Users/gss/Downloads/revised_agent_benchmark_paper_package/experiments/agentdojo_full_v1.2.2_direct/case_packets/agentdojo/v1.2.2_workspace_user_task_3_injection_task_13/case_packet.md
v1.2.2:workspace:user_task_2:injection_task_0,workspace,user_task_2,injection_task_0,通过,通过,通过,不通过,不通过,不通过,类内方法可读但全局来源仍不完整,不通过,通过,不符合设计，必须重建packet后才能draft,OFFICIAL_SOURCE_CONTENT_NOT_MATERIALIZED;NATIVE_RUNNER_AND_AGGREGATION_NOT_IN_PACKET;STATE_SCHEMA_DESCRIPTOR_ONLY;POSTRUN_ARTIFACT_INVENTORY_ABSENT;STRONGER_SPLIT_NOT_RELIABLY_DERIVABLE,,/Users/gss/Downloads/revised_agent_benchmark_paper_package/experiments/agentdojo_full_v1.2.2_direct/case_packets/agentdojo/v1.2.2_workspace_user_task_2_injection_task_0/case_packet.md
v1.2.2:workspace:user_task_2:injection_task_1,workspace,user_task_2,injection_task_1,通过,通过,通过,不通过,不通过,不通过,类内方法可读但全局来源仍不完整,不通过,通过,不符合设计，必须重建packet后才能draft,OFFICIAL_SOURCE_CONTENT_NOT_MATERIALIZED;NATIVE_RUNNER_AND_AGGREGATION_NOT_IN_PACKET;STATE_SCHEMA_DESCRIPTOR_ONLY;POSTRUN_ARTIFACT_INVENTORY_ABSENT;STRONGER_SPLIT_NOT_RELIABLY_DERIVABLE,,/Users/gss/Downloads/revised_agent_benchmark_paper_package/experiments/agentdojo_full_v1.2.2_direct/case_packets/agentdojo/v1.2.2_workspace_user_task_2_injection_task_1/case_packet.md
v1.2.2:workspace:user_task_2:injection_task_2,workspace,user_task_2,injection_task_2,通过,通过,通过,不通过,不通过,不通过,不通过,不通过,通过,不符合设计，必须重建packet后才能draft,OFFICIAL_SOURCE_CONTENT_NOT_MATERIALIZED;NATIVE_RUNNER_AND_AGGREGATION_NOT_IN_PACKET;STATE_SCHEMA_DESCRIPTOR_ONLY;POSTRUN_ARTIFACT_INVENTORY_ABSENT;STRONGER_SPLIT_NOT_RELIABLY_DERIVABLE;INJECTION_EVALUATOR_HELPER_SOURCE_MISSING,安全 evaluator helper:parse_datetime@agentdojo.default_suites.v1.workspace.user_tasks,/Users/gss/Downloads/revised_agent_benchmark_paper_package/experiments/agentdojo_full_v1.2.2_direct/case_packets/agentdojo/v1.2.2_workspace_user_task_2_injection_task_2/case_packet.md
v1.2.2:workspace:user_task_2:injection_task_3,workspace,user_task_2,injection_task_3,通过,通过,通过,不通过,不通过,不通过,类内方法可读但全局来源仍不完整,不通过,通过,不符合设计，必须重建packet后才能draft,OFFICIAL_SOURCE_CONTENT_NOT_MATERIALIZED;NATIVE_RUNNER_AND_AGGREGATION_NOT_IN_PACKET;STATE_SCHEMA_DESCRIPTOR_ONLY;POSTRUN_ARTIFACT_INVENTORY_ABSENT;STRONGER_SPLIT_NOT_RELIABLY_DERIVABLE,,/Users/gss/Downloads/revised_agent_benchmark_paper_package/experiments/agentdojo_full_v1.2.2_direct/case_packets/agentdojo/v1.2.2_workspace_user_task_2_injection_task_3/case_packet.md
v1.2.2:workspace:user_task_2:injection_task_4,workspace,user_task_2,injection_task_4,通过,通过,通过,不通过,不通过,不通过,类内方法可读但全局来源仍不完整,不通过,通过,不符合设计，必须重建packet后才能draft,OFFICIAL_SOURCE_CONTENT_NOT_MATERIALIZED;NATIVE_RUNNER_AND_AGGREGATION_NOT_IN_PACKET;STATE_SCHEMA_DESCRIPTOR_ONLY;POSTRUN_ARTIFACT_INVENTORY_ABSENT;STRONGER_SPLIT_NOT_RELIABLY_DERIVABLE,,/Users/gss/Downloads/revised_agent_benchmark_paper_package/experiments/agentdojo_full_v1.2.2_direct/case_packets/agentdojo/v1.2.2_workspace_user_task_2_injection_task_4/case_packet.md
v1.2.2:workspace:user_task_2:injection_task_5,workspace,user_task_2,injection_task_5,通过,通过,通过,不通过,不通过,不通过,类内方法可读但全局来源仍不完整,不通过,通过,不符合设计，必须重建packet后才能draft,OFFICIAL_SOURCE_CONTENT_NOT_MATERIALIZED;NATIVE_RUNNER_AND_AGGREGATION_NOT_IN_PACKET;STATE_SCHEMA_DESCRIPTOR_ONLY;POSTRUN_ARTIFACT_INVENTORY_ABSENT;STRONGER_SPLIT_NOT_RELIABLY_DERIVABLE,,/Users/gss/Downloads/revised_agent_benchmark_paper_package/experiments/agentdojo_full_v1.2.2_direct/case_packets/agentdojo/v1.2.2_workspace_user_task_2_injection_task_5/case_packet.md
v1.2.2:workspace:user_task_2:injection_task_6,workspace,user_task_2,injection_task_6,通过,通过,通过,不通过,不通过,不通过,不通过,不通过,通过,不符合设计，必须重建packet后才能draft,OFFICIAL_SOURCE_CONTENT_NOT_MATERIALIZED;NATIVE_RUNNER_AND_AGGREGATION_NOT_IN_PACKET;STATE_SCHEMA_DESCRIPTOR_ONLY;POSTRUN_ARTIFACT_INVENTORY_ABSENT;STRONGER_SPLIT_NOT_RELIABLY_DERIVABLE;INJECTION_EVALUATOR_HELPER_SOURCE_MISSING,安全 evaluator helper:are_email_bodies_in_str@agentdojo.default_suites.v1_2.workspace.injection_tasks,/Users/gss/Downloads/revised_agent_benchmark_paper_package/experiments/agentdojo_full_v1.2.2_direct/case_packets/agentdojo/v1.2.2_workspace_user_task_2_injection_task_6/case_packet.md
v1.2.2:workspace:user_task_2:injection_task_7,workspace,user_task_2,injection_task_7,通过,通过,通过,不通过,不通过,不通过,不通过,不通过,通过,不符合设计，必须重建packet后才能draft,OFFICIAL_SOURCE_CONTENT_NOT_MATERIALIZED;NATIVE_RUNNER_AND_AGGREGATION_NOT_IN_PACKET;STATE_SCHEMA_DESCRIPTOR_ONLY;POSTRUN_ARTIFACT_INVENTORY_ABSENT;STRONGER_SPLIT_NOT_RELIABLY_DERIVABLE;INJECTION_EVALUATOR_HELPER_SOURCE_MISSING,安全 evaluator helper:are_email_bodies_in_str@agentdojo.default_suites.v1_2.workspace.injection_tasks,/Users/gss/Downloads/revised_agent_benchmark_paper_package/experiments/agentdojo_full_v1.2.2_direct/case_packets/agentdojo/v1.2.2_workspace_user_task_2_injection_task_7/case_packet.md
v1.2.2:workspace:user_task_2:injection_task_8,workspace,user_task_2,injection_task_8,通过,通过,通过,不通过,不通过,不通过,不通过,不通过,通过,不符合设计，必须重建packet后才能draft,OFFICIAL_SOURCE_CONTENT_NOT_MATERIALIZED;NATIVE_RUNNER_AND_AGGREGATION_NOT_IN_PACKET;STATE_SCHEMA_DESCRIPTOR_ONLY;POSTRUN_ARTIFACT_INVENTORY_ABSENT;STRONGER_SPLIT_NOT_RELIABLY_DERIVABLE;INJECTION_EVALUATOR_HELPER_SOURCE_MISSING,安全 evaluator helper:are_email_bodies_in_str@agentdojo.default_suites.v1_2.workspace.injection_tasks,/Users/gss/Downloads/revised_agent_benchmark_paper_package/experiments/agentdojo_full_v1.2.2_direct/case_packets/agentdojo/v1.2.2_workspace_user_task_2_injection_task_8/case_packet.md
v1.2.2:workspace:user_task_2:injection_task_10,workspace,user_task_2,injection_task_10,通过,通过,通过,不通过,不通过,不通过,类内方法可读但全局来源仍不完整,不通过,通过,不符合设计，必须重建packet后才能draft,OFFICIAL_SOURCE_CONTENT_NOT_MATERIALIZED;NATIVE_RUNNER_AND_AGGREGATION_NOT_IN_PACKET;STATE_SCHEMA_DESCRIPTOR_ONLY;POSTRUN_ARTIFACT_INVENTORY_ABSENT;STRONGER_SPLIT_NOT_RELIABLY_DERIVABLE,,/Users/gss/Downloads/revised_agent_benchmark_paper_package/experiments/agentdojo_full_v1.2.2_direct/case_packets/agentdojo/v1.2.2_workspace_user_task_2_injection_task_10/case_packet.md
v1.2.2:workspace:user_task_2:injection_task_11,workspace,user_task_2,injection_task_11,通过,通过,通过,不通过,不通过,不通过,类内方法可读但全局来源仍不完整,不通过,通过,不符合设计，必须重建packet后才能draft,OFFICIAL_SOURCE_CONTENT_NOT_MATERIALIZED;NATIVE_RUNNER_AND_AGGREGATION_NOT_IN_PACKET;STATE_SCHEMA_DESCRIPTOR_ONLY;POSTRUN_ARTIFACT_INVENTORY_ABSENT;STRONGER_SPLIT_NOT_RELIABLY_DERIVABLE,,/Users/gss/Downloads/revised_agent_benchmark_paper_package/experiments/agentdojo_full_v1.2.2_direct/case_packets/agentdojo/v1.2.2_workspace_user_task_2_injection_task_11/case_packet.md
v1.2.2:workspace:user_task_2:injection_task_12,workspace,user_task_2,injection_task_12,通过,通过,通过,不通过,不通过,不通过,类内方法可读但全局来源仍不完整,不通过,通过,不符合设计，必须重建packet后才能draft,OFFICIAL_SOURCE_CONTENT_NOT_MATERIALIZED;NATIVE_RUNNER_AND_AGGREGATION_NOT_IN_PACKET;STATE_SCHEMA_DESCRIPTOR_ONLY;POSTRUN_ARTIFACT_INVENTORY_ABSENT;STRONGER_SPLIT_NOT_RELIABLY_DERIVABLE,,/Users/gss/Downloads/revised_agent_benchmark_paper_package/experiments/agentdojo_full_v1.2.2_direct/case_packets/agentdojo/v1.2.2_workspace_user_task_2_injection_task_12/case_packet.md
v1.2.2:workspace:user_task_2:injection_task_13,workspace,user_task_2,injection_task_13,通过,通过,通过,不通过,不通过,不通过,类内方法可读但全局来源仍不完整,不通过,通过,不符合设计，必须重建packet后才能draft,OFFICIAL_SOURCE_CONTENT_NOT_MATERIALIZED;NATIVE_RUNNER_AND_AGGREGATION_NOT_IN_PACKET;STATE_SCHEMA_DESCRIPTOR_ONLY;POSTRUN_ARTIFACT_INVENTORY_ABSENT;STRONGER_SPLIT_NOT_RELIABLY_DERIVABLE,,/Users/gss/Downloads/revised_agent_benchmark_paper_package/experiments/agentdojo_full_v1.2.2_direct/case_packets/agentdojo/v1.2.2_workspace_user_task_2_injection_task_13/case_packet.md
v1.2.2:workspace:user_task_5:injection_task_0,workspace,user_task_5,injection_task_0,通过,通过,通过,不通过,不通过,不通过,类内方法可读但全局来源仍不完整,不通过,通过,不符合设计，必须重建packet后才能draft,OFFICIAL_SOURCE_CONTENT_NOT_MATERIALIZED;NATIVE_RUNNER_AND_AGGREGATION_NOT_IN_PACKET;STATE_SCHEMA_DESCRIPTOR_ONLY;POSTRUN_ARTIFACT_INVENTORY_ABSENT;STRONGER_SPLIT_NOT_RELIABLY_DERIVABLE,,/Users/gss/Downloads/revised_agent_benchmark_paper_package/experiments/agentdojo_full_v1.2.2_direct/case_packets/agentdojo/v1.2.2_workspace_user_task_5_injection_task_0/case_packet.md
v1.2.2:workspace:user_task_5:injection_task_1,workspace,user_task_5,injection_task_1,通过,通过,通过,不通过,不通过,不通过,类内方法可读但全局来源仍不完整,不通过,通过,不符合设计，必须重建packet后才能draft,OFFICIAL_SOURCE_CONTENT_NOT_MATERIALIZED;NATIVE_RUNNER_AND_AGGREGATION_NOT_IN_PACKET;STATE_SCHEMA_DESCRIPTOR_ONLY;POSTRUN_ARTIFACT_INVENTORY_ABSENT;STRONGER_SPLIT_NOT_RELIABLY_DERIVABLE,,/Users/gss/Downloads/revised_agent_benchmark_paper_package/experiments/agentdojo_full_v1.2.2_direct/case_packets/agentdojo/v1.2.2_workspace_user_task_5_injection_task_1/case_packet.md
v1.2.2:workspace:user_task_5:injection_task_2,workspace,user_task_5,injection_task_2,通过,通过,通过,不通过,不通过,不通过,不通过,不通过,通过,不符合设计，必须重建packet后才能draft,OFFICIAL_SOURCE_CONTENT_NOT_MATERIALIZED;NATIVE_RUNNER_AND_AGGREGATION_NOT_IN_PACKET;STATE_SCHEMA_DESCRIPTOR_ONLY;POSTRUN_ARTIFACT_INVENTORY_ABSENT;STRONGER_SPLIT_NOT_RELIABLY_DERIVABLE;INJECTION_EVALUATOR_HELPER_SOURCE_MISSING,安全 evaluator helper:parse_datetime@agentdojo.default_suites.v1.workspace.user_tasks,/Users/gss/Downloads/revised_agent_benchmark_paper_package/experiments/agentdojo_full_v1.2.2_direct/case_packets/agentdojo/v1.2.2_workspace_user_task_5_injection_task_2/case_packet.md
v1.2.2:workspace:user_task_5:injection_task_3,workspace,user_task_5,injection_task_3,通过,通过,通过,不通过,不通过,不通过,类内方法可读但全局来源仍不完整,不通过,通过,不符合设计，必须重建packet后才能draft,OFFICIAL_SOURCE_CONTENT_NOT_MATERIALIZED;NATIVE_RUNNER_AND_AGGREGATION_NOT_IN_PACKET;STATE_SCHEMA_DESCRIPTOR_ONLY;POSTRUN_ARTIFACT_INVENTORY_ABSENT;STRONGER_SPLIT_NOT_RELIABLY_DERIVABLE,,/Users/gss/Downloads/revised_agent_benchmark_paper_package/experiments/agentdojo_full_v1.2.2_direct/case_packets/agentdojo/v1.2.2_workspace_user_task_5_injection_task_3/case_packet.md
v1.2.2:workspace:user_task_5:injection_task_5,workspace,user_task_5,injection_task_5,通过,通过,通过,不通过,不通过,不通过,类内方法可读但全局来源仍不完整,不通过,通过,不符合设计，必须重建packet后才能draft,OFFICIAL_SOURCE_CONTENT_NOT_MATERIALIZED;NATIVE_RUNNER_AND_AGGREGATION_NOT_IN_PACKET;STATE_SCHEMA_DESCRIPTOR_ONLY;POSTRUN_ARTIFACT_INVENTORY_ABSENT;STRONGER_SPLIT_NOT_RELIABLY_DERIVABLE,,/Users/gss/Downloads/revised_agent_benchmark_paper_package/experiments/agentdojo_full_v1.2.2_direct/case_packets/agentdojo/v1.2.2_workspace_user_task_5_injection_task_5/case_packet.md
v1.2.2:workspace:user_task_5:injection_task_6,workspace,user_task_5,injection_task_6,通过,通过,通过,不通过,不通过,不通过,不通过,不通过,通过,不符合设计，必须重建packet后才能draft,OFFICIAL_SOURCE_CONTENT_NOT_MATERIALIZED;NATIVE_RUNNER_AND_AGGREGATION_NOT_IN_PACKET;STATE_SCHEMA_DESCRIPTOR_ONLY;POSTRUN_ARTIFACT_INVENTORY_ABSENT;STRONGER_SPLIT_NOT_RELIABLY_DERIVABLE;INJECTION_EVALUATOR_HELPER_SOURCE_MISSING,安全 evaluator helper:are_email_bodies_in_str@agentdojo.default_suites.v1_2.workspace.injection_tasks,/Users/gss/Downloads/revised_agent_benchmark_paper_package/experiments/agentdojo_full_v1.2.2_direct/case_packets/agentdojo/v1.2.2_workspace_user_task_5_injection_task_6/case_packet.md
v1.2.2:workspace:user_task_5:injection_task_7,workspace,user_task_5,injection_task_7,通过,通过,通过,不通过,不通过,不通过,不通过,不通过,通过,不符合设计，必须重建packet后才能draft,OFFICIAL_SOURCE_CONTENT_NOT_MATERIALIZED;NATIVE_RUNNER_AND_AGGREGATION_NOT_IN_PACKET;STATE_SCHEMA_DESCRIPTOR_ONLY;POSTRUN_ARTIFACT_INVENTORY_ABSENT;STRONGER_SPLIT_NOT_RELIABLY_DERIVABLE;INJECTION_EVALUATOR_HELPER_SOURCE_MISSING,安全 evaluator helper:are_email_bodies_in_str@agentdojo.default_suites.v1_2.workspace.injection_tasks,/Users/gss/Downloads/revised_agent_benchmark_paper_package/experiments/agentdojo_full_v1.2.2_direct/case_packets/agentdojo/v1.2.2_workspace_user_task_5_injection_task_7/case_packet.md
v1.2.2:workspace:user_task_5:injection_task_8,workspace,user_task_5,injection_task_8,通过,通过,通过,不通过,不通过,不通过,不通过,不通过,通过,不符合设计，必须重建packet后才能draft,OFFICIAL_SOURCE_CONTENT_NOT_MATERIALIZED;NATIVE_RUNNER_AND_AGGREGATION_NOT_IN_PACKET;STATE_SCHEMA_DESCRIPTOR_ONLY;POSTRUN_ARTIFACT_INVENTORY_ABSENT;STRONGER_SPLIT_NOT_RELIABLY_DERIVABLE;INJECTION_EVALUATOR_HELPER_SOURCE_MISSING,安全 evaluator helper:are_email_bodies_in_str@agentdojo.default_suites.v1_2.workspace.injection_tasks,/Users/gss/Downloads/revised_agent_benchmark_paper_package/experiments/agentdojo_full_v1.2.2_direct/case_packets/agentdojo/v1.2.2_workspace_user_task_5_injection_task_8/case_packet.md
v1.2.2:workspace:user_task_5:injection_task_9,workspace,user_task_5,injection_task_9,通过,通过,通过,不通过,不通过,不通过,不通过,不通过,通过,不符合设计，必须重建packet后才能draft,OFFICIAL_SOURCE_CONTENT_NOT_MATERIALIZED;NATIVE_RUNNER_AND_AGGREGATION_NOT_IN_PACKET;STATE_SCHEMA_DESCRIPTOR_ONLY;POSTRUN_ARTIFACT_INVENTORY_ABSENT;STRONGER_SPLIT_NOT_RELIABLY_DERIVABLE;INJECTION_EVALUATOR_HELPER_SOURCE_MISSING,安全 evaluator helper:are_email_bodies_in_str@agentdojo.default_suites.v1_2.workspace.injection_tasks,/Users/gss/Downloads/revised_agent_benchmark_paper_package/experiments/agentdojo_full_v1.2.2_direct/case_packets/agentdojo/v1.2.2_workspace_user_task_5_injection_task_9/case_packet.md
v1.2.2:workspace:user_task_5:injection_task_10,workspace,user_task_5,injection_task_10,通过,通过,通过,不通过,不通过,不通过,类内方法可读但全局来源仍不完整,不通过,通过,不符合设计，必须重建packet后才能draft,OFFICIAL_SOURCE_CONTENT_NOT_MATERIALIZED;NATIVE_RUNNER_AND_AGGREGATION_NOT_IN_PACKET;STATE_SCHEMA_DESCRIPTOR_ONLY;POSTRUN_ARTIFACT_INVENTORY_ABSENT;STRONGER_SPLIT_NOT_RELIABLY_DERIVABLE,,/Users/gss/Downloads/revised_agent_benchmark_paper_package/experiments/agentdojo_full_v1.2.2_direct/case_packets/agentdojo/v1.2.2_workspace_user_task_5_injection_task_10/case_packet.md
v1.2.2:workspace:user_task_5:injection_task_13,workspace,user_task_5,injection_task_13,通过,通过,通过,不通过,不通过,不通过,类内方法可读但全局来源仍不完整,不通过,通过,不符合设计，必须重建packet后才能draft,OFFICIAL_SOURCE_CONTENT_NOT_MATERIALIZED;NATIVE_RUNNER_AND_AGGREGATION_NOT_IN_PACKET;STATE_SCHEMA_DESCRIPTOR_ONLY;POSTRUN_ARTIFACT_INVENTORY_ABSENT;STRONGER_SPLIT_NOT_RELIABLY_DERIVABLE,,/Users/gss/Downloads/revised_agent_benchmark_paper_package/experiments/agentdojo_full_v1.2.2_direct/case_packets/agentdojo/v1.2.2_workspace_user_task_5_injection_task_13/case_packet.md
v1.2.2:workspace:user_task_6:injection_task_0,workspace,user_task_6,injection_task_0,通过,通过,通过,不通过,不通过,不通过,不通过,不通过,通过,不符合设计，必须重建packet后才能draft,OFFICIAL_SOURCE_CONTENT_NOT_MATERIALIZED;NATIVE_RUNNER_AND_AGGREGATION_NOT_IN_PACKET;STATE_SCHEMA_DESCRIPTOR_ONLY;POSTRUN_ARTIFACT_INVENTORY_ABSENT;STRONGER_SPLIT_NOT_RELIABLY_DERIVABLE;USER_EVALUATOR_HELPER_SOURCE_MISSING,"用户 evaluator helper:check_new_event@agentdojo.default_suites.v1.workspace.user_tasks,parse_datetime@agentdojo.default_suites.v1.workspace.user_tasks",/Users/gss/Downloads/revised_agent_benchmark_paper_package/experiments/agentdojo_full_v1.2.2_direct/case_packets/agentdojo/v1.2.2_workspace_user_task_6_injection_task_0/case_packet.md
v1.2.2:workspace:user_task_6:injection_task_1,workspace,user_task_6,injection_task_1,通过,通过,通过,不通过,不通过,不通过,不通过,不通过,通过,不符合设计，必须重建packet后才能draft,OFFICIAL_SOURCE_CONTENT_NOT_MATERIALIZED;NATIVE_RUNNER_AND_AGGREGATION_NOT_IN_PACKET;STATE_SCHEMA_DESCRIPTOR_ONLY;POSTRUN_ARTIFACT_INVENTORY_ABSENT;STRONGER_SPLIT_NOT_RELIABLY_DERIVABLE;USER_EVALUATOR_HELPER_SOURCE_MISSING,"用户 evaluator helper:check_new_event@agentdojo.default_suites.v1.workspace.user_tasks,parse_datetime@agentdojo.default_suites.v1.workspace.user_tasks",/Users/gss/Downloads/revised_agent_benchmark_paper_package/experiments/agentdojo_full_v1.2.2_direct/case_packets/agentdojo/v1.2.2_workspace_user_task_6_injection_task_1/case_packet.md
v1.2.2:workspace:user_task_6:injection_task_2,workspace,user_task_6,injection_task_2,通过,通过,通过,不通过,不通过,不通过,不通过,不通过,通过,不符合设计，必须重建packet后才能draft,OFFICIAL_SOURCE_CONTENT_NOT_MATERIALIZED;NATIVE_RUNNER_AND_AGGREGATION_NOT_IN_PACKET;STATE_SCHEMA_DESCRIPTOR_ONLY;POSTRUN_ARTIFACT_INVENTORY_ABSENT;STRONGER_SPLIT_NOT_RELIABLY_DERIVABLE;USER_EVALUATOR_HELPER_SOURCE_MISSING;INJECTION_EVALUATOR_HELPER_SOURCE_MISSING,"用户 evaluator helper:check_new_event@agentdojo.default_suites.v1.workspace.user_tasks,parse_datetime@agentdojo.default_suites.v1.workspace.user_tasks | 安全 evaluator helper:parse_datetime@agentdojo.default_suites.v1.workspace.user_tasks",/Users/gss/Downloads/revised_agent_benchmark_paper_package/experiments/agentdojo_full_v1.2.2_direct/case_packets/agentdojo/v1.2.2_workspace_user_task_6_injection_task_2/case_packet.md
v1.2.2:workspace:user_task_6:injection_task_3,workspace,user_task_6,injection_task_3,通过,通过,通过,不通过,不通过,不通过,不通过,不通过,通过,不符合设计，必须重建packet后才能draft,OFFICIAL_SOURCE_CONTENT_NOT_MATERIALIZED;NATIVE_RUNNER_AND_AGGREGATION_NOT_IN_PACKET;STATE_SCHEMA_DESCRIPTOR_ONLY;POSTRUN_ARTIFACT_INVENTORY_ABSENT;STRONGER_SPLIT_NOT_RELIABLY_DERIVABLE;USER_EVALUATOR_HELPER_SOURCE_MISSING,"用户 evaluator helper:check_new_event@agentdojo.default_suites.v1.workspace.user_tasks,parse_datetime@agentdojo.default_suites.v1.workspace.user_tasks",/Users/gss/Downloads/revised_agent_benchmark_paper_package/experiments/agentdojo_full_v1.2.2_direct/case_packets/agentdojo/v1.2.2_workspace_user_task_6_injection_task_3/case_packet.md
v1.2.2:workspace:user_task_6:injection_task_4,workspace,user_task_6,injection_task_4,通过,通过,通过,不通过,不通过,不通过,不通过,不通过,通过,不符合设计，必须重建packet后才能draft,OFFICIAL_SOURCE_CONTENT_NOT_MATERIALIZED;NATIVE_RUNNER_AND_AGGREGATION_NOT_IN_PACKET;STATE_SCHEMA_DESCRIPTOR_ONLY;POSTRUN_ARTIFACT_INVENTORY_ABSENT;STRONGER_SPLIT_NOT_RELIABLY_DERIVABLE;USER_EVALUATOR_HELPER_SOURCE_MISSING,"用户 evaluator helper:check_new_event@agentdojo.default_suites.v1.workspace.user_tasks,parse_datetime@agentdojo.default_suites.v1.workspace.user_tasks",/Users/gss/Downloads/revised_agent_benchmark_paper_package/experiments/agentdojo_full_v1.2.2_direct/case_packets/agentdojo/v1.2.2_workspace_user_task_6_injection_task_4/case_packet.md
v1.2.2:workspace:user_task_6:injection_task_6,workspace,user_task_6,injection_task_6,通过,通过,通过,不通过,不通过,不通过,不通过,不通过,通过,不符合设计，必须重建packet后才能draft,OFFICIAL_SOURCE_CONTENT_NOT_MATERIALIZED;NATIVE_RUNNER_AND_AGGREGATION_NOT_IN_PACKET;STATE_SCHEMA_DESCRIPTOR_ONLY;POSTRUN_ARTIFACT_INVENTORY_ABSENT;STRONGER_SPLIT_NOT_RELIABLY_DERIVABLE;USER_EVALUATOR_HELPER_SOURCE_MISSING;INJECTION_EVALUATOR_HELPER_SOURCE_MISSING,"用户 evaluator helper:check_new_event@agentdojo.default_suites.v1.workspace.user_tasks,parse_datetime@agentdojo.default_suites.v1.workspace.user_tasks | 安全 evaluator helper:are_email_bodies_in_str@agentdojo.default_suites.v1_2.workspace.injection_tasks",/Users/gss/Downloads/revised_agent_benchmark_paper_package/experiments/agentdojo_full_v1.2.2_direct/case_packets/agentdojo/v1.2.2_workspace_user_task_6_injection_task_6/case_packet.md
v1.2.2:workspace:user_task_6:injection_task_7,workspace,user_task_6,injection_task_7,通过,通过,通过,不通过,不通过,不通过,不通过,不通过,通过,不符合设计，必须重建packet后才能draft,OFFICIAL_SOURCE_CONTENT_NOT_MATERIALIZED;NATIVE_RUNNER_AND_AGGREGATION_NOT_IN_PACKET;STATE_SCHEMA_DESCRIPTOR_ONLY;POSTRUN_ARTIFACT_INVENTORY_ABSENT;STRONGER_SPLIT_NOT_RELIABLY_DERIVABLE;USER_EVALUATOR_HELPER_SOURCE_MISSING;INJECTION_EVALUATOR_HELPER_SOURCE_MISSING,"用户 evaluator helper:check_new_event@agentdojo.default_suites.v1.workspace.user_tasks,parse_datetime@agentdojo.default_suites.v1.workspace.user_tasks | 安全 evaluator helper:are_email_bodies_in_str@agentdojo.default_suites.v1_2.workspace.injection_tasks",/Users/gss/Downloads/revised_agent_benchmark_paper_package/experiments/agentdojo_full_v1.2.2_direct/case_packets/agentdojo/v1.2.2_workspace_user_task_6_injection_task_7/case_packet.md
v1.2.2:workspace:user_task_6:injection_task_8,workspace,user_task_6,injection_task_8,通过,通过,通过,不通过,不通过,不通过,不通过,不通过,通过,不符合设计，必须重建packet后才能draft,OFFICIAL_SOURCE_CONTENT_NOT_MATERIALIZED;NATIVE_RUNNER_AND_AGGREGATION_NOT_IN_PACKET;STATE_SCHEMA_DESCRIPTOR_ONLY;POSTRUN_ARTIFACT_INVENTORY_ABSENT;STRONGER_SPLIT_NOT_RELIABLY_DERIVABLE;USER_EVALUATOR_HELPER_SOURCE_MISSING;INJECTION_EVALUATOR_HELPER_SOURCE_MISSING,"用户 evaluator helper:check_new_event@agentdojo.default_suites.v1.workspace.user_tasks,parse_datetime@agentdojo.default_suites.v1.workspace.user_tasks | 安全 evaluator helper:are_email_bodies_in_str@agentdojo.default_suites.v1_2.workspace.injection_tasks",/Users/gss/Downloads/revised_agent_benchmark_paper_package/experiments/agentdojo_full_v1.2.2_direct/case_packets/agentdojo/v1.2.2_workspace_user_task_6_injection_task_8/case_packet.md
v1.2.2:workspace:user_task_6:injection_task_9,workspace,user_task_6,injection_task_9,通过,通过,通过,不通过,不通过,不通过,不通过,不通过,通过,不符合设计，必须重建packet后才能draft,OFFICIAL_SOURCE_CONTENT_NOT_MATERIALIZED;NATIVE_RUNNER_AND_AGGREGATION_NOT_IN_PACKET;STATE_SCHEMA_DESCRIPTOR_ONLY;POSTRUN_ARTIFACT_INVENTORY_ABSENT;STRONGER_SPLIT_NOT_RELIABLY_DERIVABLE;USER_EVALUATOR_HELPER_SOURCE_MISSING;INJECTION_EVALUATOR_HELPER_SOURCE_MISSING,"用户 evaluator helper:check_new_event@agentdojo.default_suites.v1.workspace.user_tasks,parse_datetime@agentdojo.default_suites.v1.workspace.user_tasks | 安全 evaluator helper:are_email_bodies_in_str@agentdojo.default_suites.v1_2.workspace.injection_tasks",/Users/gss/Downloads/revised_agent_benchmark_paper_package/experiments/agentdojo_full_v1.2.2_direct/case_packets/agentdojo/v1.2.2_workspace_user_task_6_injection_task_9/case_packet.md
v1.2.2:workspace:user_task_6:injection_task_10,workspace,user_task_6,injection_task_10,通过,通过,通过,不通过,不通过,不通过,不通过,不通过,通过,不符合设计，必须重建packet后才能draft,OFFICIAL_SOURCE_CONTENT_NOT_MATERIALIZED;NATIVE_RUNNER_AND_AGGREGATION_NOT_IN_PACKET;STATE_SCHEMA_DESCRIPTOR_ONLY;POSTRUN_ARTIFACT_INVENTORY_ABSENT;STRONGER_SPLIT_NOT_RELIABLY_DERIVABLE;USER_EVALUATOR_HELPER_SOURCE_MISSING,"用户 evaluator helper:check_new_event@agentdojo.default_suites.v1.workspace.user_tasks,parse_datetime@agentdojo.default_suites.v1.workspace.user_tasks",/Users/gss/Downloads/revised_agent_benchmark_paper_package/experiments/agentdojo_full_v1.2.2_direct/case_packets/agentdojo/v1.2.2_workspace_user_task_6_injection_task_10/case_packet.md
v1.2.2:workspace:user_task_6:injection_task_11,workspace,user_task_6,injection_task_11,通过,通过,通过,不通过,不通过,不通过,不通过,不通过,通过,不符合设计，必须重建packet后才能draft,OFFICIAL_SOURCE_CONTENT_NOT_MATERIALIZED;NATIVE_RUNNER_AND_AGGREGATION_NOT_IN_PACKET;STATE_SCHEMA_DESCRIPTOR_ONLY;POSTRUN_ARTIFACT_INVENTORY_ABSENT;STRONGER_SPLIT_NOT_RELIABLY_DERIVABLE;USER_EVALUATOR_HELPER_SOURCE_MISSING,"用户 evaluator helper:check_new_event@agentdojo.default_suites.v1.workspace.user_tasks,parse_datetime@agentdojo.default_suites.v1.workspace.user_tasks",/Users/gss/Downloads/revised_agent_benchmark_paper_package/experiments/agentdojo_full_v1.2.2_direct/case_packets/agentdojo/v1.2.2_workspace_user_task_6_injection_task_11/case_packet.md
v1.2.2:workspace:user_task_6:injection_task_13,workspace,user_task_6,injection_task_13,通过,通过,通过,不通过,不通过,不通过,不通过,不通过,通过,不符合设计，必须重建packet后才能draft,OFFICIAL_SOURCE_CONTENT_NOT_MATERIALIZED;NATIVE_RUNNER_AND_AGGREGATION_NOT_IN_PACKET;STATE_SCHEMA_DESCRIPTOR_ONLY;POSTRUN_ARTIFACT_INVENTORY_ABSENT;STRONGER_SPLIT_NOT_RELIABLY_DERIVABLE;USER_EVALUATOR_HELPER_SOURCE_MISSING,"用户 evaluator helper:check_new_event@agentdojo.default_suites.v1.workspace.user_tasks,parse_datetime@agentdojo.default_suites.v1.workspace.user_tasks",/Users/gss/Downloads/revised_agent_benchmark_paper_package/experiments/agentdojo_full_v1.2.2_direct/case_packets/agentdojo/v1.2.2_workspace_user_task_6_injection_task_13/case_packet.md
v1.2.2:workspace:user_task_7:injection_task_2,workspace,user_task_7,injection_task_2,通过,通过,通过,不通过,不通过,不通过,不通过,不通过,通过,不符合设计，必须重建packet后才能draft,OFFICIAL_SOURCE_CONTENT_NOT_MATERIALIZED;NATIVE_RUNNER_AND_AGGREGATION_NOT_IN_PACKET;STATE_SCHEMA_DESCRIPTOR_ONLY;POSTRUN_ARTIFACT_INVENTORY_ABSENT;STRONGER_SPLIT_NOT_RELIABLY_DERIVABLE;USER_EVALUATOR_HELPER_SOURCE_MISSING;INJECTION_EVALUATOR_HELPER_SOURCE_MISSING,用户 evaluator helper:parse_datetime@agentdojo.default_suites.v1.workspace.user_tasks | 安全 evaluator helper:parse_datetime@agentdojo.default_suites.v1.workspace.user_tasks,/Users/gss/Downloads/revised_agent_benchmark_paper_package/experiments/agentdojo_full_v1.2.2_direct/case_packets/agentdojo/v1.2.2_workspace_user_task_7_injection_task_2/case_packet.md
v1.2.2:workspace:user_task_7:injection_task_3,workspace,user_task_7,injection_task_3,通过,通过,通过,不通过,不通过,不通过,不通过,不通过,通过,不符合设计，必须重建packet后才能draft,OFFICIAL_SOURCE_CONTENT_NOT_MATERIALIZED;NATIVE_RUNNER_AND_AGGREGATION_NOT_IN_PACKET;STATE_SCHEMA_DESCRIPTOR_ONLY;POSTRUN_ARTIFACT_INVENTORY_ABSENT;STRONGER_SPLIT_NOT_RELIABLY_DERIVABLE;USER_EVALUATOR_HELPER_SOURCE_MISSING,用户 evaluator helper:parse_datetime@agentdojo.default_suites.v1.workspace.user_tasks,/Users/gss/Downloads/revised_agent_benchmark_paper_package/experiments/agentdojo_full_v1.2.2_direct/case_packets/agentdojo/v1.2.2_workspace_user_task_7_injection_task_3/case_packet.md
v1.2.2:workspace:user_task_7:injection_task_4,workspace,user_task_7,injection_task_4,通过,通过,通过,不通过,不通过,不通过,不通过,不通过,通过,不符合设计，必须重建packet后才能draft,OFFICIAL_SOURCE_CONTENT_NOT_MATERIALIZED;NATIVE_RUNNER_AND_AGGREGATION_NOT_IN_PACKET;STATE_SCHEMA_DESCRIPTOR_ONLY;POSTRUN_ARTIFACT_INVENTORY_ABSENT;STRONGER_SPLIT_NOT_RELIABLY_DERIVABLE;USER_EVALUATOR_HELPER_SOURCE_MISSING,用户 evaluator helper:parse_datetime@agentdojo.default_suites.v1.workspace.user_tasks,/Users/gss/Downloads/revised_agent_benchmark_paper_package/experiments/agentdojo_full_v1.2.2_direct/case_packets/agentdojo/v1.2.2_workspace_user_task_7_injection_task_4/case_packet.md
v1.2.2:workspace:user_task_7:injection_task_5,workspace,user_task_7,injection_task_5,通过,通过,通过,不通过,不通过,不通过,不通过,不通过,通过,不符合设计，必须重建packet后才能draft,OFFICIAL_SOURCE_CONTENT_NOT_MATERIALIZED;NATIVE_RUNNER_AND_AGGREGATION_NOT_IN_PACKET;STATE_SCHEMA_DESCRIPTOR_ONLY;POSTRUN_ARTIFACT_INVENTORY_ABSENT;STRONGER_SPLIT_NOT_RELIABLY_DERIVABLE;USER_EVALUATOR_HELPER_SOURCE_MISSING,用户 evaluator helper:parse_datetime@agentdojo.default_suites.v1.workspace.user_tasks,/Users/gss/Downloads/revised_agent_benchmark_paper_package/experiments/agentdojo_full_v1.2.2_direct/case_packets/agentdojo/v1.2.2_workspace_user_task_7_injection_task_5/case_packet.md
v1.2.2:workspace:user_task_7:injection_task_6,workspace,user_task_7,injection_task_6,通过,通过,通过,不通过,不通过,不通过,不通过,不通过,通过,不符合设计，必须重建packet后才能draft,OFFICIAL_SOURCE_CONTENT_NOT_MATERIALIZED;NATIVE_RUNNER_AND_AGGREGATION_NOT_IN_PACKET;STATE_SCHEMA_DESCRIPTOR_ONLY;POSTRUN_ARTIFACT_INVENTORY_ABSENT;STRONGER_SPLIT_NOT_RELIABLY_DERIVABLE;USER_EVALUATOR_HELPER_SOURCE_MISSING;INJECTION_EVALUATOR_HELPER_SOURCE_MISSING,用户 evaluator helper:parse_datetime@agentdojo.default_suites.v1.workspace.user_tasks | 安全 evaluator helper:are_email_bodies_in_str@agentdojo.default_suites.v1_2.workspace.injection_tasks,/Users/gss/Downloads/revised_agent_benchmark_paper_package/experiments/agentdojo_full_v1.2.2_direct/case_packets/agentdojo/v1.2.2_workspace_user_task_7_injection_task_6/case_packet.md
v1.2.2:workspace:user_task_7:injection_task_7,workspace,user_task_7,injection_task_7,通过,通过,通过,不通过,不通过,不通过,不通过,不通过,通过,不符合设计，必须重建packet后才能draft,OFFICIAL_SOURCE_CONTENT_NOT_MATERIALIZED;NATIVE_RUNNER_AND_AGGREGATION_NOT_IN_PACKET;STATE_SCHEMA_DESCRIPTOR_ONLY;POSTRUN_ARTIFACT_INVENTORY_ABSENT;STRONGER_SPLIT_NOT_RELIABLY_DERIVABLE;USER_EVALUATOR_HELPER_SOURCE_MISSING;INJECTION_EVALUATOR_HELPER_SOURCE_MISSING,用户 evaluator helper:parse_datetime@agentdojo.default_suites.v1.workspace.user_tasks | 安全 evaluator helper:are_email_bodies_in_str@agentdojo.default_suites.v1_2.workspace.injection_tasks,/Users/gss/Downloads/revised_agent_benchmark_paper_package/experiments/agentdojo_full_v1.2.2_direct/case_packets/agentdojo/v1.2.2_workspace_user_task_7_injection_task_7/case_packet.md
v1.2.2:workspace:user_task_7:injection_task_8,workspace,user_task_7,injection_task_8,通过,通过,通过,不通过,不通过,不通过,不通过,不通过,通过,不符合设计，必须重建packet后才能draft,OFFICIAL_SOURCE_CONTENT_NOT_MATERIALIZED;NATIVE_RUNNER_AND_AGGREGATION_NOT_IN_PACKET;STATE_SCHEMA_DESCRIPTOR_ONLY;POSTRUN_ARTIFACT_INVENTORY_ABSENT;STRONGER_SPLIT_NOT_RELIABLY_DERIVABLE;USER_EVALUATOR_HELPER_SOURCE_MISSING;INJECTION_EVALUATOR_HELPER_SOURCE_MISSING,用户 evaluator helper:parse_datetime@agentdojo.default_suites.v1.workspace.user_tasks | 安全 evaluator helper:are_email_bodies_in_str@agentdojo.default_suites.v1_2.workspace.injection_tasks,/Users/gss/Downloads/revised_agent_benchmark_paper_package/experiments/agentdojo_full_v1.2.2_direct/case_packets/agentdojo/v1.2.2_workspace_user_task_7_injection_task_8/case_packet.md
v1.2.2:workspace:user_task_7:injection_task_9,workspace,user_task_7,injection_task_9,通过,通过,通过,不通过,不通过,不通过,不通过,不通过,通过,不符合设计，必须重建packet后才能draft,OFFICIAL_SOURCE_CONTENT_NOT_MATERIALIZED;NATIVE_RUNNER_AND_AGGREGATION_NOT_IN_PACKET;STATE_SCHEMA_DESCRIPTOR_ONLY;POSTRUN_ARTIFACT_INVENTORY_ABSENT;STRONGER_SPLIT_NOT_RELIABLY_DERIVABLE;USER_EVALUATOR_HELPER_SOURCE_MISSING;INJECTION_EVALUATOR_HELPER_SOURCE_MISSING,用户 evaluator helper:parse_datetime@agentdojo.default_suites.v1.workspace.user_tasks | 安全 evaluator helper:are_email_bodies_in_str@agentdojo.default_suites.v1_2.workspace.injection_tasks,/Users/gss/Downloads/revised_agent_benchmark_paper_package/experiments/agentdojo_full_v1.2.2_direct/case_packets/agentdojo/v1.2.2_workspace_user_task_7_injection_task_9/case_packet.md
v1.2.2:workspace:user_task_7:injection_task_10,workspace,user_task_7,injection_task_10,通过,通过,通过,不通过,不通过,不通过,不通过,不通过,通过,不符合设计，必须重建packet后才能draft,OFFICIAL_SOURCE_CONTENT_NOT_MATERIALIZED;NATIVE_RUNNER_AND_AGGREGATION_NOT_IN_PACKET;STATE_SCHEMA_DESCRIPTOR_ONLY;POSTRUN_ARTIFACT_INVENTORY_ABSENT;STRONGER_SPLIT_NOT_RELIABLY_DERIVABLE;USER_EVALUATOR_HELPER_SOURCE_MISSING,用户 evaluator helper:parse_datetime@agentdojo.default_suites.v1.workspace.user_tasks,/Users/gss/Downloads/revised_agent_benchmark_paper_package/experiments/agentdojo_full_v1.2.2_direct/case_packets/agentdojo/v1.2.2_workspace_user_task_7_injection_task_10/case_packet.md
v1.2.2:workspace:user_task_7:injection_task_12,workspace,user_task_7,injection_task_12,通过,通过,通过,不通过,不通过,不通过,不通过,不通过,通过,不符合设计，必须重建packet后才能draft,OFFICIAL_SOURCE_CONTENT_NOT_MATERIALIZED;NATIVE_RUNNER_AND_AGGREGATION_NOT_IN_PACKET;STATE_SCHEMA_DESCRIPTOR_ONLY;POSTRUN_ARTIFACT_INVENTORY_ABSENT;STRONGER_SPLIT_NOT_RELIABLY_DERIVABLE;USER_EVALUATOR_HELPER_SOURCE_MISSING,用户 evaluator helper:parse_datetime@agentdojo.default_suites.v1.workspace.user_tasks,/Users/gss/Downloads/revised_agent_benchmark_paper_package/experiments/agentdojo_full_v1.2.2_direct/case_packets/agentdojo/v1.2.2_workspace_user_task_7_injection_task_12/case_packet.md
v1.2.2:workspace:user_task_7:injection_task_13,workspace,user_task_7,injection_task_13,通过,通过,通过,不通过,不通过,不通过,不通过,不通过,通过,不符合设计，必须重建packet后才能draft,OFFICIAL_SOURCE_CONTENT_NOT_MATERIALIZED;NATIVE_RUNNER_AND_AGGREGATION_NOT_IN_PACKET;STATE_SCHEMA_DESCRIPTOR_ONLY;POSTRUN_ARTIFACT_INVENTORY_ABSENT;STRONGER_SPLIT_NOT_RELIABLY_DERIVABLE;USER_EVALUATOR_HELPER_SOURCE_MISSING,用户 evaluator helper:parse_datetime@agentdojo.default_suites.v1.workspace.user_tasks,/Users/gss/Downloads/revised_agent_benchmark_paper_package/experiments/agentdojo_full_v1.2.2_direct/case_packets/agentdojo/v1.2.2_workspace_user_task_7_injection_task_13/case_packet.md
v1.2.2:workspace:user_task_8:injection_task_0,workspace,user_task_8,injection_task_0,通过,通过,通过,不通过,不通过,不通过,不通过,不通过,通过,不符合设计，必须重建packet后才能draft,OFFICIAL_SOURCE_CONTENT_NOT_MATERIALIZED;NATIVE_RUNNER_AND_AGGREGATION_NOT_IN_PACKET;STATE_SCHEMA_DESCRIPTOR_ONLY;POSTRUN_ARTIFACT_INVENTORY_ABSENT;STRONGER_SPLIT_NOT_RELIABLY_DERIVABLE;USER_EVALUATOR_HELPER_SOURCE_MISSING,用户 evaluator helper:list_is_in_string_or_set@agentdojo.default_suites.v1.workspace.user_tasks,/Users/gss/Downloads/revised_agent_benchmark_paper_package/experiments/agentdojo_full_v1.2.2_direct/case_packets/agentdojo/v1.2.2_workspace_user_task_8_injection_task_0/case_packet.md
v1.2.2:workspace:user_task_8:injection_task_1,workspace,user_task_8,injection_task_1,通过,通过,通过,不通过,不通过,不通过,不通过,不通过,通过,不符合设计，必须重建packet后才能draft,OFFICIAL_SOURCE_CONTENT_NOT_MATERIALIZED;NATIVE_RUNNER_AND_AGGREGATION_NOT_IN_PACKET;STATE_SCHEMA_DESCRIPTOR_ONLY;POSTRUN_ARTIFACT_INVENTORY_ABSENT;STRONGER_SPLIT_NOT_RELIABLY_DERIVABLE;USER_EVALUATOR_HELPER_SOURCE_MISSING,用户 evaluator helper:list_is_in_string_or_set@agentdojo.default_suites.v1.workspace.user_tasks,/Users/gss/Downloads/revised_agent_benchmark_paper_package/experiments/agentdojo_full_v1.2.2_direct/case_packets/agentdojo/v1.2.2_workspace_user_task_8_injection_task_1/case_packet.md
v1.2.2:workspace:user_task_8:injection_task_2,workspace,user_task_8,injection_task_2,通过,通过,通过,不通过,不通过,不通过,不通过,不通过,通过,不符合设计，必须重建packet后才能draft,OFFICIAL_SOURCE_CONTENT_NOT_MATERIALIZED;NATIVE_RUNNER_AND_AGGREGATION_NOT_IN_PACKET;STATE_SCHEMA_DESCRIPTOR_ONLY;POSTRUN_ARTIFACT_INVENTORY_ABSENT;STRONGER_SPLIT_NOT_RELIABLY_DERIVABLE;USER_EVALUATOR_HELPER_SOURCE_MISSING;INJECTION_EVALUATOR_HELPER_SOURCE_MISSING,用户 evaluator helper:list_is_in_string_or_set@agentdojo.default_suites.v1.workspace.user_tasks | 安全 evaluator helper:parse_datetime@agentdojo.default_suites.v1.workspace.user_tasks,/Users/gss/Downloads/revised_agent_benchmark_paper_package/experiments/agentdojo_full_v1.2.2_direct/case_packets/agentdojo/v1.2.2_workspace_user_task_8_injection_task_2/case_packet.md
v1.2.2:workspace:user_task_8:injection_task_4,workspace,user_task_8,injection_task_4,通过,通过,通过,不通过,不通过,不通过,不通过,不通过,通过,不符合设计，必须重建packet后才能draft,OFFICIAL_SOURCE_CONTENT_NOT_MATERIALIZED;NATIVE_RUNNER_AND_AGGREGATION_NOT_IN_PACKET;STATE_SCHEMA_DESCRIPTOR_ONLY;POSTRUN_ARTIFACT_INVENTORY_ABSENT;STRONGER_SPLIT_NOT_RELIABLY_DERIVABLE;USER_EVALUATOR_HELPER_SOURCE_MISSING,用户 evaluator helper:list_is_in_string_or_set@agentdojo.default_suites.v1.workspace.user_tasks,/Users/gss/Downloads/revised_agent_benchmark_paper_package/experiments/agentdojo_full_v1.2.2_direct/case_packets/agentdojo/v1.2.2_workspace_user_task_8_injection_task_4/case_packet.md
v1.2.2:workspace:user_task_8:injection_task_5,workspace,user_task_8,injection_task_5,通过,通过,通过,不通过,不通过,不通过,不通过,不通过,通过,不符合设计，必须重建packet后才能draft,OFFICIAL_SOURCE_CONTENT_NOT_MATERIALIZED;NATIVE_RUNNER_AND_AGGREGATION_NOT_IN_PACKET;STATE_SCHEMA_DESCRIPTOR_ONLY;POSTRUN_ARTIFACT_INVENTORY_ABSENT;STRONGER_SPLIT_NOT_RELIABLY_DERIVABLE;USER_EVALUATOR_HELPER_SOURCE_MISSING,用户 evaluator helper:list_is_in_string_or_set@agentdojo.default_suites.v1.workspace.user_tasks,/Users/gss/Downloads/revised_agent_benchmark_paper_package/experiments/agentdojo_full_v1.2.2_direct/case_packets/agentdojo/v1.2.2_workspace_user_task_8_injection_task_5/case_packet.md
v1.2.2:workspace:user_task_8:injection_task_6,workspace,user_task_8,injection_task_6,通过,通过,通过,不通过,不通过,不通过,不通过,不通过,通过,不符合设计，必须重建packet后才能draft,OFFICIAL_SOURCE_CONTENT_NOT_MATERIALIZED;NATIVE_RUNNER_AND_AGGREGATION_NOT_IN_PACKET;STATE_SCHEMA_DESCRIPTOR_ONLY;POSTRUN_ARTIFACT_INVENTORY_ABSENT;STRONGER_SPLIT_NOT_RELIABLY_DERIVABLE;USER_EVALUATOR_HELPER_SOURCE_MISSING;INJECTION_EVALUATOR_HELPER_SOURCE_MISSING,用户 evaluator helper:list_is_in_string_or_set@agentdojo.default_suites.v1.workspace.user_tasks | 安全 evaluator helper:are_email_bodies_in_str@agentdojo.default_suites.v1_2.workspace.injection_tasks,/Users/gss/Downloads/revised_agent_benchmark_paper_package/experiments/agentdojo_full_v1.2.2_direct/case_packets/agentdojo/v1.2.2_workspace_user_task_8_injection_task_6/case_packet.md
v1.2.2:workspace:user_task_8:injection_task_7,workspace,user_task_8,injection_task_7,通过,通过,通过,不通过,不通过,不通过,不通过,不通过,通过,不符合设计，必须重建packet后才能draft,OFFICIAL_SOURCE_CONTENT_NOT_MATERIALIZED;NATIVE_RUNNER_AND_AGGREGATION_NOT_IN_PACKET;STATE_SCHEMA_DESCRIPTOR_ONLY;POSTRUN_ARTIFACT_INVENTORY_ABSENT;STRONGER_SPLIT_NOT_RELIABLY_DERIVABLE;USER_EVALUATOR_HELPER_SOURCE_MISSING;INJECTION_EVALUATOR_HELPER_SOURCE_MISSING,用户 evaluator helper:list_is_in_string_or_set@agentdojo.default_suites.v1.workspace.user_tasks | 安全 evaluator helper:are_email_bodies_in_str@agentdojo.default_suites.v1_2.workspace.injection_tasks,/Users/gss/Downloads/revised_agent_benchmark_paper_package/experiments/agentdojo_full_v1.2.2_direct/case_packets/agentdojo/v1.2.2_workspace_user_task_8_injection_task_7/case_packet.md
v1.2.2:workspace:user_task_8:injection_task_8,workspace,user_task_8,injection_task_8,通过,通过,通过,不通过,不通过,不通过,不通过,不通过,通过,不符合设计，必须重建packet后才能draft,OFFICIAL_SOURCE_CONTENT_NOT_MATERIALIZED;NATIVE_RUNNER_AND_AGGREGATION_NOT_IN_PACKET;STATE_SCHEMA_DESCRIPTOR_ONLY;POSTRUN_ARTIFACT_INVENTORY_ABSENT;STRONGER_SPLIT_NOT_RELIABLY_DERIVABLE;USER_EVALUATOR_HELPER_SOURCE_MISSING;INJECTION_EVALUATOR_HELPER_SOURCE_MISSING,用户 evaluator helper:list_is_in_string_or_set@agentdojo.default_suites.v1.workspace.user_tasks | 安全 evaluator helper:are_email_bodies_in_str@agentdojo.default_suites.v1_2.workspace.injection_tasks,/Users/gss/Downloads/revised_agent_benchmark_paper_package/experiments/agentdojo_full_v1.2.2_direct/case_packets/agentdojo/v1.2.2_workspace_user_task_8_injection_task_8/case_packet.md
v1.2.2:workspace:user_task_8:injection_task_9,workspace,user_task_8,injection_task_9,通过,通过,通过,不通过,不通过,不通过,不通过,不通过,通过,不符合设计，必须重建packet后才能draft,OFFICIAL_SOURCE_CONTENT_NOT_MATERIALIZED;NATIVE_RUNNER_AND_AGGREGATION_NOT_IN_PACKET;STATE_SCHEMA_DESCRIPTOR_ONLY;POSTRUN_ARTIFACT_INVENTORY_ABSENT;STRONGER_SPLIT_NOT_RELIABLY_DERIVABLE;USER_EVALUATOR_HELPER_SOURCE_MISSING;INJECTION_EVALUATOR_HELPER_SOURCE_MISSING,用户 evaluator helper:list_is_in_string_or_set@agentdojo.default_suites.v1.workspace.user_tasks | 安全 evaluator helper:are_email_bodies_in_str@agentdojo.default_suites.v1_2.workspace.injection_tasks,/Users/gss/Downloads/revised_agent_benchmark_paper_package/experiments/agentdojo_full_v1.2.2_direct/case_packets/agentdojo/v1.2.2_workspace_user_task_8_injection_task_9/case_packet.md
v1.2.2:workspace:user_task_8:injection_task_10,workspace,user_task_8,injection_task_10,通过,通过,通过,不通过,不通过,不通过,不通过,不通过,通过,不符合设计，必须重建packet后才能draft,OFFICIAL_SOURCE_CONTENT_NOT_MATERIALIZED;NATIVE_RUNNER_AND_AGGREGATION_NOT_IN_PACKET;STATE_SCHEMA_DESCRIPTOR_ONLY;POSTRUN_ARTIFACT_INVENTORY_ABSENT;STRONGER_SPLIT_NOT_RELIABLY_DERIVABLE;USER_EVALUATOR_HELPER_SOURCE_MISSING,用户 evaluator helper:list_is_in_string_or_set@agentdojo.default_suites.v1.workspace.user_tasks,/Users/gss/Downloads/revised_agent_benchmark_paper_package/experiments/agentdojo_full_v1.2.2_direct/case_packets/agentdojo/v1.2.2_workspace_user_task_8_injection_task_10/case_packet.md
v1.2.2:workspace:user_task_8:injection_task_11,workspace,user_task_8,injection_task_11,通过,通过,通过,不通过,不通过,不通过,不通过,不通过,通过,不符合设计，必须重建packet后才能draft,OFFICIAL_SOURCE_CONTENT_NOT_MATERIALIZED;NATIVE_RUNNER_AND_AGGREGATION_NOT_IN_PACKET;STATE_SCHEMA_DESCRIPTOR_ONLY;POSTRUN_ARTIFACT_INVENTORY_ABSENT;STRONGER_SPLIT_NOT_RELIABLY_DERIVABLE;USER_EVALUATOR_HELPER_SOURCE_MISSING,用户 evaluator helper:list_is_in_string_or_set@agentdojo.default_suites.v1.workspace.user_tasks,/Users/gss/Downloads/revised_agent_benchmark_paper_package/experiments/agentdojo_full_v1.2.2_direct/case_packets/agentdojo/v1.2.2_workspace_user_task_8_injection_task_11/case_packet.md
v1.2.2:workspace:user_task_8:injection_task_12,workspace,user_task_8,injection_task_12,通过,通过,通过,不通过,不通过,不通过,不通过,不通过,通过,不符合设计，必须重建packet后才能draft,OFFICIAL_SOURCE_CONTENT_NOT_MATERIALIZED;NATIVE_RUNNER_AND_AGGREGATION_NOT_IN_PACKET;STATE_SCHEMA_DESCRIPTOR_ONLY;POSTRUN_ARTIFACT_INVENTORY_ABSENT;STRONGER_SPLIT_NOT_RELIABLY_DERIVABLE;USER_EVALUATOR_HELPER_SOURCE_MISSING,用户 evaluator helper:list_is_in_string_or_set@agentdojo.default_suites.v1.workspace.user_tasks,/Users/gss/Downloads/revised_agent_benchmark_paper_package/experiments/agentdojo_full_v1.2.2_direct/case_packets/agentdojo/v1.2.2_workspace_user_task_8_injection_task_12/case_packet.md
v1.2.2:workspace:user_task_8:injection_task_13,workspace,user_task_8,injection_task_13,通过,通过,通过,不通过,不通过,不通过,不通过,不通过,通过,不符合设计，必须重建packet后才能draft,OFFICIAL_SOURCE_CONTENT_NOT_MATERIALIZED;NATIVE_RUNNER_AND_AGGREGATION_NOT_IN_PACKET;STATE_SCHEMA_DESCRIPTOR_ONLY;POSTRUN_ARTIFACT_INVENTORY_ABSENT;STRONGER_SPLIT_NOT_RELIABLY_DERIVABLE;USER_EVALUATOR_HELPER_SOURCE_MISSING,用户 evaluator helper:list_is_in_string_or_set@agentdojo.default_suites.v1.workspace.user_tasks,/Users/gss/Downloads/revised_agent_benchmark_paper_package/experiments/agentdojo_full_v1.2.2_direct/case_packets/agentdojo/v1.2.2_workspace_user_task_8_injection_task_13/case_packet.md
v1.2.2:workspace:user_task_9:injection_task_0,workspace,user_task_9,injection_task_0,通过,通过,通过,不通过,不通过,不通过,不通过,不通过,通过,不符合设计，必须重建packet后才能draft,OFFICIAL_SOURCE_CONTENT_NOT_MATERIALIZED;NATIVE_RUNNER_AND_AGGREGATION_NOT_IN_PACKET;STATE_SCHEMA_DESCRIPTOR_ONLY;POSTRUN_ARTIFACT_INVENTORY_ABSENT;STRONGER_SPLIT_NOT_RELIABLY_DERIVABLE;USER_EVALUATOR_HELPER_SOURCE_MISSING,"用户 evaluator helper:check_new_event@agentdojo.default_suites.v1.workspace.user_tasks,parse_datetime@agentdojo.default_suites.v1.workspace.user_tasks",/Users/gss/Downloads/revised_agent_benchmark_paper_package/experiments/agentdojo_full_v1.2.2_direct/case_packets/agentdojo/v1.2.2_workspace_user_task_9_injection_task_0/case_packet.md
v1.2.2:workspace:user_task_9:injection_task_1,workspace,user_task_9,injection_task_1,通过,通过,通过,不通过,不通过,不通过,不通过,不通过,通过,不符合设计，必须重建packet后才能draft,OFFICIAL_SOURCE_CONTENT_NOT_MATERIALIZED;NATIVE_RUNNER_AND_AGGREGATION_NOT_IN_PACKET;STATE_SCHEMA_DESCRIPTOR_ONLY;POSTRUN_ARTIFACT_INVENTORY_ABSENT;STRONGER_SPLIT_NOT_RELIABLY_DERIVABLE;USER_EVALUATOR_HELPER_SOURCE_MISSING,"用户 evaluator helper:check_new_event@agentdojo.default_suites.v1.workspace.user_tasks,parse_datetime@agentdojo.default_suites.v1.workspace.user_tasks",/Users/gss/Downloads/revised_agent_benchmark_paper_package/experiments/agentdojo_full_v1.2.2_direct/case_packets/agentdojo/v1.2.2_workspace_user_task_9_injection_task_1/case_packet.md
v1.2.2:workspace:user_task_9:injection_task_2,workspace,user_task_9,injection_task_2,通过,通过,通过,不通过,不通过,不通过,不通过,不通过,通过,不符合设计，必须重建packet后才能draft,OFFICIAL_SOURCE_CONTENT_NOT_MATERIALIZED;NATIVE_RUNNER_AND_AGGREGATION_NOT_IN_PACKET;STATE_SCHEMA_DESCRIPTOR_ONLY;POSTRUN_ARTIFACT_INVENTORY_ABSENT;STRONGER_SPLIT_NOT_RELIABLY_DERIVABLE;USER_EVALUATOR_HELPER_SOURCE_MISSING;INJECTION_EVALUATOR_HELPER_SOURCE_MISSING,"用户 evaluator helper:check_new_event@agentdojo.default_suites.v1.workspace.user_tasks,parse_datetime@agentdojo.default_suites.v1.workspace.user_tasks | 安全 evaluator helper:parse_datetime@agentdojo.default_suites.v1.workspace.user_tasks",/Users/gss/Downloads/revised_agent_benchmark_paper_package/experiments/agentdojo_full_v1.2.2_direct/case_packets/agentdojo/v1.2.2_workspace_user_task_9_injection_task_2/case_packet.md
v1.2.2:workspace:user_task_9:injection_task_3,workspace,user_task_9,injection_task_3,通过,通过,通过,不通过,不通过,不通过,不通过,不通过,通过,不符合设计，必须重建packet后才能draft,OFFICIAL_SOURCE_CONTENT_NOT_MATERIALIZED;NATIVE_RUNNER_AND_AGGREGATION_NOT_IN_PACKET;STATE_SCHEMA_DESCRIPTOR_ONLY;POSTRUN_ARTIFACT_INVENTORY_ABSENT;STRONGER_SPLIT_NOT_RELIABLY_DERIVABLE;USER_EVALUATOR_HELPER_SOURCE_MISSING,"用户 evaluator helper:check_new_event@agentdojo.default_suites.v1.workspace.user_tasks,parse_datetime@agentdojo.default_suites.v1.workspace.user_tasks",/Users/gss/Downloads/revised_agent_benchmark_paper_package/experiments/agentdojo_full_v1.2.2_direct/case_packets/agentdojo/v1.2.2_workspace_user_task_9_injection_task_3/case_packet.md
v1.2.2:workspace:user_task_9:injection_task_4,workspace,user_task_9,injection_task_4,通过,通过,通过,不通过,不通过,不通过,不通过,不通过,通过,不符合设计，必须重建packet后才能draft,OFFICIAL_SOURCE_CONTENT_NOT_MATERIALIZED;NATIVE_RUNNER_AND_AGGREGATION_NOT_IN_PACKET;STATE_SCHEMA_DESCRIPTOR_ONLY;POSTRUN_ARTIFACT_INVENTORY_ABSENT;STRONGER_SPLIT_NOT_RELIABLY_DERIVABLE;USER_EVALUATOR_HELPER_SOURCE_MISSING,"用户 evaluator helper:check_new_event@agentdojo.default_suites.v1.workspace.user_tasks,parse_datetime@agentdojo.default_suites.v1.workspace.user_tasks",/Users/gss/Downloads/revised_agent_benchmark_paper_package/experiments/agentdojo_full_v1.2.2_direct/case_packets/agentdojo/v1.2.2_workspace_user_task_9_injection_task_4/case_packet.md
v1.2.2:workspace:user_task_9:injection_task_5,workspace,user_task_9,injection_task_5,通过,通过,通过,不通过,不通过,不通过,不通过,不通过,通过,不符合设计，必须重建packet后才能draft,OFFICIAL_SOURCE_CONTENT_NOT_MATERIALIZED;NATIVE_RUNNER_AND_AGGREGATION_NOT_IN_PACKET;STATE_SCHEMA_DESCRIPTOR_ONLY;POSTRUN_ARTIFACT_INVENTORY_ABSENT;STRONGER_SPLIT_NOT_RELIABLY_DERIVABLE;USER_EVALUATOR_HELPER_SOURCE_MISSING,"用户 evaluator helper:check_new_event@agentdojo.default_suites.v1.workspace.user_tasks,parse_datetime@agentdojo.default_suites.v1.workspace.user_tasks",/Users/gss/Downloads/revised_agent_benchmark_paper_package/experiments/agentdojo_full_v1.2.2_direct/case_packets/agentdojo/v1.2.2_workspace_user_task_9_injection_task_5/case_packet.md
v1.2.2:workspace:user_task_9:injection_task_6,workspace,user_task_9,injection_task_6,通过,通过,通过,不通过,不通过,不通过,不通过,不通过,通过,不符合设计，必须重建packet后才能draft,OFFICIAL_SOURCE_CONTENT_NOT_MATERIALIZED;NATIVE_RUNNER_AND_AGGREGATION_NOT_IN_PACKET;STATE_SCHEMA_DESCRIPTOR_ONLY;POSTRUN_ARTIFACT_INVENTORY_ABSENT;STRONGER_SPLIT_NOT_RELIABLY_DERIVABLE;USER_EVALUATOR_HELPER_SOURCE_MISSING;INJECTION_EVALUATOR_HELPER_SOURCE_MISSING,"用户 evaluator helper:check_new_event@agentdojo.default_suites.v1.workspace.user_tasks,parse_datetime@agentdojo.default_suites.v1.workspace.user_tasks | 安全 evaluator helper:are_email_bodies_in_str@agentdojo.default_suites.v1_2.workspace.injection_tasks",/Users/gss/Downloads/revised_agent_benchmark_paper_package/experiments/agentdojo_full_v1.2.2_direct/case_packets/agentdojo/v1.2.2_workspace_user_task_9_injection_task_6/case_packet.md
v1.2.2:workspace:user_task_9:injection_task_7,workspace,user_task_9,injection_task_7,通过,通过,通过,不通过,不通过,不通过,不通过,不通过,通过,不符合设计，必须重建packet后才能draft,OFFICIAL_SOURCE_CONTENT_NOT_MATERIALIZED;NATIVE_RUNNER_AND_AGGREGATION_NOT_IN_PACKET;STATE_SCHEMA_DESCRIPTOR_ONLY;POSTRUN_ARTIFACT_INVENTORY_ABSENT;STRONGER_SPLIT_NOT_RELIABLY_DERIVABLE;USER_EVALUATOR_HELPER_SOURCE_MISSING;INJECTION_EVALUATOR_HELPER_SOURCE_MISSING,"用户 evaluator helper:check_new_event@agentdojo.default_suites.v1.workspace.user_tasks,parse_datetime@agentdojo.default_suites.v1.workspace.user_tasks | 安全 evaluator helper:are_email_bodies_in_str@agentdojo.default_suites.v1_2.workspace.injection_tasks",/Users/gss/Downloads/revised_agent_benchmark_paper_package/experiments/agentdojo_full_v1.2.2_direct/case_packets/agentdojo/v1.2.2_workspace_user_task_9_injection_task_7/case_packet.md
v1.2.2:workspace:user_task_9:injection_task_8,workspace,user_task_9,injection_task_8,通过,通过,通过,不通过,不通过,不通过,不通过,不通过,通过,不符合设计，必须重建packet后才能draft,OFFICIAL_SOURCE_CONTENT_NOT_MATERIALIZED;NATIVE_RUNNER_AND_AGGREGATION_NOT_IN_PACKET;STATE_SCHEMA_DESCRIPTOR_ONLY;POSTRUN_ARTIFACT_INVENTORY_ABSENT;STRONGER_SPLIT_NOT_RELIABLY_DERIVABLE;USER_EVALUATOR_HELPER_SOURCE_MISSING;INJECTION_EVALUATOR_HELPER_SOURCE_MISSING,"用户 evaluator helper:check_new_event@agentdojo.default_suites.v1.workspace.user_tasks,parse_datetime@agentdojo.default_suites.v1.workspace.user_tasks | 安全 evaluator helper:are_email_bodies_in_str@agentdojo.default_suites.v1_2.workspace.injection_tasks",/Users/gss/Downloads/revised_agent_benchmark_paper_package/experiments/agentdojo_full_v1.2.2_direct/case_packets/agentdojo/v1.2.2_workspace_user_task_9_injection_task_8/case_packet.md
v1.2.2:workspace:user_task_9:injection_task_9,workspace,user_task_9,injection_task_9,通过,通过,通过,不通过,不通过,不通过,不通过,不通过,通过,不符合设计，必须重建packet后才能draft,OFFICIAL_SOURCE_CONTENT_NOT_MATERIALIZED;NATIVE_RUNNER_AND_AGGREGATION_NOT_IN_PACKET;STATE_SCHEMA_DESCRIPTOR_ONLY;POSTRUN_ARTIFACT_INVENTORY_ABSENT;STRONGER_SPLIT_NOT_RELIABLY_DERIVABLE;USER_EVALUATOR_HELPER_SOURCE_MISSING;INJECTION_EVALUATOR_HELPER_SOURCE_MISSING,"用户 evaluator helper:check_new_event@agentdojo.default_suites.v1.workspace.user_tasks,parse_datetime@agentdojo.default_suites.v1.workspace.user_tasks | 安全 evaluator helper:are_email_bodies_in_str@agentdojo.default_suites.v1_2.workspace.injection_tasks",/Users/gss/Downloads/revised_agent_benchmark_paper_package/experiments/agentdojo_full_v1.2.2_direct/case_packets/agentdojo/v1.2.2_workspace_user_task_9_injection_task_9/case_packet.md
v1.2.2:workspace:user_task_9:injection_task_11,workspace,user_task_9,injection_task_11,通过,通过,通过,不通过,不通过,不通过,不通过,不通过,通过,不符合设计，必须重建packet后才能draft,OFFICIAL_SOURCE_CONTENT_NOT_MATERIALIZED;NATIVE_RUNNER_AND_AGGREGATION_NOT_IN_PACKET;STATE_SCHEMA_DESCRIPTOR_ONLY;POSTRUN_ARTIFACT_INVENTORY_ABSENT;STRONGER_SPLIT_NOT_RELIABLY_DERIVABLE;USER_EVALUATOR_HELPER_SOURCE_MISSING,"用户 evaluator helper:check_new_event@agentdojo.default_suites.v1.workspace.user_tasks,parse_datetime@agentdojo.default_suites.v1.workspace.user_tasks",/Users/gss/Downloads/revised_agent_benchmark_paper_package/experiments/agentdojo_full_v1.2.2_direct/case_packets/agentdojo/v1.2.2_workspace_user_task_9_injection_task_11/case_packet.md
v1.2.2:workspace:user_task_9:injection_task_12,workspace,user_task_9,injection_task_12,通过,通过,通过,不通过,不通过,不通过,不通过,不通过,通过,不符合设计，必须重建packet后才能draft,OFFICIAL_SOURCE_CONTENT_NOT_MATERIALIZED;NATIVE_RUNNER_AND_AGGREGATION_NOT_IN_PACKET;STATE_SCHEMA_DESCRIPTOR_ONLY;POSTRUN_ARTIFACT_INVENTORY_ABSENT;STRONGER_SPLIT_NOT_RELIABLY_DERIVABLE;USER_EVALUATOR_HELPER_SOURCE_MISSING,"用户 evaluator helper:check_new_event@agentdojo.default_suites.v1.workspace.user_tasks,parse_datetime@agentdojo.default_suites.v1.workspace.user_tasks",/Users/gss/Downloads/revised_agent_benchmark_paper_package/experiments/agentdojo_full_v1.2.2_direct/case_packets/agentdojo/v1.2.2_workspace_user_task_9_injection_task_12/case_packet.md
v1.2.2:workspace:user_task_9:injection_task_13,workspace,user_task_9,injection_task_13,通过,通过,通过,不通过,不通过,不通过,不通过,不通过,通过,不符合设计，必须重建packet后才能draft,OFFICIAL_SOURCE_CONTENT_NOT_MATERIALIZED;NATIVE_RUNNER_AND_AGGREGATION_NOT_IN_PACKET;STATE_SCHEMA_DESCRIPTOR_ONLY;POSTRUN_ARTIFACT_INVENTORY_ABSENT;STRONGER_SPLIT_NOT_RELIABLY_DERIVABLE;USER_EVALUATOR_HELPER_SOURCE_MISSING,"用户 evaluator helper:check_new_event@agentdojo.default_suites.v1.workspace.user_tasks,parse_datetime@agentdojo.default_suites.v1.workspace.user_tasks",/Users/gss/Downloads/revised_agent_benchmark_paper_package/experiments/agentdojo_full_v1.2.2_direct/case_packets/agentdojo/v1.2.2_workspace_user_task_9_injection_task_13/case_packet.md
v1.2.2:workspace:user_task_10:injection_task_0,workspace,user_task_10,injection_task_0,通过,通过,通过,不通过,不通过,不通过,类内方法可读但全局来源仍不完整,不通过,通过,不符合设计，必须重建packet后才能draft,OFFICIAL_SOURCE_CONTENT_NOT_MATERIALIZED;NATIVE_RUNNER_AND_AGGREGATION_NOT_IN_PACKET;STATE_SCHEMA_DESCRIPTOR_ONLY;POSTRUN_ARTIFACT_INVENTORY_ABSENT;STRONGER_SPLIT_NOT_RELIABLY_DERIVABLE,,/Users/gss/Downloads/revised_agent_benchmark_paper_package/experiments/agentdojo_full_v1.2.2_direct/case_packets/agentdojo/v1.2.2_workspace_user_task_10_injection_task_0/case_packet.md
v1.2.2:workspace:user_task_10:injection_task_2,workspace,user_task_10,injection_task_2,通过,通过,通过,不通过,不通过,不通过,不通过,不通过,通过,不符合设计，必须重建packet后才能draft,OFFICIAL_SOURCE_CONTENT_NOT_MATERIALIZED;NATIVE_RUNNER_AND_AGGREGATION_NOT_IN_PACKET;STATE_SCHEMA_DESCRIPTOR_ONLY;POSTRUN_ARTIFACT_INVENTORY_ABSENT;STRONGER_SPLIT_NOT_RELIABLY_DERIVABLE;INJECTION_EVALUATOR_HELPER_SOURCE_MISSING,安全 evaluator helper:parse_datetime@agentdojo.default_suites.v1.workspace.user_tasks,/Users/gss/Downloads/revised_agent_benchmark_paper_package/experiments/agentdojo_full_v1.2.2_direct/case_packets/agentdojo/v1.2.2_workspace_user_task_10_injection_task_2/case_packet.md
v1.2.2:workspace:user_task_10:injection_task_3,workspace,user_task_10,injection_task_3,通过,通过,通过,不通过,不通过,不通过,类内方法可读但全局来源仍不完整,不通过,通过,不符合设计，必须重建packet后才能draft,OFFICIAL_SOURCE_CONTENT_NOT_MATERIALIZED;NATIVE_RUNNER_AND_AGGREGATION_NOT_IN_PACKET;STATE_SCHEMA_DESCRIPTOR_ONLY;POSTRUN_ARTIFACT_INVENTORY_ABSENT;STRONGER_SPLIT_NOT_RELIABLY_DERIVABLE,,/Users/gss/Downloads/revised_agent_benchmark_paper_package/experiments/agentdojo_full_v1.2.2_direct/case_packets/agentdojo/v1.2.2_workspace_user_task_10_injection_task_3/case_packet.md
v1.2.2:workspace:user_task_10:injection_task_4,workspace,user_task_10,injection_task_4,通过,通过,通过,不通过,不通过,不通过,类内方法可读但全局来源仍不完整,不通过,通过,不符合设计，必须重建packet后才能draft,OFFICIAL_SOURCE_CONTENT_NOT_MATERIALIZED;NATIVE_RUNNER_AND_AGGREGATION_NOT_IN_PACKET;STATE_SCHEMA_DESCRIPTOR_ONLY;POSTRUN_ARTIFACT_INVENTORY_ABSENT;STRONGER_SPLIT_NOT_RELIABLY_DERIVABLE,,/Users/gss/Downloads/revised_agent_benchmark_paper_package/experiments/agentdojo_full_v1.2.2_direct/case_packets/agentdojo/v1.2.2_workspace_user_task_10_injection_task_4/case_packet.md
v1.2.2:workspace:user_task_10:injection_task_5,workspace,user_task_10,injection_task_5,通过,通过,通过,不通过,不通过,不通过,类内方法可读但全局来源仍不完整,不通过,通过,不符合设计，必须重建packet后才能draft,OFFICIAL_SOURCE_CONTENT_NOT_MATERIALIZED;NATIVE_RUNNER_AND_AGGREGATION_NOT_IN_PACKET;STATE_SCHEMA_DESCRIPTOR_ONLY;POSTRUN_ARTIFACT_INVENTORY_ABSENT;STRONGER_SPLIT_NOT_RELIABLY_DERIVABLE,,/Users/gss/Downloads/revised_agent_benchmark_paper_package/experiments/agentdojo_full_v1.2.2_direct/case_packets/agentdojo/v1.2.2_workspace_user_task_10_injection_task_5/case_packet.md
v1.2.2:workspace:user_task_10:injection_task_6,workspace,user_task_10,injection_task_6,通过,通过,通过,不通过,不通过,不通过,不通过,不通过,通过,不符合设计，必须重建packet后才能draft,OFFICIAL_SOURCE_CONTENT_NOT_MATERIALIZED;NATIVE_RUNNER_AND_AGGREGATION_NOT_IN_PACKET;STATE_SCHEMA_DESCRIPTOR_ONLY;POSTRUN_ARTIFACT_INVENTORY_ABSENT;STRONGER_SPLIT_NOT_RELIABLY_DERIVABLE;INJECTION_EVALUATOR_HELPER_SOURCE_MISSING,安全 evaluator helper:are_email_bodies_in_str@agentdojo.default_suites.v1_2.workspace.injection_tasks,/Users/gss/Downloads/revised_agent_benchmark_paper_package/experiments/agentdojo_full_v1.2.2_direct/case_packets/agentdojo/v1.2.2_workspace_user_task_10_injection_task_6/case_packet.md
v1.2.2:workspace:user_task_10:injection_task_7,workspace,user_task_10,injection_task_7,通过,通过,通过,不通过,不通过,不通过,不通过,不通过,通过,不符合设计，必须重建packet后才能draft,OFFICIAL_SOURCE_CONTENT_NOT_MATERIALIZED;NATIVE_RUNNER_AND_AGGREGATION_NOT_IN_PACKET;STATE_SCHEMA_DESCRIPTOR_ONLY;POSTRUN_ARTIFACT_INVENTORY_ABSENT;STRONGER_SPLIT_NOT_RELIABLY_DERIVABLE;INJECTION_EVALUATOR_HELPER_SOURCE_MISSING,安全 evaluator helper:are_email_bodies_in_str@agentdojo.default_suites.v1_2.workspace.injection_tasks,/Users/gss/Downloads/revised_agent_benchmark_paper_package/experiments/agentdojo_full_v1.2.2_direct/case_packets/agentdojo/v1.2.2_workspace_user_task_10_injection_task_7/case_packet.md
v1.2.2:workspace:user_task_10:injection_task_8,workspace,user_task_10,injection_task_8,通过,通过,通过,不通过,不通过,不通过,不通过,不通过,通过,不符合设计，必须重建packet后才能draft,OFFICIAL_SOURCE_CONTENT_NOT_MATERIALIZED;NATIVE_RUNNER_AND_AGGREGATION_NOT_IN_PACKET;STATE_SCHEMA_DESCRIPTOR_ONLY;POSTRUN_ARTIFACT_INVENTORY_ABSENT;STRONGER_SPLIT_NOT_RELIABLY_DERIVABLE;INJECTION_EVALUATOR_HELPER_SOURCE_MISSING,安全 evaluator helper:are_email_bodies_in_str@agentdojo.default_suites.v1_2.workspace.injection_tasks,/Users/gss/Downloads/revised_agent_benchmark_paper_package/experiments/agentdojo_full_v1.2.2_direct/case_packets/agentdojo/v1.2.2_workspace_user_task_10_injection_task_8/case_packet.md
v1.2.2:workspace:user_task_10:injection_task_9,workspace,user_task_10,injection_task_9,通过,通过,通过,不通过,不通过,不通过,不通过,不通过,通过,不符合设计，必须重建packet后才能draft,OFFICIAL_SOURCE_CONTENT_NOT_MATERIALIZED;NATIVE_RUNNER_AND_AGGREGATION_NOT_IN_PACKET;STATE_SCHEMA_DESCRIPTOR_ONLY;POSTRUN_ARTIFACT_INVENTORY_ABSENT;STRONGER_SPLIT_NOT_RELIABLY_DERIVABLE;INJECTION_EVALUATOR_HELPER_SOURCE_MISSING,安全 evaluator helper:are_email_bodies_in_str@agentdojo.default_suites.v1_2.workspace.injection_tasks,/Users/gss/Downloads/revised_agent_benchmark_paper_package/experiments/agentdojo_full_v1.2.2_direct/case_packets/agentdojo/v1.2.2_workspace_user_task_10_injection_task_9/case_packet.md
v1.2.2:workspace:user_task_10:injection_task_10,workspace,user_task_10,injection_task_10,通过,通过,通过,不通过,不通过,不通过,类内方法可读但全局来源仍不完整,不通过,通过,不符合设计，必须重建packet后才能draft,OFFICIAL_SOURCE_CONTENT_NOT_MATERIALIZED;NATIVE_RUNNER_AND_AGGREGATION_NOT_IN_PACKET;STATE_SCHEMA_DESCRIPTOR_ONLY;POSTRUN_ARTIFACT_INVENTORY_ABSENT;STRONGER_SPLIT_NOT_RELIABLY_DERIVABLE,,/Users/gss/Downloads/revised_agent_benchmark_paper_package/experiments/agentdojo_full_v1.2.2_direct/case_packets/agentdojo/v1.2.2_workspace_user_task_10_injection_task_10/case_packet.md
v1.2.2:workspace:user_task_10:injection_task_11,workspace,user_task_10,injection_task_11,通过,通过,通过,不通过,不通过,不通过,类内方法可读但全局来源仍不完整,不通过,通过,不符合设计，必须重建packet后才能draft,OFFICIAL_SOURCE_CONTENT_NOT_MATERIALIZED;NATIVE_RUNNER_AND_AGGREGATION_NOT_IN_PACKET;STATE_SCHEMA_DESCRIPTOR_ONLY;POSTRUN_ARTIFACT_INVENTORY_ABSENT;STRONGER_SPLIT_NOT_RELIABLY_DERIVABLE,,/Users/gss/Downloads/revised_agent_benchmark_paper_package/experiments/agentdojo_full_v1.2.2_direct/case_packets/agentdojo/v1.2.2_workspace_user_task_10_injection_task_11/case_packet.md
v1.2.2:workspace:user_task_10:injection_task_13,workspace,user_task_10,injection_task_13,通过,通过,通过,不通过,不通过,不通过,类内方法可读但全局来源仍不完整,不通过,通过,不符合设计，必须重建packet后才能draft,OFFICIAL_SOURCE_CONTENT_NOT_MATERIALIZED;NATIVE_RUNNER_AND_AGGREGATION_NOT_IN_PACKET;STATE_SCHEMA_DESCRIPTOR_ONLY;POSTRUN_ARTIFACT_INVENTORY_ABSENT;STRONGER_SPLIT_NOT_RELIABLY_DERIVABLE,,/Users/gss/Downloads/revised_agent_benchmark_paper_package/experiments/agentdojo_full_v1.2.2_direct/case_packets/agentdojo/v1.2.2_workspace_user_task_10_injection_task_13/case_packet.md
v1.2.2:workspace:user_task_11:injection_task_0,workspace,user_task_11,injection_task_0,通过,通过,通过,不通过,不通过,不通过,类内方法可读但全局来源仍不完整,不通过,通过,不符合设计，必须重建packet后才能draft,OFFICIAL_SOURCE_CONTENT_NOT_MATERIALIZED;NATIVE_RUNNER_AND_AGGREGATION_NOT_IN_PACKET;STATE_SCHEMA_DESCRIPTOR_ONLY;POSTRUN_ARTIFACT_INVENTORY_ABSENT;STRONGER_SPLIT_NOT_RELIABLY_DERIVABLE,,/Users/gss/Downloads/revised_agent_benchmark_paper_package/experiments/agentdojo_full_v1.2.2_direct/case_packets/agentdojo/v1.2.2_workspace_user_task_11_injection_task_0/case_packet.md
v1.2.2:workspace:user_task_11:injection_task_1,workspace,user_task_11,injection_task_1,通过,通过,通过,不通过,不通过,不通过,类内方法可读但全局来源仍不完整,不通过,通过,不符合设计，必须重建packet后才能draft,OFFICIAL_SOURCE_CONTENT_NOT_MATERIALIZED;NATIVE_RUNNER_AND_AGGREGATION_NOT_IN_PACKET;STATE_SCHEMA_DESCRIPTOR_ONLY;POSTRUN_ARTIFACT_INVENTORY_ABSENT;STRONGER_SPLIT_NOT_RELIABLY_DERIVABLE,,/Users/gss/Downloads/revised_agent_benchmark_paper_package/experiments/agentdojo_full_v1.2.2_direct/case_packets/agentdojo/v1.2.2_workspace_user_task_11_injection_task_1/case_packet.md
v1.2.2:workspace:user_task_11:injection_task_2,workspace,user_task_11,injection_task_2,通过,通过,通过,不通过,不通过,不通过,不通过,不通过,通过,不符合设计，必须重建packet后才能draft,OFFICIAL_SOURCE_CONTENT_NOT_MATERIALIZED;NATIVE_RUNNER_AND_AGGREGATION_NOT_IN_PACKET;STATE_SCHEMA_DESCRIPTOR_ONLY;POSTRUN_ARTIFACT_INVENTORY_ABSENT;STRONGER_SPLIT_NOT_RELIABLY_DERIVABLE;INJECTION_EVALUATOR_HELPER_SOURCE_MISSING,安全 evaluator helper:parse_datetime@agentdojo.default_suites.v1.workspace.user_tasks,/Users/gss/Downloads/revised_agent_benchmark_paper_package/experiments/agentdojo_full_v1.2.2_direct/case_packets/agentdojo/v1.2.2_workspace_user_task_11_injection_task_2/case_packet.md
v1.2.2:workspace:user_task_11:injection_task_3,workspace,user_task_11,injection_task_3,通过,通过,通过,不通过,不通过,不通过,类内方法可读但全局来源仍不完整,不通过,通过,不符合设计，必须重建packet后才能draft,OFFICIAL_SOURCE_CONTENT_NOT_MATERIALIZED;NATIVE_RUNNER_AND_AGGREGATION_NOT_IN_PACKET;STATE_SCHEMA_DESCRIPTOR_ONLY;POSTRUN_ARTIFACT_INVENTORY_ABSENT;STRONGER_SPLIT_NOT_RELIABLY_DERIVABLE,,/Users/gss/Downloads/revised_agent_benchmark_paper_package/experiments/agentdojo_full_v1.2.2_direct/case_packets/agentdojo/v1.2.2_workspace_user_task_11_injection_task_3/case_packet.md
v1.2.2:workspace:user_task_11:injection_task_4,workspace,user_task_11,injection_task_4,通过,通过,通过,不通过,不通过,不通过,类内方法可读但全局来源仍不完整,不通过,通过,不符合设计，必须重建packet后才能draft,OFFICIAL_SOURCE_CONTENT_NOT_MATERIALIZED;NATIVE_RUNNER_AND_AGGREGATION_NOT_IN_PACKET;STATE_SCHEMA_DESCRIPTOR_ONLY;POSTRUN_ARTIFACT_INVENTORY_ABSENT;STRONGER_SPLIT_NOT_RELIABLY_DERIVABLE,,/Users/gss/Downloads/revised_agent_benchmark_paper_package/experiments/agentdojo_full_v1.2.2_direct/case_packets/agentdojo/v1.2.2_workspace_user_task_11_injection_task_4/case_packet.md
v1.2.2:workspace:user_task_11:injection_task_5,workspace,user_task_11,injection_task_5,通过,通过,通过,不通过,不通过,不通过,类内方法可读但全局来源仍不完整,不通过,通过,不符合设计，必须重建packet后才能draft,OFFICIAL_SOURCE_CONTENT_NOT_MATERIALIZED;NATIVE_RUNNER_AND_AGGREGATION_NOT_IN_PACKET;STATE_SCHEMA_DESCRIPTOR_ONLY;POSTRUN_ARTIFACT_INVENTORY_ABSENT;STRONGER_SPLIT_NOT_RELIABLY_DERIVABLE,,/Users/gss/Downloads/revised_agent_benchmark_paper_package/experiments/agentdojo_full_v1.2.2_direct/case_packets/agentdojo/v1.2.2_workspace_user_task_11_injection_task_5/case_packet.md
v1.2.2:workspace:user_task_11:injection_task_7,workspace,user_task_11,injection_task_7,通过,通过,通过,不通过,不通过,不通过,不通过,不通过,通过,不符合设计，必须重建packet后才能draft,OFFICIAL_SOURCE_CONTENT_NOT_MATERIALIZED;NATIVE_RUNNER_AND_AGGREGATION_NOT_IN_PACKET;STATE_SCHEMA_DESCRIPTOR_ONLY;POSTRUN_ARTIFACT_INVENTORY_ABSENT;STRONGER_SPLIT_NOT_RELIABLY_DERIVABLE;INJECTION_EVALUATOR_HELPER_SOURCE_MISSING,安全 evaluator helper:are_email_bodies_in_str@agentdojo.default_suites.v1_2.workspace.injection_tasks,/Users/gss/Downloads/revised_agent_benchmark_paper_package/experiments/agentdojo_full_v1.2.2_direct/case_packets/agentdojo/v1.2.2_workspace_user_task_11_injection_task_7/case_packet.md
v1.2.2:workspace:user_task_11:injection_task_8,workspace,user_task_11,injection_task_8,通过,通过,通过,不通过,不通过,不通过,不通过,不通过,通过,不符合设计，必须重建packet后才能draft,OFFICIAL_SOURCE_CONTENT_NOT_MATERIALIZED;NATIVE_RUNNER_AND_AGGREGATION_NOT_IN_PACKET;STATE_SCHEMA_DESCRIPTOR_ONLY;POSTRUN_ARTIFACT_INVENTORY_ABSENT;STRONGER_SPLIT_NOT_RELIABLY_DERIVABLE;INJECTION_EVALUATOR_HELPER_SOURCE_MISSING,安全 evaluator helper:are_email_bodies_in_str@agentdojo.default_suites.v1_2.workspace.injection_tasks,/Users/gss/Downloads/revised_agent_benchmark_paper_package/experiments/agentdojo_full_v1.2.2_direct/case_packets/agentdojo/v1.2.2_workspace_user_task_11_injection_task_8/case_packet.md
v1.2.2:workspace:user_task_11:injection_task_9,workspace,user_task_11,injection_task_9,通过,通过,通过,不通过,不通过,不通过,不通过,不通过,通过,不符合设计，必须重建packet后才能draft,OFFICIAL_SOURCE_CONTENT_NOT_MATERIALIZED;NATIVE_RUNNER_AND_AGGREGATION_NOT_IN_PACKET;STATE_SCHEMA_DESCRIPTOR_ONLY;POSTRUN_ARTIFACT_INVENTORY_ABSENT;STRONGER_SPLIT_NOT_RELIABLY_DERIVABLE;INJECTION_EVALUATOR_HELPER_SOURCE_MISSING,安全 evaluator helper:are_email_bodies_in_str@agentdojo.default_suites.v1_2.workspace.injection_tasks,/Users/gss/Downloads/revised_agent_benchmark_paper_package/experiments/agentdojo_full_v1.2.2_direct/case_packets/agentdojo/v1.2.2_workspace_user_task_11_injection_task_9/case_packet.md
v1.2.2:workspace:user_task_11:injection_task_10,workspace,user_task_11,injection_task_10,通过,通过,通过,不通过,不通过,不通过,类内方法可读但全局来源仍不完整,不通过,通过,不符合设计，必须重建packet后才能draft,OFFICIAL_SOURCE_CONTENT_NOT_MATERIALIZED;NATIVE_RUNNER_AND_AGGREGATION_NOT_IN_PACKET;STATE_SCHEMA_DESCRIPTOR_ONLY;POSTRUN_ARTIFACT_INVENTORY_ABSENT;STRONGER_SPLIT_NOT_RELIABLY_DERIVABLE,,/Users/gss/Downloads/revised_agent_benchmark_paper_package/experiments/agentdojo_full_v1.2.2_direct/case_packets/agentdojo/v1.2.2_workspace_user_task_11_injection_task_10/case_packet.md
v1.2.2:workspace:user_task_11:injection_task_11,workspace,user_task_11,injection_task_11,通过,通过,通过,不通过,不通过,不通过,类内方法可读但全局来源仍不完整,不通过,通过,不符合设计，必须重建packet后才能draft,OFFICIAL_SOURCE_CONTENT_NOT_MATERIALIZED;NATIVE_RUNNER_AND_AGGREGATION_NOT_IN_PACKET;STATE_SCHEMA_DESCRIPTOR_ONLY;POSTRUN_ARTIFACT_INVENTORY_ABSENT;STRONGER_SPLIT_NOT_RELIABLY_DERIVABLE,,/Users/gss/Downloads/revised_agent_benchmark_paper_package/experiments/agentdojo_full_v1.2.2_direct/case_packets/agentdojo/v1.2.2_workspace_user_task_11_injection_task_11/case_packet.md
v1.2.2:workspace:user_task_11:injection_task_12,workspace,user_task_11,injection_task_12,通过,通过,通过,不通过,不通过,不通过,类内方法可读但全局来源仍不完整,不通过,通过,不符合设计，必须重建packet后才能draft,OFFICIAL_SOURCE_CONTENT_NOT_MATERIALIZED;NATIVE_RUNNER_AND_AGGREGATION_NOT_IN_PACKET;STATE_SCHEMA_DESCRIPTOR_ONLY;POSTRUN_ARTIFACT_INVENTORY_ABSENT;STRONGER_SPLIT_NOT_RELIABLY_DERIVABLE,,/Users/gss/Downloads/revised_agent_benchmark_paper_package/experiments/agentdojo_full_v1.2.2_direct/case_packets/agentdojo/v1.2.2_workspace_user_task_11_injection_task_12/case_packet.md
v1.2.2:workspace:user_task_11:injection_task_13,workspace,user_task_11,injection_task_13,通过,通过,通过,不通过,不通过,不通过,类内方法可读但全局来源仍不完整,不通过,通过,不符合设计，必须重建packet后才能draft,OFFICIAL_SOURCE_CONTENT_NOT_MATERIALIZED;NATIVE_RUNNER_AND_AGGREGATION_NOT_IN_PACKET;STATE_SCHEMA_DESCRIPTOR_ONLY;POSTRUN_ARTIFACT_INVENTORY_ABSENT;STRONGER_SPLIT_NOT_RELIABLY_DERIVABLE,,/Users/gss/Downloads/revised_agent_benchmark_paper_package/experiments/agentdojo_full_v1.2.2_direct/case_packets/agentdojo/v1.2.2_workspace_user_task_11_injection_task_13/case_packet.md
v1.2.2:workspace:user_task_12:injection_task_0,workspace,user_task_12,injection_task_0,通过,通过,通过,不通过,不通过,不通过,不通过,不通过,通过,不符合设计，必须重建packet后才能draft,OFFICIAL_SOURCE_CONTENT_NOT_MATERIALIZED;NATIVE_RUNNER_AND_AGGREGATION_NOT_IN_PACKET;STATE_SCHEMA_DESCRIPTOR_ONLY;POSTRUN_ARTIFACT_INVENTORY_ABSENT;STRONGER_SPLIT_NOT_RELIABLY_DERIVABLE;USER_EVALUATOR_HELPER_SOURCE_MISSING,"用户 evaluator helper:check_new_event@agentdojo.default_suites.v1.workspace.user_tasks,parse_datetime@agentdojo.default_suites.v1.workspace.user_tasks",/Users/gss/Downloads/revised_agent_benchmark_paper_package/experiments/agentdojo_full_v1.2.2_direct/case_packets/agentdojo/v1.2.2_workspace_user_task_12_injection_task_0/case_packet.md
v1.2.2:workspace:user_task_12:injection_task_1,workspace,user_task_12,injection_task_1,通过,通过,通过,不通过,不通过,不通过,不通过,不通过,通过,不符合设计，必须重建packet后才能draft,OFFICIAL_SOURCE_CONTENT_NOT_MATERIALIZED;NATIVE_RUNNER_AND_AGGREGATION_NOT_IN_PACKET;STATE_SCHEMA_DESCRIPTOR_ONLY;POSTRUN_ARTIFACT_INVENTORY_ABSENT;STRONGER_SPLIT_NOT_RELIABLY_DERIVABLE;USER_EVALUATOR_HELPER_SOURCE_MISSING,"用户 evaluator helper:check_new_event@agentdojo.default_suites.v1.workspace.user_tasks,parse_datetime@agentdojo.default_suites.v1.workspace.user_tasks",/Users/gss/Downloads/revised_agent_benchmark_paper_package/experiments/agentdojo_full_v1.2.2_direct/case_packets/agentdojo/v1.2.2_workspace_user_task_12_injection_task_1/case_packet.md
v1.2.2:workspace:user_task_12:injection_task_2,workspace,user_task_12,injection_task_2,通过,通过,通过,不通过,不通过,不通过,不通过,不通过,通过,不符合设计，必须重建packet后才能draft,OFFICIAL_SOURCE_CONTENT_NOT_MATERIALIZED;NATIVE_RUNNER_AND_AGGREGATION_NOT_IN_PACKET;STATE_SCHEMA_DESCRIPTOR_ONLY;POSTRUN_ARTIFACT_INVENTORY_ABSENT;STRONGER_SPLIT_NOT_RELIABLY_DERIVABLE;USER_EVALUATOR_HELPER_SOURCE_MISSING;INJECTION_EVALUATOR_HELPER_SOURCE_MISSING,"用户 evaluator helper:check_new_event@agentdojo.default_suites.v1.workspace.user_tasks,parse_datetime@agentdojo.default_suites.v1.workspace.user_tasks | 安全 evaluator helper:parse_datetime@agentdojo.default_suites.v1.workspace.user_tasks",/Users/gss/Downloads/revised_agent_benchmark_paper_package/experiments/agentdojo_full_v1.2.2_direct/case_packets/agentdojo/v1.2.2_workspace_user_task_12_injection_task_2/case_packet.md
v1.2.2:workspace:user_task_12:injection_task_3,workspace,user_task_12,injection_task_3,通过,通过,通过,不通过,不通过,不通过,不通过,不通过,通过,不符合设计，必须重建packet后才能draft,OFFICIAL_SOURCE_CONTENT_NOT_MATERIALIZED;NATIVE_RUNNER_AND_AGGREGATION_NOT_IN_PACKET;STATE_SCHEMA_DESCRIPTOR_ONLY;POSTRUN_ARTIFACT_INVENTORY_ABSENT;STRONGER_SPLIT_NOT_RELIABLY_DERIVABLE;USER_EVALUATOR_HELPER_SOURCE_MISSING,"用户 evaluator helper:check_new_event@agentdojo.default_suites.v1.workspace.user_tasks,parse_datetime@agentdojo.default_suites.v1.workspace.user_tasks",/Users/gss/Downloads/revised_agent_benchmark_paper_package/experiments/agentdojo_full_v1.2.2_direct/case_packets/agentdojo/v1.2.2_workspace_user_task_12_injection_task_3/case_packet.md
v1.2.2:workspace:user_task_12:injection_task_4,workspace,user_task_12,injection_task_4,通过,通过,通过,不通过,不通过,不通过,不通过,不通过,通过,不符合设计，必须重建packet后才能draft,OFFICIAL_SOURCE_CONTENT_NOT_MATERIALIZED;NATIVE_RUNNER_AND_AGGREGATION_NOT_IN_PACKET;STATE_SCHEMA_DESCRIPTOR_ONLY;POSTRUN_ARTIFACT_INVENTORY_ABSENT;STRONGER_SPLIT_NOT_RELIABLY_DERIVABLE;USER_EVALUATOR_HELPER_SOURCE_MISSING,"用户 evaluator helper:check_new_event@agentdojo.default_suites.v1.workspace.user_tasks,parse_datetime@agentdojo.default_suites.v1.workspace.user_tasks",/Users/gss/Downloads/revised_agent_benchmark_paper_package/experiments/agentdojo_full_v1.2.2_direct/case_packets/agentdojo/v1.2.2_workspace_user_task_12_injection_task_4/case_packet.md
v1.2.2:workspace:user_task_12:injection_task_5,workspace,user_task_12,injection_task_5,通过,通过,通过,不通过,不通过,不通过,不通过,不通过,通过,不符合设计，必须重建packet后才能draft,OFFICIAL_SOURCE_CONTENT_NOT_MATERIALIZED;NATIVE_RUNNER_AND_AGGREGATION_NOT_IN_PACKET;STATE_SCHEMA_DESCRIPTOR_ONLY;POSTRUN_ARTIFACT_INVENTORY_ABSENT;STRONGER_SPLIT_NOT_RELIABLY_DERIVABLE;USER_EVALUATOR_HELPER_SOURCE_MISSING,"用户 evaluator helper:check_new_event@agentdojo.default_suites.v1.workspace.user_tasks,parse_datetime@agentdojo.default_suites.v1.workspace.user_tasks",/Users/gss/Downloads/revised_agent_benchmark_paper_package/experiments/agentdojo_full_v1.2.2_direct/case_packets/agentdojo/v1.2.2_workspace_user_task_12_injection_task_5/case_packet.md
v1.2.2:workspace:user_task_12:injection_task_6,workspace,user_task_12,injection_task_6,通过,通过,通过,不通过,不通过,不通过,不通过,不通过,通过,不符合设计，必须重建packet后才能draft,OFFICIAL_SOURCE_CONTENT_NOT_MATERIALIZED;NATIVE_RUNNER_AND_AGGREGATION_NOT_IN_PACKET;STATE_SCHEMA_DESCRIPTOR_ONLY;POSTRUN_ARTIFACT_INVENTORY_ABSENT;STRONGER_SPLIT_NOT_RELIABLY_DERIVABLE;USER_EVALUATOR_HELPER_SOURCE_MISSING;INJECTION_EVALUATOR_HELPER_SOURCE_MISSING,"用户 evaluator helper:check_new_event@agentdojo.default_suites.v1.workspace.user_tasks,parse_datetime@agentdojo.default_suites.v1.workspace.user_tasks | 安全 evaluator helper:are_email_bodies_in_str@agentdojo.default_suites.v1_2.workspace.injection_tasks",/Users/gss/Downloads/revised_agent_benchmark_paper_package/experiments/agentdojo_full_v1.2.2_direct/case_packets/agentdojo/v1.2.2_workspace_user_task_12_injection_task_6/case_packet.md
v1.2.2:workspace:user_task_12:injection_task_7,workspace,user_task_12,injection_task_7,通过,通过,通过,不通过,不通过,不通过,不通过,不通过,通过,不符合设计，必须重建packet后才能draft,OFFICIAL_SOURCE_CONTENT_NOT_MATERIALIZED;NATIVE_RUNNER_AND_AGGREGATION_NOT_IN_PACKET;STATE_SCHEMA_DESCRIPTOR_ONLY;POSTRUN_ARTIFACT_INVENTORY_ABSENT;STRONGER_SPLIT_NOT_RELIABLY_DERIVABLE;USER_EVALUATOR_HELPER_SOURCE_MISSING;INJECTION_EVALUATOR_HELPER_SOURCE_MISSING,"用户 evaluator helper:check_new_event@agentdojo.default_suites.v1.workspace.user_tasks,parse_datetime@agentdojo.default_suites.v1.workspace.user_tasks | 安全 evaluator helper:are_email_bodies_in_str@agentdojo.default_suites.v1_2.workspace.injection_tasks",/Users/gss/Downloads/revised_agent_benchmark_paper_package/experiments/agentdojo_full_v1.2.2_direct/case_packets/agentdojo/v1.2.2_workspace_user_task_12_injection_task_7/case_packet.md
v1.2.2:workspace:user_task_12:injection_task_8,workspace,user_task_12,injection_task_8,通过,通过,通过,不通过,不通过,不通过,不通过,不通过,通过,不符合设计，必须重建packet后才能draft,OFFICIAL_SOURCE_CONTENT_NOT_MATERIALIZED;NATIVE_RUNNER_AND_AGGREGATION_NOT_IN_PACKET;STATE_SCHEMA_DESCRIPTOR_ONLY;POSTRUN_ARTIFACT_INVENTORY_ABSENT;STRONGER_SPLIT_NOT_RELIABLY_DERIVABLE;USER_EVALUATOR_HELPER_SOURCE_MISSING;INJECTION_EVALUATOR_HELPER_SOURCE_MISSING,"用户 evaluator helper:check_new_event@agentdojo.default_suites.v1.workspace.user_tasks,parse_datetime@agentdojo.default_suites.v1.workspace.user_tasks | 安全 evaluator helper:are_email_bodies_in_str@agentdojo.default_suites.v1_2.workspace.injection_tasks",/Users/gss/Downloads/revised_agent_benchmark_paper_package/experiments/agentdojo_full_v1.2.2_direct/case_packets/agentdojo/v1.2.2_workspace_user_task_12_injection_task_8/case_packet.md
v1.2.2:workspace:user_task_12:injection_task_9,workspace,user_task_12,injection_task_9,通过,通过,通过,不通过,不通过,不通过,不通过,不通过,通过,不符合设计，必须重建packet后才能draft,OFFICIAL_SOURCE_CONTENT_NOT_MATERIALIZED;NATIVE_RUNNER_AND_AGGREGATION_NOT_IN_PACKET;STATE_SCHEMA_DESCRIPTOR_ONLY;POSTRUN_ARTIFACT_INVENTORY_ABSENT;STRONGER_SPLIT_NOT_RELIABLY_DERIVABLE;USER_EVALUATOR_HELPER_SOURCE_MISSING;INJECTION_EVALUATOR_HELPER_SOURCE_MISSING,"用户 evaluator helper:check_new_event@agentdojo.default_suites.v1.workspace.user_tasks,parse_datetime@agentdojo.default_suites.v1.workspace.user_tasks | 安全 evaluator helper:are_email_bodies_in_str@agentdojo.default_suites.v1_2.workspace.injection_tasks",/Users/gss/Downloads/revised_agent_benchmark_paper_package/experiments/agentdojo_full_v1.2.2_direct/case_packets/agentdojo/v1.2.2_workspace_user_task_12_injection_task_9/case_packet.md
v1.2.2:workspace:user_task_12:injection_task_11,workspace,user_task_12,injection_task_11,通过,通过,通过,不通过,不通过,不通过,不通过,不通过,通过,不符合设计，必须重建packet后才能draft,OFFICIAL_SOURCE_CONTENT_NOT_MATERIALIZED;NATIVE_RUNNER_AND_AGGREGATION_NOT_IN_PACKET;STATE_SCHEMA_DESCRIPTOR_ONLY;POSTRUN_ARTIFACT_INVENTORY_ABSENT;STRONGER_SPLIT_NOT_RELIABLY_DERIVABLE;USER_EVALUATOR_HELPER_SOURCE_MISSING,"用户 evaluator helper:check_new_event@agentdojo.default_suites.v1.workspace.user_tasks,parse_datetime@agentdojo.default_suites.v1.workspace.user_tasks",/Users/gss/Downloads/revised_agent_benchmark_paper_package/experiments/agentdojo_full_v1.2.2_direct/case_packets/agentdojo/v1.2.2_workspace_user_task_12_injection_task_11/case_packet.md
v1.2.2:workspace:user_task_12:injection_task_12,workspace,user_task_12,injection_task_12,通过,通过,通过,不通过,不通过,不通过,不通过,不通过,通过,不符合设计，必须重建packet后才能draft,OFFICIAL_SOURCE_CONTENT_NOT_MATERIALIZED;NATIVE_RUNNER_AND_AGGREGATION_NOT_IN_PACKET;STATE_SCHEMA_DESCRIPTOR_ONLY;POSTRUN_ARTIFACT_INVENTORY_ABSENT;STRONGER_SPLIT_NOT_RELIABLY_DERIVABLE;USER_EVALUATOR_HELPER_SOURCE_MISSING,"用户 evaluator helper:check_new_event@agentdojo.default_suites.v1.workspace.user_tasks,parse_datetime@agentdojo.default_suites.v1.workspace.user_tasks",/Users/gss/Downloads/revised_agent_benchmark_paper_package/experiments/agentdojo_full_v1.2.2_direct/case_packets/agentdojo/v1.2.2_workspace_user_task_12_injection_task_12/case_packet.md
v1.2.2:workspace:user_task_12:injection_task_13,workspace,user_task_12,injection_task_13,通过,通过,通过,不通过,不通过,不通过,不通过,不通过,通过,不符合设计，必须重建packet后才能draft,OFFICIAL_SOURCE_CONTENT_NOT_MATERIALIZED;NATIVE_RUNNER_AND_AGGREGATION_NOT_IN_PACKET;STATE_SCHEMA_DESCRIPTOR_ONLY;POSTRUN_ARTIFACT_INVENTORY_ABSENT;STRONGER_SPLIT_NOT_RELIABLY_DERIVABLE;USER_EVALUATOR_HELPER_SOURCE_MISSING,"用户 evaluator helper:check_new_event@agentdojo.default_suites.v1.workspace.user_tasks,parse_datetime@agentdojo.default_suites.v1.workspace.user_tasks",/Users/gss/Downloads/revised_agent_benchmark_paper_package/experiments/agentdojo_full_v1.2.2_direct/case_packets/agentdojo/v1.2.2_workspace_user_task_12_injection_task_13/case_packet.md
v1.2.2:workspace:user_task_21:injection_task_0,workspace,user_task_21,injection_task_0,通过,通过,通过,不通过,不通过,不通过,不通过,不通过,通过,不符合设计，必须重建packet后才能draft,OFFICIAL_SOURCE_CONTENT_NOT_MATERIALIZED;NATIVE_RUNNER_AND_AGGREGATION_NOT_IN_PACKET;STATE_SCHEMA_DESCRIPTOR_ONLY;POSTRUN_ARTIFACT_INVENTORY_ABSENT;STRONGER_SPLIT_NOT_RELIABLY_DERIVABLE;USER_EVALUATOR_HELPER_SOURCE_MISSING,"用户 evaluator helper:check_new_event@agentdojo.default_suites.v1.workspace.user_tasks,parse_datetime@agentdojo.default_suites.v1.workspace.user_tasks",/Users/gss/Downloads/revised_agent_benchmark_paper_package/experiments/agentdojo_full_v1.2.2_direct/case_packets/agentdojo/v1.2.2_workspace_user_task_21_injection_task_0/case_packet.md
v1.2.2:workspace:user_task_21:injection_task_1,workspace,user_task_21,injection_task_1,通过,通过,通过,不通过,不通过,不通过,不通过,不通过,通过,不符合设计，必须重建packet后才能draft,OFFICIAL_SOURCE_CONTENT_NOT_MATERIALIZED;NATIVE_RUNNER_AND_AGGREGATION_NOT_IN_PACKET;STATE_SCHEMA_DESCRIPTOR_ONLY;POSTRUN_ARTIFACT_INVENTORY_ABSENT;STRONGER_SPLIT_NOT_RELIABLY_DERIVABLE;USER_EVALUATOR_HELPER_SOURCE_MISSING,"用户 evaluator helper:check_new_event@agentdojo.default_suites.v1.workspace.user_tasks,parse_datetime@agentdojo.default_suites.v1.workspace.user_tasks",/Users/gss/Downloads/revised_agent_benchmark_paper_package/experiments/agentdojo_full_v1.2.2_direct/case_packets/agentdojo/v1.2.2_workspace_user_task_21_injection_task_1/case_packet.md
v1.2.2:workspace:user_task_21:injection_task_2,workspace,user_task_21,injection_task_2,通过,通过,通过,不通过,不通过,不通过,不通过,不通过,通过,不符合设计，必须重建packet后才能draft,OFFICIAL_SOURCE_CONTENT_NOT_MATERIALIZED;NATIVE_RUNNER_AND_AGGREGATION_NOT_IN_PACKET;STATE_SCHEMA_DESCRIPTOR_ONLY;POSTRUN_ARTIFACT_INVENTORY_ABSENT;STRONGER_SPLIT_NOT_RELIABLY_DERIVABLE;USER_EVALUATOR_HELPER_SOURCE_MISSING;INJECTION_EVALUATOR_HELPER_SOURCE_MISSING,"用户 evaluator helper:check_new_event@agentdojo.default_suites.v1.workspace.user_tasks,parse_datetime@agentdojo.default_suites.v1.workspace.user_tasks | 安全 evaluator helper:parse_datetime@agentdojo.default_suites.v1.workspace.user_tasks",/Users/gss/Downloads/revised_agent_benchmark_paper_package/experiments/agentdojo_full_v1.2.2_direct/case_packets/agentdojo/v1.2.2_workspace_user_task_21_injection_task_2/case_packet.md
v1.2.2:workspace:user_task_21:injection_task_3,workspace,user_task_21,injection_task_3,通过,通过,通过,不通过,不通过,不通过,不通过,不通过,通过,不符合设计，必须重建packet后才能draft,OFFICIAL_SOURCE_CONTENT_NOT_MATERIALIZED;NATIVE_RUNNER_AND_AGGREGATION_NOT_IN_PACKET;STATE_SCHEMA_DESCRIPTOR_ONLY;POSTRUN_ARTIFACT_INVENTORY_ABSENT;STRONGER_SPLIT_NOT_RELIABLY_DERIVABLE;USER_EVALUATOR_HELPER_SOURCE_MISSING,"用户 evaluator helper:check_new_event@agentdojo.default_suites.v1.workspace.user_tasks,parse_datetime@agentdojo.default_suites.v1.workspace.user_tasks",/Users/gss/Downloads/revised_agent_benchmark_paper_package/experiments/agentdojo_full_v1.2.2_direct/case_packets/agentdojo/v1.2.2_workspace_user_task_21_injection_task_3/case_packet.md
v1.2.2:workspace:user_task_21:injection_task_4,workspace,user_task_21,injection_task_4,通过,通过,通过,不通过,不通过,不通过,不通过,不通过,通过,不符合设计，必须重建packet后才能draft,OFFICIAL_SOURCE_CONTENT_NOT_MATERIALIZED;NATIVE_RUNNER_AND_AGGREGATION_NOT_IN_PACKET;STATE_SCHEMA_DESCRIPTOR_ONLY;POSTRUN_ARTIFACT_INVENTORY_ABSENT;STRONGER_SPLIT_NOT_RELIABLY_DERIVABLE;USER_EVALUATOR_HELPER_SOURCE_MISSING,"用户 evaluator helper:check_new_event@agentdojo.default_suites.v1.workspace.user_tasks,parse_datetime@agentdojo.default_suites.v1.workspace.user_tasks",/Users/gss/Downloads/revised_agent_benchmark_paper_package/experiments/agentdojo_full_v1.2.2_direct/case_packets/agentdojo/v1.2.2_workspace_user_task_21_injection_task_4/case_packet.md
v1.2.2:workspace:user_task_21:injection_task_5,workspace,user_task_21,injection_task_5,通过,通过,通过,不通过,不通过,不通过,不通过,不通过,通过,不符合设计，必须重建packet后才能draft,OFFICIAL_SOURCE_CONTENT_NOT_MATERIALIZED;NATIVE_RUNNER_AND_AGGREGATION_NOT_IN_PACKET;STATE_SCHEMA_DESCRIPTOR_ONLY;POSTRUN_ARTIFACT_INVENTORY_ABSENT;STRONGER_SPLIT_NOT_RELIABLY_DERIVABLE;USER_EVALUATOR_HELPER_SOURCE_MISSING,"用户 evaluator helper:check_new_event@agentdojo.default_suites.v1.workspace.user_tasks,parse_datetime@agentdojo.default_suites.v1.workspace.user_tasks",/Users/gss/Downloads/revised_agent_benchmark_paper_package/experiments/agentdojo_full_v1.2.2_direct/case_packets/agentdojo/v1.2.2_workspace_user_task_21_injection_task_5/case_packet.md
v1.2.2:workspace:user_task_21:injection_task_6,workspace,user_task_21,injection_task_6,通过,通过,通过,不通过,不通过,不通过,不通过,不通过,通过,不符合设计，必须重建packet后才能draft,OFFICIAL_SOURCE_CONTENT_NOT_MATERIALIZED;NATIVE_RUNNER_AND_AGGREGATION_NOT_IN_PACKET;STATE_SCHEMA_DESCRIPTOR_ONLY;POSTRUN_ARTIFACT_INVENTORY_ABSENT;STRONGER_SPLIT_NOT_RELIABLY_DERIVABLE;USER_EVALUATOR_HELPER_SOURCE_MISSING;INJECTION_EVALUATOR_HELPER_SOURCE_MISSING,"用户 evaluator helper:check_new_event@agentdojo.default_suites.v1.workspace.user_tasks,parse_datetime@agentdojo.default_suites.v1.workspace.user_tasks | 安全 evaluator helper:are_email_bodies_in_str@agentdojo.default_suites.v1_2.workspace.injection_tasks",/Users/gss/Downloads/revised_agent_benchmark_paper_package/experiments/agentdojo_full_v1.2.2_direct/case_packets/agentdojo/v1.2.2_workspace_user_task_21_injection_task_6/case_packet.md
v1.2.2:workspace:user_task_21:injection_task_7,workspace,user_task_21,injection_task_7,通过,通过,通过,不通过,不通过,不通过,不通过,不通过,通过,不符合设计，必须重建packet后才能draft,OFFICIAL_SOURCE_CONTENT_NOT_MATERIALIZED;NATIVE_RUNNER_AND_AGGREGATION_NOT_IN_PACKET;STATE_SCHEMA_DESCRIPTOR_ONLY;POSTRUN_ARTIFACT_INVENTORY_ABSENT;STRONGER_SPLIT_NOT_RELIABLY_DERIVABLE;USER_EVALUATOR_HELPER_SOURCE_MISSING;INJECTION_EVALUATOR_HELPER_SOURCE_MISSING,"用户 evaluator helper:check_new_event@agentdojo.default_suites.v1.workspace.user_tasks,parse_datetime@agentdojo.default_suites.v1.workspace.user_tasks | 安全 evaluator helper:are_email_bodies_in_str@agentdojo.default_suites.v1_2.workspace.injection_tasks",/Users/gss/Downloads/revised_agent_benchmark_paper_package/experiments/agentdojo_full_v1.2.2_direct/case_packets/agentdojo/v1.2.2_workspace_user_task_21_injection_task_7/case_packet.md
v1.2.2:workspace:user_task_21:injection_task_8,workspace,user_task_21,injection_task_8,通过,通过,通过,不通过,不通过,不通过,不通过,不通过,通过,不符合设计，必须重建packet后才能draft,OFFICIAL_SOURCE_CONTENT_NOT_MATERIALIZED;NATIVE_RUNNER_AND_AGGREGATION_NOT_IN_PACKET;STATE_SCHEMA_DESCRIPTOR_ONLY;POSTRUN_ARTIFACT_INVENTORY_ABSENT;STRONGER_SPLIT_NOT_RELIABLY_DERIVABLE;USER_EVALUATOR_HELPER_SOURCE_MISSING;INJECTION_EVALUATOR_HELPER_SOURCE_MISSING,"用户 evaluator helper:check_new_event@agentdojo.default_suites.v1.workspace.user_tasks,parse_datetime@agentdojo.default_suites.v1.workspace.user_tasks | 安全 evaluator helper:are_email_bodies_in_str@agentdojo.default_suites.v1_2.workspace.injection_tasks",/Users/gss/Downloads/revised_agent_benchmark_paper_package/experiments/agentdojo_full_v1.2.2_direct/case_packets/agentdojo/v1.2.2_workspace_user_task_21_injection_task_8/case_packet.md
v1.2.2:workspace:user_task_21:injection_task_9,workspace,user_task_21,injection_task_9,通过,通过,通过,不通过,不通过,不通过,不通过,不通过,通过,不符合设计，必须重建packet后才能draft,OFFICIAL_SOURCE_CONTENT_NOT_MATERIALIZED;NATIVE_RUNNER_AND_AGGREGATION_NOT_IN_PACKET;STATE_SCHEMA_DESCRIPTOR_ONLY;POSTRUN_ARTIFACT_INVENTORY_ABSENT;STRONGER_SPLIT_NOT_RELIABLY_DERIVABLE;USER_EVALUATOR_HELPER_SOURCE_MISSING;INJECTION_EVALUATOR_HELPER_SOURCE_MISSING,"用户 evaluator helper:check_new_event@agentdojo.default_suites.v1.workspace.user_tasks,parse_datetime@agentdojo.default_suites.v1.workspace.user_tasks | 安全 evaluator helper:are_email_bodies_in_str@agentdojo.default_suites.v1_2.workspace.injection_tasks",/Users/gss/Downloads/revised_agent_benchmark_paper_package/experiments/agentdojo_full_v1.2.2_direct/case_packets/agentdojo/v1.2.2_workspace_user_task_21_injection_task_9/case_packet.md
v1.2.2:workspace:user_task_21:injection_task_10,workspace,user_task_21,injection_task_10,通过,通过,通过,不通过,不通过,不通过,不通过,不通过,通过,不符合设计，必须重建packet后才能draft,OFFICIAL_SOURCE_CONTENT_NOT_MATERIALIZED;NATIVE_RUNNER_AND_AGGREGATION_NOT_IN_PACKET;STATE_SCHEMA_DESCRIPTOR_ONLY;POSTRUN_ARTIFACT_INVENTORY_ABSENT;STRONGER_SPLIT_NOT_RELIABLY_DERIVABLE;USER_EVALUATOR_HELPER_SOURCE_MISSING,"用户 evaluator helper:check_new_event@agentdojo.default_suites.v1.workspace.user_tasks,parse_datetime@agentdojo.default_suites.v1.workspace.user_tasks",/Users/gss/Downloads/revised_agent_benchmark_paper_package/experiments/agentdojo_full_v1.2.2_direct/case_packets/agentdojo/v1.2.2_workspace_user_task_21_injection_task_10/case_packet.md
v1.2.2:workspace:user_task_21:injection_task_11,workspace,user_task_21,injection_task_11,通过,通过,通过,不通过,不通过,不通过,不通过,不通过,通过,不符合设计，必须重建packet后才能draft,OFFICIAL_SOURCE_CONTENT_NOT_MATERIALIZED;NATIVE_RUNNER_AND_AGGREGATION_NOT_IN_PACKET;STATE_SCHEMA_DESCRIPTOR_ONLY;POSTRUN_ARTIFACT_INVENTORY_ABSENT;STRONGER_SPLIT_NOT_RELIABLY_DERIVABLE;USER_EVALUATOR_HELPER_SOURCE_MISSING,"用户 evaluator helper:check_new_event@agentdojo.default_suites.v1.workspace.user_tasks,parse_datetime@agentdojo.default_suites.v1.workspace.user_tasks",/Users/gss/Downloads/revised_agent_benchmark_paper_package/experiments/agentdojo_full_v1.2.2_direct/case_packets/agentdojo/v1.2.2_workspace_user_task_21_injection_task_11/case_packet.md
v1.2.2:workspace:user_task_21:injection_task_12,workspace,user_task_21,injection_task_12,通过,通过,通过,不通过,不通过,不通过,不通过,不通过,通过,不符合设计，必须重建packet后才能draft,OFFICIAL_SOURCE_CONTENT_NOT_MATERIALIZED;NATIVE_RUNNER_AND_AGGREGATION_NOT_IN_PACKET;STATE_SCHEMA_DESCRIPTOR_ONLY;POSTRUN_ARTIFACT_INVENTORY_ABSENT;STRONGER_SPLIT_NOT_RELIABLY_DERIVABLE;USER_EVALUATOR_HELPER_SOURCE_MISSING,"用户 evaluator helper:check_new_event@agentdojo.default_suites.v1.workspace.user_tasks,parse_datetime@agentdojo.default_suites.v1.workspace.user_tasks",/Users/gss/Downloads/revised_agent_benchmark_paper_package/experiments/agentdojo_full_v1.2.2_direct/case_packets/agentdojo/v1.2.2_workspace_user_task_21_injection_task_12/case_packet.md
v1.2.2:workspace:user_task_21:injection_task_13,workspace,user_task_21,injection_task_13,通过,通过,通过,不通过,不通过,不通过,不通过,不通过,通过,不符合设计，必须重建packet后才能draft,OFFICIAL_SOURCE_CONTENT_NOT_MATERIALIZED;NATIVE_RUNNER_AND_AGGREGATION_NOT_IN_PACKET;STATE_SCHEMA_DESCRIPTOR_ONLY;POSTRUN_ARTIFACT_INVENTORY_ABSENT;STRONGER_SPLIT_NOT_RELIABLY_DERIVABLE;USER_EVALUATOR_HELPER_SOURCE_MISSING,"用户 evaluator helper:check_new_event@agentdojo.default_suites.v1.workspace.user_tasks,parse_datetime@agentdojo.default_suites.v1.workspace.user_tasks",/Users/gss/Downloads/revised_agent_benchmark_paper_package/experiments/agentdojo_full_v1.2.2_direct/case_packets/agentdojo/v1.2.2_workspace_user_task_21_injection_task_13/case_packet.md
v1.2.2:workspace:user_task_14:injection_task_0,workspace,user_task_14,injection_task_0,通过,通过,通过,不通过,不通过,不通过,类内方法可读但全局来源仍不完整,不通过,通过,不符合设计，必须重建packet后才能draft,OFFICIAL_SOURCE_CONTENT_NOT_MATERIALIZED;NATIVE_RUNNER_AND_AGGREGATION_NOT_IN_PACKET;STATE_SCHEMA_DESCRIPTOR_ONLY;POSTRUN_ARTIFACT_INVENTORY_ABSENT;STRONGER_SPLIT_NOT_RELIABLY_DERIVABLE,,/Users/gss/Downloads/revised_agent_benchmark_paper_package/experiments/agentdojo_full_v1.2.2_direct/case_packets/agentdojo/v1.2.2_workspace_user_task_14_injection_task_0/case_packet.md
v1.2.2:workspace:user_task_14:injection_task_1,workspace,user_task_14,injection_task_1,通过,通过,通过,不通过,不通过,不通过,类内方法可读但全局来源仍不完整,不通过,通过,不符合设计，必须重建packet后才能draft,OFFICIAL_SOURCE_CONTENT_NOT_MATERIALIZED;NATIVE_RUNNER_AND_AGGREGATION_NOT_IN_PACKET;STATE_SCHEMA_DESCRIPTOR_ONLY;POSTRUN_ARTIFACT_INVENTORY_ABSENT;STRONGER_SPLIT_NOT_RELIABLY_DERIVABLE,,/Users/gss/Downloads/revised_agent_benchmark_paper_package/experiments/agentdojo_full_v1.2.2_direct/case_packets/agentdojo/v1.2.2_workspace_user_task_14_injection_task_1/case_packet.md
v1.2.2:workspace:user_task_14:injection_task_2,workspace,user_task_14,injection_task_2,通过,通过,通过,不通过,不通过,不通过,不通过,不通过,通过,不符合设计，必须重建packet后才能draft,OFFICIAL_SOURCE_CONTENT_NOT_MATERIALIZED;NATIVE_RUNNER_AND_AGGREGATION_NOT_IN_PACKET;STATE_SCHEMA_DESCRIPTOR_ONLY;POSTRUN_ARTIFACT_INVENTORY_ABSENT;STRONGER_SPLIT_NOT_RELIABLY_DERIVABLE;INJECTION_EVALUATOR_HELPER_SOURCE_MISSING,安全 evaluator helper:parse_datetime@agentdojo.default_suites.v1.workspace.user_tasks,/Users/gss/Downloads/revised_agent_benchmark_paper_package/experiments/agentdojo_full_v1.2.2_direct/case_packets/agentdojo/v1.2.2_workspace_user_task_14_injection_task_2/case_packet.md
v1.2.2:workspace:user_task_14:injection_task_3,workspace,user_task_14,injection_task_3,通过,通过,通过,不通过,不通过,不通过,类内方法可读但全局来源仍不完整,不通过,通过,不符合设计，必须重建packet后才能draft,OFFICIAL_SOURCE_CONTENT_NOT_MATERIALIZED;NATIVE_RUNNER_AND_AGGREGATION_NOT_IN_PACKET;STATE_SCHEMA_DESCRIPTOR_ONLY;POSTRUN_ARTIFACT_INVENTORY_ABSENT;STRONGER_SPLIT_NOT_RELIABLY_DERIVABLE,,/Users/gss/Downloads/revised_agent_benchmark_paper_package/experiments/agentdojo_full_v1.2.2_direct/case_packets/agentdojo/v1.2.2_workspace_user_task_14_injection_task_3/case_packet.md
v1.2.2:workspace:user_task_14:injection_task_4,workspace,user_task_14,injection_task_4,通过,通过,通过,不通过,不通过,不通过,类内方法可读但全局来源仍不完整,不通过,通过,不符合设计，必须重建packet后才能draft,OFFICIAL_SOURCE_CONTENT_NOT_MATERIALIZED;NATIVE_RUNNER_AND_AGGREGATION_NOT_IN_PACKET;STATE_SCHEMA_DESCRIPTOR_ONLY;POSTRUN_ARTIFACT_INVENTORY_ABSENT;STRONGER_SPLIT_NOT_RELIABLY_DERIVABLE,,/Users/gss/Downloads/revised_agent_benchmark_paper_package/experiments/agentdojo_full_v1.2.2_direct/case_packets/agentdojo/v1.2.2_workspace_user_task_14_injection_task_4/case_packet.md
v1.2.2:workspace:user_task_14:injection_task_5,workspace,user_task_14,injection_task_5,通过,通过,通过,不通过,不通过,不通过,类内方法可读但全局来源仍不完整,不通过,通过,不符合设计，必须重建packet后才能draft,OFFICIAL_SOURCE_CONTENT_NOT_MATERIALIZED;NATIVE_RUNNER_AND_AGGREGATION_NOT_IN_PACKET;STATE_SCHEMA_DESCRIPTOR_ONLY;POSTRUN_ARTIFACT_INVENTORY_ABSENT;STRONGER_SPLIT_NOT_RELIABLY_DERIVABLE,,/Users/gss/Downloads/revised_agent_benchmark_paper_package/experiments/agentdojo_full_v1.2.2_direct/case_packets/agentdojo/v1.2.2_workspace_user_task_14_injection_task_5/case_packet.md
v1.2.2:workspace:user_task_14:injection_task_6,workspace,user_task_14,injection_task_6,通过,通过,通过,不通过,不通过,不通过,不通过,不通过,通过,不符合设计，必须重建packet后才能draft,OFFICIAL_SOURCE_CONTENT_NOT_MATERIALIZED;NATIVE_RUNNER_AND_AGGREGATION_NOT_IN_PACKET;STATE_SCHEMA_DESCRIPTOR_ONLY;POSTRUN_ARTIFACT_INVENTORY_ABSENT;STRONGER_SPLIT_NOT_RELIABLY_DERIVABLE;INJECTION_EVALUATOR_HELPER_SOURCE_MISSING,安全 evaluator helper:are_email_bodies_in_str@agentdojo.default_suites.v1_2.workspace.injection_tasks,/Users/gss/Downloads/revised_agent_benchmark_paper_package/experiments/agentdojo_full_v1.2.2_direct/case_packets/agentdojo/v1.2.2_workspace_user_task_14_injection_task_6/case_packet.md
v1.2.2:workspace:user_task_14:injection_task_7,workspace,user_task_14,injection_task_7,通过,通过,通过,不通过,不通过,不通过,不通过,不通过,通过,不符合设计，必须重建packet后才能draft,OFFICIAL_SOURCE_CONTENT_NOT_MATERIALIZED;NATIVE_RUNNER_AND_AGGREGATION_NOT_IN_PACKET;STATE_SCHEMA_DESCRIPTOR_ONLY;POSTRUN_ARTIFACT_INVENTORY_ABSENT;STRONGER_SPLIT_NOT_RELIABLY_DERIVABLE;INJECTION_EVALUATOR_HELPER_SOURCE_MISSING,安全 evaluator helper:are_email_bodies_in_str@agentdojo.default_suites.v1_2.workspace.injection_tasks,/Users/gss/Downloads/revised_agent_benchmark_paper_package/experiments/agentdojo_full_v1.2.2_direct/case_packets/agentdojo/v1.2.2_workspace_user_task_14_injection_task_7/case_packet.md
v1.2.2:workspace:user_task_14:injection_task_8,workspace,user_task_14,injection_task_8,通过,通过,通过,不通过,不通过,不通过,不通过,不通过,通过,不符合设计，必须重建packet后才能draft,OFFICIAL_SOURCE_CONTENT_NOT_MATERIALIZED;NATIVE_RUNNER_AND_AGGREGATION_NOT_IN_PACKET;STATE_SCHEMA_DESCRIPTOR_ONLY;POSTRUN_ARTIFACT_INVENTORY_ABSENT;STRONGER_SPLIT_NOT_RELIABLY_DERIVABLE;INJECTION_EVALUATOR_HELPER_SOURCE_MISSING,安全 evaluator helper:are_email_bodies_in_str@agentdojo.default_suites.v1_2.workspace.injection_tasks,/Users/gss/Downloads/revised_agent_benchmark_paper_package/experiments/agentdojo_full_v1.2.2_direct/case_packets/agentdojo/v1.2.2_workspace_user_task_14_injection_task_8/case_packet.md
v1.2.2:workspace:user_task_14:injection_task_9,workspace,user_task_14,injection_task_9,通过,通过,通过,不通过,不通过,不通过,不通过,不通过,通过,不符合设计，必须重建packet后才能draft,OFFICIAL_SOURCE_CONTENT_NOT_MATERIALIZED;NATIVE_RUNNER_AND_AGGREGATION_NOT_IN_PACKET;STATE_SCHEMA_DESCRIPTOR_ONLY;POSTRUN_ARTIFACT_INVENTORY_ABSENT;STRONGER_SPLIT_NOT_RELIABLY_DERIVABLE;INJECTION_EVALUATOR_HELPER_SOURCE_MISSING,安全 evaluator helper:are_email_bodies_in_str@agentdojo.default_suites.v1_2.workspace.injection_tasks,/Users/gss/Downloads/revised_agent_benchmark_paper_package/experiments/agentdojo_full_v1.2.2_direct/case_packets/agentdojo/v1.2.2_workspace_user_task_14_injection_task_9/case_packet.md
v1.2.2:workspace:user_task_14:injection_task_10,workspace,user_task_14,injection_task_10,通过,通过,通过,不通过,不通过,不通过,类内方法可读但全局来源仍不完整,不通过,通过,不符合设计，必须重建packet后才能draft,OFFICIAL_SOURCE_CONTENT_NOT_MATERIALIZED;NATIVE_RUNNER_AND_AGGREGATION_NOT_IN_PACKET;STATE_SCHEMA_DESCRIPTOR_ONLY;POSTRUN_ARTIFACT_INVENTORY_ABSENT;STRONGER_SPLIT_NOT_RELIABLY_DERIVABLE,,/Users/gss/Downloads/revised_agent_benchmark_paper_package/experiments/agentdojo_full_v1.2.2_direct/case_packets/agentdojo/v1.2.2_workspace_user_task_14_injection_task_10/case_packet.md
v1.2.2:workspace:user_task_14:injection_task_11,workspace,user_task_14,injection_task_11,通过,通过,通过,不通过,不通过,不通过,类内方法可读但全局来源仍不完整,不通过,通过,不符合设计，必须重建packet后才能draft,OFFICIAL_SOURCE_CONTENT_NOT_MATERIALIZED;NATIVE_RUNNER_AND_AGGREGATION_NOT_IN_PACKET;STATE_SCHEMA_DESCRIPTOR_ONLY;POSTRUN_ARTIFACT_INVENTORY_ABSENT;STRONGER_SPLIT_NOT_RELIABLY_DERIVABLE,,/Users/gss/Downloads/revised_agent_benchmark_paper_package/experiments/agentdojo_full_v1.2.2_direct/case_packets/agentdojo/v1.2.2_workspace_user_task_14_injection_task_11/case_packet.md
v1.2.2:workspace:user_task_14:injection_task_12,workspace,user_task_14,injection_task_12,通过,通过,通过,不通过,不通过,不通过,类内方法可读但全局来源仍不完整,不通过,通过,不符合设计，必须重建packet后才能draft,OFFICIAL_SOURCE_CONTENT_NOT_MATERIALIZED;NATIVE_RUNNER_AND_AGGREGATION_NOT_IN_PACKET;STATE_SCHEMA_DESCRIPTOR_ONLY;POSTRUN_ARTIFACT_INVENTORY_ABSENT;STRONGER_SPLIT_NOT_RELIABLY_DERIVABLE,,/Users/gss/Downloads/revised_agent_benchmark_paper_package/experiments/agentdojo_full_v1.2.2_direct/case_packets/agentdojo/v1.2.2_workspace_user_task_14_injection_task_12/case_packet.md
v1.2.2:workspace:user_task_14:injection_task_13,workspace,user_task_14,injection_task_13,通过,通过,通过,不通过,不通过,不通过,类内方法可读但全局来源仍不完整,不通过,通过,不符合设计，必须重建packet后才能draft,OFFICIAL_SOURCE_CONTENT_NOT_MATERIALIZED;NATIVE_RUNNER_AND_AGGREGATION_NOT_IN_PACKET;STATE_SCHEMA_DESCRIPTOR_ONLY;POSTRUN_ARTIFACT_INVENTORY_ABSENT;STRONGER_SPLIT_NOT_RELIABLY_DERIVABLE,,/Users/gss/Downloads/revised_agent_benchmark_paper_package/experiments/agentdojo_full_v1.2.2_direct/case_packets/agentdojo/v1.2.2_workspace_user_task_14_injection_task_13/case_packet.md
v1.2.2:workspace:user_task_16:injection_task_0,workspace,user_task_16,injection_task_0,通过,通过,通过,不通过,不通过,不通过,不通过,不通过,通过,不符合设计，必须重建packet后才能draft,OFFICIAL_SOURCE_CONTENT_NOT_MATERIALIZED;NATIVE_RUNNER_AND_AGGREGATION_NOT_IN_PACKET;STATE_SCHEMA_DESCRIPTOR_ONLY;POSTRUN_ARTIFACT_INVENTORY_ABSENT;STRONGER_SPLIT_NOT_RELIABLY_DERIVABLE;USER_EVALUATOR_HELPER_SOURCE_MISSING,用户 evaluator helper:check_only_unread_emails_marked_as_read@agentdojo.default_suites.v1.workspace.user_tasks,/Users/gss/Downloads/revised_agent_benchmark_paper_package/experiments/agentdojo_full_v1.2.2_direct/case_packets/agentdojo/v1.2.2_workspace_user_task_16_injection_task_0/case_packet.md
v1.2.2:workspace:user_task_16:injection_task_1,workspace,user_task_16,injection_task_1,通过,通过,通过,不通过,不通过,不通过,不通过,不通过,通过,不符合设计，必须重建packet后才能draft,OFFICIAL_SOURCE_CONTENT_NOT_MATERIALIZED;NATIVE_RUNNER_AND_AGGREGATION_NOT_IN_PACKET;STATE_SCHEMA_DESCRIPTOR_ONLY;POSTRUN_ARTIFACT_INVENTORY_ABSENT;STRONGER_SPLIT_NOT_RELIABLY_DERIVABLE;USER_EVALUATOR_HELPER_SOURCE_MISSING,用户 evaluator helper:check_only_unread_emails_marked_as_read@agentdojo.default_suites.v1.workspace.user_tasks,/Users/gss/Downloads/revised_agent_benchmark_paper_package/experiments/agentdojo_full_v1.2.2_direct/case_packets/agentdojo/v1.2.2_workspace_user_task_16_injection_task_1/case_packet.md
v1.2.2:workspace:user_task_16:injection_task_2,workspace,user_task_16,injection_task_2,通过,通过,通过,不通过,不通过,不通过,不通过,不通过,通过,不符合设计，必须重建packet后才能draft,OFFICIAL_SOURCE_CONTENT_NOT_MATERIALIZED;NATIVE_RUNNER_AND_AGGREGATION_NOT_IN_PACKET;STATE_SCHEMA_DESCRIPTOR_ONLY;POSTRUN_ARTIFACT_INVENTORY_ABSENT;STRONGER_SPLIT_NOT_RELIABLY_DERIVABLE;USER_EVALUATOR_HELPER_SOURCE_MISSING;INJECTION_EVALUATOR_HELPER_SOURCE_MISSING,用户 evaluator helper:check_only_unread_emails_marked_as_read@agentdojo.default_suites.v1.workspace.user_tasks | 安全 evaluator helper:parse_datetime@agentdojo.default_suites.v1.workspace.user_tasks,/Users/gss/Downloads/revised_agent_benchmark_paper_package/experiments/agentdojo_full_v1.2.2_direct/case_packets/agentdojo/v1.2.2_workspace_user_task_16_injection_task_2/case_packet.md
v1.2.2:workspace:user_task_16:injection_task_3,workspace,user_task_16,injection_task_3,通过,通过,通过,不通过,不通过,不通过,不通过,不通过,通过,不符合设计，必须重建packet后才能draft,OFFICIAL_SOURCE_CONTENT_NOT_MATERIALIZED;NATIVE_RUNNER_AND_AGGREGATION_NOT_IN_PACKET;STATE_SCHEMA_DESCRIPTOR_ONLY;POSTRUN_ARTIFACT_INVENTORY_ABSENT;STRONGER_SPLIT_NOT_RELIABLY_DERIVABLE;USER_EVALUATOR_HELPER_SOURCE_MISSING,用户 evaluator helper:check_only_unread_emails_marked_as_read@agentdojo.default_suites.v1.workspace.user_tasks,/Users/gss/Downloads/revised_agent_benchmark_paper_package/experiments/agentdojo_full_v1.2.2_direct/case_packets/agentdojo/v1.2.2_workspace_user_task_16_injection_task_3/case_packet.md
v1.2.2:workspace:user_task_16:injection_task_4,workspace,user_task_16,injection_task_4,通过,通过,通过,不通过,不通过,不通过,不通过,不通过,通过,不符合设计，必须重建packet后才能draft,OFFICIAL_SOURCE_CONTENT_NOT_MATERIALIZED;NATIVE_RUNNER_AND_AGGREGATION_NOT_IN_PACKET;STATE_SCHEMA_DESCRIPTOR_ONLY;POSTRUN_ARTIFACT_INVENTORY_ABSENT;STRONGER_SPLIT_NOT_RELIABLY_DERIVABLE;USER_EVALUATOR_HELPER_SOURCE_MISSING,用户 evaluator helper:check_only_unread_emails_marked_as_read@agentdojo.default_suites.v1.workspace.user_tasks,/Users/gss/Downloads/revised_agent_benchmark_paper_package/experiments/agentdojo_full_v1.2.2_direct/case_packets/agentdojo/v1.2.2_workspace_user_task_16_injection_task_4/case_packet.md
v1.2.2:workspace:user_task_16:injection_task_5,workspace,user_task_16,injection_task_5,通过,通过,通过,不通过,不通过,不通过,不通过,不通过,通过,不符合设计，必须重建packet后才能draft,OFFICIAL_SOURCE_CONTENT_NOT_MATERIALIZED;NATIVE_RUNNER_AND_AGGREGATION_NOT_IN_PACKET;STATE_SCHEMA_DESCRIPTOR_ONLY;POSTRUN_ARTIFACT_INVENTORY_ABSENT;STRONGER_SPLIT_NOT_RELIABLY_DERIVABLE;USER_EVALUATOR_HELPER_SOURCE_MISSING,用户 evaluator helper:check_only_unread_emails_marked_as_read@agentdojo.default_suites.v1.workspace.user_tasks,/Users/gss/Downloads/revised_agent_benchmark_paper_package/experiments/agentdojo_full_v1.2.2_direct/case_packets/agentdojo/v1.2.2_workspace_user_task_16_injection_task_5/case_packet.md
v1.2.2:workspace:user_task_16:injection_task_6,workspace,user_task_16,injection_task_6,通过,通过,通过,不通过,不通过,不通过,不通过,不通过,通过,不符合设计，必须重建packet后才能draft,OFFICIAL_SOURCE_CONTENT_NOT_MATERIALIZED;NATIVE_RUNNER_AND_AGGREGATION_NOT_IN_PACKET;STATE_SCHEMA_DESCRIPTOR_ONLY;POSTRUN_ARTIFACT_INVENTORY_ABSENT;STRONGER_SPLIT_NOT_RELIABLY_DERIVABLE;USER_EVALUATOR_HELPER_SOURCE_MISSING;INJECTION_EVALUATOR_HELPER_SOURCE_MISSING,用户 evaluator helper:check_only_unread_emails_marked_as_read@agentdojo.default_suites.v1.workspace.user_tasks | 安全 evaluator helper:are_email_bodies_in_str@agentdojo.default_suites.v1_2.workspace.injection_tasks,/Users/gss/Downloads/revised_agent_benchmark_paper_package/experiments/agentdojo_full_v1.2.2_direct/case_packets/agentdojo/v1.2.2_workspace_user_task_16_injection_task_6/case_packet.md
v1.2.2:workspace:user_task_16:injection_task_7,workspace,user_task_16,injection_task_7,通过,通过,通过,不通过,不通过,不通过,不通过,不通过,通过,不符合设计，必须重建packet后才能draft,OFFICIAL_SOURCE_CONTENT_NOT_MATERIALIZED;NATIVE_RUNNER_AND_AGGREGATION_NOT_IN_PACKET;STATE_SCHEMA_DESCRIPTOR_ONLY;POSTRUN_ARTIFACT_INVENTORY_ABSENT;STRONGER_SPLIT_NOT_RELIABLY_DERIVABLE;USER_EVALUATOR_HELPER_SOURCE_MISSING;INJECTION_EVALUATOR_HELPER_SOURCE_MISSING,用户 evaluator helper:check_only_unread_emails_marked_as_read@agentdojo.default_suites.v1.workspace.user_tasks | 安全 evaluator helper:are_email_bodies_in_str@agentdojo.default_suites.v1_2.workspace.injection_tasks,/Users/gss/Downloads/revised_agent_benchmark_paper_package/experiments/agentdojo_full_v1.2.2_direct/case_packets/agentdojo/v1.2.2_workspace_user_task_16_injection_task_7/case_packet.md
v1.2.2:workspace:user_task_16:injection_task_8,workspace,user_task_16,injection_task_8,通过,通过,通过,不通过,不通过,不通过,不通过,不通过,通过,不符合设计，必须重建packet后才能draft,OFFICIAL_SOURCE_CONTENT_NOT_MATERIALIZED;NATIVE_RUNNER_AND_AGGREGATION_NOT_IN_PACKET;STATE_SCHEMA_DESCRIPTOR_ONLY;POSTRUN_ARTIFACT_INVENTORY_ABSENT;STRONGER_SPLIT_NOT_RELIABLY_DERIVABLE;USER_EVALUATOR_HELPER_SOURCE_MISSING;INJECTION_EVALUATOR_HELPER_SOURCE_MISSING,用户 evaluator helper:check_only_unread_emails_marked_as_read@agentdojo.default_suites.v1.workspace.user_tasks | 安全 evaluator helper:are_email_bodies_in_str@agentdojo.default_suites.v1_2.workspace.injection_tasks,/Users/gss/Downloads/revised_agent_benchmark_paper_package/experiments/agentdojo_full_v1.2.2_direct/case_packets/agentdojo/v1.2.2_workspace_user_task_16_injection_task_8/case_packet.md
v1.2.2:workspace:user_task_16:injection_task_9,workspace,user_task_16,injection_task_9,通过,通过,通过,不通过,不通过,不通过,不通过,不通过,通过,不符合设计，必须重建packet后才能draft,OFFICIAL_SOURCE_CONTENT_NOT_MATERIALIZED;NATIVE_RUNNER_AND_AGGREGATION_NOT_IN_PACKET;STATE_SCHEMA_DESCRIPTOR_ONLY;POSTRUN_ARTIFACT_INVENTORY_ABSENT;STRONGER_SPLIT_NOT_RELIABLY_DERIVABLE;USER_EVALUATOR_HELPER_SOURCE_MISSING;INJECTION_EVALUATOR_HELPER_SOURCE_MISSING,用户 evaluator helper:check_only_unread_emails_marked_as_read@agentdojo.default_suites.v1.workspace.user_tasks | 安全 evaluator helper:are_email_bodies_in_str@agentdojo.default_suites.v1_2.workspace.injection_tasks,/Users/gss/Downloads/revised_agent_benchmark_paper_package/experiments/agentdojo_full_v1.2.2_direct/case_packets/agentdojo/v1.2.2_workspace_user_task_16_injection_task_9/case_packet.md
v1.2.2:workspace:user_task_16:injection_task_10,workspace,user_task_16,injection_task_10,通过,通过,通过,不通过,不通过,不通过,不通过,不通过,通过,不符合设计，必须重建packet后才能draft,OFFICIAL_SOURCE_CONTENT_NOT_MATERIALIZED;NATIVE_RUNNER_AND_AGGREGATION_NOT_IN_PACKET;STATE_SCHEMA_DESCRIPTOR_ONLY;POSTRUN_ARTIFACT_INVENTORY_ABSENT;STRONGER_SPLIT_NOT_RELIABLY_DERIVABLE;USER_EVALUATOR_HELPER_SOURCE_MISSING,用户 evaluator helper:check_only_unread_emails_marked_as_read@agentdojo.default_suites.v1.workspace.user_tasks,/Users/gss/Downloads/revised_agent_benchmark_paper_package/experiments/agentdojo_full_v1.2.2_direct/case_packets/agentdojo/v1.2.2_workspace_user_task_16_injection_task_10/case_packet.md
v1.2.2:workspace:user_task_16:injection_task_11,workspace,user_task_16,injection_task_11,通过,通过,通过,不通过,不通过,不通过,不通过,不通过,通过,不符合设计，必须重建packet后才能draft,OFFICIAL_SOURCE_CONTENT_NOT_MATERIALIZED;NATIVE_RUNNER_AND_AGGREGATION_NOT_IN_PACKET;STATE_SCHEMA_DESCRIPTOR_ONLY;POSTRUN_ARTIFACT_INVENTORY_ABSENT;STRONGER_SPLIT_NOT_RELIABLY_DERIVABLE;USER_EVALUATOR_HELPER_SOURCE_MISSING,用户 evaluator helper:check_only_unread_emails_marked_as_read@agentdojo.default_suites.v1.workspace.user_tasks,/Users/gss/Downloads/revised_agent_benchmark_paper_package/experiments/agentdojo_full_v1.2.2_direct/case_packets/agentdojo/v1.2.2_workspace_user_task_16_injection_task_11/case_packet.md
v1.2.2:workspace:user_task_16:injection_task_12,workspace,user_task_16,injection_task_12,通过,通过,通过,不通过,不通过,不通过,不通过,不通过,通过,不符合设计，必须重建packet后才能draft,OFFICIAL_SOURCE_CONTENT_NOT_MATERIALIZED;NATIVE_RUNNER_AND_AGGREGATION_NOT_IN_PACKET;STATE_SCHEMA_DESCRIPTOR_ONLY;POSTRUN_ARTIFACT_INVENTORY_ABSENT;STRONGER_SPLIT_NOT_RELIABLY_DERIVABLE;USER_EVALUATOR_HELPER_SOURCE_MISSING,用户 evaluator helper:check_only_unread_emails_marked_as_read@agentdojo.default_suites.v1.workspace.user_tasks,/Users/gss/Downloads/revised_agent_benchmark_paper_package/experiments/agentdojo_full_v1.2.2_direct/case_packets/agentdojo/v1.2.2_workspace_user_task_16_injection_task_12/case_packet.md
v1.2.2:workspace:user_task_16:injection_task_13,workspace,user_task_16,injection_task_13,通过,通过,通过,不通过,不通过,不通过,不通过,不通过,通过,不符合设计，必须重建packet后才能draft,OFFICIAL_SOURCE_CONTENT_NOT_MATERIALIZED;NATIVE_RUNNER_AND_AGGREGATION_NOT_IN_PACKET;STATE_SCHEMA_DESCRIPTOR_ONLY;POSTRUN_ARTIFACT_INVENTORY_ABSENT;STRONGER_SPLIT_NOT_RELIABLY_DERIVABLE;USER_EVALUATOR_HELPER_SOURCE_MISSING,用户 evaluator helper:check_only_unread_emails_marked_as_read@agentdojo.default_suites.v1.workspace.user_tasks,/Users/gss/Downloads/revised_agent_benchmark_paper_package/experiments/agentdojo_full_v1.2.2_direct/case_packets/agentdojo/v1.2.2_workspace_user_task_16_injection_task_13/case_packet.md
v1.2.2:workspace:user_task_17:injection_task_0,workspace,user_task_17,injection_task_0,通过,通过,通过,不通过,不通过,不通过,类内方法可读但全局来源仍不完整,不通过,通过,不符合设计，必须重建packet后才能draft,OFFICIAL_SOURCE_CONTENT_NOT_MATERIALIZED;NATIVE_RUNNER_AND_AGGREGATION_NOT_IN_PACKET;STATE_SCHEMA_DESCRIPTOR_ONLY;POSTRUN_ARTIFACT_INVENTORY_ABSENT;STRONGER_SPLIT_NOT_RELIABLY_DERIVABLE,,/Users/gss/Downloads/revised_agent_benchmark_paper_package/experiments/agentdojo_full_v1.2.2_direct/case_packets/agentdojo/v1.2.2_workspace_user_task_17_injection_task_0/case_packet.md
v1.2.2:workspace:user_task_17:injection_task_1,workspace,user_task_17,injection_task_1,通过,通过,通过,不通过,不通过,不通过,类内方法可读但全局来源仍不完整,不通过,通过,不符合设计，必须重建packet后才能draft,OFFICIAL_SOURCE_CONTENT_NOT_MATERIALIZED;NATIVE_RUNNER_AND_AGGREGATION_NOT_IN_PACKET;STATE_SCHEMA_DESCRIPTOR_ONLY;POSTRUN_ARTIFACT_INVENTORY_ABSENT;STRONGER_SPLIT_NOT_RELIABLY_DERIVABLE,,/Users/gss/Downloads/revised_agent_benchmark_paper_package/experiments/agentdojo_full_v1.2.2_direct/case_packets/agentdojo/v1.2.2_workspace_user_task_17_injection_task_1/case_packet.md
v1.2.2:workspace:user_task_17:injection_task_2,workspace,user_task_17,injection_task_2,通过,通过,通过,不通过,不通过,不通过,不通过,不通过,通过,不符合设计，必须重建packet后才能draft,OFFICIAL_SOURCE_CONTENT_NOT_MATERIALIZED;NATIVE_RUNNER_AND_AGGREGATION_NOT_IN_PACKET;STATE_SCHEMA_DESCRIPTOR_ONLY;POSTRUN_ARTIFACT_INVENTORY_ABSENT;STRONGER_SPLIT_NOT_RELIABLY_DERIVABLE;INJECTION_EVALUATOR_HELPER_SOURCE_MISSING,安全 evaluator helper:parse_datetime@agentdojo.default_suites.v1.workspace.user_tasks,/Users/gss/Downloads/revised_agent_benchmark_paper_package/experiments/agentdojo_full_v1.2.2_direct/case_packets/agentdojo/v1.2.2_workspace_user_task_17_injection_task_2/case_packet.md
v1.2.2:workspace:user_task_17:injection_task_3,workspace,user_task_17,injection_task_3,通过,通过,通过,不通过,不通过,不通过,类内方法可读但全局来源仍不完整,不通过,通过,不符合设计，必须重建packet后才能draft,OFFICIAL_SOURCE_CONTENT_NOT_MATERIALIZED;NATIVE_RUNNER_AND_AGGREGATION_NOT_IN_PACKET;STATE_SCHEMA_DESCRIPTOR_ONLY;POSTRUN_ARTIFACT_INVENTORY_ABSENT;STRONGER_SPLIT_NOT_RELIABLY_DERIVABLE,,/Users/gss/Downloads/revised_agent_benchmark_paper_package/experiments/agentdojo_full_v1.2.2_direct/case_packets/agentdojo/v1.2.2_workspace_user_task_17_injection_task_3/case_packet.md
v1.2.2:workspace:user_task_17:injection_task_4,workspace,user_task_17,injection_task_4,通过,通过,通过,不通过,不通过,不通过,类内方法可读但全局来源仍不完整,不通过,通过,不符合设计，必须重建packet后才能draft,OFFICIAL_SOURCE_CONTENT_NOT_MATERIALIZED;NATIVE_RUNNER_AND_AGGREGATION_NOT_IN_PACKET;STATE_SCHEMA_DESCRIPTOR_ONLY;POSTRUN_ARTIFACT_INVENTORY_ABSENT;STRONGER_SPLIT_NOT_RELIABLY_DERIVABLE,,/Users/gss/Downloads/revised_agent_benchmark_paper_package/experiments/agentdojo_full_v1.2.2_direct/case_packets/agentdojo/v1.2.2_workspace_user_task_17_injection_task_4/case_packet.md
v1.2.2:workspace:user_task_17:injection_task_5,workspace,user_task_17,injection_task_5,通过,通过,通过,不通过,不通过,不通过,类内方法可读但全局来源仍不完整,不通过,通过,不符合设计，必须重建packet后才能draft,OFFICIAL_SOURCE_CONTENT_NOT_MATERIALIZED;NATIVE_RUNNER_AND_AGGREGATION_NOT_IN_PACKET;STATE_SCHEMA_DESCRIPTOR_ONLY;POSTRUN_ARTIFACT_INVENTORY_ABSENT;STRONGER_SPLIT_NOT_RELIABLY_DERIVABLE,,/Users/gss/Downloads/revised_agent_benchmark_paper_package/experiments/agentdojo_full_v1.2.2_direct/case_packets/agentdojo/v1.2.2_workspace_user_task_17_injection_task_5/case_packet.md
v1.2.2:workspace:user_task_17:injection_task_6,workspace,user_task_17,injection_task_6,通过,通过,通过,不通过,不通过,不通过,不通过,不通过,通过,不符合设计，必须重建packet后才能draft,OFFICIAL_SOURCE_CONTENT_NOT_MATERIALIZED;NATIVE_RUNNER_AND_AGGREGATION_NOT_IN_PACKET;STATE_SCHEMA_DESCRIPTOR_ONLY;POSTRUN_ARTIFACT_INVENTORY_ABSENT;STRONGER_SPLIT_NOT_RELIABLY_DERIVABLE;INJECTION_EVALUATOR_HELPER_SOURCE_MISSING,安全 evaluator helper:are_email_bodies_in_str@agentdojo.default_suites.v1_2.workspace.injection_tasks,/Users/gss/Downloads/revised_agent_benchmark_paper_package/experiments/agentdojo_full_v1.2.2_direct/case_packets/agentdojo/v1.2.2_workspace_user_task_17_injection_task_6/case_packet.md
v1.2.2:workspace:user_task_17:injection_task_7,workspace,user_task_17,injection_task_7,通过,通过,通过,不通过,不通过,不通过,不通过,不通过,通过,不符合设计，必须重建packet后才能draft,OFFICIAL_SOURCE_CONTENT_NOT_MATERIALIZED;NATIVE_RUNNER_AND_AGGREGATION_NOT_IN_PACKET;STATE_SCHEMA_DESCRIPTOR_ONLY;POSTRUN_ARTIFACT_INVENTORY_ABSENT;STRONGER_SPLIT_NOT_RELIABLY_DERIVABLE;INJECTION_EVALUATOR_HELPER_SOURCE_MISSING,安全 evaluator helper:are_email_bodies_in_str@agentdojo.default_suites.v1_2.workspace.injection_tasks,/Users/gss/Downloads/revised_agent_benchmark_paper_package/experiments/agentdojo_full_v1.2.2_direct/case_packets/agentdojo/v1.2.2_workspace_user_task_17_injection_task_7/case_packet.md
v1.2.2:workspace:user_task_17:injection_task_9,workspace,user_task_17,injection_task_9,通过,通过,通过,不通过,不通过,不通过,不通过,不通过,通过,不符合设计，必须重建packet后才能draft,OFFICIAL_SOURCE_CONTENT_NOT_MATERIALIZED;NATIVE_RUNNER_AND_AGGREGATION_NOT_IN_PACKET;STATE_SCHEMA_DESCRIPTOR_ONLY;POSTRUN_ARTIFACT_INVENTORY_ABSENT;STRONGER_SPLIT_NOT_RELIABLY_DERIVABLE;INJECTION_EVALUATOR_HELPER_SOURCE_MISSING,安全 evaluator helper:are_email_bodies_in_str@agentdojo.default_suites.v1_2.workspace.injection_tasks,/Users/gss/Downloads/revised_agent_benchmark_paper_package/experiments/agentdojo_full_v1.2.2_direct/case_packets/agentdojo/v1.2.2_workspace_user_task_17_injection_task_9/case_packet.md
v1.2.2:workspace:user_task_17:injection_task_10,workspace,user_task_17,injection_task_10,通过,通过,通过,不通过,不通过,不通过,类内方法可读但全局来源仍不完整,不通过,通过,不符合设计，必须重建packet后才能draft,OFFICIAL_SOURCE_CONTENT_NOT_MATERIALIZED;NATIVE_RUNNER_AND_AGGREGATION_NOT_IN_PACKET;STATE_SCHEMA_DESCRIPTOR_ONLY;POSTRUN_ARTIFACT_INVENTORY_ABSENT;STRONGER_SPLIT_NOT_RELIABLY_DERIVABLE,,/Users/gss/Downloads/revised_agent_benchmark_paper_package/experiments/agentdojo_full_v1.2.2_direct/case_packets/agentdojo/v1.2.2_workspace_user_task_17_injection_task_10/case_packet.md
v1.2.2:workspace:user_task_17:injection_task_11,workspace,user_task_17,injection_task_11,通过,通过,通过,不通过,不通过,不通过,类内方法可读但全局来源仍不完整,不通过,通过,不符合设计，必须重建packet后才能draft,OFFICIAL_SOURCE_CONTENT_NOT_MATERIALIZED;NATIVE_RUNNER_AND_AGGREGATION_NOT_IN_PACKET;STATE_SCHEMA_DESCRIPTOR_ONLY;POSTRUN_ARTIFACT_INVENTORY_ABSENT;STRONGER_SPLIT_NOT_RELIABLY_DERIVABLE,,/Users/gss/Downloads/revised_agent_benchmark_paper_package/experiments/agentdojo_full_v1.2.2_direct/case_packets/agentdojo/v1.2.2_workspace_user_task_17_injection_task_11/case_packet.md
v1.2.2:workspace:user_task_17:injection_task_12,workspace,user_task_17,injection_task_12,通过,通过,通过,不通过,不通过,不通过,类内方法可读但全局来源仍不完整,不通过,通过,不符合设计，必须重建packet后才能draft,OFFICIAL_SOURCE_CONTENT_NOT_MATERIALIZED;NATIVE_RUNNER_AND_AGGREGATION_NOT_IN_PACKET;STATE_SCHEMA_DESCRIPTOR_ONLY;POSTRUN_ARTIFACT_INVENTORY_ABSENT;STRONGER_SPLIT_NOT_RELIABLY_DERIVABLE,,/Users/gss/Downloads/revised_agent_benchmark_paper_package/experiments/agentdojo_full_v1.2.2_direct/case_packets/agentdojo/v1.2.2_workspace_user_task_17_injection_task_12/case_packet.md
v1.2.2:workspace:user_task_17:injection_task_13,workspace,user_task_17,injection_task_13,通过,通过,通过,不通过,不通过,不通过,类内方法可读但全局来源仍不完整,不通过,通过,不符合设计，必须重建packet后才能draft,OFFICIAL_SOURCE_CONTENT_NOT_MATERIALIZED;NATIVE_RUNNER_AND_AGGREGATION_NOT_IN_PACKET;STATE_SCHEMA_DESCRIPTOR_ONLY;POSTRUN_ARTIFACT_INVENTORY_ABSENT;STRONGER_SPLIT_NOT_RELIABLY_DERIVABLE,,/Users/gss/Downloads/revised_agent_benchmark_paper_package/experiments/agentdojo_full_v1.2.2_direct/case_packets/agentdojo/v1.2.2_workspace_user_task_17_injection_task_13/case_packet.md
v1.2.2:workspace:user_task_22:injection_task_1,workspace,user_task_22,injection_task_1,通过,通过,通过,不通过,不通过,不通过,类内方法可读但全局来源仍不完整,不通过,通过,不符合设计，必须重建packet后才能draft,OFFICIAL_SOURCE_CONTENT_NOT_MATERIALIZED;NATIVE_RUNNER_AND_AGGREGATION_NOT_IN_PACKET;STATE_SCHEMA_DESCRIPTOR_ONLY;POSTRUN_ARTIFACT_INVENTORY_ABSENT;STRONGER_SPLIT_NOT_RELIABLY_DERIVABLE,,/Users/gss/Downloads/revised_agent_benchmark_paper_package/experiments/agentdojo_full_v1.2.2_direct/case_packets/agentdojo/v1.2.2_workspace_user_task_22_injection_task_1/case_packet.md
v1.2.2:workspace:user_task_22:injection_task_2,workspace,user_task_22,injection_task_2,通过,通过,通过,不通过,不通过,不通过,不通过,不通过,通过,不符合设计，必须重建packet后才能draft,OFFICIAL_SOURCE_CONTENT_NOT_MATERIALIZED;NATIVE_RUNNER_AND_AGGREGATION_NOT_IN_PACKET;STATE_SCHEMA_DESCRIPTOR_ONLY;POSTRUN_ARTIFACT_INVENTORY_ABSENT;STRONGER_SPLIT_NOT_RELIABLY_DERIVABLE;INJECTION_EVALUATOR_HELPER_SOURCE_MISSING,安全 evaluator helper:parse_datetime@agentdojo.default_suites.v1.workspace.user_tasks,/Users/gss/Downloads/revised_agent_benchmark_paper_package/experiments/agentdojo_full_v1.2.2_direct/case_packets/agentdojo/v1.2.2_workspace_user_task_22_injection_task_2/case_packet.md
v1.2.2:workspace:user_task_22:injection_task_3,workspace,user_task_22,injection_task_3,通过,通过,通过,不通过,不通过,不通过,类内方法可读但全局来源仍不完整,不通过,通过,不符合设计，必须重建packet后才能draft,OFFICIAL_SOURCE_CONTENT_NOT_MATERIALIZED;NATIVE_RUNNER_AND_AGGREGATION_NOT_IN_PACKET;STATE_SCHEMA_DESCRIPTOR_ONLY;POSTRUN_ARTIFACT_INVENTORY_ABSENT;STRONGER_SPLIT_NOT_RELIABLY_DERIVABLE,,/Users/gss/Downloads/revised_agent_benchmark_paper_package/experiments/agentdojo_full_v1.2.2_direct/case_packets/agentdojo/v1.2.2_workspace_user_task_22_injection_task_3/case_packet.md
v1.2.2:workspace:user_task_22:injection_task_4,workspace,user_task_22,injection_task_4,通过,通过,通过,不通过,不通过,不通过,类内方法可读但全局来源仍不完整,不通过,通过,不符合设计，必须重建packet后才能draft,OFFICIAL_SOURCE_CONTENT_NOT_MATERIALIZED;NATIVE_RUNNER_AND_AGGREGATION_NOT_IN_PACKET;STATE_SCHEMA_DESCRIPTOR_ONLY;POSTRUN_ARTIFACT_INVENTORY_ABSENT;STRONGER_SPLIT_NOT_RELIABLY_DERIVABLE,,/Users/gss/Downloads/revised_agent_benchmark_paper_package/experiments/agentdojo_full_v1.2.2_direct/case_packets/agentdojo/v1.2.2_workspace_user_task_22_injection_task_4/case_packet.md
v1.2.2:workspace:user_task_22:injection_task_5,workspace,user_task_22,injection_task_5,通过,通过,通过,不通过,不通过,不通过,类内方法可读但全局来源仍不完整,不通过,通过,不符合设计，必须重建packet后才能draft,OFFICIAL_SOURCE_CONTENT_NOT_MATERIALIZED;NATIVE_RUNNER_AND_AGGREGATION_NOT_IN_PACKET;STATE_SCHEMA_DESCRIPTOR_ONLY;POSTRUN_ARTIFACT_INVENTORY_ABSENT;STRONGER_SPLIT_NOT_RELIABLY_DERIVABLE,,/Users/gss/Downloads/revised_agent_benchmark_paper_package/experiments/agentdojo_full_v1.2.2_direct/case_packets/agentdojo/v1.2.2_workspace_user_task_22_injection_task_5/case_packet.md
v1.2.2:workspace:user_task_22:injection_task_6,workspace,user_task_22,injection_task_6,通过,通过,通过,不通过,不通过,不通过,不通过,不通过,通过,不符合设计，必须重建packet后才能draft,OFFICIAL_SOURCE_CONTENT_NOT_MATERIALIZED;NATIVE_RUNNER_AND_AGGREGATION_NOT_IN_PACKET;STATE_SCHEMA_DESCRIPTOR_ONLY;POSTRUN_ARTIFACT_INVENTORY_ABSENT;STRONGER_SPLIT_NOT_RELIABLY_DERIVABLE;INJECTION_EVALUATOR_HELPER_SOURCE_MISSING,安全 evaluator helper:are_email_bodies_in_str@agentdojo.default_suites.v1_2.workspace.injection_tasks,/Users/gss/Downloads/revised_agent_benchmark_paper_package/experiments/agentdojo_full_v1.2.2_direct/case_packets/agentdojo/v1.2.2_workspace_user_task_22_injection_task_6/case_packet.md
v1.2.2:workspace:user_task_22:injection_task_7,workspace,user_task_22,injection_task_7,通过,通过,通过,不通过,不通过,不通过,不通过,不通过,通过,不符合设计，必须重建packet后才能draft,OFFICIAL_SOURCE_CONTENT_NOT_MATERIALIZED;NATIVE_RUNNER_AND_AGGREGATION_NOT_IN_PACKET;STATE_SCHEMA_DESCRIPTOR_ONLY;POSTRUN_ARTIFACT_INVENTORY_ABSENT;STRONGER_SPLIT_NOT_RELIABLY_DERIVABLE;INJECTION_EVALUATOR_HELPER_SOURCE_MISSING,安全 evaluator helper:are_email_bodies_in_str@agentdojo.default_suites.v1_2.workspace.injection_tasks,/Users/gss/Downloads/revised_agent_benchmark_paper_package/experiments/agentdojo_full_v1.2.2_direct/case_packets/agentdojo/v1.2.2_workspace_user_task_22_injection_task_7/case_packet.md
v1.2.2:workspace:user_task_22:injection_task_8,workspace,user_task_22,injection_task_8,通过,通过,通过,不通过,不通过,不通过,不通过,不通过,通过,不符合设计，必须重建packet后才能draft,OFFICIAL_SOURCE_CONTENT_NOT_MATERIALIZED;NATIVE_RUNNER_AND_AGGREGATION_NOT_IN_PACKET;STATE_SCHEMA_DESCRIPTOR_ONLY;POSTRUN_ARTIFACT_INVENTORY_ABSENT;STRONGER_SPLIT_NOT_RELIABLY_DERIVABLE;INJECTION_EVALUATOR_HELPER_SOURCE_MISSING,安全 evaluator helper:are_email_bodies_in_str@agentdojo.default_suites.v1_2.workspace.injection_tasks,/Users/gss/Downloads/revised_agent_benchmark_paper_package/experiments/agentdojo_full_v1.2.2_direct/case_packets/agentdojo/v1.2.2_workspace_user_task_22_injection_task_8/case_packet.md
v1.2.2:workspace:user_task_22:injection_task_9,workspace,user_task_22,injection_task_9,通过,通过,通过,不通过,不通过,不通过,不通过,不通过,通过,不符合设计，必须重建packet后才能draft,OFFICIAL_SOURCE_CONTENT_NOT_MATERIALIZED;NATIVE_RUNNER_AND_AGGREGATION_NOT_IN_PACKET;STATE_SCHEMA_DESCRIPTOR_ONLY;POSTRUN_ARTIFACT_INVENTORY_ABSENT;STRONGER_SPLIT_NOT_RELIABLY_DERIVABLE;INJECTION_EVALUATOR_HELPER_SOURCE_MISSING,安全 evaluator helper:are_email_bodies_in_str@agentdojo.default_suites.v1_2.workspace.injection_tasks,/Users/gss/Downloads/revised_agent_benchmark_paper_package/experiments/agentdojo_full_v1.2.2_direct/case_packets/agentdojo/v1.2.2_workspace_user_task_22_injection_task_9/case_packet.md
v1.2.2:workspace:user_task_22:injection_task_10,workspace,user_task_22,injection_task_10,通过,通过,通过,不通过,不通过,不通过,类内方法可读但全局来源仍不完整,不通过,通过,不符合设计，必须重建packet后才能draft,OFFICIAL_SOURCE_CONTENT_NOT_MATERIALIZED;NATIVE_RUNNER_AND_AGGREGATION_NOT_IN_PACKET;STATE_SCHEMA_DESCRIPTOR_ONLY;POSTRUN_ARTIFACT_INVENTORY_ABSENT;STRONGER_SPLIT_NOT_RELIABLY_DERIVABLE,,/Users/gss/Downloads/revised_agent_benchmark_paper_package/experiments/agentdojo_full_v1.2.2_direct/case_packets/agentdojo/v1.2.2_workspace_user_task_22_injection_task_10/case_packet.md
v1.2.2:workspace:user_task_22:injection_task_11,workspace,user_task_22,injection_task_11,通过,通过,通过,不通过,不通过,不通过,类内方法可读但全局来源仍不完整,不通过,通过,不符合设计，必须重建packet后才能draft,OFFICIAL_SOURCE_CONTENT_NOT_MATERIALIZED;NATIVE_RUNNER_AND_AGGREGATION_NOT_IN_PACKET;STATE_SCHEMA_DESCRIPTOR_ONLY;POSTRUN_ARTIFACT_INVENTORY_ABSENT;STRONGER_SPLIT_NOT_RELIABLY_DERIVABLE,,/Users/gss/Downloads/revised_agent_benchmark_paper_package/experiments/agentdojo_full_v1.2.2_direct/case_packets/agentdojo/v1.2.2_workspace_user_task_22_injection_task_11/case_packet.md
v1.2.2:workspace:user_task_22:injection_task_12,workspace,user_task_22,injection_task_12,通过,通过,通过,不通过,不通过,不通过,类内方法可读但全局来源仍不完整,不通过,通过,不符合设计，必须重建packet后才能draft,OFFICIAL_SOURCE_CONTENT_NOT_MATERIALIZED;NATIVE_RUNNER_AND_AGGREGATION_NOT_IN_PACKET;STATE_SCHEMA_DESCRIPTOR_ONLY;POSTRUN_ARTIFACT_INVENTORY_ABSENT;STRONGER_SPLIT_NOT_RELIABLY_DERIVABLE,,/Users/gss/Downloads/revised_agent_benchmark_paper_package/experiments/agentdojo_full_v1.2.2_direct/case_packets/agentdojo/v1.2.2_workspace_user_task_22_injection_task_12/case_packet.md
v1.2.2:workspace:user_task_22:injection_task_13,workspace,user_task_22,injection_task_13,通过,通过,通过,不通过,不通过,不通过,类内方法可读但全局来源仍不完整,不通过,通过,不符合设计，必须重建packet后才能draft,OFFICIAL_SOURCE_CONTENT_NOT_MATERIALIZED;NATIVE_RUNNER_AND_AGGREGATION_NOT_IN_PACKET;STATE_SCHEMA_DESCRIPTOR_ONLY;POSTRUN_ARTIFACT_INVENTORY_ABSENT;STRONGER_SPLIT_NOT_RELIABLY_DERIVABLE,,/Users/gss/Downloads/revised_agent_benchmark_paper_package/experiments/agentdojo_full_v1.2.2_direct/case_packets/agentdojo/v1.2.2_workspace_user_task_22_injection_task_13/case_packet.md
v1.2.2:workspace:user_task_24:injection_task_1,workspace,user_task_24,injection_task_1,通过,通过,通过,不通过,不通过,不通过,类内方法可读但全局来源仍不完整,不通过,通过,不符合设计，必须重建packet后才能draft,OFFICIAL_SOURCE_CONTENT_NOT_MATERIALIZED;NATIVE_RUNNER_AND_AGGREGATION_NOT_IN_PACKET;STATE_SCHEMA_DESCRIPTOR_ONLY;POSTRUN_ARTIFACT_INVENTORY_ABSENT;STRONGER_SPLIT_NOT_RELIABLY_DERIVABLE,,/Users/gss/Downloads/revised_agent_benchmark_paper_package/experiments/agentdojo_full_v1.2.2_direct/case_packets/agentdojo/v1.2.2_workspace_user_task_24_injection_task_1/case_packet.md
v1.2.2:workspace:user_task_24:injection_task_2,workspace,user_task_24,injection_task_2,通过,通过,通过,不通过,不通过,不通过,不通过,不通过,通过,不符合设计，必须重建packet后才能draft,OFFICIAL_SOURCE_CONTENT_NOT_MATERIALIZED;NATIVE_RUNNER_AND_AGGREGATION_NOT_IN_PACKET;STATE_SCHEMA_DESCRIPTOR_ONLY;POSTRUN_ARTIFACT_INVENTORY_ABSENT;STRONGER_SPLIT_NOT_RELIABLY_DERIVABLE;INJECTION_EVALUATOR_HELPER_SOURCE_MISSING,安全 evaluator helper:parse_datetime@agentdojo.default_suites.v1.workspace.user_tasks,/Users/gss/Downloads/revised_agent_benchmark_paper_package/experiments/agentdojo_full_v1.2.2_direct/case_packets/agentdojo/v1.2.2_workspace_user_task_24_injection_task_2/case_packet.md
v1.2.2:workspace:user_task_24:injection_task_3,workspace,user_task_24,injection_task_3,通过,通过,通过,不通过,不通过,不通过,类内方法可读但全局来源仍不完整,不通过,通过,不符合设计，必须重建packet后才能draft,OFFICIAL_SOURCE_CONTENT_NOT_MATERIALIZED;NATIVE_RUNNER_AND_AGGREGATION_NOT_IN_PACKET;STATE_SCHEMA_DESCRIPTOR_ONLY;POSTRUN_ARTIFACT_INVENTORY_ABSENT;STRONGER_SPLIT_NOT_RELIABLY_DERIVABLE,,/Users/gss/Downloads/revised_agent_benchmark_paper_package/experiments/agentdojo_full_v1.2.2_direct/case_packets/agentdojo/v1.2.2_workspace_user_task_24_injection_task_3/case_packet.md
v1.2.2:workspace:user_task_24:injection_task_6,workspace,user_task_24,injection_task_6,通过,通过,通过,不通过,不通过,不通过,不通过,不通过,通过,不符合设计，必须重建packet后才能draft,OFFICIAL_SOURCE_CONTENT_NOT_MATERIALIZED;NATIVE_RUNNER_AND_AGGREGATION_NOT_IN_PACKET;STATE_SCHEMA_DESCRIPTOR_ONLY;POSTRUN_ARTIFACT_INVENTORY_ABSENT;STRONGER_SPLIT_NOT_RELIABLY_DERIVABLE;INJECTION_EVALUATOR_HELPER_SOURCE_MISSING,安全 evaluator helper:are_email_bodies_in_str@agentdojo.default_suites.v1_2.workspace.injection_tasks,/Users/gss/Downloads/revised_agent_benchmark_paper_package/experiments/agentdojo_full_v1.2.2_direct/case_packets/agentdojo/v1.2.2_workspace_user_task_24_injection_task_6/case_packet.md
v1.2.2:workspace:user_task_24:injection_task_7,workspace,user_task_24,injection_task_7,通过,通过,通过,不通过,不通过,不通过,不通过,不通过,通过,不符合设计，必须重建packet后才能draft,OFFICIAL_SOURCE_CONTENT_NOT_MATERIALIZED;NATIVE_RUNNER_AND_AGGREGATION_NOT_IN_PACKET;STATE_SCHEMA_DESCRIPTOR_ONLY;POSTRUN_ARTIFACT_INVENTORY_ABSENT;STRONGER_SPLIT_NOT_RELIABLY_DERIVABLE;INJECTION_EVALUATOR_HELPER_SOURCE_MISSING,安全 evaluator helper:are_email_bodies_in_str@agentdojo.default_suites.v1_2.workspace.injection_tasks,/Users/gss/Downloads/revised_agent_benchmark_paper_package/experiments/agentdojo_full_v1.2.2_direct/case_packets/agentdojo/v1.2.2_workspace_user_task_24_injection_task_7/case_packet.md
v1.2.2:workspace:user_task_24:injection_task_8,workspace,user_task_24,injection_task_8,通过,通过,通过,不通过,不通过,不通过,不通过,不通过,通过,不符合设计，必须重建packet后才能draft,OFFICIAL_SOURCE_CONTENT_NOT_MATERIALIZED;NATIVE_RUNNER_AND_AGGREGATION_NOT_IN_PACKET;STATE_SCHEMA_DESCRIPTOR_ONLY;POSTRUN_ARTIFACT_INVENTORY_ABSENT;STRONGER_SPLIT_NOT_RELIABLY_DERIVABLE;INJECTION_EVALUATOR_HELPER_SOURCE_MISSING,安全 evaluator helper:are_email_bodies_in_str@agentdojo.default_suites.v1_2.workspace.injection_tasks,/Users/gss/Downloads/revised_agent_benchmark_paper_package/experiments/agentdojo_full_v1.2.2_direct/case_packets/agentdojo/v1.2.2_workspace_user_task_24_injection_task_8/case_packet.md
v1.2.2:workspace:user_task_24:injection_task_9,workspace,user_task_24,injection_task_9,通过,通过,通过,不通过,不通过,不通过,不通过,不通过,通过,不符合设计，必须重建packet后才能draft,OFFICIAL_SOURCE_CONTENT_NOT_MATERIALIZED;NATIVE_RUNNER_AND_AGGREGATION_NOT_IN_PACKET;STATE_SCHEMA_DESCRIPTOR_ONLY;POSTRUN_ARTIFACT_INVENTORY_ABSENT;STRONGER_SPLIT_NOT_RELIABLY_DERIVABLE;INJECTION_EVALUATOR_HELPER_SOURCE_MISSING,安全 evaluator helper:are_email_bodies_in_str@agentdojo.default_suites.v1_2.workspace.injection_tasks,/Users/gss/Downloads/revised_agent_benchmark_paper_package/experiments/agentdojo_full_v1.2.2_direct/case_packets/agentdojo/v1.2.2_workspace_user_task_24_injection_task_9/case_packet.md
v1.2.2:workspace:user_task_24:injection_task_10,workspace,user_task_24,injection_task_10,通过,通过,通过,不通过,不通过,不通过,类内方法可读但全局来源仍不完整,不通过,通过,不符合设计，必须重建packet后才能draft,OFFICIAL_SOURCE_CONTENT_NOT_MATERIALIZED;NATIVE_RUNNER_AND_AGGREGATION_NOT_IN_PACKET;STATE_SCHEMA_DESCRIPTOR_ONLY;POSTRUN_ARTIFACT_INVENTORY_ABSENT;STRONGER_SPLIT_NOT_RELIABLY_DERIVABLE,,/Users/gss/Downloads/revised_agent_benchmark_paper_package/experiments/agentdojo_full_v1.2.2_direct/case_packets/agentdojo/v1.2.2_workspace_user_task_24_injection_task_10/case_packet.md
v1.2.2:workspace:user_task_24:injection_task_11,workspace,user_task_24,injection_task_11,通过,通过,通过,不通过,不通过,不通过,类内方法可读但全局来源仍不完整,不通过,通过,不符合设计，必须重建packet后才能draft,OFFICIAL_SOURCE_CONTENT_NOT_MATERIALIZED;NATIVE_RUNNER_AND_AGGREGATION_NOT_IN_PACKET;STATE_SCHEMA_DESCRIPTOR_ONLY;POSTRUN_ARTIFACT_INVENTORY_ABSENT;STRONGER_SPLIT_NOT_RELIABLY_DERIVABLE,,/Users/gss/Downloads/revised_agent_benchmark_paper_package/experiments/agentdojo_full_v1.2.2_direct/case_packets/agentdojo/v1.2.2_workspace_user_task_24_injection_task_11/case_packet.md
v1.2.2:workspace:user_task_24:injection_task_13,workspace,user_task_24,injection_task_13,通过,通过,通过,不通过,不通过,不通过,类内方法可读但全局来源仍不完整,不通过,通过,不符合设计，必须重建packet后才能draft,OFFICIAL_SOURCE_CONTENT_NOT_MATERIALIZED;NATIVE_RUNNER_AND_AGGREGATION_NOT_IN_PACKET;STATE_SCHEMA_DESCRIPTOR_ONLY;POSTRUN_ARTIFACT_INVENTORY_ABSENT;STRONGER_SPLIT_NOT_RELIABLY_DERIVABLE,,/Users/gss/Downloads/revised_agent_benchmark_paper_package/experiments/agentdojo_full_v1.2.2_direct/case_packets/agentdojo/v1.2.2_workspace_user_task_24_injection_task_13/case_packet.md
v1.2.2:workspace:user_task_26:injection_task_0,workspace,user_task_26,injection_task_0,通过,通过,通过,不通过,不通过,不通过,类内方法可读但全局来源仍不完整,不通过,通过,不符合设计，必须重建packet后才能draft,OFFICIAL_SOURCE_CONTENT_NOT_MATERIALIZED;NATIVE_RUNNER_AND_AGGREGATION_NOT_IN_PACKET;STATE_SCHEMA_DESCRIPTOR_ONLY;POSTRUN_ARTIFACT_INVENTORY_ABSENT;STRONGER_SPLIT_NOT_RELIABLY_DERIVABLE,,/Users/gss/Downloads/revised_agent_benchmark_paper_package/experiments/agentdojo_full_v1.2.2_direct/case_packets/agentdojo/v1.2.2_workspace_user_task_26_injection_task_0/case_packet.md
v1.2.2:workspace:user_task_26:injection_task_1,workspace,user_task_26,injection_task_1,通过,通过,通过,不通过,不通过,不通过,类内方法可读但全局来源仍不完整,不通过,通过,不符合设计，必须重建packet后才能draft,OFFICIAL_SOURCE_CONTENT_NOT_MATERIALIZED;NATIVE_RUNNER_AND_AGGREGATION_NOT_IN_PACKET;STATE_SCHEMA_DESCRIPTOR_ONLY;POSTRUN_ARTIFACT_INVENTORY_ABSENT;STRONGER_SPLIT_NOT_RELIABLY_DERIVABLE,,/Users/gss/Downloads/revised_agent_benchmark_paper_package/experiments/agentdojo_full_v1.2.2_direct/case_packets/agentdojo/v1.2.2_workspace_user_task_26_injection_task_1/case_packet.md
v1.2.2:workspace:user_task_26:injection_task_2,workspace,user_task_26,injection_task_2,通过,通过,通过,不通过,不通过,不通过,不通过,不通过,通过,不符合设计，必须重建packet后才能draft,OFFICIAL_SOURCE_CONTENT_NOT_MATERIALIZED;NATIVE_RUNNER_AND_AGGREGATION_NOT_IN_PACKET;STATE_SCHEMA_DESCRIPTOR_ONLY;POSTRUN_ARTIFACT_INVENTORY_ABSENT;STRONGER_SPLIT_NOT_RELIABLY_DERIVABLE;INJECTION_EVALUATOR_HELPER_SOURCE_MISSING,安全 evaluator helper:parse_datetime@agentdojo.default_suites.v1.workspace.user_tasks,/Users/gss/Downloads/revised_agent_benchmark_paper_package/experiments/agentdojo_full_v1.2.2_direct/case_packets/agentdojo/v1.2.2_workspace_user_task_26_injection_task_2/case_packet.md
v1.2.2:workspace:user_task_26:injection_task_3,workspace,user_task_26,injection_task_3,通过,通过,通过,不通过,不通过,不通过,类内方法可读但全局来源仍不完整,不通过,通过,不符合设计，必须重建packet后才能draft,OFFICIAL_SOURCE_CONTENT_NOT_MATERIALIZED;NATIVE_RUNNER_AND_AGGREGATION_NOT_IN_PACKET;STATE_SCHEMA_DESCRIPTOR_ONLY;POSTRUN_ARTIFACT_INVENTORY_ABSENT;STRONGER_SPLIT_NOT_RELIABLY_DERIVABLE,,/Users/gss/Downloads/revised_agent_benchmark_paper_package/experiments/agentdojo_full_v1.2.2_direct/case_packets/agentdojo/v1.2.2_workspace_user_task_26_injection_task_3/case_packet.md
v1.2.2:workspace:user_task_26:injection_task_4,workspace,user_task_26,injection_task_4,通过,通过,通过,不通过,不通过,不通过,类内方法可读但全局来源仍不完整,不通过,通过,不符合设计，必须重建packet后才能draft,OFFICIAL_SOURCE_CONTENT_NOT_MATERIALIZED;NATIVE_RUNNER_AND_AGGREGATION_NOT_IN_PACKET;STATE_SCHEMA_DESCRIPTOR_ONLY;POSTRUN_ARTIFACT_INVENTORY_ABSENT;STRONGER_SPLIT_NOT_RELIABLY_DERIVABLE,,/Users/gss/Downloads/revised_agent_benchmark_paper_package/experiments/agentdojo_full_v1.2.2_direct/case_packets/agentdojo/v1.2.2_workspace_user_task_26_injection_task_4/case_packet.md
v1.2.2:workspace:user_task_26:injection_task_5,workspace,user_task_26,injection_task_5,通过,通过,通过,不通过,不通过,不通过,类内方法可读但全局来源仍不完整,不通过,通过,不符合设计，必须重建packet后才能draft,OFFICIAL_SOURCE_CONTENT_NOT_MATERIALIZED;NATIVE_RUNNER_AND_AGGREGATION_NOT_IN_PACKET;STATE_SCHEMA_DESCRIPTOR_ONLY;POSTRUN_ARTIFACT_INVENTORY_ABSENT;STRONGER_SPLIT_NOT_RELIABLY_DERIVABLE,,/Users/gss/Downloads/revised_agent_benchmark_paper_package/experiments/agentdojo_full_v1.2.2_direct/case_packets/agentdojo/v1.2.2_workspace_user_task_26_injection_task_5/case_packet.md
v1.2.2:workspace:user_task_26:injection_task_6,workspace,user_task_26,injection_task_6,通过,通过,通过,不通过,不通过,不通过,不通过,不通过,通过,不符合设计，必须重建packet后才能draft,OFFICIAL_SOURCE_CONTENT_NOT_MATERIALIZED;NATIVE_RUNNER_AND_AGGREGATION_NOT_IN_PACKET;STATE_SCHEMA_DESCRIPTOR_ONLY;POSTRUN_ARTIFACT_INVENTORY_ABSENT;STRONGER_SPLIT_NOT_RELIABLY_DERIVABLE;INJECTION_EVALUATOR_HELPER_SOURCE_MISSING,安全 evaluator helper:are_email_bodies_in_str@agentdojo.default_suites.v1_2.workspace.injection_tasks,/Users/gss/Downloads/revised_agent_benchmark_paper_package/experiments/agentdojo_full_v1.2.2_direct/case_packets/agentdojo/v1.2.2_workspace_user_task_26_injection_task_6/case_packet.md
v1.2.2:workspace:user_task_26:injection_task_7,workspace,user_task_26,injection_task_7,通过,通过,通过,不通过,不通过,不通过,不通过,不通过,通过,不符合设计，必须重建packet后才能draft,OFFICIAL_SOURCE_CONTENT_NOT_MATERIALIZED;NATIVE_RUNNER_AND_AGGREGATION_NOT_IN_PACKET;STATE_SCHEMA_DESCRIPTOR_ONLY;POSTRUN_ARTIFACT_INVENTORY_ABSENT;STRONGER_SPLIT_NOT_RELIABLY_DERIVABLE;INJECTION_EVALUATOR_HELPER_SOURCE_MISSING,安全 evaluator helper:are_email_bodies_in_str@agentdojo.default_suites.v1_2.workspace.injection_tasks,/Users/gss/Downloads/revised_agent_benchmark_paper_package/experiments/agentdojo_full_v1.2.2_direct/case_packets/agentdojo/v1.2.2_workspace_user_task_26_injection_task_7/case_packet.md
v1.2.2:workspace:user_task_26:injection_task_8,workspace,user_task_26,injection_task_8,通过,通过,通过,不通过,不通过,不通过,不通过,不通过,通过,不符合设计，必须重建packet后才能draft,OFFICIAL_SOURCE_CONTENT_NOT_MATERIALIZED;NATIVE_RUNNER_AND_AGGREGATION_NOT_IN_PACKET;STATE_SCHEMA_DESCRIPTOR_ONLY;POSTRUN_ARTIFACT_INVENTORY_ABSENT;STRONGER_SPLIT_NOT_RELIABLY_DERIVABLE;INJECTION_EVALUATOR_HELPER_SOURCE_MISSING,安全 evaluator helper:are_email_bodies_in_str@agentdojo.default_suites.v1_2.workspace.injection_tasks,/Users/gss/Downloads/revised_agent_benchmark_paper_package/experiments/agentdojo_full_v1.2.2_direct/case_packets/agentdojo/v1.2.2_workspace_user_task_26_injection_task_8/case_packet.md
v1.2.2:workspace:user_task_26:injection_task_9,workspace,user_task_26,injection_task_9,通过,通过,通过,不通过,不通过,不通过,不通过,不通过,通过,不符合设计，必须重建packet后才能draft,OFFICIAL_SOURCE_CONTENT_NOT_MATERIALIZED;NATIVE_RUNNER_AND_AGGREGATION_NOT_IN_PACKET;STATE_SCHEMA_DESCRIPTOR_ONLY;POSTRUN_ARTIFACT_INVENTORY_ABSENT;STRONGER_SPLIT_NOT_RELIABLY_DERIVABLE;INJECTION_EVALUATOR_HELPER_SOURCE_MISSING,安全 evaluator helper:are_email_bodies_in_str@agentdojo.default_suites.v1_2.workspace.injection_tasks,/Users/gss/Downloads/revised_agent_benchmark_paper_package/experiments/agentdojo_full_v1.2.2_direct/case_packets/agentdojo/v1.2.2_workspace_user_task_26_injection_task_9/case_packet.md
v1.2.2:workspace:user_task_26:injection_task_11,workspace,user_task_26,injection_task_11,通过,通过,通过,不通过,不通过,不通过,类内方法可读但全局来源仍不完整,不通过,通过,不符合设计，必须重建packet后才能draft,OFFICIAL_SOURCE_CONTENT_NOT_MATERIALIZED;NATIVE_RUNNER_AND_AGGREGATION_NOT_IN_PACKET;STATE_SCHEMA_DESCRIPTOR_ONLY;POSTRUN_ARTIFACT_INVENTORY_ABSENT;STRONGER_SPLIT_NOT_RELIABLY_DERIVABLE,,/Users/gss/Downloads/revised_agent_benchmark_paper_package/experiments/agentdojo_full_v1.2.2_direct/case_packets/agentdojo/v1.2.2_workspace_user_task_26_injection_task_11/case_packet.md
v1.2.2:workspace:user_task_26:injection_task_12,workspace,user_task_26,injection_task_12,通过,通过,通过,不通过,不通过,不通过,类内方法可读但全局来源仍不完整,不通过,通过,不符合设计，必须重建packet后才能draft,OFFICIAL_SOURCE_CONTENT_NOT_MATERIALIZED;NATIVE_RUNNER_AND_AGGREGATION_NOT_IN_PACKET;STATE_SCHEMA_DESCRIPTOR_ONLY;POSTRUN_ARTIFACT_INVENTORY_ABSENT;STRONGER_SPLIT_NOT_RELIABLY_DERIVABLE,,/Users/gss/Downloads/revised_agent_benchmark_paper_package/experiments/agentdojo_full_v1.2.2_direct/case_packets/agentdojo/v1.2.2_workspace_user_task_26_injection_task_12/case_packet.md
v1.2.2:workspace:user_task_26:injection_task_13,workspace,user_task_26,injection_task_13,通过,通过,通过,不通过,不通过,不通过,类内方法可读但全局来源仍不完整,不通过,通过,不符合设计，必须重建packet后才能draft,OFFICIAL_SOURCE_CONTENT_NOT_MATERIALIZED;NATIVE_RUNNER_AND_AGGREGATION_NOT_IN_PACKET;STATE_SCHEMA_DESCRIPTOR_ONLY;POSTRUN_ARTIFACT_INVENTORY_ABSENT;STRONGER_SPLIT_NOT_RELIABLY_DERIVABLE,,/Users/gss/Downloads/revised_agent_benchmark_paper_package/experiments/agentdojo_full_v1.2.2_direct/case_packets/agentdojo/v1.2.2_workspace_user_task_26_injection_task_13/case_packet.md
v1.2.2:workspace:user_task_27:injection_task_0,workspace,user_task_27,injection_task_0,通过,通过,通过,不通过,不通过,不通过,不通过,不通过,通过,不符合设计，必须重建packet后才能draft,OFFICIAL_SOURCE_CONTENT_NOT_MATERIALIZED;NATIVE_RUNNER_AND_AGGREGATION_NOT_IN_PACKET;STATE_SCHEMA_DESCRIPTOR_ONLY;POSTRUN_ARTIFACT_INVENTORY_ABSENT;STRONGER_SPLIT_NOT_RELIABLY_DERIVABLE;USER_EVALUATOR_HELPER_SOURCE_MISSING,用户 evaluator helper:list_is_in_string_or_set@agentdojo.default_suites.v1.workspace.user_tasks,/Users/gss/Downloads/revised_agent_benchmark_paper_package/experiments/agentdojo_full_v1.2.2_direct/case_packets/agentdojo/v1.2.2_workspace_user_task_27_injection_task_0/case_packet.md
v1.2.2:workspace:user_task_27:injection_task_1,workspace,user_task_27,injection_task_1,通过,通过,通过,不通过,不通过,不通过,不通过,不通过,通过,不符合设计，必须重建packet后才能draft,OFFICIAL_SOURCE_CONTENT_NOT_MATERIALIZED;NATIVE_RUNNER_AND_AGGREGATION_NOT_IN_PACKET;STATE_SCHEMA_DESCRIPTOR_ONLY;POSTRUN_ARTIFACT_INVENTORY_ABSENT;STRONGER_SPLIT_NOT_RELIABLY_DERIVABLE;USER_EVALUATOR_HELPER_SOURCE_MISSING,用户 evaluator helper:list_is_in_string_or_set@agentdojo.default_suites.v1.workspace.user_tasks,/Users/gss/Downloads/revised_agent_benchmark_paper_package/experiments/agentdojo_full_v1.2.2_direct/case_packets/agentdojo/v1.2.2_workspace_user_task_27_injection_task_1/case_packet.md
v1.2.2:workspace:user_task_27:injection_task_2,workspace,user_task_27,injection_task_2,通过,通过,通过,不通过,不通过,不通过,不通过,不通过,通过,不符合设计，必须重建packet后才能draft,OFFICIAL_SOURCE_CONTENT_NOT_MATERIALIZED;NATIVE_RUNNER_AND_AGGREGATION_NOT_IN_PACKET;STATE_SCHEMA_DESCRIPTOR_ONLY;POSTRUN_ARTIFACT_INVENTORY_ABSENT;STRONGER_SPLIT_NOT_RELIABLY_DERIVABLE;USER_EVALUATOR_HELPER_SOURCE_MISSING;INJECTION_EVALUATOR_HELPER_SOURCE_MISSING,用户 evaluator helper:list_is_in_string_or_set@agentdojo.default_suites.v1.workspace.user_tasks | 安全 evaluator helper:parse_datetime@agentdojo.default_suites.v1.workspace.user_tasks,/Users/gss/Downloads/revised_agent_benchmark_paper_package/experiments/agentdojo_full_v1.2.2_direct/case_packets/agentdojo/v1.2.2_workspace_user_task_27_injection_task_2/case_packet.md
v1.2.2:workspace:user_task_27:injection_task_3,workspace,user_task_27,injection_task_3,通过,通过,通过,不通过,不通过,不通过,不通过,不通过,通过,不符合设计，必须重建packet后才能draft,OFFICIAL_SOURCE_CONTENT_NOT_MATERIALIZED;NATIVE_RUNNER_AND_AGGREGATION_NOT_IN_PACKET;STATE_SCHEMA_DESCRIPTOR_ONLY;POSTRUN_ARTIFACT_INVENTORY_ABSENT;STRONGER_SPLIT_NOT_RELIABLY_DERIVABLE;USER_EVALUATOR_HELPER_SOURCE_MISSING,用户 evaluator helper:list_is_in_string_or_set@agentdojo.default_suites.v1.workspace.user_tasks,/Users/gss/Downloads/revised_agent_benchmark_paper_package/experiments/agentdojo_full_v1.2.2_direct/case_packets/agentdojo/v1.2.2_workspace_user_task_27_injection_task_3/case_packet.md
v1.2.2:workspace:user_task_27:injection_task_4,workspace,user_task_27,injection_task_4,通过,通过,通过,不通过,不通过,不通过,不通过,不通过,通过,不符合设计，必须重建packet后才能draft,OFFICIAL_SOURCE_CONTENT_NOT_MATERIALIZED;NATIVE_RUNNER_AND_AGGREGATION_NOT_IN_PACKET;STATE_SCHEMA_DESCRIPTOR_ONLY;POSTRUN_ARTIFACT_INVENTORY_ABSENT;STRONGER_SPLIT_NOT_RELIABLY_DERIVABLE;USER_EVALUATOR_HELPER_SOURCE_MISSING,用户 evaluator helper:list_is_in_string_or_set@agentdojo.default_suites.v1.workspace.user_tasks,/Users/gss/Downloads/revised_agent_benchmark_paper_package/experiments/agentdojo_full_v1.2.2_direct/case_packets/agentdojo/v1.2.2_workspace_user_task_27_injection_task_4/case_packet.md
v1.2.2:workspace:user_task_27:injection_task_5,workspace,user_task_27,injection_task_5,通过,通过,通过,不通过,不通过,不通过,不通过,不通过,通过,不符合设计，必须重建packet后才能draft,OFFICIAL_SOURCE_CONTENT_NOT_MATERIALIZED;NATIVE_RUNNER_AND_AGGREGATION_NOT_IN_PACKET;STATE_SCHEMA_DESCRIPTOR_ONLY;POSTRUN_ARTIFACT_INVENTORY_ABSENT;STRONGER_SPLIT_NOT_RELIABLY_DERIVABLE;USER_EVALUATOR_HELPER_SOURCE_MISSING,用户 evaluator helper:list_is_in_string_or_set@agentdojo.default_suites.v1.workspace.user_tasks,/Users/gss/Downloads/revised_agent_benchmark_paper_package/experiments/agentdojo_full_v1.2.2_direct/case_packets/agentdojo/v1.2.2_workspace_user_task_27_injection_task_5/case_packet.md
v1.2.2:workspace:user_task_27:injection_task_6,workspace,user_task_27,injection_task_6,通过,通过,通过,不通过,不通过,不通过,不通过,不通过,通过,不符合设计，必须重建packet后才能draft,OFFICIAL_SOURCE_CONTENT_NOT_MATERIALIZED;NATIVE_RUNNER_AND_AGGREGATION_NOT_IN_PACKET;STATE_SCHEMA_DESCRIPTOR_ONLY;POSTRUN_ARTIFACT_INVENTORY_ABSENT;STRONGER_SPLIT_NOT_RELIABLY_DERIVABLE;USER_EVALUATOR_HELPER_SOURCE_MISSING;INJECTION_EVALUATOR_HELPER_SOURCE_MISSING,用户 evaluator helper:list_is_in_string_or_set@agentdojo.default_suites.v1.workspace.user_tasks | 安全 evaluator helper:are_email_bodies_in_str@agentdojo.default_suites.v1_2.workspace.injection_tasks,/Users/gss/Downloads/revised_agent_benchmark_paper_package/experiments/agentdojo_full_v1.2.2_direct/case_packets/agentdojo/v1.2.2_workspace_user_task_27_injection_task_6/case_packet.md
v1.2.2:workspace:user_task_27:injection_task_7,workspace,user_task_27,injection_task_7,通过,通过,通过,不通过,不通过,不通过,不通过,不通过,通过,不符合设计，必须重建packet后才能draft,OFFICIAL_SOURCE_CONTENT_NOT_MATERIALIZED;NATIVE_RUNNER_AND_AGGREGATION_NOT_IN_PACKET;STATE_SCHEMA_DESCRIPTOR_ONLY;POSTRUN_ARTIFACT_INVENTORY_ABSENT;STRONGER_SPLIT_NOT_RELIABLY_DERIVABLE;USER_EVALUATOR_HELPER_SOURCE_MISSING;INJECTION_EVALUATOR_HELPER_SOURCE_MISSING,用户 evaluator helper:list_is_in_string_or_set@agentdojo.default_suites.v1.workspace.user_tasks | 安全 evaluator helper:are_email_bodies_in_str@agentdojo.default_suites.v1_2.workspace.injection_tasks,/Users/gss/Downloads/revised_agent_benchmark_paper_package/experiments/agentdojo_full_v1.2.2_direct/case_packets/agentdojo/v1.2.2_workspace_user_task_27_injection_task_7/case_packet.md
v1.2.2:workspace:user_task_27:injection_task_8,workspace,user_task_27,injection_task_8,通过,通过,通过,不通过,不通过,不通过,不通过,不通过,通过,不符合设计，必须重建packet后才能draft,OFFICIAL_SOURCE_CONTENT_NOT_MATERIALIZED;NATIVE_RUNNER_AND_AGGREGATION_NOT_IN_PACKET;STATE_SCHEMA_DESCRIPTOR_ONLY;POSTRUN_ARTIFACT_INVENTORY_ABSENT;STRONGER_SPLIT_NOT_RELIABLY_DERIVABLE;USER_EVALUATOR_HELPER_SOURCE_MISSING;INJECTION_EVALUATOR_HELPER_SOURCE_MISSING,用户 evaluator helper:list_is_in_string_or_set@agentdojo.default_suites.v1.workspace.user_tasks | 安全 evaluator helper:are_email_bodies_in_str@agentdojo.default_suites.v1_2.workspace.injection_tasks,/Users/gss/Downloads/revised_agent_benchmark_paper_package/experiments/agentdojo_full_v1.2.2_direct/case_packets/agentdojo/v1.2.2_workspace_user_task_27_injection_task_8/case_packet.md
v1.2.2:workspace:user_task_27:injection_task_9,workspace,user_task_27,injection_task_9,通过,通过,通过,不通过,不通过,不通过,不通过,不通过,通过,不符合设计，必须重建packet后才能draft,OFFICIAL_SOURCE_CONTENT_NOT_MATERIALIZED;NATIVE_RUNNER_AND_AGGREGATION_NOT_IN_PACKET;STATE_SCHEMA_DESCRIPTOR_ONLY;POSTRUN_ARTIFACT_INVENTORY_ABSENT;STRONGER_SPLIT_NOT_RELIABLY_DERIVABLE;USER_EVALUATOR_HELPER_SOURCE_MISSING;INJECTION_EVALUATOR_HELPER_SOURCE_MISSING,用户 evaluator helper:list_is_in_string_or_set@agentdojo.default_suites.v1.workspace.user_tasks | 安全 evaluator helper:are_email_bodies_in_str@agentdojo.default_suites.v1_2.workspace.injection_tasks,/Users/gss/Downloads/revised_agent_benchmark_paper_package/experiments/agentdojo_full_v1.2.2_direct/case_packets/agentdojo/v1.2.2_workspace_user_task_27_injection_task_9/case_packet.md
v1.2.2:workspace:user_task_27:injection_task_10,workspace,user_task_27,injection_task_10,通过,通过,通过,不通过,不通过,不通过,不通过,不通过,通过,不符合设计，必须重建packet后才能draft,OFFICIAL_SOURCE_CONTENT_NOT_MATERIALIZED;NATIVE_RUNNER_AND_AGGREGATION_NOT_IN_PACKET;STATE_SCHEMA_DESCRIPTOR_ONLY;POSTRUN_ARTIFACT_INVENTORY_ABSENT;STRONGER_SPLIT_NOT_RELIABLY_DERIVABLE;USER_EVALUATOR_HELPER_SOURCE_MISSING,用户 evaluator helper:list_is_in_string_or_set@agentdojo.default_suites.v1.workspace.user_tasks,/Users/gss/Downloads/revised_agent_benchmark_paper_package/experiments/agentdojo_full_v1.2.2_direct/case_packets/agentdojo/v1.2.2_workspace_user_task_27_injection_task_10/case_packet.md
v1.2.2:workspace:user_task_27:injection_task_11,workspace,user_task_27,injection_task_11,通过,通过,通过,不通过,不通过,不通过,不通过,不通过,通过,不符合设计，必须重建packet后才能draft,OFFICIAL_SOURCE_CONTENT_NOT_MATERIALIZED;NATIVE_RUNNER_AND_AGGREGATION_NOT_IN_PACKET;STATE_SCHEMA_DESCRIPTOR_ONLY;POSTRUN_ARTIFACT_INVENTORY_ABSENT;STRONGER_SPLIT_NOT_RELIABLY_DERIVABLE;USER_EVALUATOR_HELPER_SOURCE_MISSING,用户 evaluator helper:list_is_in_string_or_set@agentdojo.default_suites.v1.workspace.user_tasks,/Users/gss/Downloads/revised_agent_benchmark_paper_package/experiments/agentdojo_full_v1.2.2_direct/case_packets/agentdojo/v1.2.2_workspace_user_task_27_injection_task_11/case_packet.md
v1.2.2:workspace:user_task_27:injection_task_12,workspace,user_task_27,injection_task_12,通过,通过,通过,不通过,不通过,不通过,不通过,不通过,通过,不符合设计，必须重建packet后才能draft,OFFICIAL_SOURCE_CONTENT_NOT_MATERIALIZED;NATIVE_RUNNER_AND_AGGREGATION_NOT_IN_PACKET;STATE_SCHEMA_DESCRIPTOR_ONLY;POSTRUN_ARTIFACT_INVENTORY_ABSENT;STRONGER_SPLIT_NOT_RELIABLY_DERIVABLE;USER_EVALUATOR_HELPER_SOURCE_MISSING,用户 evaluator helper:list_is_in_string_or_set@agentdojo.default_suites.v1.workspace.user_tasks,/Users/gss/Downloads/revised_agent_benchmark_paper_package/experiments/agentdojo_full_v1.2.2_direct/case_packets/agentdojo/v1.2.2_workspace_user_task_27_injection_task_12/case_packet.md
v1.2.2:workspace:user_task_27:injection_task_13,workspace,user_task_27,injection_task_13,通过,通过,通过,不通过,不通过,不通过,不通过,不通过,通过,不符合设计，必须重建packet后才能draft,OFFICIAL_SOURCE_CONTENT_NOT_MATERIALIZED;NATIVE_RUNNER_AND_AGGREGATION_NOT_IN_PACKET;STATE_SCHEMA_DESCRIPTOR_ONLY;POSTRUN_ARTIFACT_INVENTORY_ABSENT;STRONGER_SPLIT_NOT_RELIABLY_DERIVABLE;USER_EVALUATOR_HELPER_SOURCE_MISSING,用户 evaluator helper:list_is_in_string_or_set@agentdojo.default_suites.v1.workspace.user_tasks,/Users/gss/Downloads/revised_agent_benchmark_paper_package/experiments/agentdojo_full_v1.2.2_direct/case_packets/agentdojo/v1.2.2_workspace_user_task_27_injection_task_13/case_packet.md
v1.2.2:workspace:user_task_28:injection_task_0,workspace,user_task_28,injection_task_0,通过,通过,通过,不通过,不通过,不通过,不通过,不通过,通过,不符合设计，必须重建packet后才能draft,OFFICIAL_SOURCE_CONTENT_NOT_MATERIALIZED;NATIVE_RUNNER_AND_AGGREGATION_NOT_IN_PACKET;STATE_SCHEMA_DESCRIPTOR_ONLY;POSTRUN_ARTIFACT_INVENTORY_ABSENT;STRONGER_SPLIT_NOT_RELIABLY_DERIVABLE;USER_EVALUATOR_HELPER_SOURCE_MISSING,用户 evaluator helper:list_is_in_string_or_set@agentdojo.default_suites.v1.workspace.user_tasks,/Users/gss/Downloads/revised_agent_benchmark_paper_package/experiments/agentdojo_full_v1.2.2_direct/case_packets/agentdojo/v1.2.2_workspace_user_task_28_injection_task_0/case_packet.md
v1.2.2:workspace:user_task_28:injection_task_1,workspace,user_task_28,injection_task_1,通过,通过,通过,不通过,不通过,不通过,不通过,不通过,通过,不符合设计，必须重建packet后才能draft,OFFICIAL_SOURCE_CONTENT_NOT_MATERIALIZED;NATIVE_RUNNER_AND_AGGREGATION_NOT_IN_PACKET;STATE_SCHEMA_DESCRIPTOR_ONLY;POSTRUN_ARTIFACT_INVENTORY_ABSENT;STRONGER_SPLIT_NOT_RELIABLY_DERIVABLE;USER_EVALUATOR_HELPER_SOURCE_MISSING,用户 evaluator helper:list_is_in_string_or_set@agentdojo.default_suites.v1.workspace.user_tasks,/Users/gss/Downloads/revised_agent_benchmark_paper_package/experiments/agentdojo_full_v1.2.2_direct/case_packets/agentdojo/v1.2.2_workspace_user_task_28_injection_task_1/case_packet.md
v1.2.2:workspace:user_task_28:injection_task_4,workspace,user_task_28,injection_task_4,通过,通过,通过,不通过,不通过,不通过,不通过,不通过,通过,不符合设计，必须重建packet后才能draft,OFFICIAL_SOURCE_CONTENT_NOT_MATERIALIZED;NATIVE_RUNNER_AND_AGGREGATION_NOT_IN_PACKET;STATE_SCHEMA_DESCRIPTOR_ONLY;POSTRUN_ARTIFACT_INVENTORY_ABSENT;STRONGER_SPLIT_NOT_RELIABLY_DERIVABLE;USER_EVALUATOR_HELPER_SOURCE_MISSING,用户 evaluator helper:list_is_in_string_or_set@agentdojo.default_suites.v1.workspace.user_tasks,/Users/gss/Downloads/revised_agent_benchmark_paper_package/experiments/agentdojo_full_v1.2.2_direct/case_packets/agentdojo/v1.2.2_workspace_user_task_28_injection_task_4/case_packet.md
v1.2.2:workspace:user_task_28:injection_task_5,workspace,user_task_28,injection_task_5,通过,通过,通过,不通过,不通过,不通过,不通过,不通过,通过,不符合设计，必须重建packet后才能draft,OFFICIAL_SOURCE_CONTENT_NOT_MATERIALIZED;NATIVE_RUNNER_AND_AGGREGATION_NOT_IN_PACKET;STATE_SCHEMA_DESCRIPTOR_ONLY;POSTRUN_ARTIFACT_INVENTORY_ABSENT;STRONGER_SPLIT_NOT_RELIABLY_DERIVABLE;USER_EVALUATOR_HELPER_SOURCE_MISSING,用户 evaluator helper:list_is_in_string_or_set@agentdojo.default_suites.v1.workspace.user_tasks,/Users/gss/Downloads/revised_agent_benchmark_paper_package/experiments/agentdojo_full_v1.2.2_direct/case_packets/agentdojo/v1.2.2_workspace_user_task_28_injection_task_5/case_packet.md
v1.2.2:workspace:user_task_28:injection_task_6,workspace,user_task_28,injection_task_6,通过,通过,通过,不通过,不通过,不通过,不通过,不通过,通过,不符合设计，必须重建packet后才能draft,OFFICIAL_SOURCE_CONTENT_NOT_MATERIALIZED;NATIVE_RUNNER_AND_AGGREGATION_NOT_IN_PACKET;STATE_SCHEMA_DESCRIPTOR_ONLY;POSTRUN_ARTIFACT_INVENTORY_ABSENT;STRONGER_SPLIT_NOT_RELIABLY_DERIVABLE;USER_EVALUATOR_HELPER_SOURCE_MISSING;INJECTION_EVALUATOR_HELPER_SOURCE_MISSING,用户 evaluator helper:list_is_in_string_or_set@agentdojo.default_suites.v1.workspace.user_tasks | 安全 evaluator helper:are_email_bodies_in_str@agentdojo.default_suites.v1_2.workspace.injection_tasks,/Users/gss/Downloads/revised_agent_benchmark_paper_package/experiments/agentdojo_full_v1.2.2_direct/case_packets/agentdojo/v1.2.2_workspace_user_task_28_injection_task_6/case_packet.md
v1.2.2:workspace:user_task_28:injection_task_7,workspace,user_task_28,injection_task_7,通过,通过,通过,不通过,不通过,不通过,不通过,不通过,通过,不符合设计，必须重建packet后才能draft,OFFICIAL_SOURCE_CONTENT_NOT_MATERIALIZED;NATIVE_RUNNER_AND_AGGREGATION_NOT_IN_PACKET;STATE_SCHEMA_DESCRIPTOR_ONLY;POSTRUN_ARTIFACT_INVENTORY_ABSENT;STRONGER_SPLIT_NOT_RELIABLY_DERIVABLE;USER_EVALUATOR_HELPER_SOURCE_MISSING;INJECTION_EVALUATOR_HELPER_SOURCE_MISSING,用户 evaluator helper:list_is_in_string_or_set@agentdojo.default_suites.v1.workspace.user_tasks | 安全 evaluator helper:are_email_bodies_in_str@agentdojo.default_suites.v1_2.workspace.injection_tasks,/Users/gss/Downloads/revised_agent_benchmark_paper_package/experiments/agentdojo_full_v1.2.2_direct/case_packets/agentdojo/v1.2.2_workspace_user_task_28_injection_task_7/case_packet.md
v1.2.2:workspace:user_task_28:injection_task_9,workspace,user_task_28,injection_task_9,通过,通过,通过,不通过,不通过,不通过,不通过,不通过,通过,不符合设计，必须重建packet后才能draft,OFFICIAL_SOURCE_CONTENT_NOT_MATERIALIZED;NATIVE_RUNNER_AND_AGGREGATION_NOT_IN_PACKET;STATE_SCHEMA_DESCRIPTOR_ONLY;POSTRUN_ARTIFACT_INVENTORY_ABSENT;STRONGER_SPLIT_NOT_RELIABLY_DERIVABLE;USER_EVALUATOR_HELPER_SOURCE_MISSING;INJECTION_EVALUATOR_HELPER_SOURCE_MISSING,用户 evaluator helper:list_is_in_string_or_set@agentdojo.default_suites.v1.workspace.user_tasks | 安全 evaluator helper:are_email_bodies_in_str@agentdojo.default_suites.v1_2.workspace.injection_tasks,/Users/gss/Downloads/revised_agent_benchmark_paper_package/experiments/agentdojo_full_v1.2.2_direct/case_packets/agentdojo/v1.2.2_workspace_user_task_28_injection_task_9/case_packet.md
v1.2.2:workspace:user_task_28:injection_task_10,workspace,user_task_28,injection_task_10,通过,通过,通过,不通过,不通过,不通过,不通过,不通过,通过,不符合设计，必须重建packet后才能draft,OFFICIAL_SOURCE_CONTENT_NOT_MATERIALIZED;NATIVE_RUNNER_AND_AGGREGATION_NOT_IN_PACKET;STATE_SCHEMA_DESCRIPTOR_ONLY;POSTRUN_ARTIFACT_INVENTORY_ABSENT;STRONGER_SPLIT_NOT_RELIABLY_DERIVABLE;USER_EVALUATOR_HELPER_SOURCE_MISSING,用户 evaluator helper:list_is_in_string_or_set@agentdojo.default_suites.v1.workspace.user_tasks,/Users/gss/Downloads/revised_agent_benchmark_paper_package/experiments/agentdojo_full_v1.2.2_direct/case_packets/agentdojo/v1.2.2_workspace_user_task_28_injection_task_10/case_packet.md
v1.2.2:workspace:user_task_28:injection_task_11,workspace,user_task_28,injection_task_11,通过,通过,通过,不通过,不通过,不通过,不通过,不通过,通过,不符合设计，必须重建packet后才能draft,OFFICIAL_SOURCE_CONTENT_NOT_MATERIALIZED;NATIVE_RUNNER_AND_AGGREGATION_NOT_IN_PACKET;STATE_SCHEMA_DESCRIPTOR_ONLY;POSTRUN_ARTIFACT_INVENTORY_ABSENT;STRONGER_SPLIT_NOT_RELIABLY_DERIVABLE;USER_EVALUATOR_HELPER_SOURCE_MISSING,用户 evaluator helper:list_is_in_string_or_set@agentdojo.default_suites.v1.workspace.user_tasks,/Users/gss/Downloads/revised_agent_benchmark_paper_package/experiments/agentdojo_full_v1.2.2_direct/case_packets/agentdojo/v1.2.2_workspace_user_task_28_injection_task_11/case_packet.md
v1.2.2:workspace:user_task_28:injection_task_12,workspace,user_task_28,injection_task_12,通过,通过,通过,不通过,不通过,不通过,不通过,不通过,通过,不符合设计，必须重建packet后才能draft,OFFICIAL_SOURCE_CONTENT_NOT_MATERIALIZED;NATIVE_RUNNER_AND_AGGREGATION_NOT_IN_PACKET;STATE_SCHEMA_DESCRIPTOR_ONLY;POSTRUN_ARTIFACT_INVENTORY_ABSENT;STRONGER_SPLIT_NOT_RELIABLY_DERIVABLE;USER_EVALUATOR_HELPER_SOURCE_MISSING,用户 evaluator helper:list_is_in_string_or_set@agentdojo.default_suites.v1.workspace.user_tasks,/Users/gss/Downloads/revised_agent_benchmark_paper_package/experiments/agentdojo_full_v1.2.2_direct/case_packets/agentdojo/v1.2.2_workspace_user_task_28_injection_task_12/case_packet.md
v1.2.2:workspace:user_task_28:injection_task_13,workspace,user_task_28,injection_task_13,通过,通过,通过,不通过,不通过,不通过,不通过,不通过,通过,不符合设计，必须重建packet后才能draft,OFFICIAL_SOURCE_CONTENT_NOT_MATERIALIZED;NATIVE_RUNNER_AND_AGGREGATION_NOT_IN_PACKET;STATE_SCHEMA_DESCRIPTOR_ONLY;POSTRUN_ARTIFACT_INVENTORY_ABSENT;STRONGER_SPLIT_NOT_RELIABLY_DERIVABLE;USER_EVALUATOR_HELPER_SOURCE_MISSING,用户 evaluator helper:list_is_in_string_or_set@agentdojo.default_suites.v1.workspace.user_tasks,/Users/gss/Downloads/revised_agent_benchmark_paper_package/experiments/agentdojo_full_v1.2.2_direct/case_packets/agentdojo/v1.2.2_workspace_user_task_28_injection_task_13/case_packet.md
v1.2.2:workspace:user_task_35:injection_task_1,workspace,user_task_35,injection_task_1,通过,通过,通过,不通过,不通过,不通过,类内方法可读但全局来源仍不完整,不通过,通过,不符合设计，必须重建packet后才能draft,OFFICIAL_SOURCE_CONTENT_NOT_MATERIALIZED;NATIVE_RUNNER_AND_AGGREGATION_NOT_IN_PACKET;STATE_SCHEMA_DESCRIPTOR_ONLY;POSTRUN_ARTIFACT_INVENTORY_ABSENT;STRONGER_SPLIT_NOT_RELIABLY_DERIVABLE,,/Users/gss/Downloads/revised_agent_benchmark_paper_package/experiments/agentdojo_full_v1.2.2_direct/case_packets/agentdojo/v1.2.2_workspace_user_task_35_injection_task_1/case_packet.md
v1.2.2:workspace:user_task_35:injection_task_3,workspace,user_task_35,injection_task_3,通过,通过,通过,不通过,不通过,不通过,类内方法可读但全局来源仍不完整,不通过,通过,不符合设计，必须重建packet后才能draft,OFFICIAL_SOURCE_CONTENT_NOT_MATERIALIZED;NATIVE_RUNNER_AND_AGGREGATION_NOT_IN_PACKET;STATE_SCHEMA_DESCRIPTOR_ONLY;POSTRUN_ARTIFACT_INVENTORY_ABSENT;STRONGER_SPLIT_NOT_RELIABLY_DERIVABLE,,/Users/gss/Downloads/revised_agent_benchmark_paper_package/experiments/agentdojo_full_v1.2.2_direct/case_packets/agentdojo/v1.2.2_workspace_user_task_35_injection_task_3/case_packet.md
v1.2.2:workspace:user_task_35:injection_task_4,workspace,user_task_35,injection_task_4,通过,通过,通过,不通过,不通过,不通过,类内方法可读但全局来源仍不完整,不通过,通过,不符合设计，必须重建packet后才能draft,OFFICIAL_SOURCE_CONTENT_NOT_MATERIALIZED;NATIVE_RUNNER_AND_AGGREGATION_NOT_IN_PACKET;STATE_SCHEMA_DESCRIPTOR_ONLY;POSTRUN_ARTIFACT_INVENTORY_ABSENT;STRONGER_SPLIT_NOT_RELIABLY_DERIVABLE,,/Users/gss/Downloads/revised_agent_benchmark_paper_package/experiments/agentdojo_full_v1.2.2_direct/case_packets/agentdojo/v1.2.2_workspace_user_task_35_injection_task_4/case_packet.md
v1.2.2:workspace:user_task_35:injection_task_5,workspace,user_task_35,injection_task_5,通过,通过,通过,不通过,不通过,不通过,类内方法可读但全局来源仍不完整,不通过,通过,不符合设计，必须重建packet后才能draft,OFFICIAL_SOURCE_CONTENT_NOT_MATERIALIZED;NATIVE_RUNNER_AND_AGGREGATION_NOT_IN_PACKET;STATE_SCHEMA_DESCRIPTOR_ONLY;POSTRUN_ARTIFACT_INVENTORY_ABSENT;STRONGER_SPLIT_NOT_RELIABLY_DERIVABLE,,/Users/gss/Downloads/revised_agent_benchmark_paper_package/experiments/agentdojo_full_v1.2.2_direct/case_packets/agentdojo/v1.2.2_workspace_user_task_35_injection_task_5/case_packet.md
v1.2.2:workspace:user_task_35:injection_task_6,workspace,user_task_35,injection_task_6,通过,通过,通过,不通过,不通过,不通过,不通过,不通过,通过,不符合设计，必须重建packet后才能draft,OFFICIAL_SOURCE_CONTENT_NOT_MATERIALIZED;NATIVE_RUNNER_AND_AGGREGATION_NOT_IN_PACKET;STATE_SCHEMA_DESCRIPTOR_ONLY;POSTRUN_ARTIFACT_INVENTORY_ABSENT;STRONGER_SPLIT_NOT_RELIABLY_DERIVABLE;INJECTION_EVALUATOR_HELPER_SOURCE_MISSING,安全 evaluator helper:are_email_bodies_in_str@agentdojo.default_suites.v1_2.workspace.injection_tasks,/Users/gss/Downloads/revised_agent_benchmark_paper_package/experiments/agentdojo_full_v1.2.2_direct/case_packets/agentdojo/v1.2.2_workspace_user_task_35_injection_task_6/case_packet.md
v1.2.2:workspace:user_task_35:injection_task_7,workspace,user_task_35,injection_task_7,通过,通过,通过,不通过,不通过,不通过,不通过,不通过,通过,不符合设计，必须重建packet后才能draft,OFFICIAL_SOURCE_CONTENT_NOT_MATERIALIZED;NATIVE_RUNNER_AND_AGGREGATION_NOT_IN_PACKET;STATE_SCHEMA_DESCRIPTOR_ONLY;POSTRUN_ARTIFACT_INVENTORY_ABSENT;STRONGER_SPLIT_NOT_RELIABLY_DERIVABLE;INJECTION_EVALUATOR_HELPER_SOURCE_MISSING,安全 evaluator helper:are_email_bodies_in_str@agentdojo.default_suites.v1_2.workspace.injection_tasks,/Users/gss/Downloads/revised_agent_benchmark_paper_package/experiments/agentdojo_full_v1.2.2_direct/case_packets/agentdojo/v1.2.2_workspace_user_task_35_injection_task_7/case_packet.md
v1.2.2:workspace:user_task_35:injection_task_9,workspace,user_task_35,injection_task_9,通过,通过,通过,不通过,不通过,不通过,不通过,不通过,通过,不符合设计，必须重建packet后才能draft,OFFICIAL_SOURCE_CONTENT_NOT_MATERIALIZED;NATIVE_RUNNER_AND_AGGREGATION_NOT_IN_PACKET;STATE_SCHEMA_DESCRIPTOR_ONLY;POSTRUN_ARTIFACT_INVENTORY_ABSENT;STRONGER_SPLIT_NOT_RELIABLY_DERIVABLE;INJECTION_EVALUATOR_HELPER_SOURCE_MISSING,安全 evaluator helper:are_email_bodies_in_str@agentdojo.default_suites.v1_2.workspace.injection_tasks,/Users/gss/Downloads/revised_agent_benchmark_paper_package/experiments/agentdojo_full_v1.2.2_direct/case_packets/agentdojo/v1.2.2_workspace_user_task_35_injection_task_9/case_packet.md
v1.2.2:workspace:user_task_35:injection_task_10,workspace,user_task_35,injection_task_10,通过,通过,通过,不通过,不通过,不通过,类内方法可读但全局来源仍不完整,不通过,通过,不符合设计，必须重建packet后才能draft,OFFICIAL_SOURCE_CONTENT_NOT_MATERIALIZED;NATIVE_RUNNER_AND_AGGREGATION_NOT_IN_PACKET;STATE_SCHEMA_DESCRIPTOR_ONLY;POSTRUN_ARTIFACT_INVENTORY_ABSENT;STRONGER_SPLIT_NOT_RELIABLY_DERIVABLE,,/Users/gss/Downloads/revised_agent_benchmark_paper_package/experiments/agentdojo_full_v1.2.2_direct/case_packets/agentdojo/v1.2.2_workspace_user_task_35_injection_task_10/case_packet.md
v1.2.2:workspace:user_task_35:injection_task_11,workspace,user_task_35,injection_task_11,通过,通过,通过,不通过,不通过,不通过,类内方法可读但全局来源仍不完整,不通过,通过,不符合设计，必须重建packet后才能draft,OFFICIAL_SOURCE_CONTENT_NOT_MATERIALIZED;NATIVE_RUNNER_AND_AGGREGATION_NOT_IN_PACKET;STATE_SCHEMA_DESCRIPTOR_ONLY;POSTRUN_ARTIFACT_INVENTORY_ABSENT;STRONGER_SPLIT_NOT_RELIABLY_DERIVABLE,,/Users/gss/Downloads/revised_agent_benchmark_paper_package/experiments/agentdojo_full_v1.2.2_direct/case_packets/agentdojo/v1.2.2_workspace_user_task_35_injection_task_11/case_packet.md
v1.2.2:workspace:user_task_35:injection_task_12,workspace,user_task_35,injection_task_12,通过,通过,通过,不通过,不通过,不通过,类内方法可读但全局来源仍不完整,不通过,通过,不符合设计，必须重建packet后才能draft,OFFICIAL_SOURCE_CONTENT_NOT_MATERIALIZED;NATIVE_RUNNER_AND_AGGREGATION_NOT_IN_PACKET;STATE_SCHEMA_DESCRIPTOR_ONLY;POSTRUN_ARTIFACT_INVENTORY_ABSENT;STRONGER_SPLIT_NOT_RELIABLY_DERIVABLE,,/Users/gss/Downloads/revised_agent_benchmark_paper_package/experiments/agentdojo_full_v1.2.2_direct/case_packets/agentdojo/v1.2.2_workspace_user_task_35_injection_task_12/case_packet.md
v1.2.2:workspace:user_task_35:injection_task_13,workspace,user_task_35,injection_task_13,通过,通过,通过,不通过,不通过,不通过,类内方法可读但全局来源仍不完整,不通过,通过,不符合设计，必须重建packet后才能draft,OFFICIAL_SOURCE_CONTENT_NOT_MATERIALIZED;NATIVE_RUNNER_AND_AGGREGATION_NOT_IN_PACKET;STATE_SCHEMA_DESCRIPTOR_ONLY;POSTRUN_ARTIFACT_INVENTORY_ABSENT;STRONGER_SPLIT_NOT_RELIABLY_DERIVABLE,,/Users/gss/Downloads/revised_agent_benchmark_paper_package/experiments/agentdojo_full_v1.2.2_direct/case_packets/agentdojo/v1.2.2_workspace_user_task_35_injection_task_13/case_packet.md
v1.2.2:workspace:user_task_29:injection_task_0,workspace,user_task_29,injection_task_0,通过,通过,通过,不通过,不通过,不通过,不通过,不通过,通过,不符合设计，必须重建packet后才能draft,OFFICIAL_SOURCE_CONTENT_NOT_MATERIALIZED;NATIVE_RUNNER_AND_AGGREGATION_NOT_IN_PACKET;STATE_SCHEMA_DESCRIPTOR_ONLY;POSTRUN_ARTIFACT_INVENTORY_ABSENT;STRONGER_SPLIT_NOT_RELIABLY_DERIVABLE;USER_EVALUATOR_HELPER_SOURCE_MISSING,用户 evaluator helper:check_added_to_file@agentdojo.default_suites.v1.workspace.user_tasks,/Users/gss/Downloads/revised_agent_benchmark_paper_package/experiments/agentdojo_full_v1.2.2_direct/case_packets/agentdojo/v1.2.2_workspace_user_task_29_injection_task_0/case_packet.md
v1.2.2:workspace:user_task_29:injection_task_3,workspace,user_task_29,injection_task_3,通过,通过,通过,不通过,不通过,不通过,不通过,不通过,通过,不符合设计，必须重建packet后才能draft,OFFICIAL_SOURCE_CONTENT_NOT_MATERIALIZED;NATIVE_RUNNER_AND_AGGREGATION_NOT_IN_PACKET;STATE_SCHEMA_DESCRIPTOR_ONLY;POSTRUN_ARTIFACT_INVENTORY_ABSENT;STRONGER_SPLIT_NOT_RELIABLY_DERIVABLE;USER_EVALUATOR_HELPER_SOURCE_MISSING,用户 evaluator helper:check_added_to_file@agentdojo.default_suites.v1.workspace.user_tasks,/Users/gss/Downloads/revised_agent_benchmark_paper_package/experiments/agentdojo_full_v1.2.2_direct/case_packets/agentdojo/v1.2.2_workspace_user_task_29_injection_task_3/case_packet.md
v1.2.2:workspace:user_task_29:injection_task_4,workspace,user_task_29,injection_task_4,通过,通过,通过,不通过,不通过,不通过,不通过,不通过,通过,不符合设计，必须重建packet后才能draft,OFFICIAL_SOURCE_CONTENT_NOT_MATERIALIZED;NATIVE_RUNNER_AND_AGGREGATION_NOT_IN_PACKET;STATE_SCHEMA_DESCRIPTOR_ONLY;POSTRUN_ARTIFACT_INVENTORY_ABSENT;STRONGER_SPLIT_NOT_RELIABLY_DERIVABLE;USER_EVALUATOR_HELPER_SOURCE_MISSING,用户 evaluator helper:check_added_to_file@agentdojo.default_suites.v1.workspace.user_tasks,/Users/gss/Downloads/revised_agent_benchmark_paper_package/experiments/agentdojo_full_v1.2.2_direct/case_packets/agentdojo/v1.2.2_workspace_user_task_29_injection_task_4/case_packet.md
v1.2.2:workspace:user_task_29:injection_task_5,workspace,user_task_29,injection_task_5,通过,通过,通过,不通过,不通过,不通过,不通过,不通过,通过,不符合设计，必须重建packet后才能draft,OFFICIAL_SOURCE_CONTENT_NOT_MATERIALIZED;NATIVE_RUNNER_AND_AGGREGATION_NOT_IN_PACKET;STATE_SCHEMA_DESCRIPTOR_ONLY;POSTRUN_ARTIFACT_INVENTORY_ABSENT;STRONGER_SPLIT_NOT_RELIABLY_DERIVABLE;USER_EVALUATOR_HELPER_SOURCE_MISSING,用户 evaluator helper:check_added_to_file@agentdojo.default_suites.v1.workspace.user_tasks,/Users/gss/Downloads/revised_agent_benchmark_paper_package/experiments/agentdojo_full_v1.2.2_direct/case_packets/agentdojo/v1.2.2_workspace_user_task_29_injection_task_5/case_packet.md
v1.2.2:workspace:user_task_29:injection_task_6,workspace,user_task_29,injection_task_6,通过,通过,通过,不通过,不通过,不通过,不通过,不通过,通过,不符合设计，必须重建packet后才能draft,OFFICIAL_SOURCE_CONTENT_NOT_MATERIALIZED;NATIVE_RUNNER_AND_AGGREGATION_NOT_IN_PACKET;STATE_SCHEMA_DESCRIPTOR_ONLY;POSTRUN_ARTIFACT_INVENTORY_ABSENT;STRONGER_SPLIT_NOT_RELIABLY_DERIVABLE;USER_EVALUATOR_HELPER_SOURCE_MISSING;INJECTION_EVALUATOR_HELPER_SOURCE_MISSING,用户 evaluator helper:check_added_to_file@agentdojo.default_suites.v1.workspace.user_tasks | 安全 evaluator helper:are_email_bodies_in_str@agentdojo.default_suites.v1_2.workspace.injection_tasks,/Users/gss/Downloads/revised_agent_benchmark_paper_package/experiments/agentdojo_full_v1.2.2_direct/case_packets/agentdojo/v1.2.2_workspace_user_task_29_injection_task_6/case_packet.md
v1.2.2:workspace:user_task_29:injection_task_7,workspace,user_task_29,injection_task_7,通过,通过,通过,不通过,不通过,不通过,不通过,不通过,通过,不符合设计，必须重建packet后才能draft,OFFICIAL_SOURCE_CONTENT_NOT_MATERIALIZED;NATIVE_RUNNER_AND_AGGREGATION_NOT_IN_PACKET;STATE_SCHEMA_DESCRIPTOR_ONLY;POSTRUN_ARTIFACT_INVENTORY_ABSENT;STRONGER_SPLIT_NOT_RELIABLY_DERIVABLE;USER_EVALUATOR_HELPER_SOURCE_MISSING;INJECTION_EVALUATOR_HELPER_SOURCE_MISSING,用户 evaluator helper:check_added_to_file@agentdojo.default_suites.v1.workspace.user_tasks | 安全 evaluator helper:are_email_bodies_in_str@agentdojo.default_suites.v1_2.workspace.injection_tasks,/Users/gss/Downloads/revised_agent_benchmark_paper_package/experiments/agentdojo_full_v1.2.2_direct/case_packets/agentdojo/v1.2.2_workspace_user_task_29_injection_task_7/case_packet.md
v1.2.2:workspace:user_task_29:injection_task_8,workspace,user_task_29,injection_task_8,通过,通过,通过,不通过,不通过,不通过,不通过,不通过,通过,不符合设计，必须重建packet后才能draft,OFFICIAL_SOURCE_CONTENT_NOT_MATERIALIZED;NATIVE_RUNNER_AND_AGGREGATION_NOT_IN_PACKET;STATE_SCHEMA_DESCRIPTOR_ONLY;POSTRUN_ARTIFACT_INVENTORY_ABSENT;STRONGER_SPLIT_NOT_RELIABLY_DERIVABLE;USER_EVALUATOR_HELPER_SOURCE_MISSING;INJECTION_EVALUATOR_HELPER_SOURCE_MISSING,用户 evaluator helper:check_added_to_file@agentdojo.default_suites.v1.workspace.user_tasks | 安全 evaluator helper:are_email_bodies_in_str@agentdojo.default_suites.v1_2.workspace.injection_tasks,/Users/gss/Downloads/revised_agent_benchmark_paper_package/experiments/agentdojo_full_v1.2.2_direct/case_packets/agentdojo/v1.2.2_workspace_user_task_29_injection_task_8/case_packet.md
v1.2.2:workspace:user_task_29:injection_task_9,workspace,user_task_29,injection_task_9,通过,通过,通过,不通过,不通过,不通过,不通过,不通过,通过,不符合设计，必须重建packet后才能draft,OFFICIAL_SOURCE_CONTENT_NOT_MATERIALIZED;NATIVE_RUNNER_AND_AGGREGATION_NOT_IN_PACKET;STATE_SCHEMA_DESCRIPTOR_ONLY;POSTRUN_ARTIFACT_INVENTORY_ABSENT;STRONGER_SPLIT_NOT_RELIABLY_DERIVABLE;USER_EVALUATOR_HELPER_SOURCE_MISSING;INJECTION_EVALUATOR_HELPER_SOURCE_MISSING,用户 evaluator helper:check_added_to_file@agentdojo.default_suites.v1.workspace.user_tasks | 安全 evaluator helper:are_email_bodies_in_str@agentdojo.default_suites.v1_2.workspace.injection_tasks,/Users/gss/Downloads/revised_agent_benchmark_paper_package/experiments/agentdojo_full_v1.2.2_direct/case_packets/agentdojo/v1.2.2_workspace_user_task_29_injection_task_9/case_packet.md
v1.2.2:workspace:user_task_29:injection_task_11,workspace,user_task_29,injection_task_11,通过,通过,通过,不通过,不通过,不通过,不通过,不通过,通过,不符合设计，必须重建packet后才能draft,OFFICIAL_SOURCE_CONTENT_NOT_MATERIALIZED;NATIVE_RUNNER_AND_AGGREGATION_NOT_IN_PACKET;STATE_SCHEMA_DESCRIPTOR_ONLY;POSTRUN_ARTIFACT_INVENTORY_ABSENT;STRONGER_SPLIT_NOT_RELIABLY_DERIVABLE;USER_EVALUATOR_HELPER_SOURCE_MISSING,用户 evaluator helper:check_added_to_file@agentdojo.default_suites.v1.workspace.user_tasks,/Users/gss/Downloads/revised_agent_benchmark_paper_package/experiments/agentdojo_full_v1.2.2_direct/case_packets/agentdojo/v1.2.2_workspace_user_task_29_injection_task_11/case_packet.md
v1.2.2:workspace:user_task_29:injection_task_12,workspace,user_task_29,injection_task_12,通过,通过,通过,不通过,不通过,不通过,不通过,不通过,通过,不符合设计，必须重建packet后才能draft,OFFICIAL_SOURCE_CONTENT_NOT_MATERIALIZED;NATIVE_RUNNER_AND_AGGREGATION_NOT_IN_PACKET;STATE_SCHEMA_DESCRIPTOR_ONLY;POSTRUN_ARTIFACT_INVENTORY_ABSENT;STRONGER_SPLIT_NOT_RELIABLY_DERIVABLE;USER_EVALUATOR_HELPER_SOURCE_MISSING,用户 evaluator helper:check_added_to_file@agentdojo.default_suites.v1.workspace.user_tasks,/Users/gss/Downloads/revised_agent_benchmark_paper_package/experiments/agentdojo_full_v1.2.2_direct/case_packets/agentdojo/v1.2.2_workspace_user_task_29_injection_task_12/case_packet.md
v1.2.2:workspace:user_task_29:injection_task_13,workspace,user_task_29,injection_task_13,通过,通过,通过,不通过,不通过,不通过,不通过,不通过,通过,不符合设计，必须重建packet后才能draft,OFFICIAL_SOURCE_CONTENT_NOT_MATERIALIZED;NATIVE_RUNNER_AND_AGGREGATION_NOT_IN_PACKET;STATE_SCHEMA_DESCRIPTOR_ONLY;POSTRUN_ARTIFACT_INVENTORY_ABSENT;STRONGER_SPLIT_NOT_RELIABLY_DERIVABLE;USER_EVALUATOR_HELPER_SOURCE_MISSING,用户 evaluator helper:check_added_to_file@agentdojo.default_suites.v1.workspace.user_tasks,/Users/gss/Downloads/revised_agent_benchmark_paper_package/experiments/agentdojo_full_v1.2.2_direct/case_packets/agentdojo/v1.2.2_workspace_user_task_29_injection_task_13/case_packet.md
v1.2.2:workspace:user_task_30:injection_task_0,workspace,user_task_30,injection_task_0,通过,通过,通过,不通过,不通过,不通过,类内方法可读但全局来源仍不完整,不通过,通过,不符合设计，必须重建packet后才能draft,OFFICIAL_SOURCE_CONTENT_NOT_MATERIALIZED;NATIVE_RUNNER_AND_AGGREGATION_NOT_IN_PACKET;STATE_SCHEMA_DESCRIPTOR_ONLY;POSTRUN_ARTIFACT_INVENTORY_ABSENT;STRONGER_SPLIT_NOT_RELIABLY_DERIVABLE,,/Users/gss/Downloads/revised_agent_benchmark_paper_package/experiments/agentdojo_full_v1.2.2_direct/case_packets/agentdojo/v1.2.2_workspace_user_task_30_injection_task_0/case_packet.md
v1.2.2:workspace:user_task_30:injection_task_1,workspace,user_task_30,injection_task_1,通过,通过,通过,不通过,不通过,不通过,类内方法可读但全局来源仍不完整,不通过,通过,不符合设计，必须重建packet后才能draft,OFFICIAL_SOURCE_CONTENT_NOT_MATERIALIZED;NATIVE_RUNNER_AND_AGGREGATION_NOT_IN_PACKET;STATE_SCHEMA_DESCRIPTOR_ONLY;POSTRUN_ARTIFACT_INVENTORY_ABSENT;STRONGER_SPLIT_NOT_RELIABLY_DERIVABLE,,/Users/gss/Downloads/revised_agent_benchmark_paper_package/experiments/agentdojo_full_v1.2.2_direct/case_packets/agentdojo/v1.2.2_workspace_user_task_30_injection_task_1/case_packet.md
v1.2.2:workspace:user_task_30:injection_task_2,workspace,user_task_30,injection_task_2,通过,通过,通过,不通过,不通过,不通过,不通过,不通过,通过,不符合设计，必须重建packet后才能draft,OFFICIAL_SOURCE_CONTENT_NOT_MATERIALIZED;NATIVE_RUNNER_AND_AGGREGATION_NOT_IN_PACKET;STATE_SCHEMA_DESCRIPTOR_ONLY;POSTRUN_ARTIFACT_INVENTORY_ABSENT;STRONGER_SPLIT_NOT_RELIABLY_DERIVABLE;INJECTION_EVALUATOR_HELPER_SOURCE_MISSING,安全 evaluator helper:parse_datetime@agentdojo.default_suites.v1.workspace.user_tasks,/Users/gss/Downloads/revised_agent_benchmark_paper_package/experiments/agentdojo_full_v1.2.2_direct/case_packets/agentdojo/v1.2.2_workspace_user_task_30_injection_task_2/case_packet.md
v1.2.2:workspace:user_task_30:injection_task_4,workspace,user_task_30,injection_task_4,通过,通过,通过,不通过,不通过,不通过,类内方法可读但全局来源仍不完整,不通过,通过,不符合设计，必须重建packet后才能draft,OFFICIAL_SOURCE_CONTENT_NOT_MATERIALIZED;NATIVE_RUNNER_AND_AGGREGATION_NOT_IN_PACKET;STATE_SCHEMA_DESCRIPTOR_ONLY;POSTRUN_ARTIFACT_INVENTORY_ABSENT;STRONGER_SPLIT_NOT_RELIABLY_DERIVABLE,,/Users/gss/Downloads/revised_agent_benchmark_paper_package/experiments/agentdojo_full_v1.2.2_direct/case_packets/agentdojo/v1.2.2_workspace_user_task_30_injection_task_4/case_packet.md
v1.2.2:workspace:user_task_30:injection_task_5,workspace,user_task_30,injection_task_5,通过,通过,通过,不通过,不通过,不通过,类内方法可读但全局来源仍不完整,不通过,通过,不符合设计，必须重建packet后才能draft,OFFICIAL_SOURCE_CONTENT_NOT_MATERIALIZED;NATIVE_RUNNER_AND_AGGREGATION_NOT_IN_PACKET;STATE_SCHEMA_DESCRIPTOR_ONLY;POSTRUN_ARTIFACT_INVENTORY_ABSENT;STRONGER_SPLIT_NOT_RELIABLY_DERIVABLE,,/Users/gss/Downloads/revised_agent_benchmark_paper_package/experiments/agentdojo_full_v1.2.2_direct/case_packets/agentdojo/v1.2.2_workspace_user_task_30_injection_task_5/case_packet.md
v1.2.2:workspace:user_task_30:injection_task_6,workspace,user_task_30,injection_task_6,通过,通过,通过,不通过,不通过,不通过,不通过,不通过,通过,不符合设计，必须重建packet后才能draft,OFFICIAL_SOURCE_CONTENT_NOT_MATERIALIZED;NATIVE_RUNNER_AND_AGGREGATION_NOT_IN_PACKET;STATE_SCHEMA_DESCRIPTOR_ONLY;POSTRUN_ARTIFACT_INVENTORY_ABSENT;STRONGER_SPLIT_NOT_RELIABLY_DERIVABLE;INJECTION_EVALUATOR_HELPER_SOURCE_MISSING,安全 evaluator helper:are_email_bodies_in_str@agentdojo.default_suites.v1_2.workspace.injection_tasks,/Users/gss/Downloads/revised_agent_benchmark_paper_package/experiments/agentdojo_full_v1.2.2_direct/case_packets/agentdojo/v1.2.2_workspace_user_task_30_injection_task_6/case_packet.md
v1.2.2:workspace:user_task_30:injection_task_8,workspace,user_task_30,injection_task_8,通过,通过,通过,不通过,不通过,不通过,不通过,不通过,通过,不符合设计，必须重建packet后才能draft,OFFICIAL_SOURCE_CONTENT_NOT_MATERIALIZED;NATIVE_RUNNER_AND_AGGREGATION_NOT_IN_PACKET;STATE_SCHEMA_DESCRIPTOR_ONLY;POSTRUN_ARTIFACT_INVENTORY_ABSENT;STRONGER_SPLIT_NOT_RELIABLY_DERIVABLE;INJECTION_EVALUATOR_HELPER_SOURCE_MISSING,安全 evaluator helper:are_email_bodies_in_str@agentdojo.default_suites.v1_2.workspace.injection_tasks,/Users/gss/Downloads/revised_agent_benchmark_paper_package/experiments/agentdojo_full_v1.2.2_direct/case_packets/agentdojo/v1.2.2_workspace_user_task_30_injection_task_8/case_packet.md
v1.2.2:workspace:user_task_30:injection_task_9,workspace,user_task_30,injection_task_9,通过,通过,通过,不通过,不通过,不通过,不通过,不通过,通过,不符合设计，必须重建packet后才能draft,OFFICIAL_SOURCE_CONTENT_NOT_MATERIALIZED;NATIVE_RUNNER_AND_AGGREGATION_NOT_IN_PACKET;STATE_SCHEMA_DESCRIPTOR_ONLY;POSTRUN_ARTIFACT_INVENTORY_ABSENT;STRONGER_SPLIT_NOT_RELIABLY_DERIVABLE;INJECTION_EVALUATOR_HELPER_SOURCE_MISSING,安全 evaluator helper:are_email_bodies_in_str@agentdojo.default_suites.v1_2.workspace.injection_tasks,/Users/gss/Downloads/revised_agent_benchmark_paper_package/experiments/agentdojo_full_v1.2.2_direct/case_packets/agentdojo/v1.2.2_workspace_user_task_30_injection_task_9/case_packet.md
v1.2.2:workspace:user_task_30:injection_task_10,workspace,user_task_30,injection_task_10,通过,通过,通过,不通过,不通过,不通过,类内方法可读但全局来源仍不完整,不通过,通过,不符合设计，必须重建packet后才能draft,OFFICIAL_SOURCE_CONTENT_NOT_MATERIALIZED;NATIVE_RUNNER_AND_AGGREGATION_NOT_IN_PACKET;STATE_SCHEMA_DESCRIPTOR_ONLY;POSTRUN_ARTIFACT_INVENTORY_ABSENT;STRONGER_SPLIT_NOT_RELIABLY_DERIVABLE,,/Users/gss/Downloads/revised_agent_benchmark_paper_package/experiments/agentdojo_full_v1.2.2_direct/case_packets/agentdojo/v1.2.2_workspace_user_task_30_injection_task_10/case_packet.md
v1.2.2:workspace:user_task_30:injection_task_11,workspace,user_task_30,injection_task_11,通过,通过,通过,不通过,不通过,不通过,类内方法可读但全局来源仍不完整,不通过,通过,不符合设计，必须重建packet后才能draft,OFFICIAL_SOURCE_CONTENT_NOT_MATERIALIZED;NATIVE_RUNNER_AND_AGGREGATION_NOT_IN_PACKET;STATE_SCHEMA_DESCRIPTOR_ONLY;POSTRUN_ARTIFACT_INVENTORY_ABSENT;STRONGER_SPLIT_NOT_RELIABLY_DERIVABLE,,/Users/gss/Downloads/revised_agent_benchmark_paper_package/experiments/agentdojo_full_v1.2.2_direct/case_packets/agentdojo/v1.2.2_workspace_user_task_30_injection_task_11/case_packet.md
v1.2.2:workspace:user_task_30:injection_task_12,workspace,user_task_30,injection_task_12,通过,通过,通过,不通过,不通过,不通过,类内方法可读但全局来源仍不完整,不通过,通过,不符合设计，必须重建packet后才能draft,OFFICIAL_SOURCE_CONTENT_NOT_MATERIALIZED;NATIVE_RUNNER_AND_AGGREGATION_NOT_IN_PACKET;STATE_SCHEMA_DESCRIPTOR_ONLY;POSTRUN_ARTIFACT_INVENTORY_ABSENT;STRONGER_SPLIT_NOT_RELIABLY_DERIVABLE,,/Users/gss/Downloads/revised_agent_benchmark_paper_package/experiments/agentdojo_full_v1.2.2_direct/case_packets/agentdojo/v1.2.2_workspace_user_task_30_injection_task_12/case_packet.md
v1.2.2:workspace:user_task_30:injection_task_13,workspace,user_task_30,injection_task_13,通过,通过,通过,不通过,不通过,不通过,类内方法可读但全局来源仍不完整,不通过,通过,不符合设计，必须重建packet后才能draft,OFFICIAL_SOURCE_CONTENT_NOT_MATERIALIZED;NATIVE_RUNNER_AND_AGGREGATION_NOT_IN_PACKET;STATE_SCHEMA_DESCRIPTOR_ONLY;POSTRUN_ARTIFACT_INVENTORY_ABSENT;STRONGER_SPLIT_NOT_RELIABLY_DERIVABLE,,/Users/gss/Downloads/revised_agent_benchmark_paper_package/experiments/agentdojo_full_v1.2.2_direct/case_packets/agentdojo/v1.2.2_workspace_user_task_30_injection_task_13/case_packet.md
v1.2.2:workspace:user_task_31:injection_task_0,workspace,user_task_31,injection_task_0,通过,通过,通过,不通过,不通过,不通过,不通过,不通过,通过,不符合设计，必须重建packet后才能draft,OFFICIAL_SOURCE_CONTENT_NOT_MATERIALIZED;NATIVE_RUNNER_AND_AGGREGATION_NOT_IN_PACKET;STATE_SCHEMA_DESCRIPTOR_ONLY;POSTRUN_ARTIFACT_INVENTORY_ABSENT;STRONGER_SPLIT_NOT_RELIABLY_DERIVABLE;USER_EVALUATOR_HELPER_SOURCE_MISSING,"用户 evaluator helper:check_new_file@agentdojo.default_suites.v1_2.workspace.user_tasks,list_is_in_string_or_set@agentdojo.default_suites.v1.workspace.user_tasks",/Users/gss/Downloads/revised_agent_benchmark_paper_package/experiments/agentdojo_full_v1.2.2_direct/case_packets/agentdojo/v1.2.2_workspace_user_task_31_injection_task_0/case_packet.md
v1.2.2:workspace:user_task_31:injection_task_1,workspace,user_task_31,injection_task_1,通过,通过,通过,不通过,不通过,不通过,不通过,不通过,通过,不符合设计，必须重建packet后才能draft,OFFICIAL_SOURCE_CONTENT_NOT_MATERIALIZED;NATIVE_RUNNER_AND_AGGREGATION_NOT_IN_PACKET;STATE_SCHEMA_DESCRIPTOR_ONLY;POSTRUN_ARTIFACT_INVENTORY_ABSENT;STRONGER_SPLIT_NOT_RELIABLY_DERIVABLE;USER_EVALUATOR_HELPER_SOURCE_MISSING,"用户 evaluator helper:check_new_file@agentdojo.default_suites.v1_2.workspace.user_tasks,list_is_in_string_or_set@agentdojo.default_suites.v1.workspace.user_tasks",/Users/gss/Downloads/revised_agent_benchmark_paper_package/experiments/agentdojo_full_v1.2.2_direct/case_packets/agentdojo/v1.2.2_workspace_user_task_31_injection_task_1/case_packet.md
v1.2.2:workspace:user_task_31:injection_task_2,workspace,user_task_31,injection_task_2,通过,通过,通过,不通过,不通过,不通过,不通过,不通过,通过,不符合设计，必须重建packet后才能draft,OFFICIAL_SOURCE_CONTENT_NOT_MATERIALIZED;NATIVE_RUNNER_AND_AGGREGATION_NOT_IN_PACKET;STATE_SCHEMA_DESCRIPTOR_ONLY;POSTRUN_ARTIFACT_INVENTORY_ABSENT;STRONGER_SPLIT_NOT_RELIABLY_DERIVABLE;USER_EVALUATOR_HELPER_SOURCE_MISSING;INJECTION_EVALUATOR_HELPER_SOURCE_MISSING,"用户 evaluator helper:check_new_file@agentdojo.default_suites.v1_2.workspace.user_tasks,list_is_in_string_or_set@agentdojo.default_suites.v1.workspace.user_tasks | 安全 evaluator helper:parse_datetime@agentdojo.default_suites.v1.workspace.user_tasks",/Users/gss/Downloads/revised_agent_benchmark_paper_package/experiments/agentdojo_full_v1.2.2_direct/case_packets/agentdojo/v1.2.2_workspace_user_task_31_injection_task_2/case_packet.md
v1.2.2:workspace:user_task_31:injection_task_4,workspace,user_task_31,injection_task_4,通过,通过,通过,不通过,不通过,不通过,不通过,不通过,通过,不符合设计，必须重建packet后才能draft,OFFICIAL_SOURCE_CONTENT_NOT_MATERIALIZED;NATIVE_RUNNER_AND_AGGREGATION_NOT_IN_PACKET;STATE_SCHEMA_DESCRIPTOR_ONLY;POSTRUN_ARTIFACT_INVENTORY_ABSENT;STRONGER_SPLIT_NOT_RELIABLY_DERIVABLE;USER_EVALUATOR_HELPER_SOURCE_MISSING,"用户 evaluator helper:check_new_file@agentdojo.default_suites.v1_2.workspace.user_tasks,list_is_in_string_or_set@agentdojo.default_suites.v1.workspace.user_tasks",/Users/gss/Downloads/revised_agent_benchmark_paper_package/experiments/agentdojo_full_v1.2.2_direct/case_packets/agentdojo/v1.2.2_workspace_user_task_31_injection_task_4/case_packet.md
v1.2.2:workspace:user_task_31:injection_task_5,workspace,user_task_31,injection_task_5,通过,通过,通过,不通过,不通过,不通过,不通过,不通过,通过,不符合设计，必须重建packet后才能draft,OFFICIAL_SOURCE_CONTENT_NOT_MATERIALIZED;NATIVE_RUNNER_AND_AGGREGATION_NOT_IN_PACKET;STATE_SCHEMA_DESCRIPTOR_ONLY;POSTRUN_ARTIFACT_INVENTORY_ABSENT;STRONGER_SPLIT_NOT_RELIABLY_DERIVABLE;USER_EVALUATOR_HELPER_SOURCE_MISSING,"用户 evaluator helper:check_new_file@agentdojo.default_suites.v1_2.workspace.user_tasks,list_is_in_string_or_set@agentdojo.default_suites.v1.workspace.user_tasks",/Users/gss/Downloads/revised_agent_benchmark_paper_package/experiments/agentdojo_full_v1.2.2_direct/case_packets/agentdojo/v1.2.2_workspace_user_task_31_injection_task_5/case_packet.md
v1.2.2:workspace:user_task_31:injection_task_6,workspace,user_task_31,injection_task_6,通过,通过,通过,不通过,不通过,不通过,不通过,不通过,通过,不符合设计，必须重建packet后才能draft,OFFICIAL_SOURCE_CONTENT_NOT_MATERIALIZED;NATIVE_RUNNER_AND_AGGREGATION_NOT_IN_PACKET;STATE_SCHEMA_DESCRIPTOR_ONLY;POSTRUN_ARTIFACT_INVENTORY_ABSENT;STRONGER_SPLIT_NOT_RELIABLY_DERIVABLE;USER_EVALUATOR_HELPER_SOURCE_MISSING;INJECTION_EVALUATOR_HELPER_SOURCE_MISSING,"用户 evaluator helper:check_new_file@agentdojo.default_suites.v1_2.workspace.user_tasks,list_is_in_string_or_set@agentdojo.default_suites.v1.workspace.user_tasks | 安全 evaluator helper:are_email_bodies_in_str@agentdojo.default_suites.v1_2.workspace.injection_tasks",/Users/gss/Downloads/revised_agent_benchmark_paper_package/experiments/agentdojo_full_v1.2.2_direct/case_packets/agentdojo/v1.2.2_workspace_user_task_31_injection_task_6/case_packet.md
v1.2.2:workspace:user_task_31:injection_task_7,workspace,user_task_31,injection_task_7,通过,通过,通过,不通过,不通过,不通过,不通过,不通过,通过,不符合设计，必须重建packet后才能draft,OFFICIAL_SOURCE_CONTENT_NOT_MATERIALIZED;NATIVE_RUNNER_AND_AGGREGATION_NOT_IN_PACKET;STATE_SCHEMA_DESCRIPTOR_ONLY;POSTRUN_ARTIFACT_INVENTORY_ABSENT;STRONGER_SPLIT_NOT_RELIABLY_DERIVABLE;USER_EVALUATOR_HELPER_SOURCE_MISSING;INJECTION_EVALUATOR_HELPER_SOURCE_MISSING,"用户 evaluator helper:check_new_file@agentdojo.default_suites.v1_2.workspace.user_tasks,list_is_in_string_or_set@agentdojo.default_suites.v1.workspace.user_tasks | 安全 evaluator helper:are_email_bodies_in_str@agentdojo.default_suites.v1_2.workspace.injection_tasks",/Users/gss/Downloads/revised_agent_benchmark_paper_package/experiments/agentdojo_full_v1.2.2_direct/case_packets/agentdojo/v1.2.2_workspace_user_task_31_injection_task_7/case_packet.md
v1.2.2:workspace:user_task_31:injection_task_8,workspace,user_task_31,injection_task_8,通过,通过,通过,不通过,不通过,不通过,不通过,不通过,通过,不符合设计，必须重建packet后才能draft,OFFICIAL_SOURCE_CONTENT_NOT_MATERIALIZED;NATIVE_RUNNER_AND_AGGREGATION_NOT_IN_PACKET;STATE_SCHEMA_DESCRIPTOR_ONLY;POSTRUN_ARTIFACT_INVENTORY_ABSENT;STRONGER_SPLIT_NOT_RELIABLY_DERIVABLE;USER_EVALUATOR_HELPER_SOURCE_MISSING;INJECTION_EVALUATOR_HELPER_SOURCE_MISSING,"用户 evaluator helper:check_new_file@agentdojo.default_suites.v1_2.workspace.user_tasks,list_is_in_string_or_set@agentdojo.default_suites.v1.workspace.user_tasks | 安全 evaluator helper:are_email_bodies_in_str@agentdojo.default_suites.v1_2.workspace.injection_tasks",/Users/gss/Downloads/revised_agent_benchmark_paper_package/experiments/agentdojo_full_v1.2.2_direct/case_packets/agentdojo/v1.2.2_workspace_user_task_31_injection_task_8/case_packet.md
v1.2.2:workspace:user_task_31:injection_task_9,workspace,user_task_31,injection_task_9,通过,通过,通过,不通过,不通过,不通过,不通过,不通过,通过,不符合设计，必须重建packet后才能draft,OFFICIAL_SOURCE_CONTENT_NOT_MATERIALIZED;NATIVE_RUNNER_AND_AGGREGATION_NOT_IN_PACKET;STATE_SCHEMA_DESCRIPTOR_ONLY;POSTRUN_ARTIFACT_INVENTORY_ABSENT;STRONGER_SPLIT_NOT_RELIABLY_DERIVABLE;USER_EVALUATOR_HELPER_SOURCE_MISSING;INJECTION_EVALUATOR_HELPER_SOURCE_MISSING,"用户 evaluator helper:check_new_file@agentdojo.default_suites.v1_2.workspace.user_tasks,list_is_in_string_or_set@agentdojo.default_suites.v1.workspace.user_tasks | 安全 evaluator helper:are_email_bodies_in_str@agentdojo.default_suites.v1_2.workspace.injection_tasks",/Users/gss/Downloads/revised_agent_benchmark_paper_package/experiments/agentdojo_full_v1.2.2_direct/case_packets/agentdojo/v1.2.2_workspace_user_task_31_injection_task_9/case_packet.md
v1.2.2:workspace:user_task_31:injection_task_10,workspace,user_task_31,injection_task_10,通过,通过,通过,不通过,不通过,不通过,不通过,不通过,通过,不符合设计，必须重建packet后才能draft,OFFICIAL_SOURCE_CONTENT_NOT_MATERIALIZED;NATIVE_RUNNER_AND_AGGREGATION_NOT_IN_PACKET;STATE_SCHEMA_DESCRIPTOR_ONLY;POSTRUN_ARTIFACT_INVENTORY_ABSENT;STRONGER_SPLIT_NOT_RELIABLY_DERIVABLE;USER_EVALUATOR_HELPER_SOURCE_MISSING,"用户 evaluator helper:check_new_file@agentdojo.default_suites.v1_2.workspace.user_tasks,list_is_in_string_or_set@agentdojo.default_suites.v1.workspace.user_tasks",/Users/gss/Downloads/revised_agent_benchmark_paper_package/experiments/agentdojo_full_v1.2.2_direct/case_packets/agentdojo/v1.2.2_workspace_user_task_31_injection_task_10/case_packet.md
v1.2.2:workspace:user_task_31:injection_task_11,workspace,user_task_31,injection_task_11,通过,通过,通过,不通过,不通过,不通过,不通过,不通过,通过,不符合设计，必须重建packet后才能draft,OFFICIAL_SOURCE_CONTENT_NOT_MATERIALIZED;NATIVE_RUNNER_AND_AGGREGATION_NOT_IN_PACKET;STATE_SCHEMA_DESCRIPTOR_ONLY;POSTRUN_ARTIFACT_INVENTORY_ABSENT;STRONGER_SPLIT_NOT_RELIABLY_DERIVABLE;USER_EVALUATOR_HELPER_SOURCE_MISSING,"用户 evaluator helper:check_new_file@agentdojo.default_suites.v1_2.workspace.user_tasks,list_is_in_string_or_set@agentdojo.default_suites.v1.workspace.user_tasks",/Users/gss/Downloads/revised_agent_benchmark_paper_package/experiments/agentdojo_full_v1.2.2_direct/case_packets/agentdojo/v1.2.2_workspace_user_task_31_injection_task_11/case_packet.md
v1.2.2:workspace:user_task_31:injection_task_12,workspace,user_task_31,injection_task_12,通过,通过,通过,不通过,不通过,不通过,不通过,不通过,通过,不符合设计，必须重建packet后才能draft,OFFICIAL_SOURCE_CONTENT_NOT_MATERIALIZED;NATIVE_RUNNER_AND_AGGREGATION_NOT_IN_PACKET;STATE_SCHEMA_DESCRIPTOR_ONLY;POSTRUN_ARTIFACT_INVENTORY_ABSENT;STRONGER_SPLIT_NOT_RELIABLY_DERIVABLE;USER_EVALUATOR_HELPER_SOURCE_MISSING,"用户 evaluator helper:check_new_file@agentdojo.default_suites.v1_2.workspace.user_tasks,list_is_in_string_or_set@agentdojo.default_suites.v1.workspace.user_tasks",/Users/gss/Downloads/revised_agent_benchmark_paper_package/experiments/agentdojo_full_v1.2.2_direct/case_packets/agentdojo/v1.2.2_workspace_user_task_31_injection_task_12/case_packet.md
v1.2.2:workspace:user_task_31:injection_task_13,workspace,user_task_31,injection_task_13,通过,通过,通过,不通过,不通过,不通过,不通过,不通过,通过,不符合设计，必须重建packet后才能draft,OFFICIAL_SOURCE_CONTENT_NOT_MATERIALIZED;NATIVE_RUNNER_AND_AGGREGATION_NOT_IN_PACKET;STATE_SCHEMA_DESCRIPTOR_ONLY;POSTRUN_ARTIFACT_INVENTORY_ABSENT;STRONGER_SPLIT_NOT_RELIABLY_DERIVABLE;USER_EVALUATOR_HELPER_SOURCE_MISSING,"用户 evaluator helper:check_new_file@agentdojo.default_suites.v1_2.workspace.user_tasks,list_is_in_string_or_set@agentdojo.default_suites.v1.workspace.user_tasks",/Users/gss/Downloads/revised_agent_benchmark_paper_package/experiments/agentdojo_full_v1.2.2_direct/case_packets/agentdojo/v1.2.2_workspace_user_task_31_injection_task_13/case_packet.md
v1.2.2:workspace:user_task_32:injection_task_0,workspace,user_task_32,injection_task_0,通过,通过,通过,不通过,不通过,不通过,不通过,不通过,通过,不符合设计，必须重建packet后才能draft,OFFICIAL_SOURCE_CONTENT_NOT_MATERIALIZED;NATIVE_RUNNER_AND_AGGREGATION_NOT_IN_PACKET;STATE_SCHEMA_DESCRIPTOR_ONLY;POSTRUN_ARTIFACT_INVENTORY_ABSENT;STRONGER_SPLIT_NOT_RELIABLY_DERIVABLE;USER_EVALUATOR_HELPER_SOURCE_MISSING,"用户 evaluator helper:check_new_file@agentdojo.default_suites.v1_2.workspace.user_tasks,list_is_in_string_or_set@agentdojo.default_suites.v1.workspace.user_tasks",/Users/gss/Downloads/revised_agent_benchmark_paper_package/experiments/agentdojo_full_v1.2.2_direct/case_packets/agentdojo/v1.2.2_workspace_user_task_32_injection_task_0/case_packet.md
v1.2.2:workspace:user_task_32:injection_task_1,workspace,user_task_32,injection_task_1,通过,通过,通过,不通过,不通过,不通过,不通过,不通过,通过,不符合设计，必须重建packet后才能draft,OFFICIAL_SOURCE_CONTENT_NOT_MATERIALIZED;NATIVE_RUNNER_AND_AGGREGATION_NOT_IN_PACKET;STATE_SCHEMA_DESCRIPTOR_ONLY;POSTRUN_ARTIFACT_INVENTORY_ABSENT;STRONGER_SPLIT_NOT_RELIABLY_DERIVABLE;USER_EVALUATOR_HELPER_SOURCE_MISSING,"用户 evaluator helper:check_new_file@agentdojo.default_suites.v1_2.workspace.user_tasks,list_is_in_string_or_set@agentdojo.default_suites.v1.workspace.user_tasks",/Users/gss/Downloads/revised_agent_benchmark_paper_package/experiments/agentdojo_full_v1.2.2_direct/case_packets/agentdojo/v1.2.2_workspace_user_task_32_injection_task_1/case_packet.md
v1.2.2:workspace:user_task_32:injection_task_3,workspace,user_task_32,injection_task_3,通过,通过,通过,不通过,不通过,不通过,不通过,不通过,通过,不符合设计，必须重建packet后才能draft,OFFICIAL_SOURCE_CONTENT_NOT_MATERIALIZED;NATIVE_RUNNER_AND_AGGREGATION_NOT_IN_PACKET;STATE_SCHEMA_DESCRIPTOR_ONLY;POSTRUN_ARTIFACT_INVENTORY_ABSENT;STRONGER_SPLIT_NOT_RELIABLY_DERIVABLE;USER_EVALUATOR_HELPER_SOURCE_MISSING,"用户 evaluator helper:check_new_file@agentdojo.default_suites.v1_2.workspace.user_tasks,list_is_in_string_or_set@agentdojo.default_suites.v1.workspace.user_tasks",/Users/gss/Downloads/revised_agent_benchmark_paper_package/experiments/agentdojo_full_v1.2.2_direct/case_packets/agentdojo/v1.2.2_workspace_user_task_32_injection_task_3/case_packet.md
v1.2.2:workspace:user_task_32:injection_task_4,workspace,user_task_32,injection_task_4,通过,通过,通过,不通过,不通过,不通过,不通过,不通过,通过,不符合设计，必须重建packet后才能draft,OFFICIAL_SOURCE_CONTENT_NOT_MATERIALIZED;NATIVE_RUNNER_AND_AGGREGATION_NOT_IN_PACKET;STATE_SCHEMA_DESCRIPTOR_ONLY;POSTRUN_ARTIFACT_INVENTORY_ABSENT;STRONGER_SPLIT_NOT_RELIABLY_DERIVABLE;USER_EVALUATOR_HELPER_SOURCE_MISSING,"用户 evaluator helper:check_new_file@agentdojo.default_suites.v1_2.workspace.user_tasks,list_is_in_string_or_set@agentdojo.default_suites.v1.workspace.user_tasks",/Users/gss/Downloads/revised_agent_benchmark_paper_package/experiments/agentdojo_full_v1.2.2_direct/case_packets/agentdojo/v1.2.2_workspace_user_task_32_injection_task_4/case_packet.md
v1.2.2:workspace:user_task_32:injection_task_5,workspace,user_task_32,injection_task_5,通过,通过,通过,不通过,不通过,不通过,不通过,不通过,通过,不符合设计，必须重建packet后才能draft,OFFICIAL_SOURCE_CONTENT_NOT_MATERIALIZED;NATIVE_RUNNER_AND_AGGREGATION_NOT_IN_PACKET;STATE_SCHEMA_DESCRIPTOR_ONLY;POSTRUN_ARTIFACT_INVENTORY_ABSENT;STRONGER_SPLIT_NOT_RELIABLY_DERIVABLE;USER_EVALUATOR_HELPER_SOURCE_MISSING,"用户 evaluator helper:check_new_file@agentdojo.default_suites.v1_2.workspace.user_tasks,list_is_in_string_or_set@agentdojo.default_suites.v1.workspace.user_tasks",/Users/gss/Downloads/revised_agent_benchmark_paper_package/experiments/agentdojo_full_v1.2.2_direct/case_packets/agentdojo/v1.2.2_workspace_user_task_32_injection_task_5/case_packet.md
v1.2.2:workspace:user_task_32:injection_task_6,workspace,user_task_32,injection_task_6,通过,通过,通过,不通过,不通过,不通过,不通过,不通过,通过,不符合设计，必须重建packet后才能draft,OFFICIAL_SOURCE_CONTENT_NOT_MATERIALIZED;NATIVE_RUNNER_AND_AGGREGATION_NOT_IN_PACKET;STATE_SCHEMA_DESCRIPTOR_ONLY;POSTRUN_ARTIFACT_INVENTORY_ABSENT;STRONGER_SPLIT_NOT_RELIABLY_DERIVABLE;USER_EVALUATOR_HELPER_SOURCE_MISSING;INJECTION_EVALUATOR_HELPER_SOURCE_MISSING,"用户 evaluator helper:check_new_file@agentdojo.default_suites.v1_2.workspace.user_tasks,list_is_in_string_or_set@agentdojo.default_suites.v1.workspace.user_tasks | 安全 evaluator helper:are_email_bodies_in_str@agentdojo.default_suites.v1_2.workspace.injection_tasks",/Users/gss/Downloads/revised_agent_benchmark_paper_package/experiments/agentdojo_full_v1.2.2_direct/case_packets/agentdojo/v1.2.2_workspace_user_task_32_injection_task_6/case_packet.md
v1.2.2:workspace:user_task_32:injection_task_7,workspace,user_task_32,injection_task_7,通过,通过,通过,不通过,不通过,不通过,不通过,不通过,通过,不符合设计，必须重建packet后才能draft,OFFICIAL_SOURCE_CONTENT_NOT_MATERIALIZED;NATIVE_RUNNER_AND_AGGREGATION_NOT_IN_PACKET;STATE_SCHEMA_DESCRIPTOR_ONLY;POSTRUN_ARTIFACT_INVENTORY_ABSENT;STRONGER_SPLIT_NOT_RELIABLY_DERIVABLE;USER_EVALUATOR_HELPER_SOURCE_MISSING;INJECTION_EVALUATOR_HELPER_SOURCE_MISSING,"用户 evaluator helper:check_new_file@agentdojo.default_suites.v1_2.workspace.user_tasks,list_is_in_string_or_set@agentdojo.default_suites.v1.workspace.user_tasks | 安全 evaluator helper:are_email_bodies_in_str@agentdojo.default_suites.v1_2.workspace.injection_tasks",/Users/gss/Downloads/revised_agent_benchmark_paper_package/experiments/agentdojo_full_v1.2.2_direct/case_packets/agentdojo/v1.2.2_workspace_user_task_32_injection_task_7/case_packet.md
v1.2.2:workspace:user_task_32:injection_task_8,workspace,user_task_32,injection_task_8,通过,通过,通过,不通过,不通过,不通过,不通过,不通过,通过,不符合设计，必须重建packet后才能draft,OFFICIAL_SOURCE_CONTENT_NOT_MATERIALIZED;NATIVE_RUNNER_AND_AGGREGATION_NOT_IN_PACKET;STATE_SCHEMA_DESCRIPTOR_ONLY;POSTRUN_ARTIFACT_INVENTORY_ABSENT;STRONGER_SPLIT_NOT_RELIABLY_DERIVABLE;USER_EVALUATOR_HELPER_SOURCE_MISSING;INJECTION_EVALUATOR_HELPER_SOURCE_MISSING,"用户 evaluator helper:check_new_file@agentdojo.default_suites.v1_2.workspace.user_tasks,list_is_in_string_or_set@agentdojo.default_suites.v1.workspace.user_tasks | 安全 evaluator helper:are_email_bodies_in_str@agentdojo.default_suites.v1_2.workspace.injection_tasks",/Users/gss/Downloads/revised_agent_benchmark_paper_package/experiments/agentdojo_full_v1.2.2_direct/case_packets/agentdojo/v1.2.2_workspace_user_task_32_injection_task_8/case_packet.md
v1.2.2:workspace:user_task_32:injection_task_9,workspace,user_task_32,injection_task_9,通过,通过,通过,不通过,不通过,不通过,不通过,不通过,通过,不符合设计，必须重建packet后才能draft,OFFICIAL_SOURCE_CONTENT_NOT_MATERIALIZED;NATIVE_RUNNER_AND_AGGREGATION_NOT_IN_PACKET;STATE_SCHEMA_DESCRIPTOR_ONLY;POSTRUN_ARTIFACT_INVENTORY_ABSENT;STRONGER_SPLIT_NOT_RELIABLY_DERIVABLE;USER_EVALUATOR_HELPER_SOURCE_MISSING;INJECTION_EVALUATOR_HELPER_SOURCE_MISSING,"用户 evaluator helper:check_new_file@agentdojo.default_suites.v1_2.workspace.user_tasks,list_is_in_string_or_set@agentdojo.default_suites.v1.workspace.user_tasks | 安全 evaluator helper:are_email_bodies_in_str@agentdojo.default_suites.v1_2.workspace.injection_tasks",/Users/gss/Downloads/revised_agent_benchmark_paper_package/experiments/agentdojo_full_v1.2.2_direct/case_packets/agentdojo/v1.2.2_workspace_user_task_32_injection_task_9/case_packet.md
v1.2.2:workspace:user_task_32:injection_task_10,workspace,user_task_32,injection_task_10,通过,通过,通过,不通过,不通过,不通过,不通过,不通过,通过,不符合设计，必须重建packet后才能draft,OFFICIAL_SOURCE_CONTENT_NOT_MATERIALIZED;NATIVE_RUNNER_AND_AGGREGATION_NOT_IN_PACKET;STATE_SCHEMA_DESCRIPTOR_ONLY;POSTRUN_ARTIFACT_INVENTORY_ABSENT;STRONGER_SPLIT_NOT_RELIABLY_DERIVABLE;USER_EVALUATOR_HELPER_SOURCE_MISSING,"用户 evaluator helper:check_new_file@agentdojo.default_suites.v1_2.workspace.user_tasks,list_is_in_string_or_set@agentdojo.default_suites.v1.workspace.user_tasks",/Users/gss/Downloads/revised_agent_benchmark_paper_package/experiments/agentdojo_full_v1.2.2_direct/case_packets/agentdojo/v1.2.2_workspace_user_task_32_injection_task_10/case_packet.md
v1.2.2:workspace:user_task_32:injection_task_11,workspace,user_task_32,injection_task_11,通过,通过,通过,不通过,不通过,不通过,不通过,不通过,通过,不符合设计，必须重建packet后才能draft,OFFICIAL_SOURCE_CONTENT_NOT_MATERIALIZED;NATIVE_RUNNER_AND_AGGREGATION_NOT_IN_PACKET;STATE_SCHEMA_DESCRIPTOR_ONLY;POSTRUN_ARTIFACT_INVENTORY_ABSENT;STRONGER_SPLIT_NOT_RELIABLY_DERIVABLE;USER_EVALUATOR_HELPER_SOURCE_MISSING,"用户 evaluator helper:check_new_file@agentdojo.default_suites.v1_2.workspace.user_tasks,list_is_in_string_or_set@agentdojo.default_suites.v1.workspace.user_tasks",/Users/gss/Downloads/revised_agent_benchmark_paper_package/experiments/agentdojo_full_v1.2.2_direct/case_packets/agentdojo/v1.2.2_workspace_user_task_32_injection_task_11/case_packet.md
v1.2.2:workspace:user_task_32:injection_task_12,workspace,user_task_32,injection_task_12,通过,通过,通过,不通过,不通过,不通过,不通过,不通过,通过,不符合设计，必须重建packet后才能draft,OFFICIAL_SOURCE_CONTENT_NOT_MATERIALIZED;NATIVE_RUNNER_AND_AGGREGATION_NOT_IN_PACKET;STATE_SCHEMA_DESCRIPTOR_ONLY;POSTRUN_ARTIFACT_INVENTORY_ABSENT;STRONGER_SPLIT_NOT_RELIABLY_DERIVABLE;USER_EVALUATOR_HELPER_SOURCE_MISSING,"用户 evaluator helper:check_new_file@agentdojo.default_suites.v1_2.workspace.user_tasks,list_is_in_string_or_set@agentdojo.default_suites.v1.workspace.user_tasks",/Users/gss/Downloads/revised_agent_benchmark_paper_package/experiments/agentdojo_full_v1.2.2_direct/case_packets/agentdojo/v1.2.2_workspace_user_task_32_injection_task_12/case_packet.md
v1.2.2:workspace:user_task_32:injection_task_13,workspace,user_task_32,injection_task_13,通过,通过,通过,不通过,不通过,不通过,不通过,不通过,通过,不符合设计，必须重建packet后才能draft,OFFICIAL_SOURCE_CONTENT_NOT_MATERIALIZED;NATIVE_RUNNER_AND_AGGREGATION_NOT_IN_PACKET;STATE_SCHEMA_DESCRIPTOR_ONLY;POSTRUN_ARTIFACT_INVENTORY_ABSENT;STRONGER_SPLIT_NOT_RELIABLY_DERIVABLE;USER_EVALUATOR_HELPER_SOURCE_MISSING,"用户 evaluator helper:check_new_file@agentdojo.default_suites.v1_2.workspace.user_tasks,list_is_in_string_or_set@agentdojo.default_suites.v1.workspace.user_tasks",/Users/gss/Downloads/revised_agent_benchmark_paper_package/experiments/agentdojo_full_v1.2.2_direct/case_packets/agentdojo/v1.2.2_workspace_user_task_32_injection_task_13/case_packet.md
v1.2.2:workspace:user_task_15:injection_task_0,workspace,user_task_15,injection_task_0,通过,通过,通过,不通过,不通过,不通过,不通过,不通过,通过,不符合设计，必须重建packet后才能draft,OFFICIAL_SOURCE_CONTENT_NOT_MATERIALIZED;NATIVE_RUNNER_AND_AGGREGATION_NOT_IN_PACKET;STATE_SCHEMA_DESCRIPTOR_ONLY;POSTRUN_ARTIFACT_INVENTORY_ABSENT;STRONGER_SPLIT_NOT_RELIABLY_DERIVABLE;USER_EVALUATOR_HELPER_SOURCE_MISSING,"用户 evaluator helper:check_new_event@agentdojo.default_suites.v1.workspace.user_tasks,parse_datetime@agentdojo.default_suites.v1.workspace.user_tasks",/Users/gss/Downloads/revised_agent_benchmark_paper_package/experiments/agentdojo_full_v1.2.2_direct/case_packets/agentdojo/v1.2.2_workspace_user_task_15_injection_task_0/case_packet.md
v1.2.2:workspace:user_task_15:injection_task_1,workspace,user_task_15,injection_task_1,通过,通过,通过,不通过,不通过,不通过,不通过,不通过,通过,不符合设计，必须重建packet后才能draft,OFFICIAL_SOURCE_CONTENT_NOT_MATERIALIZED;NATIVE_RUNNER_AND_AGGREGATION_NOT_IN_PACKET;STATE_SCHEMA_DESCRIPTOR_ONLY;POSTRUN_ARTIFACT_INVENTORY_ABSENT;STRONGER_SPLIT_NOT_RELIABLY_DERIVABLE;USER_EVALUATOR_HELPER_SOURCE_MISSING,"用户 evaluator helper:check_new_event@agentdojo.default_suites.v1.workspace.user_tasks,parse_datetime@agentdojo.default_suites.v1.workspace.user_tasks",/Users/gss/Downloads/revised_agent_benchmark_paper_package/experiments/agentdojo_full_v1.2.2_direct/case_packets/agentdojo/v1.2.2_workspace_user_task_15_injection_task_1/case_packet.md
v1.2.2:workspace:user_task_15:injection_task_4,workspace,user_task_15,injection_task_4,通过,通过,通过,不通过,不通过,不通过,不通过,不通过,通过,不符合设计，必须重建packet后才能draft,OFFICIAL_SOURCE_CONTENT_NOT_MATERIALIZED;NATIVE_RUNNER_AND_AGGREGATION_NOT_IN_PACKET;STATE_SCHEMA_DESCRIPTOR_ONLY;POSTRUN_ARTIFACT_INVENTORY_ABSENT;STRONGER_SPLIT_NOT_RELIABLY_DERIVABLE;USER_EVALUATOR_HELPER_SOURCE_MISSING,"用户 evaluator helper:check_new_event@agentdojo.default_suites.v1.workspace.user_tasks,parse_datetime@agentdojo.default_suites.v1.workspace.user_tasks",/Users/gss/Downloads/revised_agent_benchmark_paper_package/experiments/agentdojo_full_v1.2.2_direct/case_packets/agentdojo/v1.2.2_workspace_user_task_15_injection_task_4/case_packet.md
v1.2.2:workspace:user_task_15:injection_task_5,workspace,user_task_15,injection_task_5,通过,通过,通过,不通过,不通过,不通过,不通过,不通过,通过,不符合设计，必须重建packet后才能draft,OFFICIAL_SOURCE_CONTENT_NOT_MATERIALIZED;NATIVE_RUNNER_AND_AGGREGATION_NOT_IN_PACKET;STATE_SCHEMA_DESCRIPTOR_ONLY;POSTRUN_ARTIFACT_INVENTORY_ABSENT;STRONGER_SPLIT_NOT_RELIABLY_DERIVABLE;USER_EVALUATOR_HELPER_SOURCE_MISSING,"用户 evaluator helper:check_new_event@agentdojo.default_suites.v1.workspace.user_tasks,parse_datetime@agentdojo.default_suites.v1.workspace.user_tasks",/Users/gss/Downloads/revised_agent_benchmark_paper_package/experiments/agentdojo_full_v1.2.2_direct/case_packets/agentdojo/v1.2.2_workspace_user_task_15_injection_task_5/case_packet.md
v1.2.2:workspace:user_task_15:injection_task_6,workspace,user_task_15,injection_task_6,通过,通过,通过,不通过,不通过,不通过,不通过,不通过,通过,不符合设计，必须重建packet后才能draft,OFFICIAL_SOURCE_CONTENT_NOT_MATERIALIZED;NATIVE_RUNNER_AND_AGGREGATION_NOT_IN_PACKET;STATE_SCHEMA_DESCRIPTOR_ONLY;POSTRUN_ARTIFACT_INVENTORY_ABSENT;STRONGER_SPLIT_NOT_RELIABLY_DERIVABLE;USER_EVALUATOR_HELPER_SOURCE_MISSING;INJECTION_EVALUATOR_HELPER_SOURCE_MISSING,"用户 evaluator helper:check_new_event@agentdojo.default_suites.v1.workspace.user_tasks,parse_datetime@agentdojo.default_suites.v1.workspace.user_tasks | 安全 evaluator helper:are_email_bodies_in_str@agentdojo.default_suites.v1_2.workspace.injection_tasks",/Users/gss/Downloads/revised_agent_benchmark_paper_package/experiments/agentdojo_full_v1.2.2_direct/case_packets/agentdojo/v1.2.2_workspace_user_task_15_injection_task_6/case_packet.md
v1.2.2:workspace:user_task_15:injection_task_7,workspace,user_task_15,injection_task_7,通过,通过,通过,不通过,不通过,不通过,不通过,不通过,通过,不符合设计，必须重建packet后才能draft,OFFICIAL_SOURCE_CONTENT_NOT_MATERIALIZED;NATIVE_RUNNER_AND_AGGREGATION_NOT_IN_PACKET;STATE_SCHEMA_DESCRIPTOR_ONLY;POSTRUN_ARTIFACT_INVENTORY_ABSENT;STRONGER_SPLIT_NOT_RELIABLY_DERIVABLE;USER_EVALUATOR_HELPER_SOURCE_MISSING;INJECTION_EVALUATOR_HELPER_SOURCE_MISSING,"用户 evaluator helper:check_new_event@agentdojo.default_suites.v1.workspace.user_tasks,parse_datetime@agentdojo.default_suites.v1.workspace.user_tasks | 安全 evaluator helper:are_email_bodies_in_str@agentdojo.default_suites.v1_2.workspace.injection_tasks",/Users/gss/Downloads/revised_agent_benchmark_paper_package/experiments/agentdojo_full_v1.2.2_direct/case_packets/agentdojo/v1.2.2_workspace_user_task_15_injection_task_7/case_packet.md
v1.2.2:workspace:user_task_15:injection_task_8,workspace,user_task_15,injection_task_8,通过,通过,通过,不通过,不通过,不通过,不通过,不通过,通过,不符合设计，必须重建packet后才能draft,OFFICIAL_SOURCE_CONTENT_NOT_MATERIALIZED;NATIVE_RUNNER_AND_AGGREGATION_NOT_IN_PACKET;STATE_SCHEMA_DESCRIPTOR_ONLY;POSTRUN_ARTIFACT_INVENTORY_ABSENT;STRONGER_SPLIT_NOT_RELIABLY_DERIVABLE;USER_EVALUATOR_HELPER_SOURCE_MISSING;INJECTION_EVALUATOR_HELPER_SOURCE_MISSING,"用户 evaluator helper:check_new_event@agentdojo.default_suites.v1.workspace.user_tasks,parse_datetime@agentdojo.default_suites.v1.workspace.user_tasks | 安全 evaluator helper:are_email_bodies_in_str@agentdojo.default_suites.v1_2.workspace.injection_tasks",/Users/gss/Downloads/revised_agent_benchmark_paper_package/experiments/agentdojo_full_v1.2.2_direct/case_packets/agentdojo/v1.2.2_workspace_user_task_15_injection_task_8/case_packet.md
v1.2.2:workspace:user_task_15:injection_task_9,workspace,user_task_15,injection_task_9,通过,通过,通过,不通过,不通过,不通过,不通过,不通过,通过,不符合设计，必须重建packet后才能draft,OFFICIAL_SOURCE_CONTENT_NOT_MATERIALIZED;NATIVE_RUNNER_AND_AGGREGATION_NOT_IN_PACKET;STATE_SCHEMA_DESCRIPTOR_ONLY;POSTRUN_ARTIFACT_INVENTORY_ABSENT;STRONGER_SPLIT_NOT_RELIABLY_DERIVABLE;USER_EVALUATOR_HELPER_SOURCE_MISSING;INJECTION_EVALUATOR_HELPER_SOURCE_MISSING,"用户 evaluator helper:check_new_event@agentdojo.default_suites.v1.workspace.user_tasks,parse_datetime@agentdojo.default_suites.v1.workspace.user_tasks | 安全 evaluator helper:are_email_bodies_in_str@agentdojo.default_suites.v1_2.workspace.injection_tasks",/Users/gss/Downloads/revised_agent_benchmark_paper_package/experiments/agentdojo_full_v1.2.2_direct/case_packets/agentdojo/v1.2.2_workspace_user_task_15_injection_task_9/case_packet.md
v1.2.2:workspace:user_task_15:injection_task_10,workspace,user_task_15,injection_task_10,通过,通过,通过,不通过,不通过,不通过,不通过,不通过,通过,不符合设计，必须重建packet后才能draft,OFFICIAL_SOURCE_CONTENT_NOT_MATERIALIZED;NATIVE_RUNNER_AND_AGGREGATION_NOT_IN_PACKET;STATE_SCHEMA_DESCRIPTOR_ONLY;POSTRUN_ARTIFACT_INVENTORY_ABSENT;STRONGER_SPLIT_NOT_RELIABLY_DERIVABLE;USER_EVALUATOR_HELPER_SOURCE_MISSING,"用户 evaluator helper:check_new_event@agentdojo.default_suites.v1.workspace.user_tasks,parse_datetime@agentdojo.default_suites.v1.workspace.user_tasks",/Users/gss/Downloads/revised_agent_benchmark_paper_package/experiments/agentdojo_full_v1.2.2_direct/case_packets/agentdojo/v1.2.2_workspace_user_task_15_injection_task_10/case_packet.md
v1.2.2:workspace:user_task_15:injection_task_11,workspace,user_task_15,injection_task_11,通过,通过,通过,不通过,不通过,不通过,不通过,不通过,通过,不符合设计，必须重建packet后才能draft,OFFICIAL_SOURCE_CONTENT_NOT_MATERIALIZED;NATIVE_RUNNER_AND_AGGREGATION_NOT_IN_PACKET;STATE_SCHEMA_DESCRIPTOR_ONLY;POSTRUN_ARTIFACT_INVENTORY_ABSENT;STRONGER_SPLIT_NOT_RELIABLY_DERIVABLE;USER_EVALUATOR_HELPER_SOURCE_MISSING,"用户 evaluator helper:check_new_event@agentdojo.default_suites.v1.workspace.user_tasks,parse_datetime@agentdojo.default_suites.v1.workspace.user_tasks",/Users/gss/Downloads/revised_agent_benchmark_paper_package/experiments/agentdojo_full_v1.2.2_direct/case_packets/agentdojo/v1.2.2_workspace_user_task_15_injection_task_11/case_packet.md
v1.2.2:workspace:user_task_15:injection_task_12,workspace,user_task_15,injection_task_12,通过,通过,通过,不通过,不通过,不通过,不通过,不通过,通过,不符合设计，必须重建packet后才能draft,OFFICIAL_SOURCE_CONTENT_NOT_MATERIALIZED;NATIVE_RUNNER_AND_AGGREGATION_NOT_IN_PACKET;STATE_SCHEMA_DESCRIPTOR_ONLY;POSTRUN_ARTIFACT_INVENTORY_ABSENT;STRONGER_SPLIT_NOT_RELIABLY_DERIVABLE;USER_EVALUATOR_HELPER_SOURCE_MISSING,"用户 evaluator helper:check_new_event@agentdojo.default_suites.v1.workspace.user_tasks,parse_datetime@agentdojo.default_suites.v1.workspace.user_tasks",/Users/gss/Downloads/revised_agent_benchmark_paper_package/experiments/agentdojo_full_v1.2.2_direct/case_packets/agentdojo/v1.2.2_workspace_user_task_15_injection_task_12/case_packet.md
v1.2.2:workspace:user_task_15:injection_task_13,workspace,user_task_15,injection_task_13,通过,通过,通过,不通过,不通过,不通过,不通过,不通过,通过,不符合设计，必须重建packet后才能draft,OFFICIAL_SOURCE_CONTENT_NOT_MATERIALIZED;NATIVE_RUNNER_AND_AGGREGATION_NOT_IN_PACKET;STATE_SCHEMA_DESCRIPTOR_ONLY;POSTRUN_ARTIFACT_INVENTORY_ABSENT;STRONGER_SPLIT_NOT_RELIABLY_DERIVABLE;USER_EVALUATOR_HELPER_SOURCE_MISSING,"用户 evaluator helper:check_new_event@agentdojo.default_suites.v1.workspace.user_tasks,parse_datetime@agentdojo.default_suites.v1.workspace.user_tasks",/Users/gss/Downloads/revised_agent_benchmark_paper_package/experiments/agentdojo_full_v1.2.2_direct/case_packets/agentdojo/v1.2.2_workspace_user_task_15_injection_task_13/case_packet.md
v1.2.2:workspace:user_task_18:injection_task_0,workspace,user_task_18,injection_task_0,通过,通过,通过,不通过,不通过,不通过,不通过,不通过,通过,不符合设计，必须重建packet后才能draft,OFFICIAL_SOURCE_CONTENT_NOT_MATERIALIZED;NATIVE_RUNNER_AND_AGGREGATION_NOT_IN_PACKET;STATE_SCHEMA_DESCRIPTOR_ONLY;POSTRUN_ARTIFACT_INVENTORY_ABSENT;STRONGER_SPLIT_NOT_RELIABLY_DERIVABLE;USER_EVALUATOR_HELPER_SOURCE_MISSING,"用户 evaluator helper:check_new_event@agentdojo.default_suites.v1.workspace.user_tasks,parse_datetime@agentdojo.default_suites.v1.workspace.user_tasks",/Users/gss/Downloads/revised_agent_benchmark_paper_package/experiments/agentdojo_full_v1.2.2_direct/case_packets/agentdojo/v1.2.2_workspace_user_task_18_injection_task_0/case_packet.md
v1.2.2:workspace:user_task_18:injection_task_1,workspace,user_task_18,injection_task_1,通过,通过,通过,不通过,不通过,不通过,不通过,不通过,通过,不符合设计，必须重建packet后才能draft,OFFICIAL_SOURCE_CONTENT_NOT_MATERIALIZED;NATIVE_RUNNER_AND_AGGREGATION_NOT_IN_PACKET;STATE_SCHEMA_DESCRIPTOR_ONLY;POSTRUN_ARTIFACT_INVENTORY_ABSENT;STRONGER_SPLIT_NOT_RELIABLY_DERIVABLE;USER_EVALUATOR_HELPER_SOURCE_MISSING,"用户 evaluator helper:check_new_event@agentdojo.default_suites.v1.workspace.user_tasks,parse_datetime@agentdojo.default_suites.v1.workspace.user_tasks",/Users/gss/Downloads/revised_agent_benchmark_paper_package/experiments/agentdojo_full_v1.2.2_direct/case_packets/agentdojo/v1.2.2_workspace_user_task_18_injection_task_1/case_packet.md
v1.2.2:workspace:user_task_18:injection_task_2,workspace,user_task_18,injection_task_2,通过,通过,通过,不通过,不通过,不通过,不通过,不通过,通过,不符合设计，必须重建packet后才能draft,OFFICIAL_SOURCE_CONTENT_NOT_MATERIALIZED;NATIVE_RUNNER_AND_AGGREGATION_NOT_IN_PACKET;STATE_SCHEMA_DESCRIPTOR_ONLY;POSTRUN_ARTIFACT_INVENTORY_ABSENT;STRONGER_SPLIT_NOT_RELIABLY_DERIVABLE;USER_EVALUATOR_HELPER_SOURCE_MISSING;INJECTION_EVALUATOR_HELPER_SOURCE_MISSING,"用户 evaluator helper:check_new_event@agentdojo.default_suites.v1.workspace.user_tasks,parse_datetime@agentdojo.default_suites.v1.workspace.user_tasks | 安全 evaluator helper:parse_datetime@agentdojo.default_suites.v1.workspace.user_tasks",/Users/gss/Downloads/revised_agent_benchmark_paper_package/experiments/agentdojo_full_v1.2.2_direct/case_packets/agentdojo/v1.2.2_workspace_user_task_18_injection_task_2/case_packet.md
v1.2.2:workspace:user_task_18:injection_task_3,workspace,user_task_18,injection_task_3,通过,通过,通过,不通过,不通过,不通过,不通过,不通过,通过,不符合设计，必须重建packet后才能draft,OFFICIAL_SOURCE_CONTENT_NOT_MATERIALIZED;NATIVE_RUNNER_AND_AGGREGATION_NOT_IN_PACKET;STATE_SCHEMA_DESCRIPTOR_ONLY;POSTRUN_ARTIFACT_INVENTORY_ABSENT;STRONGER_SPLIT_NOT_RELIABLY_DERIVABLE;USER_EVALUATOR_HELPER_SOURCE_MISSING,"用户 evaluator helper:check_new_event@agentdojo.default_suites.v1.workspace.user_tasks,parse_datetime@agentdojo.default_suites.v1.workspace.user_tasks",/Users/gss/Downloads/revised_agent_benchmark_paper_package/experiments/agentdojo_full_v1.2.2_direct/case_packets/agentdojo/v1.2.2_workspace_user_task_18_injection_task_3/case_packet.md
v1.2.2:workspace:user_task_18:injection_task_4,workspace,user_task_18,injection_task_4,通过,通过,通过,不通过,不通过,不通过,不通过,不通过,通过,不符合设计，必须重建packet后才能draft,OFFICIAL_SOURCE_CONTENT_NOT_MATERIALIZED;NATIVE_RUNNER_AND_AGGREGATION_NOT_IN_PACKET;STATE_SCHEMA_DESCRIPTOR_ONLY;POSTRUN_ARTIFACT_INVENTORY_ABSENT;STRONGER_SPLIT_NOT_RELIABLY_DERIVABLE;USER_EVALUATOR_HELPER_SOURCE_MISSING,"用户 evaluator helper:check_new_event@agentdojo.default_suites.v1.workspace.user_tasks,parse_datetime@agentdojo.default_suites.v1.workspace.user_tasks",/Users/gss/Downloads/revised_agent_benchmark_paper_package/experiments/agentdojo_full_v1.2.2_direct/case_packets/agentdojo/v1.2.2_workspace_user_task_18_injection_task_4/case_packet.md
v1.2.2:workspace:user_task_18:injection_task_6,workspace,user_task_18,injection_task_6,通过,通过,通过,不通过,不通过,不通过,不通过,不通过,通过,不符合设计，必须重建packet后才能draft,OFFICIAL_SOURCE_CONTENT_NOT_MATERIALIZED;NATIVE_RUNNER_AND_AGGREGATION_NOT_IN_PACKET;STATE_SCHEMA_DESCRIPTOR_ONLY;POSTRUN_ARTIFACT_INVENTORY_ABSENT;STRONGER_SPLIT_NOT_RELIABLY_DERIVABLE;USER_EVALUATOR_HELPER_SOURCE_MISSING;INJECTION_EVALUATOR_HELPER_SOURCE_MISSING,"用户 evaluator helper:check_new_event@agentdojo.default_suites.v1.workspace.user_tasks,parse_datetime@agentdojo.default_suites.v1.workspace.user_tasks | 安全 evaluator helper:are_email_bodies_in_str@agentdojo.default_suites.v1_2.workspace.injection_tasks",/Users/gss/Downloads/revised_agent_benchmark_paper_package/experiments/agentdojo_full_v1.2.2_direct/case_packets/agentdojo/v1.2.2_workspace_user_task_18_injection_task_6/case_packet.md
v1.2.2:workspace:user_task_18:injection_task_7,workspace,user_task_18,injection_task_7,通过,通过,通过,不通过,不通过,不通过,不通过,不通过,通过,不符合设计，必须重建packet后才能draft,OFFICIAL_SOURCE_CONTENT_NOT_MATERIALIZED;NATIVE_RUNNER_AND_AGGREGATION_NOT_IN_PACKET;STATE_SCHEMA_DESCRIPTOR_ONLY;POSTRUN_ARTIFACT_INVENTORY_ABSENT;STRONGER_SPLIT_NOT_RELIABLY_DERIVABLE;USER_EVALUATOR_HELPER_SOURCE_MISSING;INJECTION_EVALUATOR_HELPER_SOURCE_MISSING,"用户 evaluator helper:check_new_event@agentdojo.default_suites.v1.workspace.user_tasks,parse_datetime@agentdojo.default_suites.v1.workspace.user_tasks | 安全 evaluator helper:are_email_bodies_in_str@agentdojo.default_suites.v1_2.workspace.injection_tasks",/Users/gss/Downloads/revised_agent_benchmark_paper_package/experiments/agentdojo_full_v1.2.2_direct/case_packets/agentdojo/v1.2.2_workspace_user_task_18_injection_task_7/case_packet.md
v1.2.2:workspace:user_task_18:injection_task_8,workspace,user_task_18,injection_task_8,通过,通过,通过,不通过,不通过,不通过,不通过,不通过,通过,不符合设计，必须重建packet后才能draft,OFFICIAL_SOURCE_CONTENT_NOT_MATERIALIZED;NATIVE_RUNNER_AND_AGGREGATION_NOT_IN_PACKET;STATE_SCHEMA_DESCRIPTOR_ONLY;POSTRUN_ARTIFACT_INVENTORY_ABSENT;STRONGER_SPLIT_NOT_RELIABLY_DERIVABLE;USER_EVALUATOR_HELPER_SOURCE_MISSING;INJECTION_EVALUATOR_HELPER_SOURCE_MISSING,"用户 evaluator helper:check_new_event@agentdojo.default_suites.v1.workspace.user_tasks,parse_datetime@agentdojo.default_suites.v1.workspace.user_tasks | 安全 evaluator helper:are_email_bodies_in_str@agentdojo.default_suites.v1_2.workspace.injection_tasks",/Users/gss/Downloads/revised_agent_benchmark_paper_package/experiments/agentdojo_full_v1.2.2_direct/case_packets/agentdojo/v1.2.2_workspace_user_task_18_injection_task_8/case_packet.md
v1.2.2:workspace:user_task_18:injection_task_9,workspace,user_task_18,injection_task_9,通过,通过,通过,不通过,不通过,不通过,不通过,不通过,通过,不符合设计，必须重建packet后才能draft,OFFICIAL_SOURCE_CONTENT_NOT_MATERIALIZED;NATIVE_RUNNER_AND_AGGREGATION_NOT_IN_PACKET;STATE_SCHEMA_DESCRIPTOR_ONLY;POSTRUN_ARTIFACT_INVENTORY_ABSENT;STRONGER_SPLIT_NOT_RELIABLY_DERIVABLE;USER_EVALUATOR_HELPER_SOURCE_MISSING;INJECTION_EVALUATOR_HELPER_SOURCE_MISSING,"用户 evaluator helper:check_new_event@agentdojo.default_suites.v1.workspace.user_tasks,parse_datetime@agentdojo.default_suites.v1.workspace.user_tasks | 安全 evaluator helper:are_email_bodies_in_str@agentdojo.default_suites.v1_2.workspace.injection_tasks",/Users/gss/Downloads/revised_agent_benchmark_paper_package/experiments/agentdojo_full_v1.2.2_direct/case_packets/agentdojo/v1.2.2_workspace_user_task_18_injection_task_9/case_packet.md
v1.2.2:workspace:user_task_18:injection_task_10,workspace,user_task_18,injection_task_10,通过,通过,通过,不通过,不通过,不通过,不通过,不通过,通过,不符合设计，必须重建packet后才能draft,OFFICIAL_SOURCE_CONTENT_NOT_MATERIALIZED;NATIVE_RUNNER_AND_AGGREGATION_NOT_IN_PACKET;STATE_SCHEMA_DESCRIPTOR_ONLY;POSTRUN_ARTIFACT_INVENTORY_ABSENT;STRONGER_SPLIT_NOT_RELIABLY_DERIVABLE;USER_EVALUATOR_HELPER_SOURCE_MISSING,"用户 evaluator helper:check_new_event@agentdojo.default_suites.v1.workspace.user_tasks,parse_datetime@agentdojo.default_suites.v1.workspace.user_tasks",/Users/gss/Downloads/revised_agent_benchmark_paper_package/experiments/agentdojo_full_v1.2.2_direct/case_packets/agentdojo/v1.2.2_workspace_user_task_18_injection_task_10/case_packet.md
v1.2.2:workspace:user_task_18:injection_task_11,workspace,user_task_18,injection_task_11,通过,通过,通过,不通过,不通过,不通过,不通过,不通过,通过,不符合设计，必须重建packet后才能draft,OFFICIAL_SOURCE_CONTENT_NOT_MATERIALIZED;NATIVE_RUNNER_AND_AGGREGATION_NOT_IN_PACKET;STATE_SCHEMA_DESCRIPTOR_ONLY;POSTRUN_ARTIFACT_INVENTORY_ABSENT;STRONGER_SPLIT_NOT_RELIABLY_DERIVABLE;USER_EVALUATOR_HELPER_SOURCE_MISSING,"用户 evaluator helper:check_new_event@agentdojo.default_suites.v1.workspace.user_tasks,parse_datetime@agentdojo.default_suites.v1.workspace.user_tasks",/Users/gss/Downloads/revised_agent_benchmark_paper_package/experiments/agentdojo_full_v1.2.2_direct/case_packets/agentdojo/v1.2.2_workspace_user_task_18_injection_task_11/case_packet.md
v1.2.2:workspace:user_task_18:injection_task_12,workspace,user_task_18,injection_task_12,通过,通过,通过,不通过,不通过,不通过,不通过,不通过,通过,不符合设计，必须重建packet后才能draft,OFFICIAL_SOURCE_CONTENT_NOT_MATERIALIZED;NATIVE_RUNNER_AND_AGGREGATION_NOT_IN_PACKET;STATE_SCHEMA_DESCRIPTOR_ONLY;POSTRUN_ARTIFACT_INVENTORY_ABSENT;STRONGER_SPLIT_NOT_RELIABLY_DERIVABLE;USER_EVALUATOR_HELPER_SOURCE_MISSING,"用户 evaluator helper:check_new_event@agentdojo.default_suites.v1.workspace.user_tasks,parse_datetime@agentdojo.default_suites.v1.workspace.user_tasks",/Users/gss/Downloads/revised_agent_benchmark_paper_package/experiments/agentdojo_full_v1.2.2_direct/case_packets/agentdojo/v1.2.2_workspace_user_task_18_injection_task_12/case_packet.md
v1.2.2:workspace:user_task_18:injection_task_13,workspace,user_task_18,injection_task_13,通过,通过,通过,不通过,不通过,不通过,不通过,不通过,通过,不符合设计，必须重建packet后才能draft,OFFICIAL_SOURCE_CONTENT_NOT_MATERIALIZED;NATIVE_RUNNER_AND_AGGREGATION_NOT_IN_PACKET;STATE_SCHEMA_DESCRIPTOR_ONLY;POSTRUN_ARTIFACT_INVENTORY_ABSENT;STRONGER_SPLIT_NOT_RELIABLY_DERIVABLE;USER_EVALUATOR_HELPER_SOURCE_MISSING,"用户 evaluator helper:check_new_event@agentdojo.default_suites.v1.workspace.user_tasks,parse_datetime@agentdojo.default_suites.v1.workspace.user_tasks",/Users/gss/Downloads/revised_agent_benchmark_paper_package/experiments/agentdojo_full_v1.2.2_direct/case_packets/agentdojo/v1.2.2_workspace_user_task_18_injection_task_13/case_packet.md
v1.2.2:workspace:user_task_34:injection_task_0,workspace,user_task_34,injection_task_0,通过,通过,通过,不通过,不通过,不通过,不通过,不通过,通过,不符合设计，必须重建packet后才能draft,OFFICIAL_SOURCE_CONTENT_NOT_MATERIALIZED;NATIVE_RUNNER_AND_AGGREGATION_NOT_IN_PACKET;STATE_SCHEMA_DESCRIPTOR_ONLY;POSTRUN_ARTIFACT_INVENTORY_ABSENT;STRONGER_SPLIT_NOT_RELIABLY_DERIVABLE;USER_EVALUATOR_HELPER_SOURCE_MISSING,"用户 evaluator helper:check_added_to_file@agentdojo.default_suites.v1.workspace.user_tasks,list_is_in_string_or_set@agentdojo.default_suites.v1.workspace.user_tasks",/Users/gss/Downloads/revised_agent_benchmark_paper_package/experiments/agentdojo_full_v1.2.2_direct/case_packets/agentdojo/v1.2.2_workspace_user_task_34_injection_task_0/case_packet.md
v1.2.2:workspace:user_task_34:injection_task_1,workspace,user_task_34,injection_task_1,通过,通过,通过,不通过,不通过,不通过,不通过,不通过,通过,不符合设计，必须重建packet后才能draft,OFFICIAL_SOURCE_CONTENT_NOT_MATERIALIZED;NATIVE_RUNNER_AND_AGGREGATION_NOT_IN_PACKET;STATE_SCHEMA_DESCRIPTOR_ONLY;POSTRUN_ARTIFACT_INVENTORY_ABSENT;STRONGER_SPLIT_NOT_RELIABLY_DERIVABLE;USER_EVALUATOR_HELPER_SOURCE_MISSING,"用户 evaluator helper:check_added_to_file@agentdojo.default_suites.v1.workspace.user_tasks,list_is_in_string_or_set@agentdojo.default_suites.v1.workspace.user_tasks",/Users/gss/Downloads/revised_agent_benchmark_paper_package/experiments/agentdojo_full_v1.2.2_direct/case_packets/agentdojo/v1.2.2_workspace_user_task_34_injection_task_1/case_packet.md
v1.2.2:workspace:user_task_34:injection_task_2,workspace,user_task_34,injection_task_2,通过,通过,通过,不通过,不通过,不通过,不通过,不通过,通过,不符合设计，必须重建packet后才能draft,OFFICIAL_SOURCE_CONTENT_NOT_MATERIALIZED;NATIVE_RUNNER_AND_AGGREGATION_NOT_IN_PACKET;STATE_SCHEMA_DESCRIPTOR_ONLY;POSTRUN_ARTIFACT_INVENTORY_ABSENT;STRONGER_SPLIT_NOT_RELIABLY_DERIVABLE;USER_EVALUATOR_HELPER_SOURCE_MISSING;INJECTION_EVALUATOR_HELPER_SOURCE_MISSING,"用户 evaluator helper:check_added_to_file@agentdojo.default_suites.v1.workspace.user_tasks,list_is_in_string_or_set@agentdojo.default_suites.v1.workspace.user_tasks | 安全 evaluator helper:parse_datetime@agentdojo.default_suites.v1.workspace.user_tasks",/Users/gss/Downloads/revised_agent_benchmark_paper_package/experiments/agentdojo_full_v1.2.2_direct/case_packets/agentdojo/v1.2.2_workspace_user_task_34_injection_task_2/case_packet.md
v1.2.2:workspace:user_task_34:injection_task_3,workspace,user_task_34,injection_task_3,通过,通过,通过,不通过,不通过,不通过,不通过,不通过,通过,不符合设计，必须重建packet后才能draft,OFFICIAL_SOURCE_CONTENT_NOT_MATERIALIZED;NATIVE_RUNNER_AND_AGGREGATION_NOT_IN_PACKET;STATE_SCHEMA_DESCRIPTOR_ONLY;POSTRUN_ARTIFACT_INVENTORY_ABSENT;STRONGER_SPLIT_NOT_RELIABLY_DERIVABLE;USER_EVALUATOR_HELPER_SOURCE_MISSING,"用户 evaluator helper:check_added_to_file@agentdojo.default_suites.v1.workspace.user_tasks,list_is_in_string_or_set@agentdojo.default_suites.v1.workspace.user_tasks",/Users/gss/Downloads/revised_agent_benchmark_paper_package/experiments/agentdojo_full_v1.2.2_direct/case_packets/agentdojo/v1.2.2_workspace_user_task_34_injection_task_3/case_packet.md
v1.2.2:workspace:user_task_34:injection_task_5,workspace,user_task_34,injection_task_5,通过,通过,通过,不通过,不通过,不通过,不通过,不通过,通过,不符合设计，必须重建packet后才能draft,OFFICIAL_SOURCE_CONTENT_NOT_MATERIALIZED;NATIVE_RUNNER_AND_AGGREGATION_NOT_IN_PACKET;STATE_SCHEMA_DESCRIPTOR_ONLY;POSTRUN_ARTIFACT_INVENTORY_ABSENT;STRONGER_SPLIT_NOT_RELIABLY_DERIVABLE;USER_EVALUATOR_HELPER_SOURCE_MISSING,"用户 evaluator helper:check_added_to_file@agentdojo.default_suites.v1.workspace.user_tasks,list_is_in_string_or_set@agentdojo.default_suites.v1.workspace.user_tasks",/Users/gss/Downloads/revised_agent_benchmark_paper_package/experiments/agentdojo_full_v1.2.2_direct/case_packets/agentdojo/v1.2.2_workspace_user_task_34_injection_task_5/case_packet.md
v1.2.2:workspace:user_task_34:injection_task_6,workspace,user_task_34,injection_task_6,通过,通过,通过,不通过,不通过,不通过,不通过,不通过,通过,不符合设计，必须重建packet后才能draft,OFFICIAL_SOURCE_CONTENT_NOT_MATERIALIZED;NATIVE_RUNNER_AND_AGGREGATION_NOT_IN_PACKET;STATE_SCHEMA_DESCRIPTOR_ONLY;POSTRUN_ARTIFACT_INVENTORY_ABSENT;STRONGER_SPLIT_NOT_RELIABLY_DERIVABLE;USER_EVALUATOR_HELPER_SOURCE_MISSING;INJECTION_EVALUATOR_HELPER_SOURCE_MISSING,"用户 evaluator helper:check_added_to_file@agentdojo.default_suites.v1.workspace.user_tasks,list_is_in_string_or_set@agentdojo.default_suites.v1.workspace.user_tasks | 安全 evaluator helper:are_email_bodies_in_str@agentdojo.default_suites.v1_2.workspace.injection_tasks",/Users/gss/Downloads/revised_agent_benchmark_paper_package/experiments/agentdojo_full_v1.2.2_direct/case_packets/agentdojo/v1.2.2_workspace_user_task_34_injection_task_6/case_packet.md
v1.2.2:workspace:user_task_34:injection_task_7,workspace,user_task_34,injection_task_7,通过,通过,通过,不通过,不通过,不通过,不通过,不通过,通过,不符合设计，必须重建packet后才能draft,OFFICIAL_SOURCE_CONTENT_NOT_MATERIALIZED;NATIVE_RUNNER_AND_AGGREGATION_NOT_IN_PACKET;STATE_SCHEMA_DESCRIPTOR_ONLY;POSTRUN_ARTIFACT_INVENTORY_ABSENT;STRONGER_SPLIT_NOT_RELIABLY_DERIVABLE;USER_EVALUATOR_HELPER_SOURCE_MISSING;INJECTION_EVALUATOR_HELPER_SOURCE_MISSING,"用户 evaluator helper:check_added_to_file@agentdojo.default_suites.v1.workspace.user_tasks,list_is_in_string_or_set@agentdojo.default_suites.v1.workspace.user_tasks | 安全 evaluator helper:are_email_bodies_in_str@agentdojo.default_suites.v1_2.workspace.injection_tasks",/Users/gss/Downloads/revised_agent_benchmark_paper_package/experiments/agentdojo_full_v1.2.2_direct/case_packets/agentdojo/v1.2.2_workspace_user_task_34_injection_task_7/case_packet.md
v1.2.2:workspace:user_task_34:injection_task_8,workspace,user_task_34,injection_task_8,通过,通过,通过,不通过,不通过,不通过,不通过,不通过,通过,不符合设计，必须重建packet后才能draft,OFFICIAL_SOURCE_CONTENT_NOT_MATERIALIZED;NATIVE_RUNNER_AND_AGGREGATION_NOT_IN_PACKET;STATE_SCHEMA_DESCRIPTOR_ONLY;POSTRUN_ARTIFACT_INVENTORY_ABSENT;STRONGER_SPLIT_NOT_RELIABLY_DERIVABLE;USER_EVALUATOR_HELPER_SOURCE_MISSING;INJECTION_EVALUATOR_HELPER_SOURCE_MISSING,"用户 evaluator helper:check_added_to_file@agentdojo.default_suites.v1.workspace.user_tasks,list_is_in_string_or_set@agentdojo.default_suites.v1.workspace.user_tasks | 安全 evaluator helper:are_email_bodies_in_str@agentdojo.default_suites.v1_2.workspace.injection_tasks",/Users/gss/Downloads/revised_agent_benchmark_paper_package/experiments/agentdojo_full_v1.2.2_direct/case_packets/agentdojo/v1.2.2_workspace_user_task_34_injection_task_8/case_packet.md
v1.2.2:workspace:user_task_34:injection_task_9,workspace,user_task_34,injection_task_9,通过,通过,通过,不通过,不通过,不通过,不通过,不通过,通过,不符合设计，必须重建packet后才能draft,OFFICIAL_SOURCE_CONTENT_NOT_MATERIALIZED;NATIVE_RUNNER_AND_AGGREGATION_NOT_IN_PACKET;STATE_SCHEMA_DESCRIPTOR_ONLY;POSTRUN_ARTIFACT_INVENTORY_ABSENT;STRONGER_SPLIT_NOT_RELIABLY_DERIVABLE;USER_EVALUATOR_HELPER_SOURCE_MISSING;INJECTION_EVALUATOR_HELPER_SOURCE_MISSING,"用户 evaluator helper:check_added_to_file@agentdojo.default_suites.v1.workspace.user_tasks,list_is_in_string_or_set@agentdojo.default_suites.v1.workspace.user_tasks | 安全 evaluator helper:are_email_bodies_in_str@agentdojo.default_suites.v1_2.workspace.injection_tasks",/Users/gss/Downloads/revised_agent_benchmark_paper_package/experiments/agentdojo_full_v1.2.2_direct/case_packets/agentdojo/v1.2.2_workspace_user_task_34_injection_task_9/case_packet.md
v1.2.2:workspace:user_task_34:injection_task_10,workspace,user_task_34,injection_task_10,通过,通过,通过,不通过,不通过,不通过,不通过,不通过,通过,不符合设计，必须重建packet后才能draft,OFFICIAL_SOURCE_CONTENT_NOT_MATERIALIZED;NATIVE_RUNNER_AND_AGGREGATION_NOT_IN_PACKET;STATE_SCHEMA_DESCRIPTOR_ONLY;POSTRUN_ARTIFACT_INVENTORY_ABSENT;STRONGER_SPLIT_NOT_RELIABLY_DERIVABLE;USER_EVALUATOR_HELPER_SOURCE_MISSING,"用户 evaluator helper:check_added_to_file@agentdojo.default_suites.v1.workspace.user_tasks,list_is_in_string_or_set@agentdojo.default_suites.v1.workspace.user_tasks",/Users/gss/Downloads/revised_agent_benchmark_paper_package/experiments/agentdojo_full_v1.2.2_direct/case_packets/agentdojo/v1.2.2_workspace_user_task_34_injection_task_10/case_packet.md
v1.2.2:workspace:user_task_34:injection_task_12,workspace,user_task_34,injection_task_12,通过,通过,通过,不通过,不通过,不通过,不通过,不通过,通过,不符合设计，必须重建packet后才能draft,OFFICIAL_SOURCE_CONTENT_NOT_MATERIALIZED;NATIVE_RUNNER_AND_AGGREGATION_NOT_IN_PACKET;STATE_SCHEMA_DESCRIPTOR_ONLY;POSTRUN_ARTIFACT_INVENTORY_ABSENT;STRONGER_SPLIT_NOT_RELIABLY_DERIVABLE;USER_EVALUATOR_HELPER_SOURCE_MISSING,"用户 evaluator helper:check_added_to_file@agentdojo.default_suites.v1.workspace.user_tasks,list_is_in_string_or_set@agentdojo.default_suites.v1.workspace.user_tasks",/Users/gss/Downloads/revised_agent_benchmark_paper_package/experiments/agentdojo_full_v1.2.2_direct/case_packets/agentdojo/v1.2.2_workspace_user_task_34_injection_task_12/case_packet.md
v1.2.2:workspace:user_task_34:injection_task_13,workspace,user_task_34,injection_task_13,通过,通过,通过,不通过,不通过,不通过,不通过,不通过,通过,不符合设计，必须重建packet后才能draft,OFFICIAL_SOURCE_CONTENT_NOT_MATERIALIZED;NATIVE_RUNNER_AND_AGGREGATION_NOT_IN_PACKET;STATE_SCHEMA_DESCRIPTOR_ONLY;POSTRUN_ARTIFACT_INVENTORY_ABSENT;STRONGER_SPLIT_NOT_RELIABLY_DERIVABLE;USER_EVALUATOR_HELPER_SOURCE_MISSING,"用户 evaluator helper:check_added_to_file@agentdojo.default_suites.v1.workspace.user_tasks,list_is_in_string_or_set@agentdojo.default_suites.v1.workspace.user_tasks",/Users/gss/Downloads/revised_agent_benchmark_paper_package/experiments/agentdojo_full_v1.2.2_direct/case_packets/agentdojo/v1.2.2_workspace_user_task_34_injection_task_13/case_packet.md
v1.2.2:workspace:user_task_20:injection_task_0,workspace,user_task_20,injection_task_0,通过,通过,通过,不通过,不通过,不通过,不通过,不通过,通过,不符合设计，必须重建packet后才能draft,OFFICIAL_SOURCE_CONTENT_NOT_MATERIALIZED;NATIVE_RUNNER_AND_AGGREGATION_NOT_IN_PACKET;STATE_SCHEMA_DESCRIPTOR_ONLY;POSTRUN_ARTIFACT_INVENTORY_ABSENT;STRONGER_SPLIT_NOT_RELIABLY_DERIVABLE;USER_EVALUATOR_HELPER_SOURCE_MISSING,"用户 evaluator helper:check_new_event@agentdojo.default_suites.v1.workspace.user_tasks,parse_datetime@agentdojo.default_suites.v1.workspace.user_tasks",/Users/gss/Downloads/revised_agent_benchmark_paper_package/experiments/agentdojo_full_v1.2.2_direct/case_packets/agentdojo/v1.2.2_workspace_user_task_20_injection_task_0/case_packet.md
v1.2.2:workspace:user_task_20:injection_task_1,workspace,user_task_20,injection_task_1,通过,通过,通过,不通过,不通过,不通过,不通过,不通过,通过,不符合设计，必须重建packet后才能draft,OFFICIAL_SOURCE_CONTENT_NOT_MATERIALIZED;NATIVE_RUNNER_AND_AGGREGATION_NOT_IN_PACKET;STATE_SCHEMA_DESCRIPTOR_ONLY;POSTRUN_ARTIFACT_INVENTORY_ABSENT;STRONGER_SPLIT_NOT_RELIABLY_DERIVABLE;USER_EVALUATOR_HELPER_SOURCE_MISSING,"用户 evaluator helper:check_new_event@agentdojo.default_suites.v1.workspace.user_tasks,parse_datetime@agentdojo.default_suites.v1.workspace.user_tasks",/Users/gss/Downloads/revised_agent_benchmark_paper_package/experiments/agentdojo_full_v1.2.2_direct/case_packets/agentdojo/v1.2.2_workspace_user_task_20_injection_task_1/case_packet.md
v1.2.2:workspace:user_task_20:injection_task_2,workspace,user_task_20,injection_task_2,通过,通过,通过,不通过,不通过,不通过,不通过,不通过,通过,不符合设计，必须重建packet后才能draft,OFFICIAL_SOURCE_CONTENT_NOT_MATERIALIZED;NATIVE_RUNNER_AND_AGGREGATION_NOT_IN_PACKET;STATE_SCHEMA_DESCRIPTOR_ONLY;POSTRUN_ARTIFACT_INVENTORY_ABSENT;STRONGER_SPLIT_NOT_RELIABLY_DERIVABLE;USER_EVALUATOR_HELPER_SOURCE_MISSING;INJECTION_EVALUATOR_HELPER_SOURCE_MISSING,"用户 evaluator helper:check_new_event@agentdojo.default_suites.v1.workspace.user_tasks,parse_datetime@agentdojo.default_suites.v1.workspace.user_tasks | 安全 evaluator helper:parse_datetime@agentdojo.default_suites.v1.workspace.user_tasks",/Users/gss/Downloads/revised_agent_benchmark_paper_package/experiments/agentdojo_full_v1.2.2_direct/case_packets/agentdojo/v1.2.2_workspace_user_task_20_injection_task_2/case_packet.md
v1.2.2:workspace:user_task_20:injection_task_3,workspace,user_task_20,injection_task_3,通过,通过,通过,不通过,不通过,不通过,不通过,不通过,通过,不符合设计，必须重建packet后才能draft,OFFICIAL_SOURCE_CONTENT_NOT_MATERIALIZED;NATIVE_RUNNER_AND_AGGREGATION_NOT_IN_PACKET;STATE_SCHEMA_DESCRIPTOR_ONLY;POSTRUN_ARTIFACT_INVENTORY_ABSENT;STRONGER_SPLIT_NOT_RELIABLY_DERIVABLE;USER_EVALUATOR_HELPER_SOURCE_MISSING,"用户 evaluator helper:check_new_event@agentdojo.default_suites.v1.workspace.user_tasks,parse_datetime@agentdojo.default_suites.v1.workspace.user_tasks",/Users/gss/Downloads/revised_agent_benchmark_paper_package/experiments/agentdojo_full_v1.2.2_direct/case_packets/agentdojo/v1.2.2_workspace_user_task_20_injection_task_3/case_packet.md
v1.2.2:workspace:user_task_20:injection_task_4,workspace,user_task_20,injection_task_4,通过,通过,通过,不通过,不通过,不通过,不通过,不通过,通过,不符合设计，必须重建packet后才能draft,OFFICIAL_SOURCE_CONTENT_NOT_MATERIALIZED;NATIVE_RUNNER_AND_AGGREGATION_NOT_IN_PACKET;STATE_SCHEMA_DESCRIPTOR_ONLY;POSTRUN_ARTIFACT_INVENTORY_ABSENT;STRONGER_SPLIT_NOT_RELIABLY_DERIVABLE;USER_EVALUATOR_HELPER_SOURCE_MISSING,"用户 evaluator helper:check_new_event@agentdojo.default_suites.v1.workspace.user_tasks,parse_datetime@agentdojo.default_suites.v1.workspace.user_tasks",/Users/gss/Downloads/revised_agent_benchmark_paper_package/experiments/agentdojo_full_v1.2.2_direct/case_packets/agentdojo/v1.2.2_workspace_user_task_20_injection_task_4/case_packet.md
v1.2.2:workspace:user_task_20:injection_task_5,workspace,user_task_20,injection_task_5,通过,通过,通过,不通过,不通过,不通过,不通过,不通过,通过,不符合设计，必须重建packet后才能draft,OFFICIAL_SOURCE_CONTENT_NOT_MATERIALIZED;NATIVE_RUNNER_AND_AGGREGATION_NOT_IN_PACKET;STATE_SCHEMA_DESCRIPTOR_ONLY;POSTRUN_ARTIFACT_INVENTORY_ABSENT;STRONGER_SPLIT_NOT_RELIABLY_DERIVABLE;USER_EVALUATOR_HELPER_SOURCE_MISSING,"用户 evaluator helper:check_new_event@agentdojo.default_suites.v1.workspace.user_tasks,parse_datetime@agentdojo.default_suites.v1.workspace.user_tasks",/Users/gss/Downloads/revised_agent_benchmark_paper_package/experiments/agentdojo_full_v1.2.2_direct/case_packets/agentdojo/v1.2.2_workspace_user_task_20_injection_task_5/case_packet.md
v1.2.2:workspace:user_task_20:injection_task_6,workspace,user_task_20,injection_task_6,通过,通过,通过,不通过,不通过,不通过,不通过,不通过,通过,不符合设计，必须重建packet后才能draft,OFFICIAL_SOURCE_CONTENT_NOT_MATERIALIZED;NATIVE_RUNNER_AND_AGGREGATION_NOT_IN_PACKET;STATE_SCHEMA_DESCRIPTOR_ONLY;POSTRUN_ARTIFACT_INVENTORY_ABSENT;STRONGER_SPLIT_NOT_RELIABLY_DERIVABLE;USER_EVALUATOR_HELPER_SOURCE_MISSING;INJECTION_EVALUATOR_HELPER_SOURCE_MISSING,"用户 evaluator helper:check_new_event@agentdojo.default_suites.v1.workspace.user_tasks,parse_datetime@agentdojo.default_suites.v1.workspace.user_tasks | 安全 evaluator helper:are_email_bodies_in_str@agentdojo.default_suites.v1_2.workspace.injection_tasks",/Users/gss/Downloads/revised_agent_benchmark_paper_package/experiments/agentdojo_full_v1.2.2_direct/case_packets/agentdojo/v1.2.2_workspace_user_task_20_injection_task_6/case_packet.md
v1.2.2:workspace:user_task_20:injection_task_7,workspace,user_task_20,injection_task_7,通过,通过,通过,不通过,不通过,不通过,不通过,不通过,通过,不符合设计，必须重建packet后才能draft,OFFICIAL_SOURCE_CONTENT_NOT_MATERIALIZED;NATIVE_RUNNER_AND_AGGREGATION_NOT_IN_PACKET;STATE_SCHEMA_DESCRIPTOR_ONLY;POSTRUN_ARTIFACT_INVENTORY_ABSENT;STRONGER_SPLIT_NOT_RELIABLY_DERIVABLE;USER_EVALUATOR_HELPER_SOURCE_MISSING;INJECTION_EVALUATOR_HELPER_SOURCE_MISSING,"用户 evaluator helper:check_new_event@agentdojo.default_suites.v1.workspace.user_tasks,parse_datetime@agentdojo.default_suites.v1.workspace.user_tasks | 安全 evaluator helper:are_email_bodies_in_str@agentdojo.default_suites.v1_2.workspace.injection_tasks",/Users/gss/Downloads/revised_agent_benchmark_paper_package/experiments/agentdojo_full_v1.2.2_direct/case_packets/agentdojo/v1.2.2_workspace_user_task_20_injection_task_7/case_packet.md
v1.2.2:workspace:user_task_20:injection_task_8,workspace,user_task_20,injection_task_8,通过,通过,通过,不通过,不通过,不通过,不通过,不通过,通过,不符合设计，必须重建packet后才能draft,OFFICIAL_SOURCE_CONTENT_NOT_MATERIALIZED;NATIVE_RUNNER_AND_AGGREGATION_NOT_IN_PACKET;STATE_SCHEMA_DESCRIPTOR_ONLY;POSTRUN_ARTIFACT_INVENTORY_ABSENT;STRONGER_SPLIT_NOT_RELIABLY_DERIVABLE;USER_EVALUATOR_HELPER_SOURCE_MISSING;INJECTION_EVALUATOR_HELPER_SOURCE_MISSING,"用户 evaluator helper:check_new_event@agentdojo.default_suites.v1.workspace.user_tasks,parse_datetime@agentdojo.default_suites.v1.workspace.user_tasks | 安全 evaluator helper:are_email_bodies_in_str@agentdojo.default_suites.v1_2.workspace.injection_tasks",/Users/gss/Downloads/revised_agent_benchmark_paper_package/experiments/agentdojo_full_v1.2.2_direct/case_packets/agentdojo/v1.2.2_workspace_user_task_20_injection_task_8/case_packet.md
v1.2.2:workspace:user_task_20:injection_task_9,workspace,user_task_20,injection_task_9,通过,通过,通过,不通过,不通过,不通过,不通过,不通过,通过,不符合设计，必须重建packet后才能draft,OFFICIAL_SOURCE_CONTENT_NOT_MATERIALIZED;NATIVE_RUNNER_AND_AGGREGATION_NOT_IN_PACKET;STATE_SCHEMA_DESCRIPTOR_ONLY;POSTRUN_ARTIFACT_INVENTORY_ABSENT;STRONGER_SPLIT_NOT_RELIABLY_DERIVABLE;USER_EVALUATOR_HELPER_SOURCE_MISSING;INJECTION_EVALUATOR_HELPER_SOURCE_MISSING,"用户 evaluator helper:check_new_event@agentdojo.default_suites.v1.workspace.user_tasks,parse_datetime@agentdojo.default_suites.v1.workspace.user_tasks | 安全 evaluator helper:are_email_bodies_in_str@agentdojo.default_suites.v1_2.workspace.injection_tasks",/Users/gss/Downloads/revised_agent_benchmark_paper_package/experiments/agentdojo_full_v1.2.2_direct/case_packets/agentdojo/v1.2.2_workspace_user_task_20_injection_task_9/case_packet.md
v1.2.2:workspace:user_task_20:injection_task_10,workspace,user_task_20,injection_task_10,通过,通过,通过,不通过,不通过,不通过,不通过,不通过,通过,不符合设计，必须重建packet后才能draft,OFFICIAL_SOURCE_CONTENT_NOT_MATERIALIZED;NATIVE_RUNNER_AND_AGGREGATION_NOT_IN_PACKET;STATE_SCHEMA_DESCRIPTOR_ONLY;POSTRUN_ARTIFACT_INVENTORY_ABSENT;STRONGER_SPLIT_NOT_RELIABLY_DERIVABLE;USER_EVALUATOR_HELPER_SOURCE_MISSING,"用户 evaluator helper:check_new_event@agentdojo.default_suites.v1.workspace.user_tasks,parse_datetime@agentdojo.default_suites.v1.workspace.user_tasks",/Users/gss/Downloads/revised_agent_benchmark_paper_package/experiments/agentdojo_full_v1.2.2_direct/case_packets/agentdojo/v1.2.2_workspace_user_task_20_injection_task_10/case_packet.md
v1.2.2:workspace:user_task_20:injection_task_11,workspace,user_task_20,injection_task_11,通过,通过,通过,不通过,不通过,不通过,不通过,不通过,通过,不符合设计，必须重建packet后才能draft,OFFICIAL_SOURCE_CONTENT_NOT_MATERIALIZED;NATIVE_RUNNER_AND_AGGREGATION_NOT_IN_PACKET;STATE_SCHEMA_DESCRIPTOR_ONLY;POSTRUN_ARTIFACT_INVENTORY_ABSENT;STRONGER_SPLIT_NOT_RELIABLY_DERIVABLE;USER_EVALUATOR_HELPER_SOURCE_MISSING,"用户 evaluator helper:check_new_event@agentdojo.default_suites.v1.workspace.user_tasks,parse_datetime@agentdojo.default_suites.v1.workspace.user_tasks",/Users/gss/Downloads/revised_agent_benchmark_paper_package/experiments/agentdojo_full_v1.2.2_direct/case_packets/agentdojo/v1.2.2_workspace_user_task_20_injection_task_11/case_packet.md
v1.2.2:workspace:user_task_20:injection_task_12,workspace,user_task_20,injection_task_12,通过,通过,通过,不通过,不通过,不通过,不通过,不通过,通过,不符合设计，必须重建packet后才能draft,OFFICIAL_SOURCE_CONTENT_NOT_MATERIALIZED;NATIVE_RUNNER_AND_AGGREGATION_NOT_IN_PACKET;STATE_SCHEMA_DESCRIPTOR_ONLY;POSTRUN_ARTIFACT_INVENTORY_ABSENT;STRONGER_SPLIT_NOT_RELIABLY_DERIVABLE;USER_EVALUATOR_HELPER_SOURCE_MISSING,"用户 evaluator helper:check_new_event@agentdojo.default_suites.v1.workspace.user_tasks,parse_datetime@agentdojo.default_suites.v1.workspace.user_tasks",/Users/gss/Downloads/revised_agent_benchmark_paper_package/experiments/agentdojo_full_v1.2.2_direct/case_packets/agentdojo/v1.2.2_workspace_user_task_20_injection_task_12/case_packet.md
v1.2.2:workspace:user_task_20:injection_task_13,workspace,user_task_20,injection_task_13,通过,通过,通过,不通过,不通过,不通过,不通过,不通过,通过,不符合设计，必须重建packet后才能draft,OFFICIAL_SOURCE_CONTENT_NOT_MATERIALIZED;NATIVE_RUNNER_AND_AGGREGATION_NOT_IN_PACKET;STATE_SCHEMA_DESCRIPTOR_ONLY;POSTRUN_ARTIFACT_INVENTORY_ABSENT;STRONGER_SPLIT_NOT_RELIABLY_DERIVABLE;USER_EVALUATOR_HELPER_SOURCE_MISSING,"用户 evaluator helper:check_new_event@agentdojo.default_suites.v1.workspace.user_tasks,parse_datetime@agentdojo.default_suites.v1.workspace.user_tasks",/Users/gss/Downloads/revised_agent_benchmark_paper_package/experiments/agentdojo_full_v1.2.2_direct/case_packets/agentdojo/v1.2.2_workspace_user_task_20_injection_task_13/case_packet.md
v1.2.2:workspace:user_task_33:injection_task_0,workspace,user_task_33,injection_task_0,通过,通过,通过,不通过,不通过,不通过,不通过,不通过,通过,不符合设计，必须重建packet后才能draft,OFFICIAL_SOURCE_CONTENT_NOT_MATERIALIZED;NATIVE_RUNNER_AND_AGGREGATION_NOT_IN_PACKET;STATE_SCHEMA_DESCRIPTOR_ONLY;POSTRUN_ARTIFACT_INVENTORY_ABSENT;STRONGER_SPLIT_NOT_RELIABLY_DERIVABLE;USER_EVALUATOR_HELPER_SOURCE_MISSING,用户 evaluator helper:check_new_email@agentdojo.default_suites.v1.workspace.user_tasks,/Users/gss/Downloads/revised_agent_benchmark_paper_package/experiments/agentdojo_full_v1.2.2_direct/case_packets/agentdojo/v1.2.2_workspace_user_task_33_injection_task_0/case_packet.md
v1.2.2:workspace:user_task_33:injection_task_1,workspace,user_task_33,injection_task_1,通过,通过,通过,不通过,不通过,不通过,不通过,不通过,通过,不符合设计，必须重建packet后才能draft,OFFICIAL_SOURCE_CONTENT_NOT_MATERIALIZED;NATIVE_RUNNER_AND_AGGREGATION_NOT_IN_PACKET;STATE_SCHEMA_DESCRIPTOR_ONLY;POSTRUN_ARTIFACT_INVENTORY_ABSENT;STRONGER_SPLIT_NOT_RELIABLY_DERIVABLE;USER_EVALUATOR_HELPER_SOURCE_MISSING,用户 evaluator helper:check_new_email@agentdojo.default_suites.v1.workspace.user_tasks,/Users/gss/Downloads/revised_agent_benchmark_paper_package/experiments/agentdojo_full_v1.2.2_direct/case_packets/agentdojo/v1.2.2_workspace_user_task_33_injection_task_1/case_packet.md
v1.2.2:workspace:user_task_33:injection_task_2,workspace,user_task_33,injection_task_2,通过,通过,通过,不通过,不通过,不通过,不通过,不通过,通过,不符合设计，必须重建packet后才能draft,OFFICIAL_SOURCE_CONTENT_NOT_MATERIALIZED;NATIVE_RUNNER_AND_AGGREGATION_NOT_IN_PACKET;STATE_SCHEMA_DESCRIPTOR_ONLY;POSTRUN_ARTIFACT_INVENTORY_ABSENT;STRONGER_SPLIT_NOT_RELIABLY_DERIVABLE;USER_EVALUATOR_HELPER_SOURCE_MISSING;INJECTION_EVALUATOR_HELPER_SOURCE_MISSING,用户 evaluator helper:check_new_email@agentdojo.default_suites.v1.workspace.user_tasks | 安全 evaluator helper:parse_datetime@agentdojo.default_suites.v1.workspace.user_tasks,/Users/gss/Downloads/revised_agent_benchmark_paper_package/experiments/agentdojo_full_v1.2.2_direct/case_packets/agentdojo/v1.2.2_workspace_user_task_33_injection_task_2/case_packet.md
v1.2.2:workspace:user_task_33:injection_task_4,workspace,user_task_33,injection_task_4,通过,通过,通过,不通过,不通过,不通过,不通过,不通过,通过,不符合设计，必须重建packet后才能draft,OFFICIAL_SOURCE_CONTENT_NOT_MATERIALIZED;NATIVE_RUNNER_AND_AGGREGATION_NOT_IN_PACKET;STATE_SCHEMA_DESCRIPTOR_ONLY;POSTRUN_ARTIFACT_INVENTORY_ABSENT;STRONGER_SPLIT_NOT_RELIABLY_DERIVABLE;USER_EVALUATOR_HELPER_SOURCE_MISSING,用户 evaluator helper:check_new_email@agentdojo.default_suites.v1.workspace.user_tasks,/Users/gss/Downloads/revised_agent_benchmark_paper_package/experiments/agentdojo_full_v1.2.2_direct/case_packets/agentdojo/v1.2.2_workspace_user_task_33_injection_task_4/case_packet.md
v1.2.2:workspace:user_task_33:injection_task_5,workspace,user_task_33,injection_task_5,通过,通过,通过,不通过,不通过,不通过,不通过,不通过,通过,不符合设计，必须重建packet后才能draft,OFFICIAL_SOURCE_CONTENT_NOT_MATERIALIZED;NATIVE_RUNNER_AND_AGGREGATION_NOT_IN_PACKET;STATE_SCHEMA_DESCRIPTOR_ONLY;POSTRUN_ARTIFACT_INVENTORY_ABSENT;STRONGER_SPLIT_NOT_RELIABLY_DERIVABLE;USER_EVALUATOR_HELPER_SOURCE_MISSING,用户 evaluator helper:check_new_email@agentdojo.default_suites.v1.workspace.user_tasks,/Users/gss/Downloads/revised_agent_benchmark_paper_package/experiments/agentdojo_full_v1.2.2_direct/case_packets/agentdojo/v1.2.2_workspace_user_task_33_injection_task_5/case_packet.md
v1.2.2:workspace:user_task_33:injection_task_6,workspace,user_task_33,injection_task_6,通过,通过,通过,不通过,不通过,不通过,不通过,不通过,通过,不符合设计，必须重建packet后才能draft,OFFICIAL_SOURCE_CONTENT_NOT_MATERIALIZED;NATIVE_RUNNER_AND_AGGREGATION_NOT_IN_PACKET;STATE_SCHEMA_DESCRIPTOR_ONLY;POSTRUN_ARTIFACT_INVENTORY_ABSENT;STRONGER_SPLIT_NOT_RELIABLY_DERIVABLE;USER_EVALUATOR_HELPER_SOURCE_MISSING;INJECTION_EVALUATOR_HELPER_SOURCE_MISSING,用户 evaluator helper:check_new_email@agentdojo.default_suites.v1.workspace.user_tasks | 安全 evaluator helper:are_email_bodies_in_str@agentdojo.default_suites.v1_2.workspace.injection_tasks,/Users/gss/Downloads/revised_agent_benchmark_paper_package/experiments/agentdojo_full_v1.2.2_direct/case_packets/agentdojo/v1.2.2_workspace_user_task_33_injection_task_6/case_packet.md
v1.2.2:workspace:user_task_33:injection_task_7,workspace,user_task_33,injection_task_7,通过,通过,通过,不通过,不通过,不通过,不通过,不通过,通过,不符合设计，必须重建packet后才能draft,OFFICIAL_SOURCE_CONTENT_NOT_MATERIALIZED;NATIVE_RUNNER_AND_AGGREGATION_NOT_IN_PACKET;STATE_SCHEMA_DESCRIPTOR_ONLY;POSTRUN_ARTIFACT_INVENTORY_ABSENT;STRONGER_SPLIT_NOT_RELIABLY_DERIVABLE;USER_EVALUATOR_HELPER_SOURCE_MISSING;INJECTION_EVALUATOR_HELPER_SOURCE_MISSING,用户 evaluator helper:check_new_email@agentdojo.default_suites.v1.workspace.user_tasks | 安全 evaluator helper:are_email_bodies_in_str@agentdojo.default_suites.v1_2.workspace.injection_tasks,/Users/gss/Downloads/revised_agent_benchmark_paper_package/experiments/agentdojo_full_v1.2.2_direct/case_packets/agentdojo/v1.2.2_workspace_user_task_33_injection_task_7/case_packet.md
v1.2.2:workspace:user_task_33:injection_task_8,workspace,user_task_33,injection_task_8,通过,通过,通过,不通过,不通过,不通过,不通过,不通过,通过,不符合设计，必须重建packet后才能draft,OFFICIAL_SOURCE_CONTENT_NOT_MATERIALIZED;NATIVE_RUNNER_AND_AGGREGATION_NOT_IN_PACKET;STATE_SCHEMA_DESCRIPTOR_ONLY;POSTRUN_ARTIFACT_INVENTORY_ABSENT;STRONGER_SPLIT_NOT_RELIABLY_DERIVABLE;USER_EVALUATOR_HELPER_SOURCE_MISSING;INJECTION_EVALUATOR_HELPER_SOURCE_MISSING,用户 evaluator helper:check_new_email@agentdojo.default_suites.v1.workspace.user_tasks | 安全 evaluator helper:are_email_bodies_in_str@agentdojo.default_suites.v1_2.workspace.injection_tasks,/Users/gss/Downloads/revised_agent_benchmark_paper_package/experiments/agentdojo_full_v1.2.2_direct/case_packets/agentdojo/v1.2.2_workspace_user_task_33_injection_task_8/case_packet.md
v1.2.2:workspace:user_task_33:injection_task_9,workspace,user_task_33,injection_task_9,通过,通过,通过,不通过,不通过,不通过,不通过,不通过,通过,不符合设计，必须重建packet后才能draft,OFFICIAL_SOURCE_CONTENT_NOT_MATERIALIZED;NATIVE_RUNNER_AND_AGGREGATION_NOT_IN_PACKET;STATE_SCHEMA_DESCRIPTOR_ONLY;POSTRUN_ARTIFACT_INVENTORY_ABSENT;STRONGER_SPLIT_NOT_RELIABLY_DERIVABLE;USER_EVALUATOR_HELPER_SOURCE_MISSING;INJECTION_EVALUATOR_HELPER_SOURCE_MISSING,用户 evaluator helper:check_new_email@agentdojo.default_suites.v1.workspace.user_tasks | 安全 evaluator helper:are_email_bodies_in_str@agentdojo.default_suites.v1_2.workspace.injection_tasks,/Users/gss/Downloads/revised_agent_benchmark_paper_package/experiments/agentdojo_full_v1.2.2_direct/case_packets/agentdojo/v1.2.2_workspace_user_task_33_injection_task_9/case_packet.md
v1.2.2:workspace:user_task_33:injection_task_10,workspace,user_task_33,injection_task_10,通过,通过,通过,不通过,不通过,不通过,不通过,不通过,通过,不符合设计，必须重建packet后才能draft,OFFICIAL_SOURCE_CONTENT_NOT_MATERIALIZED;NATIVE_RUNNER_AND_AGGREGATION_NOT_IN_PACKET;STATE_SCHEMA_DESCRIPTOR_ONLY;POSTRUN_ARTIFACT_INVENTORY_ABSENT;STRONGER_SPLIT_NOT_RELIABLY_DERIVABLE;USER_EVALUATOR_HELPER_SOURCE_MISSING,用户 evaluator helper:check_new_email@agentdojo.default_suites.v1.workspace.user_tasks,/Users/gss/Downloads/revised_agent_benchmark_paper_package/experiments/agentdojo_full_v1.2.2_direct/case_packets/agentdojo/v1.2.2_workspace_user_task_33_injection_task_10/case_packet.md
v1.2.2:workspace:user_task_33:injection_task_11,workspace,user_task_33,injection_task_11,通过,通过,通过,不通过,不通过,不通过,不通过,不通过,通过,不符合设计，必须重建packet后才能draft,OFFICIAL_SOURCE_CONTENT_NOT_MATERIALIZED;NATIVE_RUNNER_AND_AGGREGATION_NOT_IN_PACKET;STATE_SCHEMA_DESCRIPTOR_ONLY;POSTRUN_ARTIFACT_INVENTORY_ABSENT;STRONGER_SPLIT_NOT_RELIABLY_DERIVABLE;USER_EVALUATOR_HELPER_SOURCE_MISSING,用户 evaluator helper:check_new_email@agentdojo.default_suites.v1.workspace.user_tasks,/Users/gss/Downloads/revised_agent_benchmark_paper_package/experiments/agentdojo_full_v1.2.2_direct/case_packets/agentdojo/v1.2.2_workspace_user_task_33_injection_task_11/case_packet.md
v1.2.2:workspace:user_task_33:injection_task_12,workspace,user_task_33,injection_task_12,通过,通过,通过,不通过,不通过,不通过,不通过,不通过,通过,不符合设计，必须重建packet后才能draft,OFFICIAL_SOURCE_CONTENT_NOT_MATERIALIZED;NATIVE_RUNNER_AND_AGGREGATION_NOT_IN_PACKET;STATE_SCHEMA_DESCRIPTOR_ONLY;POSTRUN_ARTIFACT_INVENTORY_ABSENT;STRONGER_SPLIT_NOT_RELIABLY_DERIVABLE;USER_EVALUATOR_HELPER_SOURCE_MISSING,用户 evaluator helper:check_new_email@agentdojo.default_suites.v1.workspace.user_tasks,/Users/gss/Downloads/revised_agent_benchmark_paper_package/experiments/agentdojo_full_v1.2.2_direct/case_packets/agentdojo/v1.2.2_workspace_user_task_33_injection_task_12/case_packet.md
v1.2.2:workspace:user_task_33:injection_task_13,workspace,user_task_33,injection_task_13,通过,通过,通过,不通过,不通过,不通过,不通过,不通过,通过,不符合设计，必须重建packet后才能draft,OFFICIAL_SOURCE_CONTENT_NOT_MATERIALIZED;NATIVE_RUNNER_AND_AGGREGATION_NOT_IN_PACKET;STATE_SCHEMA_DESCRIPTOR_ONLY;POSTRUN_ARTIFACT_INVENTORY_ABSENT;STRONGER_SPLIT_NOT_RELIABLY_DERIVABLE;USER_EVALUATOR_HELPER_SOURCE_MISSING,用户 evaluator helper:check_new_email@agentdojo.default_suites.v1.workspace.user_tasks,/Users/gss/Downloads/revised_agent_benchmark_paper_package/experiments/agentdojo_full_v1.2.2_direct/case_packets/agentdojo/v1.2.2_workspace_user_task_33_injection_task_13/case_packet.md
v1.2.2:workspace:user_task_25:injection_task_0,workspace,user_task_25,injection_task_0,通过,通过,通过,不通过,不通过,不通过,类内方法可读但全局来源仍不完整,不通过,通过,不符合设计，必须重建packet后才能draft,OFFICIAL_SOURCE_CONTENT_NOT_MATERIALIZED;NATIVE_RUNNER_AND_AGGREGATION_NOT_IN_PACKET;STATE_SCHEMA_DESCRIPTOR_ONLY;POSTRUN_ARTIFACT_INVENTORY_ABSENT;STRONGER_SPLIT_NOT_RELIABLY_DERIVABLE,,/Users/gss/Downloads/revised_agent_benchmark_paper_package/experiments/agentdojo_full_v1.2.2_direct/case_packets/agentdojo/v1.2.2_workspace_user_task_25_injection_task_0/case_packet.md
v1.2.2:workspace:user_task_25:injection_task_1,workspace,user_task_25,injection_task_1,通过,通过,通过,不通过,不通过,不通过,类内方法可读但全局来源仍不完整,不通过,通过,不符合设计，必须重建packet后才能draft,OFFICIAL_SOURCE_CONTENT_NOT_MATERIALIZED;NATIVE_RUNNER_AND_AGGREGATION_NOT_IN_PACKET;STATE_SCHEMA_DESCRIPTOR_ONLY;POSTRUN_ARTIFACT_INVENTORY_ABSENT;STRONGER_SPLIT_NOT_RELIABLY_DERIVABLE,,/Users/gss/Downloads/revised_agent_benchmark_paper_package/experiments/agentdojo_full_v1.2.2_direct/case_packets/agentdojo/v1.2.2_workspace_user_task_25_injection_task_1/case_packet.md
v1.2.2:workspace:user_task_25:injection_task_2,workspace,user_task_25,injection_task_2,通过,通过,通过,不通过,不通过,不通过,不通过,不通过,通过,不符合设计，必须重建packet后才能draft,OFFICIAL_SOURCE_CONTENT_NOT_MATERIALIZED;NATIVE_RUNNER_AND_AGGREGATION_NOT_IN_PACKET;STATE_SCHEMA_DESCRIPTOR_ONLY;POSTRUN_ARTIFACT_INVENTORY_ABSENT;STRONGER_SPLIT_NOT_RELIABLY_DERIVABLE;INJECTION_EVALUATOR_HELPER_SOURCE_MISSING,安全 evaluator helper:parse_datetime@agentdojo.default_suites.v1.workspace.user_tasks,/Users/gss/Downloads/revised_agent_benchmark_paper_package/experiments/agentdojo_full_v1.2.2_direct/case_packets/agentdojo/v1.2.2_workspace_user_task_25_injection_task_2/case_packet.md
v1.2.2:workspace:user_task_25:injection_task_3,workspace,user_task_25,injection_task_3,通过,通过,通过,不通过,不通过,不通过,类内方法可读但全局来源仍不完整,不通过,通过,不符合设计，必须重建packet后才能draft,OFFICIAL_SOURCE_CONTENT_NOT_MATERIALIZED;NATIVE_RUNNER_AND_AGGREGATION_NOT_IN_PACKET;STATE_SCHEMA_DESCRIPTOR_ONLY;POSTRUN_ARTIFACT_INVENTORY_ABSENT;STRONGER_SPLIT_NOT_RELIABLY_DERIVABLE,,/Users/gss/Downloads/revised_agent_benchmark_paper_package/experiments/agentdojo_full_v1.2.2_direct/case_packets/agentdojo/v1.2.2_workspace_user_task_25_injection_task_3/case_packet.md
v1.2.2:workspace:user_task_25:injection_task_4,workspace,user_task_25,injection_task_4,通过,通过,通过,不通过,不通过,不通过,类内方法可读但全局来源仍不完整,不通过,通过,不符合设计，必须重建packet后才能draft,OFFICIAL_SOURCE_CONTENT_NOT_MATERIALIZED;NATIVE_RUNNER_AND_AGGREGATION_NOT_IN_PACKET;STATE_SCHEMA_DESCRIPTOR_ONLY;POSTRUN_ARTIFACT_INVENTORY_ABSENT;STRONGER_SPLIT_NOT_RELIABLY_DERIVABLE,,/Users/gss/Downloads/revised_agent_benchmark_paper_package/experiments/agentdojo_full_v1.2.2_direct/case_packets/agentdojo/v1.2.2_workspace_user_task_25_injection_task_4/case_packet.md
v1.2.2:workspace:user_task_25:injection_task_5,workspace,user_task_25,injection_task_5,通过,通过,通过,不通过,不通过,不通过,类内方法可读但全局来源仍不完整,不通过,通过,不符合设计，必须重建packet后才能draft,OFFICIAL_SOURCE_CONTENT_NOT_MATERIALIZED;NATIVE_RUNNER_AND_AGGREGATION_NOT_IN_PACKET;STATE_SCHEMA_DESCRIPTOR_ONLY;POSTRUN_ARTIFACT_INVENTORY_ABSENT;STRONGER_SPLIT_NOT_RELIABLY_DERIVABLE,,/Users/gss/Downloads/revised_agent_benchmark_paper_package/experiments/agentdojo_full_v1.2.2_direct/case_packets/agentdojo/v1.2.2_workspace_user_task_25_injection_task_5/case_packet.md
v1.2.2:workspace:user_task_25:injection_task_6,workspace,user_task_25,injection_task_6,通过,通过,通过,不通过,不通过,不通过,不通过,不通过,通过,不符合设计，必须重建packet后才能draft,OFFICIAL_SOURCE_CONTENT_NOT_MATERIALIZED;NATIVE_RUNNER_AND_AGGREGATION_NOT_IN_PACKET;STATE_SCHEMA_DESCRIPTOR_ONLY;POSTRUN_ARTIFACT_INVENTORY_ABSENT;STRONGER_SPLIT_NOT_RELIABLY_DERIVABLE;INJECTION_EVALUATOR_HELPER_SOURCE_MISSING,安全 evaluator helper:are_email_bodies_in_str@agentdojo.default_suites.v1_2.workspace.injection_tasks,/Users/gss/Downloads/revised_agent_benchmark_paper_package/experiments/agentdojo_full_v1.2.2_direct/case_packets/agentdojo/v1.2.2_workspace_user_task_25_injection_task_6/case_packet.md
v1.2.2:workspace:user_task_25:injection_task_7,workspace,user_task_25,injection_task_7,通过,通过,通过,不通过,不通过,不通过,不通过,不通过,通过,不符合设计，必须重建packet后才能draft,OFFICIAL_SOURCE_CONTENT_NOT_MATERIALIZED;NATIVE_RUNNER_AND_AGGREGATION_NOT_IN_PACKET;STATE_SCHEMA_DESCRIPTOR_ONLY;POSTRUN_ARTIFACT_INVENTORY_ABSENT;STRONGER_SPLIT_NOT_RELIABLY_DERIVABLE;INJECTION_EVALUATOR_HELPER_SOURCE_MISSING,安全 evaluator helper:are_email_bodies_in_str@agentdojo.default_suites.v1_2.workspace.injection_tasks,/Users/gss/Downloads/revised_agent_benchmark_paper_package/experiments/agentdojo_full_v1.2.2_direct/case_packets/agentdojo/v1.2.2_workspace_user_task_25_injection_task_7/case_packet.md
v1.2.2:workspace:user_task_25:injection_task_8,workspace,user_task_25,injection_task_8,通过,通过,通过,不通过,不通过,不通过,不通过,不通过,通过,不符合设计，必须重建packet后才能draft,OFFICIAL_SOURCE_CONTENT_NOT_MATERIALIZED;NATIVE_RUNNER_AND_AGGREGATION_NOT_IN_PACKET;STATE_SCHEMA_DESCRIPTOR_ONLY;POSTRUN_ARTIFACT_INVENTORY_ABSENT;STRONGER_SPLIT_NOT_RELIABLY_DERIVABLE;INJECTION_EVALUATOR_HELPER_SOURCE_MISSING,安全 evaluator helper:are_email_bodies_in_str@agentdojo.default_suites.v1_2.workspace.injection_tasks,/Users/gss/Downloads/revised_agent_benchmark_paper_package/experiments/agentdojo_full_v1.2.2_direct/case_packets/agentdojo/v1.2.2_workspace_user_task_25_injection_task_8/case_packet.md
v1.2.2:workspace:user_task_25:injection_task_9,workspace,user_task_25,injection_task_9,通过,通过,通过,不通过,不通过,不通过,不通过,不通过,通过,不符合设计，必须重建packet后才能draft,OFFICIAL_SOURCE_CONTENT_NOT_MATERIALIZED;NATIVE_RUNNER_AND_AGGREGATION_NOT_IN_PACKET;STATE_SCHEMA_DESCRIPTOR_ONLY;POSTRUN_ARTIFACT_INVENTORY_ABSENT;STRONGER_SPLIT_NOT_RELIABLY_DERIVABLE;INJECTION_EVALUATOR_HELPER_SOURCE_MISSING,安全 evaluator helper:are_email_bodies_in_str@agentdojo.default_suites.v1_2.workspace.injection_tasks,/Users/gss/Downloads/revised_agent_benchmark_paper_package/experiments/agentdojo_full_v1.2.2_direct/case_packets/agentdojo/v1.2.2_workspace_user_task_25_injection_task_9/case_packet.md
v1.2.2:workspace:user_task_25:injection_task_10,workspace,user_task_25,injection_task_10,通过,通过,通过,不通过,不通过,不通过,类内方法可读但全局来源仍不完整,不通过,通过,不符合设计，必须重建packet后才能draft,OFFICIAL_SOURCE_CONTENT_NOT_MATERIALIZED;NATIVE_RUNNER_AND_AGGREGATION_NOT_IN_PACKET;STATE_SCHEMA_DESCRIPTOR_ONLY;POSTRUN_ARTIFACT_INVENTORY_ABSENT;STRONGER_SPLIT_NOT_RELIABLY_DERIVABLE,,/Users/gss/Downloads/revised_agent_benchmark_paper_package/experiments/agentdojo_full_v1.2.2_direct/case_packets/agentdojo/v1.2.2_workspace_user_task_25_injection_task_10/case_packet.md
v1.2.2:workspace:user_task_25:injection_task_11,workspace,user_task_25,injection_task_11,通过,通过,通过,不通过,不通过,不通过,类内方法可读但全局来源仍不完整,不通过,通过,不符合设计，必须重建packet后才能draft,OFFICIAL_SOURCE_CONTENT_NOT_MATERIALIZED;NATIVE_RUNNER_AND_AGGREGATION_NOT_IN_PACKET;STATE_SCHEMA_DESCRIPTOR_ONLY;POSTRUN_ARTIFACT_INVENTORY_ABSENT;STRONGER_SPLIT_NOT_RELIABLY_DERIVABLE,,/Users/gss/Downloads/revised_agent_benchmark_paper_package/experiments/agentdojo_full_v1.2.2_direct/case_packets/agentdojo/v1.2.2_workspace_user_task_25_injection_task_11/case_packet.md
v1.2.2:workspace:user_task_25:injection_task_12,workspace,user_task_25,injection_task_12,通过,通过,通过,不通过,不通过,不通过,类内方法可读但全局来源仍不完整,不通过,通过,不符合设计，必须重建packet后才能draft,OFFICIAL_SOURCE_CONTENT_NOT_MATERIALIZED;NATIVE_RUNNER_AND_AGGREGATION_NOT_IN_PACKET;STATE_SCHEMA_DESCRIPTOR_ONLY;POSTRUN_ARTIFACT_INVENTORY_ABSENT;STRONGER_SPLIT_NOT_RELIABLY_DERIVABLE,,/Users/gss/Downloads/revised_agent_benchmark_paper_package/experiments/agentdojo_full_v1.2.2_direct/case_packets/agentdojo/v1.2.2_workspace_user_task_25_injection_task_12/case_packet.md
v1.2.2:workspace:user_task_25:injection_task_13,workspace,user_task_25,injection_task_13,通过,通过,通过,不通过,不通过,不通过,类内方法可读但全局来源仍不完整,不通过,通过,不符合设计，必须重建packet后才能draft,OFFICIAL_SOURCE_CONTENT_NOT_MATERIALIZED;NATIVE_RUNNER_AND_AGGREGATION_NOT_IN_PACKET;STATE_SCHEMA_DESCRIPTOR_ONLY;POSTRUN_ARTIFACT_INVENTORY_ABSENT;STRONGER_SPLIT_NOT_RELIABLY_DERIVABLE,,/Users/gss/Downloads/revised_agent_benchmark_paper_package/experiments/agentdojo_full_v1.2.2_direct/case_packets/agentdojo/v1.2.2_workspace_user_task_25_injection_task_13/case_packet.md
v1.2.2:workspace:user_task_13:injection_task_0,workspace,user_task_13,injection_task_0,通过,通过,通过,不通过,不通过,不通过,不通过,不通过,通过,不符合设计，必须重建packet后才能draft,OFFICIAL_SOURCE_CONTENT_NOT_MATERIALIZED;NATIVE_RUNNER_AND_AGGREGATION_NOT_IN_PACKET;STATE_SCHEMA_DESCRIPTOR_ONLY;POSTRUN_ARTIFACT_INVENTORY_ABSENT;STRONGER_SPLIT_NOT_RELIABLY_DERIVABLE;USER_EVALUATOR_HELPER_SOURCE_MISSING,"用户 evaluator helper:check_added_to_file@agentdojo.default_suites.v1.workspace.user_tasks,check_new_email@agentdojo.default_suites.v1.workspace.user_tasks,list_is_in_string_or_set@agentdojo.default_suites.v1.workspace.user_tasks",/Users/gss/Downloads/revised_agent_benchmark_paper_package/experiments/agentdojo_full_v1.2.2_direct/case_packets/agentdojo/v1.2.2_workspace_user_task_13_injection_task_0/case_packet.md
v1.2.2:workspace:user_task_13:injection_task_1,workspace,user_task_13,injection_task_1,通过,通过,通过,不通过,不通过,不通过,不通过,不通过,通过,不符合设计，必须重建packet后才能draft,OFFICIAL_SOURCE_CONTENT_NOT_MATERIALIZED;NATIVE_RUNNER_AND_AGGREGATION_NOT_IN_PACKET;STATE_SCHEMA_DESCRIPTOR_ONLY;POSTRUN_ARTIFACT_INVENTORY_ABSENT;STRONGER_SPLIT_NOT_RELIABLY_DERIVABLE;USER_EVALUATOR_HELPER_SOURCE_MISSING,"用户 evaluator helper:check_added_to_file@agentdojo.default_suites.v1.workspace.user_tasks,check_new_email@agentdojo.default_suites.v1.workspace.user_tasks,list_is_in_string_or_set@agentdojo.default_suites.v1.workspace.user_tasks",/Users/gss/Downloads/revised_agent_benchmark_paper_package/experiments/agentdojo_full_v1.2.2_direct/case_packets/agentdojo/v1.2.2_workspace_user_task_13_injection_task_1/case_packet.md
v1.2.2:workspace:user_task_13:injection_task_2,workspace,user_task_13,injection_task_2,通过,通过,通过,不通过,不通过,不通过,不通过,不通过,通过,不符合设计，必须重建packet后才能draft,OFFICIAL_SOURCE_CONTENT_NOT_MATERIALIZED;NATIVE_RUNNER_AND_AGGREGATION_NOT_IN_PACKET;STATE_SCHEMA_DESCRIPTOR_ONLY;POSTRUN_ARTIFACT_INVENTORY_ABSENT;STRONGER_SPLIT_NOT_RELIABLY_DERIVABLE;USER_EVALUATOR_HELPER_SOURCE_MISSING;INJECTION_EVALUATOR_HELPER_SOURCE_MISSING,"用户 evaluator helper:check_added_to_file@agentdojo.default_suites.v1.workspace.user_tasks,check_new_email@agentdojo.default_suites.v1.workspace.user_tasks,list_is_in_string_or_set@agentdojo.default_suites.v1.workspace.user_tasks | 安全 evaluator helper:parse_datetime@agentdojo.default_suites.v1.workspace.user_tasks",/Users/gss/Downloads/revised_agent_benchmark_paper_package/experiments/agentdojo_full_v1.2.2_direct/case_packets/agentdojo/v1.2.2_workspace_user_task_13_injection_task_2/case_packet.md
v1.2.2:workspace:user_task_13:injection_task_3,workspace,user_task_13,injection_task_3,通过,通过,通过,不通过,不通过,不通过,不通过,不通过,通过,不符合设计，必须重建packet后才能draft,OFFICIAL_SOURCE_CONTENT_NOT_MATERIALIZED;NATIVE_RUNNER_AND_AGGREGATION_NOT_IN_PACKET;STATE_SCHEMA_DESCRIPTOR_ONLY;POSTRUN_ARTIFACT_INVENTORY_ABSENT;STRONGER_SPLIT_NOT_RELIABLY_DERIVABLE;USER_EVALUATOR_HELPER_SOURCE_MISSING,"用户 evaluator helper:check_added_to_file@agentdojo.default_suites.v1.workspace.user_tasks,check_new_email@agentdojo.default_suites.v1.workspace.user_tasks,list_is_in_string_or_set@agentdojo.default_suites.v1.workspace.user_tasks",/Users/gss/Downloads/revised_agent_benchmark_paper_package/experiments/agentdojo_full_v1.2.2_direct/case_packets/agentdojo/v1.2.2_workspace_user_task_13_injection_task_3/case_packet.md
v1.2.2:workspace:user_task_13:injection_task_4,workspace,user_task_13,injection_task_4,通过,通过,通过,不通过,不通过,不通过,不通过,不通过,通过,不符合设计，必须重建packet后才能draft,OFFICIAL_SOURCE_CONTENT_NOT_MATERIALIZED;NATIVE_RUNNER_AND_AGGREGATION_NOT_IN_PACKET;STATE_SCHEMA_DESCRIPTOR_ONLY;POSTRUN_ARTIFACT_INVENTORY_ABSENT;STRONGER_SPLIT_NOT_RELIABLY_DERIVABLE;USER_EVALUATOR_HELPER_SOURCE_MISSING,"用户 evaluator helper:check_added_to_file@agentdojo.default_suites.v1.workspace.user_tasks,check_new_email@agentdojo.default_suites.v1.workspace.user_tasks,list_is_in_string_or_set@agentdojo.default_suites.v1.workspace.user_tasks",/Users/gss/Downloads/revised_agent_benchmark_paper_package/experiments/agentdojo_full_v1.2.2_direct/case_packets/agentdojo/v1.2.2_workspace_user_task_13_injection_task_4/case_packet.md
v1.2.2:workspace:user_task_13:injection_task_5,workspace,user_task_13,injection_task_5,通过,通过,通过,不通过,不通过,不通过,不通过,不通过,通过,不符合设计，必须重建packet后才能draft,OFFICIAL_SOURCE_CONTENT_NOT_MATERIALIZED;NATIVE_RUNNER_AND_AGGREGATION_NOT_IN_PACKET;STATE_SCHEMA_DESCRIPTOR_ONLY;POSTRUN_ARTIFACT_INVENTORY_ABSENT;STRONGER_SPLIT_NOT_RELIABLY_DERIVABLE;USER_EVALUATOR_HELPER_SOURCE_MISSING,"用户 evaluator helper:check_added_to_file@agentdojo.default_suites.v1.workspace.user_tasks,check_new_email@agentdojo.default_suites.v1.workspace.user_tasks,list_is_in_string_or_set@agentdojo.default_suites.v1.workspace.user_tasks",/Users/gss/Downloads/revised_agent_benchmark_paper_package/experiments/agentdojo_full_v1.2.2_direct/case_packets/agentdojo/v1.2.2_workspace_user_task_13_injection_task_5/case_packet.md
v1.2.2:workspace:user_task_13:injection_task_6,workspace,user_task_13,injection_task_6,通过,通过,通过,不通过,不通过,不通过,不通过,不通过,通过,不符合设计，必须重建packet后才能draft,OFFICIAL_SOURCE_CONTENT_NOT_MATERIALIZED;NATIVE_RUNNER_AND_AGGREGATION_NOT_IN_PACKET;STATE_SCHEMA_DESCRIPTOR_ONLY;POSTRUN_ARTIFACT_INVENTORY_ABSENT;STRONGER_SPLIT_NOT_RELIABLY_DERIVABLE;USER_EVALUATOR_HELPER_SOURCE_MISSING;INJECTION_EVALUATOR_HELPER_SOURCE_MISSING,"用户 evaluator helper:check_added_to_file@agentdojo.default_suites.v1.workspace.user_tasks,check_new_email@agentdojo.default_suites.v1.workspace.user_tasks,list_is_in_string_or_set@agentdojo.default_suites.v1.workspace.user_tasks | 安全 evaluator helper:are_email_bodies_in_str@agentdojo.default_suites.v1_2.workspace.injection_tasks",/Users/gss/Downloads/revised_agent_benchmark_paper_package/experiments/agentdojo_full_v1.2.2_direct/case_packets/agentdojo/v1.2.2_workspace_user_task_13_injection_task_6/case_packet.md
v1.2.2:workspace:user_task_13:injection_task_7,workspace,user_task_13,injection_task_7,通过,通过,通过,不通过,不通过,不通过,不通过,不通过,通过,不符合设计，必须重建packet后才能draft,OFFICIAL_SOURCE_CONTENT_NOT_MATERIALIZED;NATIVE_RUNNER_AND_AGGREGATION_NOT_IN_PACKET;STATE_SCHEMA_DESCRIPTOR_ONLY;POSTRUN_ARTIFACT_INVENTORY_ABSENT;STRONGER_SPLIT_NOT_RELIABLY_DERIVABLE;USER_EVALUATOR_HELPER_SOURCE_MISSING;INJECTION_EVALUATOR_HELPER_SOURCE_MISSING,"用户 evaluator helper:check_added_to_file@agentdojo.default_suites.v1.workspace.user_tasks,check_new_email@agentdojo.default_suites.v1.workspace.user_tasks,list_is_in_string_or_set@agentdojo.default_suites.v1.workspace.user_tasks | 安全 evaluator helper:are_email_bodies_in_str@agentdojo.default_suites.v1_2.workspace.injection_tasks",/Users/gss/Downloads/revised_agent_benchmark_paper_package/experiments/agentdojo_full_v1.2.2_direct/case_packets/agentdojo/v1.2.2_workspace_user_task_13_injection_task_7/case_packet.md
v1.2.2:workspace:user_task_13:injection_task_8,workspace,user_task_13,injection_task_8,通过,通过,通过,不通过,不通过,不通过,不通过,不通过,通过,不符合设计，必须重建packet后才能draft,OFFICIAL_SOURCE_CONTENT_NOT_MATERIALIZED;NATIVE_RUNNER_AND_AGGREGATION_NOT_IN_PACKET;STATE_SCHEMA_DESCRIPTOR_ONLY;POSTRUN_ARTIFACT_INVENTORY_ABSENT;STRONGER_SPLIT_NOT_RELIABLY_DERIVABLE;USER_EVALUATOR_HELPER_SOURCE_MISSING;INJECTION_EVALUATOR_HELPER_SOURCE_MISSING,"用户 evaluator helper:check_added_to_file@agentdojo.default_suites.v1.workspace.user_tasks,check_new_email@agentdojo.default_suites.v1.workspace.user_tasks,list_is_in_string_or_set@agentdojo.default_suites.v1.workspace.user_tasks | 安全 evaluator helper:are_email_bodies_in_str@agentdojo.default_suites.v1_2.workspace.injection_tasks",/Users/gss/Downloads/revised_agent_benchmark_paper_package/experiments/agentdojo_full_v1.2.2_direct/case_packets/agentdojo/v1.2.2_workspace_user_task_13_injection_task_8/case_packet.md
v1.2.2:workspace:user_task_13:injection_task_9,workspace,user_task_13,injection_task_9,通过,通过,通过,不通过,不通过,不通过,不通过,不通过,通过,不符合设计，必须重建packet后才能draft,OFFICIAL_SOURCE_CONTENT_NOT_MATERIALIZED;NATIVE_RUNNER_AND_AGGREGATION_NOT_IN_PACKET;STATE_SCHEMA_DESCRIPTOR_ONLY;POSTRUN_ARTIFACT_INVENTORY_ABSENT;STRONGER_SPLIT_NOT_RELIABLY_DERIVABLE;USER_EVALUATOR_HELPER_SOURCE_MISSING;INJECTION_EVALUATOR_HELPER_SOURCE_MISSING,"用户 evaluator helper:check_added_to_file@agentdojo.default_suites.v1.workspace.user_tasks,check_new_email@agentdojo.default_suites.v1.workspace.user_tasks,list_is_in_string_or_set@agentdojo.default_suites.v1.workspace.user_tasks | 安全 evaluator helper:are_email_bodies_in_str@agentdojo.default_suites.v1_2.workspace.injection_tasks",/Users/gss/Downloads/revised_agent_benchmark_paper_package/experiments/agentdojo_full_v1.2.2_direct/case_packets/agentdojo/v1.2.2_workspace_user_task_13_injection_task_9/case_packet.md
v1.2.2:workspace:user_task_13:injection_task_10,workspace,user_task_13,injection_task_10,通过,通过,通过,不通过,不通过,不通过,不通过,不通过,通过,不符合设计，必须重建packet后才能draft,OFFICIAL_SOURCE_CONTENT_NOT_MATERIALIZED;NATIVE_RUNNER_AND_AGGREGATION_NOT_IN_PACKET;STATE_SCHEMA_DESCRIPTOR_ONLY;POSTRUN_ARTIFACT_INVENTORY_ABSENT;STRONGER_SPLIT_NOT_RELIABLY_DERIVABLE;USER_EVALUATOR_HELPER_SOURCE_MISSING,"用户 evaluator helper:check_added_to_file@agentdojo.default_suites.v1.workspace.user_tasks,check_new_email@agentdojo.default_suites.v1.workspace.user_tasks,list_is_in_string_or_set@agentdojo.default_suites.v1.workspace.user_tasks",/Users/gss/Downloads/revised_agent_benchmark_paper_package/experiments/agentdojo_full_v1.2.2_direct/case_packets/agentdojo/v1.2.2_workspace_user_task_13_injection_task_10/case_packet.md
v1.2.2:workspace:user_task_13:injection_task_11,workspace,user_task_13,injection_task_11,通过,通过,通过,不通过,不通过,不通过,不通过,不通过,通过,不符合设计，必须重建packet后才能draft,OFFICIAL_SOURCE_CONTENT_NOT_MATERIALIZED;NATIVE_RUNNER_AND_AGGREGATION_NOT_IN_PACKET;STATE_SCHEMA_DESCRIPTOR_ONLY;POSTRUN_ARTIFACT_INVENTORY_ABSENT;STRONGER_SPLIT_NOT_RELIABLY_DERIVABLE;USER_EVALUATOR_HELPER_SOURCE_MISSING,"用户 evaluator helper:check_added_to_file@agentdojo.default_suites.v1.workspace.user_tasks,check_new_email@agentdojo.default_suites.v1.workspace.user_tasks,list_is_in_string_or_set@agentdojo.default_suites.v1.workspace.user_tasks",/Users/gss/Downloads/revised_agent_benchmark_paper_package/experiments/agentdojo_full_v1.2.2_direct/case_packets/agentdojo/v1.2.2_workspace_user_task_13_injection_task_11/case_packet.md
v1.2.2:workspace:user_task_13:injection_task_12,workspace,user_task_13,injection_task_12,通过,通过,通过,不通过,不通过,不通过,不通过,不通过,通过,不符合设计，必须重建packet后才能draft,OFFICIAL_SOURCE_CONTENT_NOT_MATERIALIZED;NATIVE_RUNNER_AND_AGGREGATION_NOT_IN_PACKET;STATE_SCHEMA_DESCRIPTOR_ONLY;POSTRUN_ARTIFACT_INVENTORY_ABSENT;STRONGER_SPLIT_NOT_RELIABLY_DERIVABLE;USER_EVALUATOR_HELPER_SOURCE_MISSING,"用户 evaluator helper:check_added_to_file@agentdojo.default_suites.v1.workspace.user_tasks,check_new_email@agentdojo.default_suites.v1.workspace.user_tasks,list_is_in_string_or_set@agentdojo.default_suites.v1.workspace.user_tasks",/Users/gss/Downloads/revised_agent_benchmark_paper_package/experiments/agentdojo_full_v1.2.2_direct/case_packets/agentdojo/v1.2.2_workspace_user_task_13_injection_task_12/case_packet.md
v1.2.2:workspace:user_task_13:injection_task_13,workspace,user_task_13,injection_task_13,通过,通过,通过,不通过,不通过,不通过,不通过,不通过,通过,不符合设计，必须重建packet后才能draft,OFFICIAL_SOURCE_CONTENT_NOT_MATERIALIZED;NATIVE_RUNNER_AND_AGGREGATION_NOT_IN_PACKET;STATE_SCHEMA_DESCRIPTOR_ONLY;POSTRUN_ARTIFACT_INVENTORY_ABSENT;STRONGER_SPLIT_NOT_RELIABLY_DERIVABLE;USER_EVALUATOR_HELPER_SOURCE_MISSING,"用户 evaluator helper:check_added_to_file@agentdojo.default_suites.v1.workspace.user_tasks,check_new_email@agentdojo.default_suites.v1.workspace.user_tasks,list_is_in_string_or_set@agentdojo.default_suites.v1.workspace.user_tasks",/Users/gss/Downloads/revised_agent_benchmark_paper_package/experiments/agentdojo_full_v1.2.2_direct/case_packets/agentdojo/v1.2.2_workspace_user_task_13_injection_task_13/case_packet.md
v1.2.2:workspace:user_task_23:injection_task_1,workspace,user_task_23,injection_task_1,通过,通过,通过,不通过,不通过,不通过,不通过,不通过,通过,不符合设计，必须重建packet后才能draft,OFFICIAL_SOURCE_CONTENT_NOT_MATERIALIZED;NATIVE_RUNNER_AND_AGGREGATION_NOT_IN_PACKET;STATE_SCHEMA_DESCRIPTOR_ONLY;POSTRUN_ARTIFACT_INVENTORY_ABSENT;STRONGER_SPLIT_NOT_RELIABLY_DERIVABLE;USER_COMBINED_TASK_DEPENDENCIES_MISSING;USER_UTILITY_FROM_TRACES_SOURCE_MISSING,"组合用户任务依赖:user_task_1=user_task_1,user_task_2=user_task_22 | 动态 utility_from_traces 未嵌入",/Users/gss/Downloads/revised_agent_benchmark_paper_package/experiments/agentdojo_full_v1.2.2_direct/case_packets/agentdojo/v1.2.2_workspace_user_task_23_injection_task_1/case_packet.md
v1.2.2:workspace:user_task_23:injection_task_2,workspace,user_task_23,injection_task_2,通过,通过,通过,不通过,不通过,不通过,不通过,不通过,通过,不符合设计，必须重建packet后才能draft,OFFICIAL_SOURCE_CONTENT_NOT_MATERIALIZED;NATIVE_RUNNER_AND_AGGREGATION_NOT_IN_PACKET;STATE_SCHEMA_DESCRIPTOR_ONLY;POSTRUN_ARTIFACT_INVENTORY_ABSENT;STRONGER_SPLIT_NOT_RELIABLY_DERIVABLE;USER_COMBINED_TASK_DEPENDENCIES_MISSING;USER_UTILITY_FROM_TRACES_SOURCE_MISSING;INJECTION_EVALUATOR_HELPER_SOURCE_MISSING,"组合用户任务依赖:user_task_1=user_task_1,user_task_2=user_task_22 | 动态 utility_from_traces 未嵌入 | 安全 evaluator helper:parse_datetime@agentdojo.default_suites.v1.workspace.user_tasks",/Users/gss/Downloads/revised_agent_benchmark_paper_package/experiments/agentdojo_full_v1.2.2_direct/case_packets/agentdojo/v1.2.2_workspace_user_task_23_injection_task_2/case_packet.md
v1.2.2:workspace:user_task_23:injection_task_3,workspace,user_task_23,injection_task_3,通过,通过,通过,不通过,不通过,不通过,不通过,不通过,通过,不符合设计，必须重建packet后才能draft,OFFICIAL_SOURCE_CONTENT_NOT_MATERIALIZED;NATIVE_RUNNER_AND_AGGREGATION_NOT_IN_PACKET;STATE_SCHEMA_DESCRIPTOR_ONLY;POSTRUN_ARTIFACT_INVENTORY_ABSENT;STRONGER_SPLIT_NOT_RELIABLY_DERIVABLE;USER_COMBINED_TASK_DEPENDENCIES_MISSING;USER_UTILITY_FROM_TRACES_SOURCE_MISSING,"组合用户任务依赖:user_task_1=user_task_1,user_task_2=user_task_22 | 动态 utility_from_traces 未嵌入",/Users/gss/Downloads/revised_agent_benchmark_paper_package/experiments/agentdojo_full_v1.2.2_direct/case_packets/agentdojo/v1.2.2_workspace_user_task_23_injection_task_3/case_packet.md
v1.2.2:workspace:user_task_23:injection_task_4,workspace,user_task_23,injection_task_4,通过,通过,通过,不通过,不通过,不通过,不通过,不通过,通过,不符合设计，必须重建packet后才能draft,OFFICIAL_SOURCE_CONTENT_NOT_MATERIALIZED;NATIVE_RUNNER_AND_AGGREGATION_NOT_IN_PACKET;STATE_SCHEMA_DESCRIPTOR_ONLY;POSTRUN_ARTIFACT_INVENTORY_ABSENT;STRONGER_SPLIT_NOT_RELIABLY_DERIVABLE;USER_COMBINED_TASK_DEPENDENCIES_MISSING;USER_UTILITY_FROM_TRACES_SOURCE_MISSING,"组合用户任务依赖:user_task_1=user_task_1,user_task_2=user_task_22 | 动态 utility_from_traces 未嵌入",/Users/gss/Downloads/revised_agent_benchmark_paper_package/experiments/agentdojo_full_v1.2.2_direct/case_packets/agentdojo/v1.2.2_workspace_user_task_23_injection_task_4/case_packet.md
v1.2.2:workspace:user_task_23:injection_task_5,workspace,user_task_23,injection_task_5,通过,通过,通过,不通过,不通过,不通过,不通过,不通过,通过,不符合设计，必须重建packet后才能draft,OFFICIAL_SOURCE_CONTENT_NOT_MATERIALIZED;NATIVE_RUNNER_AND_AGGREGATION_NOT_IN_PACKET;STATE_SCHEMA_DESCRIPTOR_ONLY;POSTRUN_ARTIFACT_INVENTORY_ABSENT;STRONGER_SPLIT_NOT_RELIABLY_DERIVABLE;USER_COMBINED_TASK_DEPENDENCIES_MISSING;USER_UTILITY_FROM_TRACES_SOURCE_MISSING,"组合用户任务依赖:user_task_1=user_task_1,user_task_2=user_task_22 | 动态 utility_from_traces 未嵌入",/Users/gss/Downloads/revised_agent_benchmark_paper_package/experiments/agentdojo_full_v1.2.2_direct/case_packets/agentdojo/v1.2.2_workspace_user_task_23_injection_task_5/case_packet.md
v1.2.2:workspace:user_task_23:injection_task_6,workspace,user_task_23,injection_task_6,通过,通过,通过,不通过,不通过,不通过,不通过,不通过,通过,不符合设计，必须重建packet后才能draft,OFFICIAL_SOURCE_CONTENT_NOT_MATERIALIZED;NATIVE_RUNNER_AND_AGGREGATION_NOT_IN_PACKET;STATE_SCHEMA_DESCRIPTOR_ONLY;POSTRUN_ARTIFACT_INVENTORY_ABSENT;STRONGER_SPLIT_NOT_RELIABLY_DERIVABLE;USER_COMBINED_TASK_DEPENDENCIES_MISSING;USER_UTILITY_FROM_TRACES_SOURCE_MISSING;INJECTION_EVALUATOR_HELPER_SOURCE_MISSING,"组合用户任务依赖:user_task_1=user_task_1,user_task_2=user_task_22 | 动态 utility_from_traces 未嵌入 | 安全 evaluator helper:are_email_bodies_in_str@agentdojo.default_suites.v1_2.workspace.injection_tasks",/Users/gss/Downloads/revised_agent_benchmark_paper_package/experiments/agentdojo_full_v1.2.2_direct/case_packets/agentdojo/v1.2.2_workspace_user_task_23_injection_task_6/case_packet.md
v1.2.2:workspace:user_task_23:injection_task_7,workspace,user_task_23,injection_task_7,通过,通过,通过,不通过,不通过,不通过,不通过,不通过,通过,不符合设计，必须重建packet后才能draft,OFFICIAL_SOURCE_CONTENT_NOT_MATERIALIZED;NATIVE_RUNNER_AND_AGGREGATION_NOT_IN_PACKET;STATE_SCHEMA_DESCRIPTOR_ONLY;POSTRUN_ARTIFACT_INVENTORY_ABSENT;STRONGER_SPLIT_NOT_RELIABLY_DERIVABLE;USER_COMBINED_TASK_DEPENDENCIES_MISSING;USER_UTILITY_FROM_TRACES_SOURCE_MISSING;INJECTION_EVALUATOR_HELPER_SOURCE_MISSING,"组合用户任务依赖:user_task_1=user_task_1,user_task_2=user_task_22 | 动态 utility_from_traces 未嵌入 | 安全 evaluator helper:are_email_bodies_in_str@agentdojo.default_suites.v1_2.workspace.injection_tasks",/Users/gss/Downloads/revised_agent_benchmark_paper_package/experiments/agentdojo_full_v1.2.2_direct/case_packets/agentdojo/v1.2.2_workspace_user_task_23_injection_task_7/case_packet.md
v1.2.2:workspace:user_task_23:injection_task_8,workspace,user_task_23,injection_task_8,通过,通过,通过,不通过,不通过,不通过,不通过,不通过,通过,不符合设计，必须重建packet后才能draft,OFFICIAL_SOURCE_CONTENT_NOT_MATERIALIZED;NATIVE_RUNNER_AND_AGGREGATION_NOT_IN_PACKET;STATE_SCHEMA_DESCRIPTOR_ONLY;POSTRUN_ARTIFACT_INVENTORY_ABSENT;STRONGER_SPLIT_NOT_RELIABLY_DERIVABLE;USER_COMBINED_TASK_DEPENDENCIES_MISSING;USER_UTILITY_FROM_TRACES_SOURCE_MISSING;INJECTION_EVALUATOR_HELPER_SOURCE_MISSING,"组合用户任务依赖:user_task_1=user_task_1,user_task_2=user_task_22 | 动态 utility_from_traces 未嵌入 | 安全 evaluator helper:are_email_bodies_in_str@agentdojo.default_suites.v1_2.workspace.injection_tasks",/Users/gss/Downloads/revised_agent_benchmark_paper_package/experiments/agentdojo_full_v1.2.2_direct/case_packets/agentdojo/v1.2.2_workspace_user_task_23_injection_task_8/case_packet.md
v1.2.2:workspace:user_task_23:injection_task_9,workspace,user_task_23,injection_task_9,通过,通过,通过,不通过,不通过,不通过,不通过,不通过,通过,不符合设计，必须重建packet后才能draft,OFFICIAL_SOURCE_CONTENT_NOT_MATERIALIZED;NATIVE_RUNNER_AND_AGGREGATION_NOT_IN_PACKET;STATE_SCHEMA_DESCRIPTOR_ONLY;POSTRUN_ARTIFACT_INVENTORY_ABSENT;STRONGER_SPLIT_NOT_RELIABLY_DERIVABLE;USER_COMBINED_TASK_DEPENDENCIES_MISSING;USER_UTILITY_FROM_TRACES_SOURCE_MISSING;INJECTION_EVALUATOR_HELPER_SOURCE_MISSING,"组合用户任务依赖:user_task_1=user_task_1,user_task_2=user_task_22 | 动态 utility_from_traces 未嵌入 | 安全 evaluator helper:are_email_bodies_in_str@agentdojo.default_suites.v1_2.workspace.injection_tasks",/Users/gss/Downloads/revised_agent_benchmark_paper_package/experiments/agentdojo_full_v1.2.2_direct/case_packets/agentdojo/v1.2.2_workspace_user_task_23_injection_task_9/case_packet.md
v1.2.2:workspace:user_task_23:injection_task_10,workspace,user_task_23,injection_task_10,通过,通过,通过,不通过,不通过,不通过,不通过,不通过,通过,不符合设计，必须重建packet后才能draft,OFFICIAL_SOURCE_CONTENT_NOT_MATERIALIZED;NATIVE_RUNNER_AND_AGGREGATION_NOT_IN_PACKET;STATE_SCHEMA_DESCRIPTOR_ONLY;POSTRUN_ARTIFACT_INVENTORY_ABSENT;STRONGER_SPLIT_NOT_RELIABLY_DERIVABLE;USER_COMBINED_TASK_DEPENDENCIES_MISSING;USER_UTILITY_FROM_TRACES_SOURCE_MISSING,"组合用户任务依赖:user_task_1=user_task_1,user_task_2=user_task_22 | 动态 utility_from_traces 未嵌入",/Users/gss/Downloads/revised_agent_benchmark_paper_package/experiments/agentdojo_full_v1.2.2_direct/case_packets/agentdojo/v1.2.2_workspace_user_task_23_injection_task_10/case_packet.md
v1.2.2:workspace:user_task_23:injection_task_11,workspace,user_task_23,injection_task_11,通过,通过,通过,不通过,不通过,不通过,不通过,不通过,通过,不符合设计，必须重建packet后才能draft,OFFICIAL_SOURCE_CONTENT_NOT_MATERIALIZED;NATIVE_RUNNER_AND_AGGREGATION_NOT_IN_PACKET;STATE_SCHEMA_DESCRIPTOR_ONLY;POSTRUN_ARTIFACT_INVENTORY_ABSENT;STRONGER_SPLIT_NOT_RELIABLY_DERIVABLE;USER_COMBINED_TASK_DEPENDENCIES_MISSING;USER_UTILITY_FROM_TRACES_SOURCE_MISSING,"组合用户任务依赖:user_task_1=user_task_1,user_task_2=user_task_22 | 动态 utility_from_traces 未嵌入",/Users/gss/Downloads/revised_agent_benchmark_paper_package/experiments/agentdojo_full_v1.2.2_direct/case_packets/agentdojo/v1.2.2_workspace_user_task_23_injection_task_11/case_packet.md
v1.2.2:workspace:user_task_23:injection_task_12,workspace,user_task_23,injection_task_12,通过,通过,通过,不通过,不通过,不通过,不通过,不通过,通过,不符合设计，必须重建packet后才能draft,OFFICIAL_SOURCE_CONTENT_NOT_MATERIALIZED;NATIVE_RUNNER_AND_AGGREGATION_NOT_IN_PACKET;STATE_SCHEMA_DESCRIPTOR_ONLY;POSTRUN_ARTIFACT_INVENTORY_ABSENT;STRONGER_SPLIT_NOT_RELIABLY_DERIVABLE;USER_COMBINED_TASK_DEPENDENCIES_MISSING;USER_UTILITY_FROM_TRACES_SOURCE_MISSING,"组合用户任务依赖:user_task_1=user_task_1,user_task_2=user_task_22 | 动态 utility_from_traces 未嵌入",/Users/gss/Downloads/revised_agent_benchmark_paper_package/experiments/agentdojo_full_v1.2.2_direct/case_packets/agentdojo/v1.2.2_workspace_user_task_23_injection_task_12/case_packet.md
v1.2.2:workspace:user_task_23:injection_task_13,workspace,user_task_23,injection_task_13,通过,通过,通过,不通过,不通过,不通过,不通过,不通过,通过,不符合设计，必须重建packet后才能draft,OFFICIAL_SOURCE_CONTENT_NOT_MATERIALIZED;NATIVE_RUNNER_AND_AGGREGATION_NOT_IN_PACKET;STATE_SCHEMA_DESCRIPTOR_ONLY;POSTRUN_ARTIFACT_INVENTORY_ABSENT;STRONGER_SPLIT_NOT_RELIABLY_DERIVABLE;USER_COMBINED_TASK_DEPENDENCIES_MISSING;USER_UTILITY_FROM_TRACES_SOURCE_MISSING,"组合用户任务依赖:user_task_1=user_task_1,user_task_2=user_task_22 | 动态 utility_from_traces 未嵌入",/Users/gss/Downloads/revised_agent_benchmark_paper_package/experiments/agentdojo_full_v1.2.2_direct/case_packets/agentdojo/v1.2.2_workspace_user_task_23_injection_task_13/case_packet.md
v1.2.2:workspace:user_task_4:injection_task_0,workspace,user_task_4,injection_task_0,通过,通过,通过,不通过,不通过,不通过,不通过,不通过,通过,不符合设计，必须重建packet后才能draft,OFFICIAL_SOURCE_CONTENT_NOT_MATERIALIZED;NATIVE_RUNNER_AND_AGGREGATION_NOT_IN_PACKET;STATE_SCHEMA_DESCRIPTOR_ONLY;POSTRUN_ARTIFACT_INVENTORY_ABSENT;STRONGER_SPLIT_NOT_RELIABLY_DERIVABLE;USER_COMBINED_TASK_DEPENDENCIES_MISSING;USER_UTILITY_FROM_TRACES_SOURCE_MISSING,"组合用户任务依赖:user_task_1=user_task_1,user_task_2=user_task_6 | 动态 utility_from_traces 未嵌入",/Users/gss/Downloads/revised_agent_benchmark_paper_package/experiments/agentdojo_full_v1.2.2_direct/case_packets/agentdojo/v1.2.2_workspace_user_task_4_injection_task_0/case_packet.md
v1.2.2:workspace:user_task_4:injection_task_2,workspace,user_task_4,injection_task_2,通过,通过,通过,不通过,不通过,不通过,不通过,不通过,通过,不符合设计，必须重建packet后才能draft,OFFICIAL_SOURCE_CONTENT_NOT_MATERIALIZED;NATIVE_RUNNER_AND_AGGREGATION_NOT_IN_PACKET;STATE_SCHEMA_DESCRIPTOR_ONLY;POSTRUN_ARTIFACT_INVENTORY_ABSENT;STRONGER_SPLIT_NOT_RELIABLY_DERIVABLE;USER_COMBINED_TASK_DEPENDENCIES_MISSING;USER_UTILITY_FROM_TRACES_SOURCE_MISSING;INJECTION_EVALUATOR_HELPER_SOURCE_MISSING,"组合用户任务依赖:user_task_1=user_task_1,user_task_2=user_task_6 | 动态 utility_from_traces 未嵌入 | 安全 evaluator helper:parse_datetime@agentdojo.default_suites.v1.workspace.user_tasks",/Users/gss/Downloads/revised_agent_benchmark_paper_package/experiments/agentdojo_full_v1.2.2_direct/case_packets/agentdojo/v1.2.2_workspace_user_task_4_injection_task_2/case_packet.md
v1.2.2:workspace:user_task_4:injection_task_3,workspace,user_task_4,injection_task_3,通过,通过,通过,不通过,不通过,不通过,不通过,不通过,通过,不符合设计，必须重建packet后才能draft,OFFICIAL_SOURCE_CONTENT_NOT_MATERIALIZED;NATIVE_RUNNER_AND_AGGREGATION_NOT_IN_PACKET;STATE_SCHEMA_DESCRIPTOR_ONLY;POSTRUN_ARTIFACT_INVENTORY_ABSENT;STRONGER_SPLIT_NOT_RELIABLY_DERIVABLE;USER_COMBINED_TASK_DEPENDENCIES_MISSING;USER_UTILITY_FROM_TRACES_SOURCE_MISSING,"组合用户任务依赖:user_task_1=user_task_1,user_task_2=user_task_6 | 动态 utility_from_traces 未嵌入",/Users/gss/Downloads/revised_agent_benchmark_paper_package/experiments/agentdojo_full_v1.2.2_direct/case_packets/agentdojo/v1.2.2_workspace_user_task_4_injection_task_3/case_packet.md
v1.2.2:workspace:user_task_4:injection_task_4,workspace,user_task_4,injection_task_4,通过,通过,通过,不通过,不通过,不通过,不通过,不通过,通过,不符合设计，必须重建packet后才能draft,OFFICIAL_SOURCE_CONTENT_NOT_MATERIALIZED;NATIVE_RUNNER_AND_AGGREGATION_NOT_IN_PACKET;STATE_SCHEMA_DESCRIPTOR_ONLY;POSTRUN_ARTIFACT_INVENTORY_ABSENT;STRONGER_SPLIT_NOT_RELIABLY_DERIVABLE;USER_COMBINED_TASK_DEPENDENCIES_MISSING;USER_UTILITY_FROM_TRACES_SOURCE_MISSING,"组合用户任务依赖:user_task_1=user_task_1,user_task_2=user_task_6 | 动态 utility_from_traces 未嵌入",/Users/gss/Downloads/revised_agent_benchmark_paper_package/experiments/agentdojo_full_v1.2.2_direct/case_packets/agentdojo/v1.2.2_workspace_user_task_4_injection_task_4/case_packet.md
v1.2.2:workspace:user_task_4:injection_task_5,workspace,user_task_4,injection_task_5,通过,通过,通过,不通过,不通过,不通过,不通过,不通过,通过,不符合设计，必须重建packet后才能draft,OFFICIAL_SOURCE_CONTENT_NOT_MATERIALIZED;NATIVE_RUNNER_AND_AGGREGATION_NOT_IN_PACKET;STATE_SCHEMA_DESCRIPTOR_ONLY;POSTRUN_ARTIFACT_INVENTORY_ABSENT;STRONGER_SPLIT_NOT_RELIABLY_DERIVABLE;USER_COMBINED_TASK_DEPENDENCIES_MISSING;USER_UTILITY_FROM_TRACES_SOURCE_MISSING,"组合用户任务依赖:user_task_1=user_task_1,user_task_2=user_task_6 | 动态 utility_from_traces 未嵌入",/Users/gss/Downloads/revised_agent_benchmark_paper_package/experiments/agentdojo_full_v1.2.2_direct/case_packets/agentdojo/v1.2.2_workspace_user_task_4_injection_task_5/case_packet.md
v1.2.2:workspace:user_task_4:injection_task_6,workspace,user_task_4,injection_task_6,通过,通过,通过,不通过,不通过,不通过,不通过,不通过,通过,不符合设计，必须重建packet后才能draft,OFFICIAL_SOURCE_CONTENT_NOT_MATERIALIZED;NATIVE_RUNNER_AND_AGGREGATION_NOT_IN_PACKET;STATE_SCHEMA_DESCRIPTOR_ONLY;POSTRUN_ARTIFACT_INVENTORY_ABSENT;STRONGER_SPLIT_NOT_RELIABLY_DERIVABLE;USER_COMBINED_TASK_DEPENDENCIES_MISSING;USER_UTILITY_FROM_TRACES_SOURCE_MISSING;INJECTION_EVALUATOR_HELPER_SOURCE_MISSING,"组合用户任务依赖:user_task_1=user_task_1,user_task_2=user_task_6 | 动态 utility_from_traces 未嵌入 | 安全 evaluator helper:are_email_bodies_in_str@agentdojo.default_suites.v1_2.workspace.injection_tasks",/Users/gss/Downloads/revised_agent_benchmark_paper_package/experiments/agentdojo_full_v1.2.2_direct/case_packets/agentdojo/v1.2.2_workspace_user_task_4_injection_task_6/case_packet.md
v1.2.2:workspace:user_task_4:injection_task_7,workspace,user_task_4,injection_task_7,通过,通过,通过,不通过,不通过,不通过,不通过,不通过,通过,不符合设计，必须重建packet后才能draft,OFFICIAL_SOURCE_CONTENT_NOT_MATERIALIZED;NATIVE_RUNNER_AND_AGGREGATION_NOT_IN_PACKET;STATE_SCHEMA_DESCRIPTOR_ONLY;POSTRUN_ARTIFACT_INVENTORY_ABSENT;STRONGER_SPLIT_NOT_RELIABLY_DERIVABLE;USER_COMBINED_TASK_DEPENDENCIES_MISSING;USER_UTILITY_FROM_TRACES_SOURCE_MISSING;INJECTION_EVALUATOR_HELPER_SOURCE_MISSING,"组合用户任务依赖:user_task_1=user_task_1,user_task_2=user_task_6 | 动态 utility_from_traces 未嵌入 | 安全 evaluator helper:are_email_bodies_in_str@agentdojo.default_suites.v1_2.workspace.injection_tasks",/Users/gss/Downloads/revised_agent_benchmark_paper_package/experiments/agentdojo_full_v1.2.2_direct/case_packets/agentdojo/v1.2.2_workspace_user_task_4_injection_task_7/case_packet.md
v1.2.2:workspace:user_task_4:injection_task_8,workspace,user_task_4,injection_task_8,通过,通过,通过,不通过,不通过,不通过,不通过,不通过,通过,不符合设计，必须重建packet后才能draft,OFFICIAL_SOURCE_CONTENT_NOT_MATERIALIZED;NATIVE_RUNNER_AND_AGGREGATION_NOT_IN_PACKET;STATE_SCHEMA_DESCRIPTOR_ONLY;POSTRUN_ARTIFACT_INVENTORY_ABSENT;STRONGER_SPLIT_NOT_RELIABLY_DERIVABLE;USER_COMBINED_TASK_DEPENDENCIES_MISSING;USER_UTILITY_FROM_TRACES_SOURCE_MISSING;INJECTION_EVALUATOR_HELPER_SOURCE_MISSING,"组合用户任务依赖:user_task_1=user_task_1,user_task_2=user_task_6 | 动态 utility_from_traces 未嵌入 | 安全 evaluator helper:are_email_bodies_in_str@agentdojo.default_suites.v1_2.workspace.injection_tasks",/Users/gss/Downloads/revised_agent_benchmark_paper_package/experiments/agentdojo_full_v1.2.2_direct/case_packets/agentdojo/v1.2.2_workspace_user_task_4_injection_task_8/case_packet.md
v1.2.2:workspace:user_task_4:injection_task_9,workspace,user_task_4,injection_task_9,通过,通过,通过,不通过,不通过,不通过,不通过,不通过,通过,不符合设计，必须重建packet后才能draft,OFFICIAL_SOURCE_CONTENT_NOT_MATERIALIZED;NATIVE_RUNNER_AND_AGGREGATION_NOT_IN_PACKET;STATE_SCHEMA_DESCRIPTOR_ONLY;POSTRUN_ARTIFACT_INVENTORY_ABSENT;STRONGER_SPLIT_NOT_RELIABLY_DERIVABLE;USER_COMBINED_TASK_DEPENDENCIES_MISSING;USER_UTILITY_FROM_TRACES_SOURCE_MISSING;INJECTION_EVALUATOR_HELPER_SOURCE_MISSING,"组合用户任务依赖:user_task_1=user_task_1,user_task_2=user_task_6 | 动态 utility_from_traces 未嵌入 | 安全 evaluator helper:are_email_bodies_in_str@agentdojo.default_suites.v1_2.workspace.injection_tasks",/Users/gss/Downloads/revised_agent_benchmark_paper_package/experiments/agentdojo_full_v1.2.2_direct/case_packets/agentdojo/v1.2.2_workspace_user_task_4_injection_task_9/case_packet.md
v1.2.2:workspace:user_task_4:injection_task_10,workspace,user_task_4,injection_task_10,通过,通过,通过,不通过,不通过,不通过,不通过,不通过,通过,不符合设计，必须重建packet后才能draft,OFFICIAL_SOURCE_CONTENT_NOT_MATERIALIZED;NATIVE_RUNNER_AND_AGGREGATION_NOT_IN_PACKET;STATE_SCHEMA_DESCRIPTOR_ONLY;POSTRUN_ARTIFACT_INVENTORY_ABSENT;STRONGER_SPLIT_NOT_RELIABLY_DERIVABLE;USER_COMBINED_TASK_DEPENDENCIES_MISSING;USER_UTILITY_FROM_TRACES_SOURCE_MISSING,"组合用户任务依赖:user_task_1=user_task_1,user_task_2=user_task_6 | 动态 utility_from_traces 未嵌入",/Users/gss/Downloads/revised_agent_benchmark_paper_package/experiments/agentdojo_full_v1.2.2_direct/case_packets/agentdojo/v1.2.2_workspace_user_task_4_injection_task_10/case_packet.md
v1.2.2:workspace:user_task_4:injection_task_11,workspace,user_task_4,injection_task_11,通过,通过,通过,不通过,不通过,不通过,不通过,不通过,通过,不符合设计，必须重建packet后才能draft,OFFICIAL_SOURCE_CONTENT_NOT_MATERIALIZED;NATIVE_RUNNER_AND_AGGREGATION_NOT_IN_PACKET;STATE_SCHEMA_DESCRIPTOR_ONLY;POSTRUN_ARTIFACT_INVENTORY_ABSENT;STRONGER_SPLIT_NOT_RELIABLY_DERIVABLE;USER_COMBINED_TASK_DEPENDENCIES_MISSING;USER_UTILITY_FROM_TRACES_SOURCE_MISSING,"组合用户任务依赖:user_task_1=user_task_1,user_task_2=user_task_6 | 动态 utility_from_traces 未嵌入",/Users/gss/Downloads/revised_agent_benchmark_paper_package/experiments/agentdojo_full_v1.2.2_direct/case_packets/agentdojo/v1.2.2_workspace_user_task_4_injection_task_11/case_packet.md
v1.2.2:workspace:user_task_4:injection_task_13,workspace,user_task_4,injection_task_13,通过,通过,通过,不通过,不通过,不通过,不通过,不通过,通过,不符合设计，必须重建packet后才能draft,OFFICIAL_SOURCE_CONTENT_NOT_MATERIALIZED;NATIVE_RUNNER_AND_AGGREGATION_NOT_IN_PACKET;STATE_SCHEMA_DESCRIPTOR_ONLY;POSTRUN_ARTIFACT_INVENTORY_ABSENT;STRONGER_SPLIT_NOT_RELIABLY_DERIVABLE;USER_COMBINED_TASK_DEPENDENCIES_MISSING;USER_UTILITY_FROM_TRACES_SOURCE_MISSING,"组合用户任务依赖:user_task_1=user_task_1,user_task_2=user_task_6 | 动态 utility_from_traces 未嵌入",/Users/gss/Downloads/revised_agent_benchmark_paper_package/experiments/agentdojo_full_v1.2.2_direct/case_packets/agentdojo/v1.2.2_workspace_user_task_4_injection_task_13/case_packet.md
v1.2.2:workspace:user_task_19:injection_task_1,workspace,user_task_19,injection_task_1,通过,通过,通过,不通过,不通过,不通过,不通过,不通过,通过,不符合设计，必须重建packet后才能draft,OFFICIAL_SOURCE_CONTENT_NOT_MATERIALIZED;NATIVE_RUNNER_AND_AGGREGATION_NOT_IN_PACKET;STATE_SCHEMA_DESCRIPTOR_ONLY;POSTRUN_ARTIFACT_INVENTORY_ABSENT;STRONGER_SPLIT_NOT_RELIABLY_DERIVABLE;USER_COMBINED_TASK_DEPENDENCIES_MISSING;USER_UTILITY_FROM_TRACES_SOURCE_MISSING,"组合用户任务依赖:user_task_1=user_task_1,user_task_2=user_task_13 | 动态 utility_from_traces 未嵌入",/Users/gss/Downloads/revised_agent_benchmark_paper_package/experiments/agentdojo_full_v1.2.2_direct/case_packets/agentdojo/v1.2.2_workspace_user_task_19_injection_task_1/case_packet.md
v1.2.2:workspace:user_task_19:injection_task_2,workspace,user_task_19,injection_task_2,通过,通过,通过,不通过,不通过,不通过,不通过,不通过,通过,不符合设计，必须重建packet后才能draft,OFFICIAL_SOURCE_CONTENT_NOT_MATERIALIZED;NATIVE_RUNNER_AND_AGGREGATION_NOT_IN_PACKET;STATE_SCHEMA_DESCRIPTOR_ONLY;POSTRUN_ARTIFACT_INVENTORY_ABSENT;STRONGER_SPLIT_NOT_RELIABLY_DERIVABLE;USER_COMBINED_TASK_DEPENDENCIES_MISSING;USER_UTILITY_FROM_TRACES_SOURCE_MISSING;INJECTION_EVALUATOR_HELPER_SOURCE_MISSING,"组合用户任务依赖:user_task_1=user_task_1,user_task_2=user_task_13 | 动态 utility_from_traces 未嵌入 | 安全 evaluator helper:parse_datetime@agentdojo.default_suites.v1.workspace.user_tasks",/Users/gss/Downloads/revised_agent_benchmark_paper_package/experiments/agentdojo_full_v1.2.2_direct/case_packets/agentdojo/v1.2.2_workspace_user_task_19_injection_task_2/case_packet.md
v1.2.2:workspace:user_task_19:injection_task_3,workspace,user_task_19,injection_task_3,通过,通过,通过,不通过,不通过,不通过,不通过,不通过,通过,不符合设计，必须重建packet后才能draft,OFFICIAL_SOURCE_CONTENT_NOT_MATERIALIZED;NATIVE_RUNNER_AND_AGGREGATION_NOT_IN_PACKET;STATE_SCHEMA_DESCRIPTOR_ONLY;POSTRUN_ARTIFACT_INVENTORY_ABSENT;STRONGER_SPLIT_NOT_RELIABLY_DERIVABLE;USER_COMBINED_TASK_DEPENDENCIES_MISSING;USER_UTILITY_FROM_TRACES_SOURCE_MISSING,"组合用户任务依赖:user_task_1=user_task_1,user_task_2=user_task_13 | 动态 utility_from_traces 未嵌入",/Users/gss/Downloads/revised_agent_benchmark_paper_package/experiments/agentdojo_full_v1.2.2_direct/case_packets/agentdojo/v1.2.2_workspace_user_task_19_injection_task_3/case_packet.md
v1.2.2:workspace:user_task_19:injection_task_5,workspace,user_task_19,injection_task_5,通过,通过,通过,不通过,不通过,不通过,不通过,不通过,通过,不符合设计，必须重建packet后才能draft,OFFICIAL_SOURCE_CONTENT_NOT_MATERIALIZED;NATIVE_RUNNER_AND_AGGREGATION_NOT_IN_PACKET;STATE_SCHEMA_DESCRIPTOR_ONLY;POSTRUN_ARTIFACT_INVENTORY_ABSENT;STRONGER_SPLIT_NOT_RELIABLY_DERIVABLE;USER_COMBINED_TASK_DEPENDENCIES_MISSING;USER_UTILITY_FROM_TRACES_SOURCE_MISSING,"组合用户任务依赖:user_task_1=user_task_1,user_task_2=user_task_13 | 动态 utility_from_traces 未嵌入",/Users/gss/Downloads/revised_agent_benchmark_paper_package/experiments/agentdojo_full_v1.2.2_direct/case_packets/agentdojo/v1.2.2_workspace_user_task_19_injection_task_5/case_packet.md
v1.2.2:workspace:user_task_19:injection_task_6,workspace,user_task_19,injection_task_6,通过,通过,通过,不通过,不通过,不通过,不通过,不通过,通过,不符合设计，必须重建packet后才能draft,OFFICIAL_SOURCE_CONTENT_NOT_MATERIALIZED;NATIVE_RUNNER_AND_AGGREGATION_NOT_IN_PACKET;STATE_SCHEMA_DESCRIPTOR_ONLY;POSTRUN_ARTIFACT_INVENTORY_ABSENT;STRONGER_SPLIT_NOT_RELIABLY_DERIVABLE;USER_COMBINED_TASK_DEPENDENCIES_MISSING;USER_UTILITY_FROM_TRACES_SOURCE_MISSING;INJECTION_EVALUATOR_HELPER_SOURCE_MISSING,"组合用户任务依赖:user_task_1=user_task_1,user_task_2=user_task_13 | 动态 utility_from_traces 未嵌入 | 安全 evaluator helper:are_email_bodies_in_str@agentdojo.default_suites.v1_2.workspace.injection_tasks",/Users/gss/Downloads/revised_agent_benchmark_paper_package/experiments/agentdojo_full_v1.2.2_direct/case_packets/agentdojo/v1.2.2_workspace_user_task_19_injection_task_6/case_packet.md
v1.2.2:workspace:user_task_19:injection_task_7,workspace,user_task_19,injection_task_7,通过,通过,通过,不通过,不通过,不通过,不通过,不通过,通过,不符合设计，必须重建packet后才能draft,OFFICIAL_SOURCE_CONTENT_NOT_MATERIALIZED;NATIVE_RUNNER_AND_AGGREGATION_NOT_IN_PACKET;STATE_SCHEMA_DESCRIPTOR_ONLY;POSTRUN_ARTIFACT_INVENTORY_ABSENT;STRONGER_SPLIT_NOT_RELIABLY_DERIVABLE;USER_COMBINED_TASK_DEPENDENCIES_MISSING;USER_UTILITY_FROM_TRACES_SOURCE_MISSING;INJECTION_EVALUATOR_HELPER_SOURCE_MISSING,"组合用户任务依赖:user_task_1=user_task_1,user_task_2=user_task_13 | 动态 utility_from_traces 未嵌入 | 安全 evaluator helper:are_email_bodies_in_str@agentdojo.default_suites.v1_2.workspace.injection_tasks",/Users/gss/Downloads/revised_agent_benchmark_paper_package/experiments/agentdojo_full_v1.2.2_direct/case_packets/agentdojo/v1.2.2_workspace_user_task_19_injection_task_7/case_packet.md
v1.2.2:workspace:user_task_19:injection_task_8,workspace,user_task_19,injection_task_8,通过,通过,通过,不通过,不通过,不通过,不通过,不通过,通过,不符合设计，必须重建packet后才能draft,OFFICIAL_SOURCE_CONTENT_NOT_MATERIALIZED;NATIVE_RUNNER_AND_AGGREGATION_NOT_IN_PACKET;STATE_SCHEMA_DESCRIPTOR_ONLY;POSTRUN_ARTIFACT_INVENTORY_ABSENT;STRONGER_SPLIT_NOT_RELIABLY_DERIVABLE;USER_COMBINED_TASK_DEPENDENCIES_MISSING;USER_UTILITY_FROM_TRACES_SOURCE_MISSING;INJECTION_EVALUATOR_HELPER_SOURCE_MISSING,"组合用户任务依赖:user_task_1=user_task_1,user_task_2=user_task_13 | 动态 utility_from_traces 未嵌入 | 安全 evaluator helper:are_email_bodies_in_str@agentdojo.default_suites.v1_2.workspace.injection_tasks",/Users/gss/Downloads/revised_agent_benchmark_paper_package/experiments/agentdojo_full_v1.2.2_direct/case_packets/agentdojo/v1.2.2_workspace_user_task_19_injection_task_8/case_packet.md
v1.2.2:workspace:user_task_19:injection_task_9,workspace,user_task_19,injection_task_9,通过,通过,通过,不通过,不通过,不通过,不通过,不通过,通过,不符合设计，必须重建packet后才能draft,OFFICIAL_SOURCE_CONTENT_NOT_MATERIALIZED;NATIVE_RUNNER_AND_AGGREGATION_NOT_IN_PACKET;STATE_SCHEMA_DESCRIPTOR_ONLY;POSTRUN_ARTIFACT_INVENTORY_ABSENT;STRONGER_SPLIT_NOT_RELIABLY_DERIVABLE;USER_COMBINED_TASK_DEPENDENCIES_MISSING;USER_UTILITY_FROM_TRACES_SOURCE_MISSING;INJECTION_EVALUATOR_HELPER_SOURCE_MISSING,"组合用户任务依赖:user_task_1=user_task_1,user_task_2=user_task_13 | 动态 utility_from_traces 未嵌入 | 安全 evaluator helper:are_email_bodies_in_str@agentdojo.default_suites.v1_2.workspace.injection_tasks",/Users/gss/Downloads/revised_agent_benchmark_paper_package/experiments/agentdojo_full_v1.2.2_direct/case_packets/agentdojo/v1.2.2_workspace_user_task_19_injection_task_9/case_packet.md
v1.2.2:workspace:user_task_19:injection_task_10,workspace,user_task_19,injection_task_10,通过,通过,通过,不通过,不通过,不通过,不通过,不通过,通过,不符合设计，必须重建packet后才能draft,OFFICIAL_SOURCE_CONTENT_NOT_MATERIALIZED;NATIVE_RUNNER_AND_AGGREGATION_NOT_IN_PACKET;STATE_SCHEMA_DESCRIPTOR_ONLY;POSTRUN_ARTIFACT_INVENTORY_ABSENT;STRONGER_SPLIT_NOT_RELIABLY_DERIVABLE;USER_COMBINED_TASK_DEPENDENCIES_MISSING;USER_UTILITY_FROM_TRACES_SOURCE_MISSING,"组合用户任务依赖:user_task_1=user_task_1,user_task_2=user_task_13 | 动态 utility_from_traces 未嵌入",/Users/gss/Downloads/revised_agent_benchmark_paper_package/experiments/agentdojo_full_v1.2.2_direct/case_packets/agentdojo/v1.2.2_workspace_user_task_19_injection_task_10/case_packet.md
v1.2.2:workspace:user_task_19:injection_task_11,workspace,user_task_19,injection_task_11,通过,通过,通过,不通过,不通过,不通过,不通过,不通过,通过,不符合设计，必须重建packet后才能draft,OFFICIAL_SOURCE_CONTENT_NOT_MATERIALIZED;NATIVE_RUNNER_AND_AGGREGATION_NOT_IN_PACKET;STATE_SCHEMA_DESCRIPTOR_ONLY;POSTRUN_ARTIFACT_INVENTORY_ABSENT;STRONGER_SPLIT_NOT_RELIABLY_DERIVABLE;USER_COMBINED_TASK_DEPENDENCIES_MISSING;USER_UTILITY_FROM_TRACES_SOURCE_MISSING,"组合用户任务依赖:user_task_1=user_task_1,user_task_2=user_task_13 | 动态 utility_from_traces 未嵌入",/Users/gss/Downloads/revised_agent_benchmark_paper_package/experiments/agentdojo_full_v1.2.2_direct/case_packets/agentdojo/v1.2.2_workspace_user_task_19_injection_task_11/case_packet.md
v1.2.2:workspace:user_task_19:injection_task_12,workspace,user_task_19,injection_task_12,通过,通过,通过,不通过,不通过,不通过,不通过,不通过,通过,不符合设计，必须重建packet后才能draft,OFFICIAL_SOURCE_CONTENT_NOT_MATERIALIZED;NATIVE_RUNNER_AND_AGGREGATION_NOT_IN_PACKET;STATE_SCHEMA_DESCRIPTOR_ONLY;POSTRUN_ARTIFACT_INVENTORY_ABSENT;STRONGER_SPLIT_NOT_RELIABLY_DERIVABLE;USER_COMBINED_TASK_DEPENDENCIES_MISSING;USER_UTILITY_FROM_TRACES_SOURCE_MISSING,"组合用户任务依赖:user_task_1=user_task_1,user_task_2=user_task_13 | 动态 utility_from_traces 未嵌入",/Users/gss/Downloads/revised_agent_benchmark_paper_package/experiments/agentdojo_full_v1.2.2_direct/case_packets/agentdojo/v1.2.2_workspace_user_task_19_injection_task_12/case_packet.md
v1.2.2:workspace:user_task_19:injection_task_13,workspace,user_task_19,injection_task_13,通过,通过,通过,不通过,不通过,不通过,不通过,不通过,通过,不符合设计，必须重建packet后才能draft,OFFICIAL_SOURCE_CONTENT_NOT_MATERIALIZED;NATIVE_RUNNER_AND_AGGREGATION_NOT_IN_PACKET;STATE_SCHEMA_DESCRIPTOR_ONLY;POSTRUN_ARTIFACT_INVENTORY_ABSENT;STRONGER_SPLIT_NOT_RELIABLY_DERIVABLE;USER_COMBINED_TASK_DEPENDENCIES_MISSING;USER_UTILITY_FROM_TRACES_SOURCE_MISSING,"组合用户任务依赖:user_task_1=user_task_1,user_task_2=user_task_13 | 动态 utility_from_traces 未嵌入",/Users/gss/Downloads/revised_agent_benchmark_paper_package/experiments/agentdojo_full_v1.2.2_direct/case_packets/agentdojo/v1.2.2_workspace_user_task_19_injection_task_13/case_packet.md
v1.2.2:workspace:user_task_36:injection_task_0,workspace,user_task_36,injection_task_0,通过,通过,通过,不通过,不通过,不通过,不通过,不通过,通过,不符合设计，必须重建packet后才能draft,OFFICIAL_SOURCE_CONTENT_NOT_MATERIALIZED;NATIVE_RUNNER_AND_AGGREGATION_NOT_IN_PACKET;STATE_SCHEMA_DESCRIPTOR_ONLY;POSTRUN_ARTIFACT_INVENTORY_ABSENT;STRONGER_SPLIT_NOT_RELIABLY_DERIVABLE;USER_COMBINED_TASK_DEPENDENCIES_MISSING;USER_UTILITY_FROM_TRACES_SOURCE_MISSING,"组合用户任务依赖:user_task_1=user_task_30,user_task_2=user_task_31 | 动态 utility_from_traces 未嵌入",/Users/gss/Downloads/revised_agent_benchmark_paper_package/experiments/agentdojo_full_v1.2.2_direct/case_packets/agentdojo/v1.2.2_workspace_user_task_36_injection_task_0/case_packet.md
v1.2.2:workspace:user_task_36:injection_task_1,workspace,user_task_36,injection_task_1,通过,通过,通过,不通过,不通过,不通过,不通过,不通过,通过,不符合设计，必须重建packet后才能draft,OFFICIAL_SOURCE_CONTENT_NOT_MATERIALIZED;NATIVE_RUNNER_AND_AGGREGATION_NOT_IN_PACKET;STATE_SCHEMA_DESCRIPTOR_ONLY;POSTRUN_ARTIFACT_INVENTORY_ABSENT;STRONGER_SPLIT_NOT_RELIABLY_DERIVABLE;USER_COMBINED_TASK_DEPENDENCIES_MISSING;USER_UTILITY_FROM_TRACES_SOURCE_MISSING,"组合用户任务依赖:user_task_1=user_task_30,user_task_2=user_task_31 | 动态 utility_from_traces 未嵌入",/Users/gss/Downloads/revised_agent_benchmark_paper_package/experiments/agentdojo_full_v1.2.2_direct/case_packets/agentdojo/v1.2.2_workspace_user_task_36_injection_task_1/case_packet.md
v1.2.2:workspace:user_task_36:injection_task_2,workspace,user_task_36,injection_task_2,通过,通过,通过,不通过,不通过,不通过,不通过,不通过,通过,不符合设计，必须重建packet后才能draft,OFFICIAL_SOURCE_CONTENT_NOT_MATERIALIZED;NATIVE_RUNNER_AND_AGGREGATION_NOT_IN_PACKET;STATE_SCHEMA_DESCRIPTOR_ONLY;POSTRUN_ARTIFACT_INVENTORY_ABSENT;STRONGER_SPLIT_NOT_RELIABLY_DERIVABLE;USER_COMBINED_TASK_DEPENDENCIES_MISSING;USER_UTILITY_FROM_TRACES_SOURCE_MISSING;INJECTION_EVALUATOR_HELPER_SOURCE_MISSING,"组合用户任务依赖:user_task_1=user_task_30,user_task_2=user_task_31 | 动态 utility_from_traces 未嵌入 | 安全 evaluator helper:parse_datetime@agentdojo.default_suites.v1.workspace.user_tasks",/Users/gss/Downloads/revised_agent_benchmark_paper_package/experiments/agentdojo_full_v1.2.2_direct/case_packets/agentdojo/v1.2.2_workspace_user_task_36_injection_task_2/case_packet.md
v1.2.2:workspace:user_task_36:injection_task_3,workspace,user_task_36,injection_task_3,通过,通过,通过,不通过,不通过,不通过,不通过,不通过,通过,不符合设计，必须重建packet后才能draft,OFFICIAL_SOURCE_CONTENT_NOT_MATERIALIZED;NATIVE_RUNNER_AND_AGGREGATION_NOT_IN_PACKET;STATE_SCHEMA_DESCRIPTOR_ONLY;POSTRUN_ARTIFACT_INVENTORY_ABSENT;STRONGER_SPLIT_NOT_RELIABLY_DERIVABLE;USER_COMBINED_TASK_DEPENDENCIES_MISSING;USER_UTILITY_FROM_TRACES_SOURCE_MISSING,"组合用户任务依赖:user_task_1=user_task_30,user_task_2=user_task_31 | 动态 utility_from_traces 未嵌入",/Users/gss/Downloads/revised_agent_benchmark_paper_package/experiments/agentdojo_full_v1.2.2_direct/case_packets/agentdojo/v1.2.2_workspace_user_task_36_injection_task_3/case_packet.md
v1.2.2:workspace:user_task_36:injection_task_4,workspace,user_task_36,injection_task_4,通过,通过,通过,不通过,不通过,不通过,不通过,不通过,通过,不符合设计，必须重建packet后才能draft,OFFICIAL_SOURCE_CONTENT_NOT_MATERIALIZED;NATIVE_RUNNER_AND_AGGREGATION_NOT_IN_PACKET;STATE_SCHEMA_DESCRIPTOR_ONLY;POSTRUN_ARTIFACT_INVENTORY_ABSENT;STRONGER_SPLIT_NOT_RELIABLY_DERIVABLE;USER_COMBINED_TASK_DEPENDENCIES_MISSING;USER_UTILITY_FROM_TRACES_SOURCE_MISSING,"组合用户任务依赖:user_task_1=user_task_30,user_task_2=user_task_31 | 动态 utility_from_traces 未嵌入",/Users/gss/Downloads/revised_agent_benchmark_paper_package/experiments/agentdojo_full_v1.2.2_direct/case_packets/agentdojo/v1.2.2_workspace_user_task_36_injection_task_4/case_packet.md
v1.2.2:workspace:user_task_36:injection_task_6,workspace,user_task_36,injection_task_6,通过,通过,通过,不通过,不通过,不通过,不通过,不通过,通过,不符合设计，必须重建packet后才能draft,OFFICIAL_SOURCE_CONTENT_NOT_MATERIALIZED;NATIVE_RUNNER_AND_AGGREGATION_NOT_IN_PACKET;STATE_SCHEMA_DESCRIPTOR_ONLY;POSTRUN_ARTIFACT_INVENTORY_ABSENT;STRONGER_SPLIT_NOT_RELIABLY_DERIVABLE;USER_COMBINED_TASK_DEPENDENCIES_MISSING;USER_UTILITY_FROM_TRACES_SOURCE_MISSING;INJECTION_EVALUATOR_HELPER_SOURCE_MISSING,"组合用户任务依赖:user_task_1=user_task_30,user_task_2=user_task_31 | 动态 utility_from_traces 未嵌入 | 安全 evaluator helper:are_email_bodies_in_str@agentdojo.default_suites.v1_2.workspace.injection_tasks",/Users/gss/Downloads/revised_agent_benchmark_paper_package/experiments/agentdojo_full_v1.2.2_direct/case_packets/agentdojo/v1.2.2_workspace_user_task_36_injection_task_6/case_packet.md
v1.2.2:workspace:user_task_36:injection_task_7,workspace,user_task_36,injection_task_7,通过,通过,通过,不通过,不通过,不通过,不通过,不通过,通过,不符合设计，必须重建packet后才能draft,OFFICIAL_SOURCE_CONTENT_NOT_MATERIALIZED;NATIVE_RUNNER_AND_AGGREGATION_NOT_IN_PACKET;STATE_SCHEMA_DESCRIPTOR_ONLY;POSTRUN_ARTIFACT_INVENTORY_ABSENT;STRONGER_SPLIT_NOT_RELIABLY_DERIVABLE;USER_COMBINED_TASK_DEPENDENCIES_MISSING;USER_UTILITY_FROM_TRACES_SOURCE_MISSING;INJECTION_EVALUATOR_HELPER_SOURCE_MISSING,"组合用户任务依赖:user_task_1=user_task_30,user_task_2=user_task_31 | 动态 utility_from_traces 未嵌入 | 安全 evaluator helper:are_email_bodies_in_str@agentdojo.default_suites.v1_2.workspace.injection_tasks",/Users/gss/Downloads/revised_agent_benchmark_paper_package/experiments/agentdojo_full_v1.2.2_direct/case_packets/agentdojo/v1.2.2_workspace_user_task_36_injection_task_7/case_packet.md
v1.2.2:workspace:user_task_36:injection_task_8,workspace,user_task_36,injection_task_8,通过,通过,通过,不通过,不通过,不通过,不通过,不通过,通过,不符合设计，必须重建packet后才能draft,OFFICIAL_SOURCE_CONTENT_NOT_MATERIALIZED;NATIVE_RUNNER_AND_AGGREGATION_NOT_IN_PACKET;STATE_SCHEMA_DESCRIPTOR_ONLY;POSTRUN_ARTIFACT_INVENTORY_ABSENT;STRONGER_SPLIT_NOT_RELIABLY_DERIVABLE;USER_COMBINED_TASK_DEPENDENCIES_MISSING;USER_UTILITY_FROM_TRACES_SOURCE_MISSING;INJECTION_EVALUATOR_HELPER_SOURCE_MISSING,"组合用户任务依赖:user_task_1=user_task_30,user_task_2=user_task_31 | 动态 utility_from_traces 未嵌入 | 安全 evaluator helper:are_email_bodies_in_str@agentdojo.default_suites.v1_2.workspace.injection_tasks",/Users/gss/Downloads/revised_agent_benchmark_paper_package/experiments/agentdojo_full_v1.2.2_direct/case_packets/agentdojo/v1.2.2_workspace_user_task_36_injection_task_8/case_packet.md
v1.2.2:workspace:user_task_36:injection_task_9,workspace,user_task_36,injection_task_9,通过,通过,通过,不通过,不通过,不通过,不通过,不通过,通过,不符合设计，必须重建packet后才能draft,OFFICIAL_SOURCE_CONTENT_NOT_MATERIALIZED;NATIVE_RUNNER_AND_AGGREGATION_NOT_IN_PACKET;STATE_SCHEMA_DESCRIPTOR_ONLY;POSTRUN_ARTIFACT_INVENTORY_ABSENT;STRONGER_SPLIT_NOT_RELIABLY_DERIVABLE;USER_COMBINED_TASK_DEPENDENCIES_MISSING;USER_UTILITY_FROM_TRACES_SOURCE_MISSING;INJECTION_EVALUATOR_HELPER_SOURCE_MISSING,"组合用户任务依赖:user_task_1=user_task_30,user_task_2=user_task_31 | 动态 utility_from_traces 未嵌入 | 安全 evaluator helper:are_email_bodies_in_str@agentdojo.default_suites.v1_2.workspace.injection_tasks",/Users/gss/Downloads/revised_agent_benchmark_paper_package/experiments/agentdojo_full_v1.2.2_direct/case_packets/agentdojo/v1.2.2_workspace_user_task_36_injection_task_9/case_packet.md
v1.2.2:workspace:user_task_36:injection_task_10,workspace,user_task_36,injection_task_10,通过,通过,通过,不通过,不通过,不通过,不通过,不通过,通过,不符合设计，必须重建packet后才能draft,OFFICIAL_SOURCE_CONTENT_NOT_MATERIALIZED;NATIVE_RUNNER_AND_AGGREGATION_NOT_IN_PACKET;STATE_SCHEMA_DESCRIPTOR_ONLY;POSTRUN_ARTIFACT_INVENTORY_ABSENT;STRONGER_SPLIT_NOT_RELIABLY_DERIVABLE;USER_COMBINED_TASK_DEPENDENCIES_MISSING;USER_UTILITY_FROM_TRACES_SOURCE_MISSING,"组合用户任务依赖:user_task_1=user_task_30,user_task_2=user_task_31 | 动态 utility_from_traces 未嵌入",/Users/gss/Downloads/revised_agent_benchmark_paper_package/experiments/agentdojo_full_v1.2.2_direct/case_packets/agentdojo/v1.2.2_workspace_user_task_36_injection_task_10/case_packet.md
v1.2.2:workspace:user_task_36:injection_task_11,workspace,user_task_36,injection_task_11,通过,通过,通过,不通过,不通过,不通过,不通过,不通过,通过,不符合设计，必须重建packet后才能draft,OFFICIAL_SOURCE_CONTENT_NOT_MATERIALIZED;NATIVE_RUNNER_AND_AGGREGATION_NOT_IN_PACKET;STATE_SCHEMA_DESCRIPTOR_ONLY;POSTRUN_ARTIFACT_INVENTORY_ABSENT;STRONGER_SPLIT_NOT_RELIABLY_DERIVABLE;USER_COMBINED_TASK_DEPENDENCIES_MISSING;USER_UTILITY_FROM_TRACES_SOURCE_MISSING,"组合用户任务依赖:user_task_1=user_task_30,user_task_2=user_task_31 | 动态 utility_from_traces 未嵌入",/Users/gss/Downloads/revised_agent_benchmark_paper_package/experiments/agentdojo_full_v1.2.2_direct/case_packets/agentdojo/v1.2.2_workspace_user_task_36_injection_task_11/case_packet.md
v1.2.2:workspace:user_task_36:injection_task_13,workspace,user_task_36,injection_task_13,通过,通过,通过,不通过,不通过,不通过,不通过,不通过,通过,不符合设计，必须重建packet后才能draft,OFFICIAL_SOURCE_CONTENT_NOT_MATERIALIZED;NATIVE_RUNNER_AND_AGGREGATION_NOT_IN_PACKET;STATE_SCHEMA_DESCRIPTOR_ONLY;POSTRUN_ARTIFACT_INVENTORY_ABSENT;STRONGER_SPLIT_NOT_RELIABLY_DERIVABLE;USER_COMBINED_TASK_DEPENDENCIES_MISSING;USER_UTILITY_FROM_TRACES_SOURCE_MISSING,"组合用户任务依赖:user_task_1=user_task_30,user_task_2=user_task_31 | 动态 utility_from_traces 未嵌入",/Users/gss/Downloads/revised_agent_benchmark_paper_package/experiments/agentdojo_full_v1.2.2_direct/case_packets/agentdojo/v1.2.2_workspace_user_task_36_injection_task_13/case_packet.md
v1.2.2:workspace:user_task_37:injection_task_0,workspace,user_task_37,injection_task_0,通过,通过,通过,不通过,不通过,不通过,不通过,不通过,通过,不符合设计，必须重建packet后才能draft,OFFICIAL_SOURCE_CONTENT_NOT_MATERIALIZED;NATIVE_RUNNER_AND_AGGREGATION_NOT_IN_PACKET;STATE_SCHEMA_DESCRIPTOR_ONLY;POSTRUN_ARTIFACT_INVENTORY_ABSENT;STRONGER_SPLIT_NOT_RELIABLY_DERIVABLE;USER_COMBINED_TASK_DEPENDENCIES_MISSING;USER_UTILITY_FROM_TRACES_SOURCE_MISSING,"组合用户任务依赖:user_task_1=user_task_30,user_task_2=user_task_32 | 动态 utility_from_traces 未嵌入",/Users/gss/Downloads/revised_agent_benchmark_paper_package/experiments/agentdojo_full_v1.2.2_direct/case_packets/agentdojo/v1.2.2_workspace_user_task_37_injection_task_0/case_packet.md
v1.2.2:workspace:user_task_37:injection_task_1,workspace,user_task_37,injection_task_1,通过,通过,通过,不通过,不通过,不通过,不通过,不通过,通过,不符合设计，必须重建packet后才能draft,OFFICIAL_SOURCE_CONTENT_NOT_MATERIALIZED;NATIVE_RUNNER_AND_AGGREGATION_NOT_IN_PACKET;STATE_SCHEMA_DESCRIPTOR_ONLY;POSTRUN_ARTIFACT_INVENTORY_ABSENT;STRONGER_SPLIT_NOT_RELIABLY_DERIVABLE;USER_COMBINED_TASK_DEPENDENCIES_MISSING;USER_UTILITY_FROM_TRACES_SOURCE_MISSING,"组合用户任务依赖:user_task_1=user_task_30,user_task_2=user_task_32 | 动态 utility_from_traces 未嵌入",/Users/gss/Downloads/revised_agent_benchmark_paper_package/experiments/agentdojo_full_v1.2.2_direct/case_packets/agentdojo/v1.2.2_workspace_user_task_37_injection_task_1/case_packet.md
v1.2.2:workspace:user_task_37:injection_task_2,workspace,user_task_37,injection_task_2,通过,通过,通过,不通过,不通过,不通过,不通过,不通过,通过,不符合设计，必须重建packet后才能draft,OFFICIAL_SOURCE_CONTENT_NOT_MATERIALIZED;NATIVE_RUNNER_AND_AGGREGATION_NOT_IN_PACKET;STATE_SCHEMA_DESCRIPTOR_ONLY;POSTRUN_ARTIFACT_INVENTORY_ABSENT;STRONGER_SPLIT_NOT_RELIABLY_DERIVABLE;USER_COMBINED_TASK_DEPENDENCIES_MISSING;USER_UTILITY_FROM_TRACES_SOURCE_MISSING;INJECTION_EVALUATOR_HELPER_SOURCE_MISSING,"组合用户任务依赖:user_task_1=user_task_30,user_task_2=user_task_32 | 动态 utility_from_traces 未嵌入 | 安全 evaluator helper:parse_datetime@agentdojo.default_suites.v1.workspace.user_tasks",/Users/gss/Downloads/revised_agent_benchmark_paper_package/experiments/agentdojo_full_v1.2.2_direct/case_packets/agentdojo/v1.2.2_workspace_user_task_37_injection_task_2/case_packet.md
v1.2.2:workspace:user_task_37:injection_task_3,workspace,user_task_37,injection_task_3,通过,通过,通过,不通过,不通过,不通过,不通过,不通过,通过,不符合设计，必须重建packet后才能draft,OFFICIAL_SOURCE_CONTENT_NOT_MATERIALIZED;NATIVE_RUNNER_AND_AGGREGATION_NOT_IN_PACKET;STATE_SCHEMA_DESCRIPTOR_ONLY;POSTRUN_ARTIFACT_INVENTORY_ABSENT;STRONGER_SPLIT_NOT_RELIABLY_DERIVABLE;USER_COMBINED_TASK_DEPENDENCIES_MISSING;USER_UTILITY_FROM_TRACES_SOURCE_MISSING,"组合用户任务依赖:user_task_1=user_task_30,user_task_2=user_task_32 | 动态 utility_from_traces 未嵌入",/Users/gss/Downloads/revised_agent_benchmark_paper_package/experiments/agentdojo_full_v1.2.2_direct/case_packets/agentdojo/v1.2.2_workspace_user_task_37_injection_task_3/case_packet.md
v1.2.2:workspace:user_task_37:injection_task_4,workspace,user_task_37,injection_task_4,通过,通过,通过,不通过,不通过,不通过,不通过,不通过,通过,不符合设计，必须重建packet后才能draft,OFFICIAL_SOURCE_CONTENT_NOT_MATERIALIZED;NATIVE_RUNNER_AND_AGGREGATION_NOT_IN_PACKET;STATE_SCHEMA_DESCRIPTOR_ONLY;POSTRUN_ARTIFACT_INVENTORY_ABSENT;STRONGER_SPLIT_NOT_RELIABLY_DERIVABLE;USER_COMBINED_TASK_DEPENDENCIES_MISSING;USER_UTILITY_FROM_TRACES_SOURCE_MISSING,"组合用户任务依赖:user_task_1=user_task_30,user_task_2=user_task_32 | 动态 utility_from_traces 未嵌入",/Users/gss/Downloads/revised_agent_benchmark_paper_package/experiments/agentdojo_full_v1.2.2_direct/case_packets/agentdojo/v1.2.2_workspace_user_task_37_injection_task_4/case_packet.md
v1.2.2:workspace:user_task_37:injection_task_5,workspace,user_task_37,injection_task_5,通过,通过,通过,不通过,不通过,不通过,不通过,不通过,通过,不符合设计，必须重建packet后才能draft,OFFICIAL_SOURCE_CONTENT_NOT_MATERIALIZED;NATIVE_RUNNER_AND_AGGREGATION_NOT_IN_PACKET;STATE_SCHEMA_DESCRIPTOR_ONLY;POSTRUN_ARTIFACT_INVENTORY_ABSENT;STRONGER_SPLIT_NOT_RELIABLY_DERIVABLE;USER_COMBINED_TASK_DEPENDENCIES_MISSING;USER_UTILITY_FROM_TRACES_SOURCE_MISSING,"组合用户任务依赖:user_task_1=user_task_30,user_task_2=user_task_32 | 动态 utility_from_traces 未嵌入",/Users/gss/Downloads/revised_agent_benchmark_paper_package/experiments/agentdojo_full_v1.2.2_direct/case_packets/agentdojo/v1.2.2_workspace_user_task_37_injection_task_5/case_packet.md
v1.2.2:workspace:user_task_37:injection_task_6,workspace,user_task_37,injection_task_6,通过,通过,通过,不通过,不通过,不通过,不通过,不通过,通过,不符合设计，必须重建packet后才能draft,OFFICIAL_SOURCE_CONTENT_NOT_MATERIALIZED;NATIVE_RUNNER_AND_AGGREGATION_NOT_IN_PACKET;STATE_SCHEMA_DESCRIPTOR_ONLY;POSTRUN_ARTIFACT_INVENTORY_ABSENT;STRONGER_SPLIT_NOT_RELIABLY_DERIVABLE;USER_COMBINED_TASK_DEPENDENCIES_MISSING;USER_UTILITY_FROM_TRACES_SOURCE_MISSING;INJECTION_EVALUATOR_HELPER_SOURCE_MISSING,"组合用户任务依赖:user_task_1=user_task_30,user_task_2=user_task_32 | 动态 utility_from_traces 未嵌入 | 安全 evaluator helper:are_email_bodies_in_str@agentdojo.default_suites.v1_2.workspace.injection_tasks",/Users/gss/Downloads/revised_agent_benchmark_paper_package/experiments/agentdojo_full_v1.2.2_direct/case_packets/agentdojo/v1.2.2_workspace_user_task_37_injection_task_6/case_packet.md
v1.2.2:workspace:user_task_37:injection_task_8,workspace,user_task_37,injection_task_8,通过,通过,通过,不通过,不通过,不通过,不通过,不通过,通过,不符合设计，必须重建packet后才能draft,OFFICIAL_SOURCE_CONTENT_NOT_MATERIALIZED;NATIVE_RUNNER_AND_AGGREGATION_NOT_IN_PACKET;STATE_SCHEMA_DESCRIPTOR_ONLY;POSTRUN_ARTIFACT_INVENTORY_ABSENT;STRONGER_SPLIT_NOT_RELIABLY_DERIVABLE;USER_COMBINED_TASK_DEPENDENCIES_MISSING;USER_UTILITY_FROM_TRACES_SOURCE_MISSING;INJECTION_EVALUATOR_HELPER_SOURCE_MISSING,"组合用户任务依赖:user_task_1=user_task_30,user_task_2=user_task_32 | 动态 utility_from_traces 未嵌入 | 安全 evaluator helper:are_email_bodies_in_str@agentdojo.default_suites.v1_2.workspace.injection_tasks",/Users/gss/Downloads/revised_agent_benchmark_paper_package/experiments/agentdojo_full_v1.2.2_direct/case_packets/agentdojo/v1.2.2_workspace_user_task_37_injection_task_8/case_packet.md
v1.2.2:workspace:user_task_37:injection_task_9,workspace,user_task_37,injection_task_9,通过,通过,通过,不通过,不通过,不通过,不通过,不通过,通过,不符合设计，必须重建packet后才能draft,OFFICIAL_SOURCE_CONTENT_NOT_MATERIALIZED;NATIVE_RUNNER_AND_AGGREGATION_NOT_IN_PACKET;STATE_SCHEMA_DESCRIPTOR_ONLY;POSTRUN_ARTIFACT_INVENTORY_ABSENT;STRONGER_SPLIT_NOT_RELIABLY_DERIVABLE;USER_COMBINED_TASK_DEPENDENCIES_MISSING;USER_UTILITY_FROM_TRACES_SOURCE_MISSING;INJECTION_EVALUATOR_HELPER_SOURCE_MISSING,"组合用户任务依赖:user_task_1=user_task_30,user_task_2=user_task_32 | 动态 utility_from_traces 未嵌入 | 安全 evaluator helper:are_email_bodies_in_str@agentdojo.default_suites.v1_2.workspace.injection_tasks",/Users/gss/Downloads/revised_agent_benchmark_paper_package/experiments/agentdojo_full_v1.2.2_direct/case_packets/agentdojo/v1.2.2_workspace_user_task_37_injection_task_9/case_packet.md
v1.2.2:workspace:user_task_37:injection_task_10,workspace,user_task_37,injection_task_10,通过,通过,通过,不通过,不通过,不通过,不通过,不通过,通过,不符合设计，必须重建packet后才能draft,OFFICIAL_SOURCE_CONTENT_NOT_MATERIALIZED;NATIVE_RUNNER_AND_AGGREGATION_NOT_IN_PACKET;STATE_SCHEMA_DESCRIPTOR_ONLY;POSTRUN_ARTIFACT_INVENTORY_ABSENT;STRONGER_SPLIT_NOT_RELIABLY_DERIVABLE;USER_COMBINED_TASK_DEPENDENCIES_MISSING;USER_UTILITY_FROM_TRACES_SOURCE_MISSING,"组合用户任务依赖:user_task_1=user_task_30,user_task_2=user_task_32 | 动态 utility_from_traces 未嵌入",/Users/gss/Downloads/revised_agent_benchmark_paper_package/experiments/agentdojo_full_v1.2.2_direct/case_packets/agentdojo/v1.2.2_workspace_user_task_37_injection_task_10/case_packet.md
v1.2.2:workspace:user_task_37:injection_task_11,workspace,user_task_37,injection_task_11,通过,通过,通过,不通过,不通过,不通过,不通过,不通过,通过,不符合设计，必须重建packet后才能draft,OFFICIAL_SOURCE_CONTENT_NOT_MATERIALIZED;NATIVE_RUNNER_AND_AGGREGATION_NOT_IN_PACKET;STATE_SCHEMA_DESCRIPTOR_ONLY;POSTRUN_ARTIFACT_INVENTORY_ABSENT;STRONGER_SPLIT_NOT_RELIABLY_DERIVABLE;USER_COMBINED_TASK_DEPENDENCIES_MISSING;USER_UTILITY_FROM_TRACES_SOURCE_MISSING,"组合用户任务依赖:user_task_1=user_task_30,user_task_2=user_task_32 | 动态 utility_from_traces 未嵌入",/Users/gss/Downloads/revised_agent_benchmark_paper_package/experiments/agentdojo_full_v1.2.2_direct/case_packets/agentdojo/v1.2.2_workspace_user_task_37_injection_task_11/case_packet.md
v1.2.2:workspace:user_task_37:injection_task_12,workspace,user_task_37,injection_task_12,通过,通过,通过,不通过,不通过,不通过,不通过,不通过,通过,不符合设计，必须重建packet后才能draft,OFFICIAL_SOURCE_CONTENT_NOT_MATERIALIZED;NATIVE_RUNNER_AND_AGGREGATION_NOT_IN_PACKET;STATE_SCHEMA_DESCRIPTOR_ONLY;POSTRUN_ARTIFACT_INVENTORY_ABSENT;STRONGER_SPLIT_NOT_RELIABLY_DERIVABLE;USER_COMBINED_TASK_DEPENDENCIES_MISSING;USER_UTILITY_FROM_TRACES_SOURCE_MISSING,"组合用户任务依赖:user_task_1=user_task_30,user_task_2=user_task_32 | 动态 utility_from_traces 未嵌入",/Users/gss/Downloads/revised_agent_benchmark_paper_package/experiments/agentdojo_full_v1.2.2_direct/case_packets/agentdojo/v1.2.2_workspace_user_task_37_injection_task_12/case_packet.md
v1.2.2:workspace:user_task_37:injection_task_13,workspace,user_task_37,injection_task_13,通过,通过,通过,不通过,不通过,不通过,不通过,不通过,通过,不符合设计，必须重建packet后才能draft,OFFICIAL_SOURCE_CONTENT_NOT_MATERIALIZED;NATIVE_RUNNER_AND_AGGREGATION_NOT_IN_PACKET;STATE_SCHEMA_DESCRIPTOR_ONLY;POSTRUN_ARTIFACT_INVENTORY_ABSENT;STRONGER_SPLIT_NOT_RELIABLY_DERIVABLE;USER_COMBINED_TASK_DEPENDENCIES_MISSING;USER_UTILITY_FROM_TRACES_SOURCE_MISSING,"组合用户任务依赖:user_task_1=user_task_30,user_task_2=user_task_32 | 动态 utility_from_traces 未嵌入",/Users/gss/Downloads/revised_agent_benchmark_paper_package/experiments/agentdojo_full_v1.2.2_direct/case_packets/agentdojo/v1.2.2_workspace_user_task_37_injection_task_13/case_packet.md
v1.2.2:workspace:user_task_38:injection_task_0,workspace,user_task_38,injection_task_0,通过,通过,通过,不通过,不通过,不通过,不通过,不通过,通过,不符合设计，必须重建packet后才能draft,OFFICIAL_SOURCE_CONTENT_NOT_MATERIALIZED;NATIVE_RUNNER_AND_AGGREGATION_NOT_IN_PACKET;STATE_SCHEMA_DESCRIPTOR_ONLY;POSTRUN_ARTIFACT_INVENTORY_ABSENT;STRONGER_SPLIT_NOT_RELIABLY_DERIVABLE;USER_COMBINED_TASK_DEPENDENCIES_MISSING;USER_UTILITY_FROM_TRACES_SOURCE_MISSING,"组合用户任务依赖:user_task_1=user_task_27,user_task_2=user_task_35 | 动态 utility_from_traces 未嵌入",/Users/gss/Downloads/revised_agent_benchmark_paper_package/experiments/agentdojo_full_v1.2.2_direct/case_packets/agentdojo/v1.2.2_workspace_user_task_38_injection_task_0/case_packet.md
v1.2.2:workspace:user_task_38:injection_task_1,workspace,user_task_38,injection_task_1,通过,通过,通过,不通过,不通过,不通过,不通过,不通过,通过,不符合设计，必须重建packet后才能draft,OFFICIAL_SOURCE_CONTENT_NOT_MATERIALIZED;NATIVE_RUNNER_AND_AGGREGATION_NOT_IN_PACKET;STATE_SCHEMA_DESCRIPTOR_ONLY;POSTRUN_ARTIFACT_INVENTORY_ABSENT;STRONGER_SPLIT_NOT_RELIABLY_DERIVABLE;USER_COMBINED_TASK_DEPENDENCIES_MISSING;USER_UTILITY_FROM_TRACES_SOURCE_MISSING,"组合用户任务依赖:user_task_1=user_task_27,user_task_2=user_task_35 | 动态 utility_from_traces 未嵌入",/Users/gss/Downloads/revised_agent_benchmark_paper_package/experiments/agentdojo_full_v1.2.2_direct/case_packets/agentdojo/v1.2.2_workspace_user_task_38_injection_task_1/case_packet.md
v1.2.2:workspace:user_task_38:injection_task_2,workspace,user_task_38,injection_task_2,通过,通过,通过,不通过,不通过,不通过,不通过,不通过,通过,不符合设计，必须重建packet后才能draft,OFFICIAL_SOURCE_CONTENT_NOT_MATERIALIZED;NATIVE_RUNNER_AND_AGGREGATION_NOT_IN_PACKET;STATE_SCHEMA_DESCRIPTOR_ONLY;POSTRUN_ARTIFACT_INVENTORY_ABSENT;STRONGER_SPLIT_NOT_RELIABLY_DERIVABLE;USER_COMBINED_TASK_DEPENDENCIES_MISSING;USER_UTILITY_FROM_TRACES_SOURCE_MISSING;INJECTION_EVALUATOR_HELPER_SOURCE_MISSING,"组合用户任务依赖:user_task_1=user_task_27,user_task_2=user_task_35 | 动态 utility_from_traces 未嵌入 | 安全 evaluator helper:parse_datetime@agentdojo.default_suites.v1.workspace.user_tasks",/Users/gss/Downloads/revised_agent_benchmark_paper_package/experiments/agentdojo_full_v1.2.2_direct/case_packets/agentdojo/v1.2.2_workspace_user_task_38_injection_task_2/case_packet.md
v1.2.2:workspace:user_task_38:injection_task_3,workspace,user_task_38,injection_task_3,通过,通过,通过,不通过,不通过,不通过,不通过,不通过,通过,不符合设计，必须重建packet后才能draft,OFFICIAL_SOURCE_CONTENT_NOT_MATERIALIZED;NATIVE_RUNNER_AND_AGGREGATION_NOT_IN_PACKET;STATE_SCHEMA_DESCRIPTOR_ONLY;POSTRUN_ARTIFACT_INVENTORY_ABSENT;STRONGER_SPLIT_NOT_RELIABLY_DERIVABLE;USER_COMBINED_TASK_DEPENDENCIES_MISSING;USER_UTILITY_FROM_TRACES_SOURCE_MISSING,"组合用户任务依赖:user_task_1=user_task_27,user_task_2=user_task_35 | 动态 utility_from_traces 未嵌入",/Users/gss/Downloads/revised_agent_benchmark_paper_package/experiments/agentdojo_full_v1.2.2_direct/case_packets/agentdojo/v1.2.2_workspace_user_task_38_injection_task_3/case_packet.md
v1.2.2:workspace:user_task_38:injection_task_4,workspace,user_task_38,injection_task_4,通过,通过,通过,不通过,不通过,不通过,不通过,不通过,通过,不符合设计，必须重建packet后才能draft,OFFICIAL_SOURCE_CONTENT_NOT_MATERIALIZED;NATIVE_RUNNER_AND_AGGREGATION_NOT_IN_PACKET;STATE_SCHEMA_DESCRIPTOR_ONLY;POSTRUN_ARTIFACT_INVENTORY_ABSENT;STRONGER_SPLIT_NOT_RELIABLY_DERIVABLE;USER_COMBINED_TASK_DEPENDENCIES_MISSING;USER_UTILITY_FROM_TRACES_SOURCE_MISSING,"组合用户任务依赖:user_task_1=user_task_27,user_task_2=user_task_35 | 动态 utility_from_traces 未嵌入",/Users/gss/Downloads/revised_agent_benchmark_paper_package/experiments/agentdojo_full_v1.2.2_direct/case_packets/agentdojo/v1.2.2_workspace_user_task_38_injection_task_4/case_packet.md
v1.2.2:workspace:user_task_38:injection_task_5,workspace,user_task_38,injection_task_5,通过,通过,通过,不通过,不通过,不通过,不通过,不通过,通过,不符合设计，必须重建packet后才能draft,OFFICIAL_SOURCE_CONTENT_NOT_MATERIALIZED;NATIVE_RUNNER_AND_AGGREGATION_NOT_IN_PACKET;STATE_SCHEMA_DESCRIPTOR_ONLY;POSTRUN_ARTIFACT_INVENTORY_ABSENT;STRONGER_SPLIT_NOT_RELIABLY_DERIVABLE;USER_COMBINED_TASK_DEPENDENCIES_MISSING;USER_UTILITY_FROM_TRACES_SOURCE_MISSING,"组合用户任务依赖:user_task_1=user_task_27,user_task_2=user_task_35 | 动态 utility_from_traces 未嵌入",/Users/gss/Downloads/revised_agent_benchmark_paper_package/experiments/agentdojo_full_v1.2.2_direct/case_packets/agentdojo/v1.2.2_workspace_user_task_38_injection_task_5/case_packet.md
v1.2.2:workspace:user_task_38:injection_task_6,workspace,user_task_38,injection_task_6,通过,通过,通过,不通过,不通过,不通过,不通过,不通过,通过,不符合设计，必须重建packet后才能draft,OFFICIAL_SOURCE_CONTENT_NOT_MATERIALIZED;NATIVE_RUNNER_AND_AGGREGATION_NOT_IN_PACKET;STATE_SCHEMA_DESCRIPTOR_ONLY;POSTRUN_ARTIFACT_INVENTORY_ABSENT;STRONGER_SPLIT_NOT_RELIABLY_DERIVABLE;USER_COMBINED_TASK_DEPENDENCIES_MISSING;USER_UTILITY_FROM_TRACES_SOURCE_MISSING;INJECTION_EVALUATOR_HELPER_SOURCE_MISSING,"组合用户任务依赖:user_task_1=user_task_27,user_task_2=user_task_35 | 动态 utility_from_traces 未嵌入 | 安全 evaluator helper:are_email_bodies_in_str@agentdojo.default_suites.v1_2.workspace.injection_tasks",/Users/gss/Downloads/revised_agent_benchmark_paper_package/experiments/agentdojo_full_v1.2.2_direct/case_packets/agentdojo/v1.2.2_workspace_user_task_38_injection_task_6/case_packet.md
v1.2.2:workspace:user_task_38:injection_task_7,workspace,user_task_38,injection_task_7,通过,通过,通过,不通过,不通过,不通过,不通过,不通过,通过,不符合设计，必须重建packet后才能draft,OFFICIAL_SOURCE_CONTENT_NOT_MATERIALIZED;NATIVE_RUNNER_AND_AGGREGATION_NOT_IN_PACKET;STATE_SCHEMA_DESCRIPTOR_ONLY;POSTRUN_ARTIFACT_INVENTORY_ABSENT;STRONGER_SPLIT_NOT_RELIABLY_DERIVABLE;USER_COMBINED_TASK_DEPENDENCIES_MISSING;USER_UTILITY_FROM_TRACES_SOURCE_MISSING;INJECTION_EVALUATOR_HELPER_SOURCE_MISSING,"组合用户任务依赖:user_task_1=user_task_27,user_task_2=user_task_35 | 动态 utility_from_traces 未嵌入 | 安全 evaluator helper:are_email_bodies_in_str@agentdojo.default_suites.v1_2.workspace.injection_tasks",/Users/gss/Downloads/revised_agent_benchmark_paper_package/experiments/agentdojo_full_v1.2.2_direct/case_packets/agentdojo/v1.2.2_workspace_user_task_38_injection_task_7/case_packet.md
v1.2.2:workspace:user_task_38:injection_task_8,workspace,user_task_38,injection_task_8,通过,通过,通过,不通过,不通过,不通过,不通过,不通过,通过,不符合设计，必须重建packet后才能draft,OFFICIAL_SOURCE_CONTENT_NOT_MATERIALIZED;NATIVE_RUNNER_AND_AGGREGATION_NOT_IN_PACKET;STATE_SCHEMA_DESCRIPTOR_ONLY;POSTRUN_ARTIFACT_INVENTORY_ABSENT;STRONGER_SPLIT_NOT_RELIABLY_DERIVABLE;USER_COMBINED_TASK_DEPENDENCIES_MISSING;USER_UTILITY_FROM_TRACES_SOURCE_MISSING;INJECTION_EVALUATOR_HELPER_SOURCE_MISSING,"组合用户任务依赖:user_task_1=user_task_27,user_task_2=user_task_35 | 动态 utility_from_traces 未嵌入 | 安全 evaluator helper:are_email_bodies_in_str@agentdojo.default_suites.v1_2.workspace.injection_tasks",/Users/gss/Downloads/revised_agent_benchmark_paper_package/experiments/agentdojo_full_v1.2.2_direct/case_packets/agentdojo/v1.2.2_workspace_user_task_38_injection_task_8/case_packet.md
v1.2.2:workspace:user_task_38:injection_task_9,workspace,user_task_38,injection_task_9,通过,通过,通过,不通过,不通过,不通过,不通过,不通过,通过,不符合设计，必须重建packet后才能draft,OFFICIAL_SOURCE_CONTENT_NOT_MATERIALIZED;NATIVE_RUNNER_AND_AGGREGATION_NOT_IN_PACKET;STATE_SCHEMA_DESCRIPTOR_ONLY;POSTRUN_ARTIFACT_INVENTORY_ABSENT;STRONGER_SPLIT_NOT_RELIABLY_DERIVABLE;USER_COMBINED_TASK_DEPENDENCIES_MISSING;USER_UTILITY_FROM_TRACES_SOURCE_MISSING;INJECTION_EVALUATOR_HELPER_SOURCE_MISSING,"组合用户任务依赖:user_task_1=user_task_27,user_task_2=user_task_35 | 动态 utility_from_traces 未嵌入 | 安全 evaluator helper:are_email_bodies_in_str@agentdojo.default_suites.v1_2.workspace.injection_tasks",/Users/gss/Downloads/revised_agent_benchmark_paper_package/experiments/agentdojo_full_v1.2.2_direct/case_packets/agentdojo/v1.2.2_workspace_user_task_38_injection_task_9/case_packet.md
v1.2.2:workspace:user_task_38:injection_task_10,workspace,user_task_38,injection_task_10,通过,通过,通过,不通过,不通过,不通过,不通过,不通过,通过,不符合设计，必须重建packet后才能draft,OFFICIAL_SOURCE_CONTENT_NOT_MATERIALIZED;NATIVE_RUNNER_AND_AGGREGATION_NOT_IN_PACKET;STATE_SCHEMA_DESCRIPTOR_ONLY;POSTRUN_ARTIFACT_INVENTORY_ABSENT;STRONGER_SPLIT_NOT_RELIABLY_DERIVABLE;USER_COMBINED_TASK_DEPENDENCIES_MISSING;USER_UTILITY_FROM_TRACES_SOURCE_MISSING,"组合用户任务依赖:user_task_1=user_task_27,user_task_2=user_task_35 | 动态 utility_from_traces 未嵌入",/Users/gss/Downloads/revised_agent_benchmark_paper_package/experiments/agentdojo_full_v1.2.2_direct/case_packets/agentdojo/v1.2.2_workspace_user_task_38_injection_task_10/case_packet.md
v1.2.2:workspace:user_task_38:injection_task_12,workspace,user_task_38,injection_task_12,通过,通过,通过,不通过,不通过,不通过,不通过,不通过,通过,不符合设计，必须重建packet后才能draft,OFFICIAL_SOURCE_CONTENT_NOT_MATERIALIZED;NATIVE_RUNNER_AND_AGGREGATION_NOT_IN_PACKET;STATE_SCHEMA_DESCRIPTOR_ONLY;POSTRUN_ARTIFACT_INVENTORY_ABSENT;STRONGER_SPLIT_NOT_RELIABLY_DERIVABLE;USER_COMBINED_TASK_DEPENDENCIES_MISSING;USER_UTILITY_FROM_TRACES_SOURCE_MISSING,"组合用户任务依赖:user_task_1=user_task_27,user_task_2=user_task_35 | 动态 utility_from_traces 未嵌入",/Users/gss/Downloads/revised_agent_benchmark_paper_package/experiments/agentdojo_full_v1.2.2_direct/case_packets/agentdojo/v1.2.2_workspace_user_task_38_injection_task_12/case_packet.md
v1.2.2:workspace:user_task_38:injection_task_13,workspace,user_task_38,injection_task_13,通过,通过,通过,不通过,不通过,不通过,不通过,不通过,通过,不符合设计，必须重建packet后才能draft,OFFICIAL_SOURCE_CONTENT_NOT_MATERIALIZED;NATIVE_RUNNER_AND_AGGREGATION_NOT_IN_PACKET;STATE_SCHEMA_DESCRIPTOR_ONLY;POSTRUN_ARTIFACT_INVENTORY_ABSENT;STRONGER_SPLIT_NOT_RELIABLY_DERIVABLE;USER_COMBINED_TASK_DEPENDENCIES_MISSING;USER_UTILITY_FROM_TRACES_SOURCE_MISSING,"组合用户任务依赖:user_task_1=user_task_27,user_task_2=user_task_35 | 动态 utility_from_traces 未嵌入",/Users/gss/Downloads/revised_agent_benchmark_paper_package/experiments/agentdojo_full_v1.2.2_direct/case_packets/agentdojo/v1.2.2_workspace_user_task_38_injection_task_13/case_packet.md
v1.2.2:workspace:user_task_39:injection_task_0,workspace,user_task_39,injection_task_0,通过,通过,通过,不通过,不通过,不通过,不通过,不通过,通过,不符合设计，必须重建packet后才能draft,OFFICIAL_SOURCE_CONTENT_NOT_MATERIALIZED;NATIVE_RUNNER_AND_AGGREGATION_NOT_IN_PACKET;STATE_SCHEMA_DESCRIPTOR_ONLY;POSTRUN_ARTIFACT_INVENTORY_ABSENT;STRONGER_SPLIT_NOT_RELIABLY_DERIVABLE;USER_COMBINED_TASK_DEPENDENCIES_MISSING;USER_UTILITY_FROM_TRACES_SOURCE_MISSING,"组合用户任务依赖:user_task_1=user_task_16,user_task_2=user_task_22 | 动态 utility_from_traces 未嵌入",/Users/gss/Downloads/revised_agent_benchmark_paper_package/experiments/agentdojo_full_v1.2.2_direct/case_packets/agentdojo/v1.2.2_workspace_user_task_39_injection_task_0/case_packet.md
v1.2.2:workspace:user_task_39:injection_task_1,workspace,user_task_39,injection_task_1,通过,通过,通过,不通过,不通过,不通过,不通过,不通过,通过,不符合设计，必须重建packet后才能draft,OFFICIAL_SOURCE_CONTENT_NOT_MATERIALIZED;NATIVE_RUNNER_AND_AGGREGATION_NOT_IN_PACKET;STATE_SCHEMA_DESCRIPTOR_ONLY;POSTRUN_ARTIFACT_INVENTORY_ABSENT;STRONGER_SPLIT_NOT_RELIABLY_DERIVABLE;USER_COMBINED_TASK_DEPENDENCIES_MISSING;USER_UTILITY_FROM_TRACES_SOURCE_MISSING,"组合用户任务依赖:user_task_1=user_task_16,user_task_2=user_task_22 | 动态 utility_from_traces 未嵌入",/Users/gss/Downloads/revised_agent_benchmark_paper_package/experiments/agentdojo_full_v1.2.2_direct/case_packets/agentdojo/v1.2.2_workspace_user_task_39_injection_task_1/case_packet.md
v1.2.2:workspace:user_task_39:injection_task_2,workspace,user_task_39,injection_task_2,通过,通过,通过,不通过,不通过,不通过,不通过,不通过,通过,不符合设计，必须重建packet后才能draft,OFFICIAL_SOURCE_CONTENT_NOT_MATERIALIZED;NATIVE_RUNNER_AND_AGGREGATION_NOT_IN_PACKET;STATE_SCHEMA_DESCRIPTOR_ONLY;POSTRUN_ARTIFACT_INVENTORY_ABSENT;STRONGER_SPLIT_NOT_RELIABLY_DERIVABLE;USER_COMBINED_TASK_DEPENDENCIES_MISSING;USER_UTILITY_FROM_TRACES_SOURCE_MISSING;INJECTION_EVALUATOR_HELPER_SOURCE_MISSING,"组合用户任务依赖:user_task_1=user_task_16,user_task_2=user_task_22 | 动态 utility_from_traces 未嵌入 | 安全 evaluator helper:parse_datetime@agentdojo.default_suites.v1.workspace.user_tasks",/Users/gss/Downloads/revised_agent_benchmark_paper_package/experiments/agentdojo_full_v1.2.2_direct/case_packets/agentdojo/v1.2.2_workspace_user_task_39_injection_task_2/case_packet.md
v1.2.2:workspace:user_task_39:injection_task_3,workspace,user_task_39,injection_task_3,通过,通过,通过,不通过,不通过,不通过,不通过,不通过,通过,不符合设计，必须重建packet后才能draft,OFFICIAL_SOURCE_CONTENT_NOT_MATERIALIZED;NATIVE_RUNNER_AND_AGGREGATION_NOT_IN_PACKET;STATE_SCHEMA_DESCRIPTOR_ONLY;POSTRUN_ARTIFACT_INVENTORY_ABSENT;STRONGER_SPLIT_NOT_RELIABLY_DERIVABLE;USER_COMBINED_TASK_DEPENDENCIES_MISSING;USER_UTILITY_FROM_TRACES_SOURCE_MISSING,"组合用户任务依赖:user_task_1=user_task_16,user_task_2=user_task_22 | 动态 utility_from_traces 未嵌入",/Users/gss/Downloads/revised_agent_benchmark_paper_package/experiments/agentdojo_full_v1.2.2_direct/case_packets/agentdojo/v1.2.2_workspace_user_task_39_injection_task_3/case_packet.md
v1.2.2:workspace:user_task_39:injection_task_4,workspace,user_task_39,injection_task_4,通过,通过,通过,不通过,不通过,不通过,不通过,不通过,通过,不符合设计，必须重建packet后才能draft,OFFICIAL_SOURCE_CONTENT_NOT_MATERIALIZED;NATIVE_RUNNER_AND_AGGREGATION_NOT_IN_PACKET;STATE_SCHEMA_DESCRIPTOR_ONLY;POSTRUN_ARTIFACT_INVENTORY_ABSENT;STRONGER_SPLIT_NOT_RELIABLY_DERIVABLE;USER_COMBINED_TASK_DEPENDENCIES_MISSING;USER_UTILITY_FROM_TRACES_SOURCE_MISSING,"组合用户任务依赖:user_task_1=user_task_16,user_task_2=user_task_22 | 动态 utility_from_traces 未嵌入",/Users/gss/Downloads/revised_agent_benchmark_paper_package/experiments/agentdojo_full_v1.2.2_direct/case_packets/agentdojo/v1.2.2_workspace_user_task_39_injection_task_4/case_packet.md
v1.2.2:workspace:user_task_39:injection_task_5,workspace,user_task_39,injection_task_5,通过,通过,通过,不通过,不通过,不通过,不通过,不通过,通过,不符合设计，必须重建packet后才能draft,OFFICIAL_SOURCE_CONTENT_NOT_MATERIALIZED;NATIVE_RUNNER_AND_AGGREGATION_NOT_IN_PACKET;STATE_SCHEMA_DESCRIPTOR_ONLY;POSTRUN_ARTIFACT_INVENTORY_ABSENT;STRONGER_SPLIT_NOT_RELIABLY_DERIVABLE;USER_COMBINED_TASK_DEPENDENCIES_MISSING;USER_UTILITY_FROM_TRACES_SOURCE_MISSING,"组合用户任务依赖:user_task_1=user_task_16,user_task_2=user_task_22 | 动态 utility_from_traces 未嵌入",/Users/gss/Downloads/revised_agent_benchmark_paper_package/experiments/agentdojo_full_v1.2.2_direct/case_packets/agentdojo/v1.2.2_workspace_user_task_39_injection_task_5/case_packet.md
v1.2.2:workspace:user_task_39:injection_task_6,workspace,user_task_39,injection_task_6,通过,通过,通过,不通过,不通过,不通过,不通过,不通过,通过,不符合设计，必须重建packet后才能draft,OFFICIAL_SOURCE_CONTENT_NOT_MATERIALIZED;NATIVE_RUNNER_AND_AGGREGATION_NOT_IN_PACKET;STATE_SCHEMA_DESCRIPTOR_ONLY;POSTRUN_ARTIFACT_INVENTORY_ABSENT;STRONGER_SPLIT_NOT_RELIABLY_DERIVABLE;USER_COMBINED_TASK_DEPENDENCIES_MISSING;USER_UTILITY_FROM_TRACES_SOURCE_MISSING;INJECTION_EVALUATOR_HELPER_SOURCE_MISSING,"组合用户任务依赖:user_task_1=user_task_16,user_task_2=user_task_22 | 动态 utility_from_traces 未嵌入 | 安全 evaluator helper:are_email_bodies_in_str@agentdojo.default_suites.v1_2.workspace.injection_tasks",/Users/gss/Downloads/revised_agent_benchmark_paper_package/experiments/agentdojo_full_v1.2.2_direct/case_packets/agentdojo/v1.2.2_workspace_user_task_39_injection_task_6/case_packet.md
v1.2.2:workspace:user_task_39:injection_task_7,workspace,user_task_39,injection_task_7,通过,通过,通过,不通过,不通过,不通过,不通过,不通过,通过,不符合设计，必须重建packet后才能draft,OFFICIAL_SOURCE_CONTENT_NOT_MATERIALIZED;NATIVE_RUNNER_AND_AGGREGATION_NOT_IN_PACKET;STATE_SCHEMA_DESCRIPTOR_ONLY;POSTRUN_ARTIFACT_INVENTORY_ABSENT;STRONGER_SPLIT_NOT_RELIABLY_DERIVABLE;USER_COMBINED_TASK_DEPENDENCIES_MISSING;USER_UTILITY_FROM_TRACES_SOURCE_MISSING;INJECTION_EVALUATOR_HELPER_SOURCE_MISSING,"组合用户任务依赖:user_task_1=user_task_16,user_task_2=user_task_22 | 动态 utility_from_traces 未嵌入 | 安全 evaluator helper:are_email_bodies_in_str@agentdojo.default_suites.v1_2.workspace.injection_tasks",/Users/gss/Downloads/revised_agent_benchmark_paper_package/experiments/agentdojo_full_v1.2.2_direct/case_packets/agentdojo/v1.2.2_workspace_user_task_39_injection_task_7/case_packet.md
v1.2.2:workspace:user_task_39:injection_task_8,workspace,user_task_39,injection_task_8,通过,通过,通过,不通过,不通过,不通过,不通过,不通过,通过,不符合设计，必须重建packet后才能draft,OFFICIAL_SOURCE_CONTENT_NOT_MATERIALIZED;NATIVE_RUNNER_AND_AGGREGATION_NOT_IN_PACKET;STATE_SCHEMA_DESCRIPTOR_ONLY;POSTRUN_ARTIFACT_INVENTORY_ABSENT;STRONGER_SPLIT_NOT_RELIABLY_DERIVABLE;USER_COMBINED_TASK_DEPENDENCIES_MISSING;USER_UTILITY_FROM_TRACES_SOURCE_MISSING;INJECTION_EVALUATOR_HELPER_SOURCE_MISSING,"组合用户任务依赖:user_task_1=user_task_16,user_task_2=user_task_22 | 动态 utility_from_traces 未嵌入 | 安全 evaluator helper:are_email_bodies_in_str@agentdojo.default_suites.v1_2.workspace.injection_tasks",/Users/gss/Downloads/revised_agent_benchmark_paper_package/experiments/agentdojo_full_v1.2.2_direct/case_packets/agentdojo/v1.2.2_workspace_user_task_39_injection_task_8/case_packet.md
v1.2.2:workspace:user_task_39:injection_task_9,workspace,user_task_39,injection_task_9,通过,通过,通过,不通过,不通过,不通过,不通过,不通过,通过,不符合设计，必须重建packet后才能draft,OFFICIAL_SOURCE_CONTENT_NOT_MATERIALIZED;NATIVE_RUNNER_AND_AGGREGATION_NOT_IN_PACKET;STATE_SCHEMA_DESCRIPTOR_ONLY;POSTRUN_ARTIFACT_INVENTORY_ABSENT;STRONGER_SPLIT_NOT_RELIABLY_DERIVABLE;USER_COMBINED_TASK_DEPENDENCIES_MISSING;USER_UTILITY_FROM_TRACES_SOURCE_MISSING;INJECTION_EVALUATOR_HELPER_SOURCE_MISSING,"组合用户任务依赖:user_task_1=user_task_16,user_task_2=user_task_22 | 动态 utility_from_traces 未嵌入 | 安全 evaluator helper:are_email_bodies_in_str@agentdojo.default_suites.v1_2.workspace.injection_tasks",/Users/gss/Downloads/revised_agent_benchmark_paper_package/experiments/agentdojo_full_v1.2.2_direct/case_packets/agentdojo/v1.2.2_workspace_user_task_39_injection_task_9/case_packet.md
v1.2.2:workspace:user_task_39:injection_task_10,workspace,user_task_39,injection_task_10,通过,通过,通过,不通过,不通过,不通过,不通过,不通过,通过,不符合设计，必须重建packet后才能draft,OFFICIAL_SOURCE_CONTENT_NOT_MATERIALIZED;NATIVE_RUNNER_AND_AGGREGATION_NOT_IN_PACKET;STATE_SCHEMA_DESCRIPTOR_ONLY;POSTRUN_ARTIFACT_INVENTORY_ABSENT;STRONGER_SPLIT_NOT_RELIABLY_DERIVABLE;USER_COMBINED_TASK_DEPENDENCIES_MISSING;USER_UTILITY_FROM_TRACES_SOURCE_MISSING,"组合用户任务依赖:user_task_1=user_task_16,user_task_2=user_task_22 | 动态 utility_from_traces 未嵌入",/Users/gss/Downloads/revised_agent_benchmark_paper_package/experiments/agentdojo_full_v1.2.2_direct/case_packets/agentdojo/v1.2.2_workspace_user_task_39_injection_task_10/case_packet.md
v1.2.2:workspace:user_task_39:injection_task_11,workspace,user_task_39,injection_task_11,通过,通过,通过,不通过,不通过,不通过,不通过,不通过,通过,不符合设计，必须重建packet后才能draft,OFFICIAL_SOURCE_CONTENT_NOT_MATERIALIZED;NATIVE_RUNNER_AND_AGGREGATION_NOT_IN_PACKET;STATE_SCHEMA_DESCRIPTOR_ONLY;POSTRUN_ARTIFACT_INVENTORY_ABSENT;STRONGER_SPLIT_NOT_RELIABLY_DERIVABLE;USER_COMBINED_TASK_DEPENDENCIES_MISSING;USER_UTILITY_FROM_TRACES_SOURCE_MISSING,"组合用户任务依赖:user_task_1=user_task_16,user_task_2=user_task_22 | 动态 utility_from_traces 未嵌入",/Users/gss/Downloads/revised_agent_benchmark_paper_package/experiments/agentdojo_full_v1.2.2_direct/case_packets/agentdojo/v1.2.2_workspace_user_task_39_injection_task_11/case_packet.md
v1.2.2:workspace:user_task_39:injection_task_12,workspace,user_task_39,injection_task_12,通过,通过,通过,不通过,不通过,不通过,不通过,不通过,通过,不符合设计，必须重建packet后才能draft,OFFICIAL_SOURCE_CONTENT_NOT_MATERIALIZED;NATIVE_RUNNER_AND_AGGREGATION_NOT_IN_PACKET;STATE_SCHEMA_DESCRIPTOR_ONLY;POSTRUN_ARTIFACT_INVENTORY_ABSENT;STRONGER_SPLIT_NOT_RELIABLY_DERIVABLE;USER_COMBINED_TASK_DEPENDENCIES_MISSING;USER_UTILITY_FROM_TRACES_SOURCE_MISSING,"组合用户任务依赖:user_task_1=user_task_16,user_task_2=user_task_22 | 动态 utility_from_traces 未嵌入",/Users/gss/Downloads/revised_agent_benchmark_paper_package/experiments/agentdojo_full_v1.2.2_direct/case_packets/agentdojo/v1.2.2_workspace_user_task_39_injection_task_12/case_packet.md
v1.2.2:workspace:user_task_39:injection_task_13,workspace,user_task_39,injection_task_13,通过,通过,通过,不通过,不通过,不通过,不通过,不通过,通过,不符合设计，必须重建packet后才能draft,OFFICIAL_SOURCE_CONTENT_NOT_MATERIALIZED;NATIVE_RUNNER_AND_AGGREGATION_NOT_IN_PACKET;STATE_SCHEMA_DESCRIPTOR_ONLY;POSTRUN_ARTIFACT_INVENTORY_ABSENT;STRONGER_SPLIT_NOT_RELIABLY_DERIVABLE;USER_COMBINED_TASK_DEPENDENCIES_MISSING;USER_UTILITY_FROM_TRACES_SOURCE_MISSING,"组合用户任务依赖:user_task_1=user_task_16,user_task_2=user_task_22 | 动态 utility_from_traces 未嵌入",/Users/gss/Downloads/revised_agent_benchmark_paper_package/experiments/agentdojo_full_v1.2.2_direct/case_packets/agentdojo/v1.2.2_workspace_user_task_39_injection_task_13/case_packet.md
v1.2.2:travel:user_task_0:injection_task_6,travel,user_task_0,injection_task_6,通过,通过,通过,不通过,不通过,不通过,不通过,不通过,通过,不符合设计，必须重建packet后才能draft,OFFICIAL_SOURCE_CONTENT_NOT_MATERIALIZED;NATIVE_RUNNER_AND_AGGREGATION_NOT_IN_PACKET;STATE_SCHEMA_DESCRIPTOR_ONLY;POSTRUN_ARTIFACT_INVENTORY_ABSENT;STRONGER_SPLIT_NOT_RELIABLY_DERIVABLE;USER_EVALUATOR_HELPER_SOURCE_MISSING,用户 evaluator helper:check_new_reservation@agentdojo.default_suites.v1_1.travel.user_tasks,/Users/gss/Downloads/revised_agent_benchmark_paper_package/experiments/agentdojo_full_v1.2.2_direct/case_packets/agentdojo/v1.2.2_travel_user_task_0_injection_task_6/case_packet.md
v1.2.2:travel:user_task_0:injection_task_0,travel,user_task_0,injection_task_0,通过,通过,通过,不通过,不通过,不通过,不通过,不通过,通过,不符合设计，必须重建packet后才能draft,OFFICIAL_SOURCE_CONTENT_NOT_MATERIALIZED;NATIVE_RUNNER_AND_AGGREGATION_NOT_IN_PACKET;STATE_SCHEMA_DESCRIPTOR_ONLY;POSTRUN_ARTIFACT_INVENTORY_ABSENT;STRONGER_SPLIT_NOT_RELIABLY_DERIVABLE;USER_EVALUATOR_HELPER_SOURCE_MISSING,用户 evaluator helper:check_new_reservation@agentdojo.default_suites.v1_1.travel.user_tasks,/Users/gss/Downloads/revised_agent_benchmark_paper_package/experiments/agentdojo_full_v1.2.2_direct/case_packets/agentdojo/v1.2.2_travel_user_task_0_injection_task_0/case_packet.md
v1.2.2:travel:user_task_0:injection_task_1,travel,user_task_0,injection_task_1,通过,通过,通过,不通过,不通过,不通过,不通过,不通过,通过,不符合设计，必须重建packet后才能draft,OFFICIAL_SOURCE_CONTENT_NOT_MATERIALIZED;NATIVE_RUNNER_AND_AGGREGATION_NOT_IN_PACKET;STATE_SCHEMA_DESCRIPTOR_ONLY;POSTRUN_ARTIFACT_INVENTORY_ABSENT;STRONGER_SPLIT_NOT_RELIABLY_DERIVABLE;USER_EVALUATOR_HELPER_SOURCE_MISSING,用户 evaluator helper:check_new_reservation@agentdojo.default_suites.v1_1.travel.user_tasks,/Users/gss/Downloads/revised_agent_benchmark_paper_package/experiments/agentdojo_full_v1.2.2_direct/case_packets/agentdojo/v1.2.2_travel_user_task_0_injection_task_1/case_packet.md
v1.2.2:travel:user_task_0:injection_task_3,travel,user_task_0,injection_task_3,通过,通过,通过,不通过,不通过,不通过,不通过,不通过,通过,不符合设计，必须重建packet后才能draft,OFFICIAL_SOURCE_CONTENT_NOT_MATERIALIZED;NATIVE_RUNNER_AND_AGGREGATION_NOT_IN_PACKET;STATE_SCHEMA_DESCRIPTOR_ONLY;POSTRUN_ARTIFACT_INVENTORY_ABSENT;STRONGER_SPLIT_NOT_RELIABLY_DERIVABLE;USER_EVALUATOR_HELPER_SOURCE_MISSING,用户 evaluator helper:check_new_reservation@agentdojo.default_suites.v1_1.travel.user_tasks,/Users/gss/Downloads/revised_agent_benchmark_paper_package/experiments/agentdojo_full_v1.2.2_direct/case_packets/agentdojo/v1.2.2_travel_user_task_0_injection_task_3/case_packet.md
v1.2.2:travel:user_task_0:injection_task_4,travel,user_task_0,injection_task_4,通过,通过,通过,不通过,不通过,不通过,不通过,不通过,通过,不符合设计，必须重建packet后才能draft,OFFICIAL_SOURCE_CONTENT_NOT_MATERIALIZED;NATIVE_RUNNER_AND_AGGREGATION_NOT_IN_PACKET;STATE_SCHEMA_DESCRIPTOR_ONLY;POSTRUN_ARTIFACT_INVENTORY_ABSENT;STRONGER_SPLIT_NOT_RELIABLY_DERIVABLE;USER_EVALUATOR_HELPER_SOURCE_MISSING,用户 evaluator helper:check_new_reservation@agentdojo.default_suites.v1_1.travel.user_tasks,/Users/gss/Downloads/revised_agent_benchmark_paper_package/experiments/agentdojo_full_v1.2.2_direct/case_packets/agentdojo/v1.2.2_travel_user_task_0_injection_task_4/case_packet.md
v1.2.2:travel:user_task_0:injection_task_5,travel,user_task_0,injection_task_5,通过,通过,通过,不通过,不通过,不通过,不通过,不通过,通过,不符合设计，必须重建packet后才能draft,OFFICIAL_SOURCE_CONTENT_NOT_MATERIALIZED;NATIVE_RUNNER_AND_AGGREGATION_NOT_IN_PACKET;STATE_SCHEMA_DESCRIPTOR_ONLY;POSTRUN_ARTIFACT_INVENTORY_ABSENT;STRONGER_SPLIT_NOT_RELIABLY_DERIVABLE;USER_EVALUATOR_HELPER_SOURCE_MISSING,用户 evaluator helper:check_new_reservation@agentdojo.default_suites.v1_1.travel.user_tasks,/Users/gss/Downloads/revised_agent_benchmark_paper_package/experiments/agentdojo_full_v1.2.2_direct/case_packets/agentdojo/v1.2.2_travel_user_task_0_injection_task_5/case_packet.md
v1.2.2:travel:user_task_1:injection_task_6,travel,user_task_1,injection_task_6,通过,通过,通过,不通过,不通过,不通过,不通过,不通过,通过,不符合设计，必须重建packet后才能draft,OFFICIAL_SOURCE_CONTENT_NOT_MATERIALIZED;NATIVE_RUNNER_AND_AGGREGATION_NOT_IN_PACKET;STATE_SCHEMA_DESCRIPTOR_ONLY;POSTRUN_ARTIFACT_INVENTORY_ABSENT;STRONGER_SPLIT_NOT_RELIABLY_DERIVABLE;USER_EVALUATOR_HELPER_SOURCE_MISSING,用户 evaluator helper:check_new_event@agentdojo.default_suites.v1_2.travel.user_tasks,/Users/gss/Downloads/revised_agent_benchmark_paper_package/experiments/agentdojo_full_v1.2.2_direct/case_packets/agentdojo/v1.2.2_travel_user_task_1_injection_task_6/case_packet.md
v1.2.2:travel:user_task_1:injection_task_0,travel,user_task_1,injection_task_0,通过,通过,通过,不通过,不通过,不通过,不通过,不通过,通过,不符合设计，必须重建packet后才能draft,OFFICIAL_SOURCE_CONTENT_NOT_MATERIALIZED;NATIVE_RUNNER_AND_AGGREGATION_NOT_IN_PACKET;STATE_SCHEMA_DESCRIPTOR_ONLY;POSTRUN_ARTIFACT_INVENTORY_ABSENT;STRONGER_SPLIT_NOT_RELIABLY_DERIVABLE;USER_EVALUATOR_HELPER_SOURCE_MISSING,用户 evaluator helper:check_new_event@agentdojo.default_suites.v1_2.travel.user_tasks,/Users/gss/Downloads/revised_agent_benchmark_paper_package/experiments/agentdojo_full_v1.2.2_direct/case_packets/agentdojo/v1.2.2_travel_user_task_1_injection_task_0/case_packet.md
v1.2.2:travel:user_task_1:injection_task_1,travel,user_task_1,injection_task_1,通过,通过,通过,不通过,不通过,不通过,不通过,不通过,通过,不符合设计，必须重建packet后才能draft,OFFICIAL_SOURCE_CONTENT_NOT_MATERIALIZED;NATIVE_RUNNER_AND_AGGREGATION_NOT_IN_PACKET;STATE_SCHEMA_DESCRIPTOR_ONLY;POSTRUN_ARTIFACT_INVENTORY_ABSENT;STRONGER_SPLIT_NOT_RELIABLY_DERIVABLE;USER_EVALUATOR_HELPER_SOURCE_MISSING,用户 evaluator helper:check_new_event@agentdojo.default_suites.v1_2.travel.user_tasks,/Users/gss/Downloads/revised_agent_benchmark_paper_package/experiments/agentdojo_full_v1.2.2_direct/case_packets/agentdojo/v1.2.2_travel_user_task_1_injection_task_1/case_packet.md
v1.2.2:travel:user_task_1:injection_task_2,travel,user_task_1,injection_task_2,通过,通过,通过,不通过,不通过,不通过,不通过,不通过,通过,不符合设计，必须重建packet后才能draft,OFFICIAL_SOURCE_CONTENT_NOT_MATERIALIZED;NATIVE_RUNNER_AND_AGGREGATION_NOT_IN_PACKET;STATE_SCHEMA_DESCRIPTOR_ONLY;POSTRUN_ARTIFACT_INVENTORY_ABSENT;STRONGER_SPLIT_NOT_RELIABLY_DERIVABLE;USER_EVALUATOR_HELPER_SOURCE_MISSING,用户 evaluator helper:check_new_event@agentdojo.default_suites.v1_2.travel.user_tasks,/Users/gss/Downloads/revised_agent_benchmark_paper_package/experiments/agentdojo_full_v1.2.2_direct/case_packets/agentdojo/v1.2.2_travel_user_task_1_injection_task_2/case_packet.md
v1.2.2:travel:user_task_1:injection_task_3,travel,user_task_1,injection_task_3,通过,通过,通过,不通过,不通过,不通过,不通过,不通过,通过,不符合设计，必须重建packet后才能draft,OFFICIAL_SOURCE_CONTENT_NOT_MATERIALIZED;NATIVE_RUNNER_AND_AGGREGATION_NOT_IN_PACKET;STATE_SCHEMA_DESCRIPTOR_ONLY;POSTRUN_ARTIFACT_INVENTORY_ABSENT;STRONGER_SPLIT_NOT_RELIABLY_DERIVABLE;USER_EVALUATOR_HELPER_SOURCE_MISSING,用户 evaluator helper:check_new_event@agentdojo.default_suites.v1_2.travel.user_tasks,/Users/gss/Downloads/revised_agent_benchmark_paper_package/experiments/agentdojo_full_v1.2.2_direct/case_packets/agentdojo/v1.2.2_travel_user_task_1_injection_task_3/case_packet.md
v1.2.2:travel:user_task_1:injection_task_4,travel,user_task_1,injection_task_4,通过,通过,通过,不通过,不通过,不通过,不通过,不通过,通过,不符合设计，必须重建packet后才能draft,OFFICIAL_SOURCE_CONTENT_NOT_MATERIALIZED;NATIVE_RUNNER_AND_AGGREGATION_NOT_IN_PACKET;STATE_SCHEMA_DESCRIPTOR_ONLY;POSTRUN_ARTIFACT_INVENTORY_ABSENT;STRONGER_SPLIT_NOT_RELIABLY_DERIVABLE;USER_EVALUATOR_HELPER_SOURCE_MISSING,用户 evaluator helper:check_new_event@agentdojo.default_suites.v1_2.travel.user_tasks,/Users/gss/Downloads/revised_agent_benchmark_paper_package/experiments/agentdojo_full_v1.2.2_direct/case_packets/agentdojo/v1.2.2_travel_user_task_1_injection_task_4/case_packet.md
v1.2.2:travel:user_task_1:injection_task_5,travel,user_task_1,injection_task_5,通过,通过,通过,不通过,不通过,不通过,不通过,不通过,通过,不符合设计，必须重建packet后才能draft,OFFICIAL_SOURCE_CONTENT_NOT_MATERIALIZED;NATIVE_RUNNER_AND_AGGREGATION_NOT_IN_PACKET;STATE_SCHEMA_DESCRIPTOR_ONLY;POSTRUN_ARTIFACT_INVENTORY_ABSENT;STRONGER_SPLIT_NOT_RELIABLY_DERIVABLE;USER_EVALUATOR_HELPER_SOURCE_MISSING,用户 evaluator helper:check_new_event@agentdojo.default_suites.v1_2.travel.user_tasks,/Users/gss/Downloads/revised_agent_benchmark_paper_package/experiments/agentdojo_full_v1.2.2_direct/case_packets/agentdojo/v1.2.2_travel_user_task_1_injection_task_5/case_packet.md
v1.2.2:travel:user_task_2:injection_task_6,travel,user_task_2,injection_task_6,通过,通过,通过,不通过,不通过,不通过,类内方法可读但全局来源仍不完整,不通过,通过,不符合设计，必须重建packet后才能draft,OFFICIAL_SOURCE_CONTENT_NOT_MATERIALIZED;NATIVE_RUNNER_AND_AGGREGATION_NOT_IN_PACKET;STATE_SCHEMA_DESCRIPTOR_ONLY;POSTRUN_ARTIFACT_INVENTORY_ABSENT;STRONGER_SPLIT_NOT_RELIABLY_DERIVABLE,,/Users/gss/Downloads/revised_agent_benchmark_paper_package/experiments/agentdojo_full_v1.2.2_direct/case_packets/agentdojo/v1.2.2_travel_user_task_2_injection_task_6/case_packet.md
v1.2.2:travel:user_task_2:injection_task_0,travel,user_task_2,injection_task_0,通过,通过,通过,不通过,不通过,不通过,类内方法可读但全局来源仍不完整,不通过,通过,不符合设计，必须重建packet后才能draft,OFFICIAL_SOURCE_CONTENT_NOT_MATERIALIZED;NATIVE_RUNNER_AND_AGGREGATION_NOT_IN_PACKET;STATE_SCHEMA_DESCRIPTOR_ONLY;POSTRUN_ARTIFACT_INVENTORY_ABSENT;STRONGER_SPLIT_NOT_RELIABLY_DERIVABLE,,/Users/gss/Downloads/revised_agent_benchmark_paper_package/experiments/agentdojo_full_v1.2.2_direct/case_packets/agentdojo/v1.2.2_travel_user_task_2_injection_task_0/case_packet.md
v1.2.2:travel:user_task_2:injection_task_1,travel,user_task_2,injection_task_1,通过,通过,通过,不通过,不通过,不通过,类内方法可读但全局来源仍不完整,不通过,通过,不符合设计，必须重建packet后才能draft,OFFICIAL_SOURCE_CONTENT_NOT_MATERIALIZED;NATIVE_RUNNER_AND_AGGREGATION_NOT_IN_PACKET;STATE_SCHEMA_DESCRIPTOR_ONLY;POSTRUN_ARTIFACT_INVENTORY_ABSENT;STRONGER_SPLIT_NOT_RELIABLY_DERIVABLE,,/Users/gss/Downloads/revised_agent_benchmark_paper_package/experiments/agentdojo_full_v1.2.2_direct/case_packets/agentdojo/v1.2.2_travel_user_task_2_injection_task_1/case_packet.md
v1.2.2:travel:user_task_2:injection_task_2,travel,user_task_2,injection_task_2,通过,通过,通过,不通过,不通过,不通过,类内方法可读但全局来源仍不完整,不通过,通过,不符合设计，必须重建packet后才能draft,OFFICIAL_SOURCE_CONTENT_NOT_MATERIALIZED;NATIVE_RUNNER_AND_AGGREGATION_NOT_IN_PACKET;STATE_SCHEMA_DESCRIPTOR_ONLY;POSTRUN_ARTIFACT_INVENTORY_ABSENT;STRONGER_SPLIT_NOT_RELIABLY_DERIVABLE,,/Users/gss/Downloads/revised_agent_benchmark_paper_package/experiments/agentdojo_full_v1.2.2_direct/case_packets/agentdojo/v1.2.2_travel_user_task_2_injection_task_2/case_packet.md
v1.2.2:travel:user_task_2:injection_task_3,travel,user_task_2,injection_task_3,通过,通过,通过,不通过,不通过,不通过,类内方法可读但全局来源仍不完整,不通过,通过,不符合设计，必须重建packet后才能draft,OFFICIAL_SOURCE_CONTENT_NOT_MATERIALIZED;NATIVE_RUNNER_AND_AGGREGATION_NOT_IN_PACKET;STATE_SCHEMA_DESCRIPTOR_ONLY;POSTRUN_ARTIFACT_INVENTORY_ABSENT;STRONGER_SPLIT_NOT_RELIABLY_DERIVABLE,,/Users/gss/Downloads/revised_agent_benchmark_paper_package/experiments/agentdojo_full_v1.2.2_direct/case_packets/agentdojo/v1.2.2_travel_user_task_2_injection_task_3/case_packet.md
v1.2.2:travel:user_task_2:injection_task_4,travel,user_task_2,injection_task_4,通过,通过,通过,不通过,不通过,不通过,类内方法可读但全局来源仍不完整,不通过,通过,不符合设计，必须重建packet后才能draft,OFFICIAL_SOURCE_CONTENT_NOT_MATERIALIZED;NATIVE_RUNNER_AND_AGGREGATION_NOT_IN_PACKET;STATE_SCHEMA_DESCRIPTOR_ONLY;POSTRUN_ARTIFACT_INVENTORY_ABSENT;STRONGER_SPLIT_NOT_RELIABLY_DERIVABLE,,/Users/gss/Downloads/revised_agent_benchmark_paper_package/experiments/agentdojo_full_v1.2.2_direct/case_packets/agentdojo/v1.2.2_travel_user_task_2_injection_task_4/case_packet.md
v1.2.2:travel:user_task_2:injection_task_5,travel,user_task_2,injection_task_5,通过,通过,通过,不通过,不通过,不通过,类内方法可读但全局来源仍不完整,不通过,通过,不符合设计，必须重建packet后才能draft,OFFICIAL_SOURCE_CONTENT_NOT_MATERIALIZED;NATIVE_RUNNER_AND_AGGREGATION_NOT_IN_PACKET;STATE_SCHEMA_DESCRIPTOR_ONLY;POSTRUN_ARTIFACT_INVENTORY_ABSENT;STRONGER_SPLIT_NOT_RELIABLY_DERIVABLE,,/Users/gss/Downloads/revised_agent_benchmark_paper_package/experiments/agentdojo_full_v1.2.2_direct/case_packets/agentdojo/v1.2.2_travel_user_task_2_injection_task_5/case_packet.md
v1.2.2:travel:user_task_3:injection_task_6,travel,user_task_3,injection_task_6,通过,通过,通过,不通过,不通过,不通过,不通过,不通过,通过,不符合设计，必须重建packet后才能draft,OFFICIAL_SOURCE_CONTENT_NOT_MATERIALIZED;NATIVE_RUNNER_AND_AGGREGATION_NOT_IN_PACKET;STATE_SCHEMA_DESCRIPTOR_ONLY;POSTRUN_ARTIFACT_INVENTORY_ABSENT;STRONGER_SPLIT_NOT_RELIABLY_DERIVABLE;USER_EVALUATOR_HELPER_SOURCE_MISSING,用户 evaluator helper:check_new_email@agentdojo.default_suites.v1_1.travel.user_tasks,/Users/gss/Downloads/revised_agent_benchmark_paper_package/experiments/agentdojo_full_v1.2.2_direct/case_packets/agentdojo/v1.2.2_travel_user_task_3_injection_task_6/case_packet.md
v1.2.2:travel:user_task_3:injection_task_0,travel,user_task_3,injection_task_0,通过,通过,通过,不通过,不通过,不通过,不通过,不通过,通过,不符合设计，必须重建packet后才能draft,OFFICIAL_SOURCE_CONTENT_NOT_MATERIALIZED;NATIVE_RUNNER_AND_AGGREGATION_NOT_IN_PACKET;STATE_SCHEMA_DESCRIPTOR_ONLY;POSTRUN_ARTIFACT_INVENTORY_ABSENT;STRONGER_SPLIT_NOT_RELIABLY_DERIVABLE;USER_EVALUATOR_HELPER_SOURCE_MISSING,用户 evaluator helper:check_new_email@agentdojo.default_suites.v1_1.travel.user_tasks,/Users/gss/Downloads/revised_agent_benchmark_paper_package/experiments/agentdojo_full_v1.2.2_direct/case_packets/agentdojo/v1.2.2_travel_user_task_3_injection_task_0/case_packet.md
v1.2.2:travel:user_task_3:injection_task_1,travel,user_task_3,injection_task_1,通过,通过,通过,不通过,不通过,不通过,不通过,不通过,通过,不符合设计，必须重建packet后才能draft,OFFICIAL_SOURCE_CONTENT_NOT_MATERIALIZED;NATIVE_RUNNER_AND_AGGREGATION_NOT_IN_PACKET;STATE_SCHEMA_DESCRIPTOR_ONLY;POSTRUN_ARTIFACT_INVENTORY_ABSENT;STRONGER_SPLIT_NOT_RELIABLY_DERIVABLE;USER_EVALUATOR_HELPER_SOURCE_MISSING,用户 evaluator helper:check_new_email@agentdojo.default_suites.v1_1.travel.user_tasks,/Users/gss/Downloads/revised_agent_benchmark_paper_package/experiments/agentdojo_full_v1.2.2_direct/case_packets/agentdojo/v1.2.2_travel_user_task_3_injection_task_1/case_packet.md
v1.2.2:travel:user_task_3:injection_task_2,travel,user_task_3,injection_task_2,通过,通过,通过,不通过,不通过,不通过,不通过,不通过,通过,不符合设计，必须重建packet后才能draft,OFFICIAL_SOURCE_CONTENT_NOT_MATERIALIZED;NATIVE_RUNNER_AND_AGGREGATION_NOT_IN_PACKET;STATE_SCHEMA_DESCRIPTOR_ONLY;POSTRUN_ARTIFACT_INVENTORY_ABSENT;STRONGER_SPLIT_NOT_RELIABLY_DERIVABLE;USER_EVALUATOR_HELPER_SOURCE_MISSING,用户 evaluator helper:check_new_email@agentdojo.default_suites.v1_1.travel.user_tasks,/Users/gss/Downloads/revised_agent_benchmark_paper_package/experiments/agentdojo_full_v1.2.2_direct/case_packets/agentdojo/v1.2.2_travel_user_task_3_injection_task_2/case_packet.md
v1.2.2:travel:user_task_3:injection_task_3,travel,user_task_3,injection_task_3,通过,通过,通过,不通过,不通过,不通过,不通过,不通过,通过,不符合设计，必须重建packet后才能draft,OFFICIAL_SOURCE_CONTENT_NOT_MATERIALIZED;NATIVE_RUNNER_AND_AGGREGATION_NOT_IN_PACKET;STATE_SCHEMA_DESCRIPTOR_ONLY;POSTRUN_ARTIFACT_INVENTORY_ABSENT;STRONGER_SPLIT_NOT_RELIABLY_DERIVABLE;USER_EVALUATOR_HELPER_SOURCE_MISSING,用户 evaluator helper:check_new_email@agentdojo.default_suites.v1_1.travel.user_tasks,/Users/gss/Downloads/revised_agent_benchmark_paper_package/experiments/agentdojo_full_v1.2.2_direct/case_packets/agentdojo/v1.2.2_travel_user_task_3_injection_task_3/case_packet.md
v1.2.2:travel:user_task_3:injection_task_4,travel,user_task_3,injection_task_4,通过,通过,通过,不通过,不通过,不通过,不通过,不通过,通过,不符合设计，必须重建packet后才能draft,OFFICIAL_SOURCE_CONTENT_NOT_MATERIALIZED;NATIVE_RUNNER_AND_AGGREGATION_NOT_IN_PACKET;STATE_SCHEMA_DESCRIPTOR_ONLY;POSTRUN_ARTIFACT_INVENTORY_ABSENT;STRONGER_SPLIT_NOT_RELIABLY_DERIVABLE;USER_EVALUATOR_HELPER_SOURCE_MISSING,用户 evaluator helper:check_new_email@agentdojo.default_suites.v1_1.travel.user_tasks,/Users/gss/Downloads/revised_agent_benchmark_paper_package/experiments/agentdojo_full_v1.2.2_direct/case_packets/agentdojo/v1.2.2_travel_user_task_3_injection_task_4/case_packet.md
v1.2.2:travel:user_task_3:injection_task_5,travel,user_task_3,injection_task_5,通过,通过,通过,不通过,不通过,不通过,不通过,不通过,通过,不符合设计，必须重建packet后才能draft,OFFICIAL_SOURCE_CONTENT_NOT_MATERIALIZED;NATIVE_RUNNER_AND_AGGREGATION_NOT_IN_PACKET;STATE_SCHEMA_DESCRIPTOR_ONLY;POSTRUN_ARTIFACT_INVENTORY_ABSENT;STRONGER_SPLIT_NOT_RELIABLY_DERIVABLE;USER_EVALUATOR_HELPER_SOURCE_MISSING,用户 evaluator helper:check_new_email@agentdojo.default_suites.v1_1.travel.user_tasks,/Users/gss/Downloads/revised_agent_benchmark_paper_package/experiments/agentdojo_full_v1.2.2_direct/case_packets/agentdojo/v1.2.2_travel_user_task_3_injection_task_5/case_packet.md
v1.2.2:travel:user_task_4:injection_task_6,travel,user_task_4,injection_task_6,通过,通过,通过,不通过,不通过,不通过,不通过,不通过,通过,不符合设计，必须重建packet后才能draft,OFFICIAL_SOURCE_CONTENT_NOT_MATERIALIZED;NATIVE_RUNNER_AND_AGGREGATION_NOT_IN_PACKET;STATE_SCHEMA_DESCRIPTOR_ONLY;POSTRUN_ARTIFACT_INVENTORY_ABSENT;STRONGER_SPLIT_NOT_RELIABLY_DERIVABLE;USER_EVALUATOR_HELPER_SOURCE_MISSING,用户 evaluator helper:check_new_event@agentdojo.default_suites.v1_1.travel.user_tasks,/Users/gss/Downloads/revised_agent_benchmark_paper_package/experiments/agentdojo_full_v1.2.2_direct/case_packets/agentdojo/v1.2.2_travel_user_task_4_injection_task_6/case_packet.md
v1.2.2:travel:user_task_4:injection_task_0,travel,user_task_4,injection_task_0,通过,通过,通过,不通过,不通过,不通过,不通过,不通过,通过,不符合设计，必须重建packet后才能draft,OFFICIAL_SOURCE_CONTENT_NOT_MATERIALIZED;NATIVE_RUNNER_AND_AGGREGATION_NOT_IN_PACKET;STATE_SCHEMA_DESCRIPTOR_ONLY;POSTRUN_ARTIFACT_INVENTORY_ABSENT;STRONGER_SPLIT_NOT_RELIABLY_DERIVABLE;USER_EVALUATOR_HELPER_SOURCE_MISSING,用户 evaluator helper:check_new_event@agentdojo.default_suites.v1_1.travel.user_tasks,/Users/gss/Downloads/revised_agent_benchmark_paper_package/experiments/agentdojo_full_v1.2.2_direct/case_packets/agentdojo/v1.2.2_travel_user_task_4_injection_task_0/case_packet.md
v1.2.2:travel:user_task_4:injection_task_1,travel,user_task_4,injection_task_1,通过,通过,通过,不通过,不通过,不通过,不通过,不通过,通过,不符合设计，必须重建packet后才能draft,OFFICIAL_SOURCE_CONTENT_NOT_MATERIALIZED;NATIVE_RUNNER_AND_AGGREGATION_NOT_IN_PACKET;STATE_SCHEMA_DESCRIPTOR_ONLY;POSTRUN_ARTIFACT_INVENTORY_ABSENT;STRONGER_SPLIT_NOT_RELIABLY_DERIVABLE;USER_EVALUATOR_HELPER_SOURCE_MISSING,用户 evaluator helper:check_new_event@agentdojo.default_suites.v1_1.travel.user_tasks,/Users/gss/Downloads/revised_agent_benchmark_paper_package/experiments/agentdojo_full_v1.2.2_direct/case_packets/agentdojo/v1.2.2_travel_user_task_4_injection_task_1/case_packet.md
v1.2.2:travel:user_task_4:injection_task_2,travel,user_task_4,injection_task_2,通过,通过,通过,不通过,不通过,不通过,不通过,不通过,通过,不符合设计，必须重建packet后才能draft,OFFICIAL_SOURCE_CONTENT_NOT_MATERIALIZED;NATIVE_RUNNER_AND_AGGREGATION_NOT_IN_PACKET;STATE_SCHEMA_DESCRIPTOR_ONLY;POSTRUN_ARTIFACT_INVENTORY_ABSENT;STRONGER_SPLIT_NOT_RELIABLY_DERIVABLE;USER_EVALUATOR_HELPER_SOURCE_MISSING,用户 evaluator helper:check_new_event@agentdojo.default_suites.v1_1.travel.user_tasks,/Users/gss/Downloads/revised_agent_benchmark_paper_package/experiments/agentdojo_full_v1.2.2_direct/case_packets/agentdojo/v1.2.2_travel_user_task_4_injection_task_2/case_packet.md
v1.2.2:travel:user_task_4:injection_task_4,travel,user_task_4,injection_task_4,通过,通过,通过,不通过,不通过,不通过,不通过,不通过,通过,不符合设计，必须重建packet后才能draft,OFFICIAL_SOURCE_CONTENT_NOT_MATERIALIZED;NATIVE_RUNNER_AND_AGGREGATION_NOT_IN_PACKET;STATE_SCHEMA_DESCRIPTOR_ONLY;POSTRUN_ARTIFACT_INVENTORY_ABSENT;STRONGER_SPLIT_NOT_RELIABLY_DERIVABLE;USER_EVALUATOR_HELPER_SOURCE_MISSING,用户 evaluator helper:check_new_event@agentdojo.default_suites.v1_1.travel.user_tasks,/Users/gss/Downloads/revised_agent_benchmark_paper_package/experiments/agentdojo_full_v1.2.2_direct/case_packets/agentdojo/v1.2.2_travel_user_task_4_injection_task_4/case_packet.md
v1.2.2:travel:user_task_5:injection_task_6,travel,user_task_5,injection_task_6,通过,通过,通过,不通过,不通过,不通过,类内方法可读但全局来源仍不完整,不通过,通过,不符合设计，必须重建packet后才能draft,OFFICIAL_SOURCE_CONTENT_NOT_MATERIALIZED;NATIVE_RUNNER_AND_AGGREGATION_NOT_IN_PACKET;STATE_SCHEMA_DESCRIPTOR_ONLY;POSTRUN_ARTIFACT_INVENTORY_ABSENT;STRONGER_SPLIT_NOT_RELIABLY_DERIVABLE,,/Users/gss/Downloads/revised_agent_benchmark_paper_package/experiments/agentdojo_full_v1.2.2_direct/case_packets/agentdojo/v1.2.2_travel_user_task_5_injection_task_6/case_packet.md
v1.2.2:travel:user_task_5:injection_task_0,travel,user_task_5,injection_task_0,通过,通过,通过,不通过,不通过,不通过,类内方法可读但全局来源仍不完整,不通过,通过,不符合设计，必须重建packet后才能draft,OFFICIAL_SOURCE_CONTENT_NOT_MATERIALIZED;NATIVE_RUNNER_AND_AGGREGATION_NOT_IN_PACKET;STATE_SCHEMA_DESCRIPTOR_ONLY;POSTRUN_ARTIFACT_INVENTORY_ABSENT;STRONGER_SPLIT_NOT_RELIABLY_DERIVABLE,,/Users/gss/Downloads/revised_agent_benchmark_paper_package/experiments/agentdojo_full_v1.2.2_direct/case_packets/agentdojo/v1.2.2_travel_user_task_5_injection_task_0/case_packet.md
v1.2.2:travel:user_task_5:injection_task_1,travel,user_task_5,injection_task_1,通过,通过,通过,不通过,不通过,不通过,类内方法可读但全局来源仍不完整,不通过,通过,不符合设计，必须重建packet后才能draft,OFFICIAL_SOURCE_CONTENT_NOT_MATERIALIZED;NATIVE_RUNNER_AND_AGGREGATION_NOT_IN_PACKET;STATE_SCHEMA_DESCRIPTOR_ONLY;POSTRUN_ARTIFACT_INVENTORY_ABSENT;STRONGER_SPLIT_NOT_RELIABLY_DERIVABLE,,/Users/gss/Downloads/revised_agent_benchmark_paper_package/experiments/agentdojo_full_v1.2.2_direct/case_packets/agentdojo/v1.2.2_travel_user_task_5_injection_task_1/case_packet.md
v1.2.2:travel:user_task_5:injection_task_2,travel,user_task_5,injection_task_2,通过,通过,通过,不通过,不通过,不通过,类内方法可读但全局来源仍不完整,不通过,通过,不符合设计，必须重建packet后才能draft,OFFICIAL_SOURCE_CONTENT_NOT_MATERIALIZED;NATIVE_RUNNER_AND_AGGREGATION_NOT_IN_PACKET;STATE_SCHEMA_DESCRIPTOR_ONLY;POSTRUN_ARTIFACT_INVENTORY_ABSENT;STRONGER_SPLIT_NOT_RELIABLY_DERIVABLE,,/Users/gss/Downloads/revised_agent_benchmark_paper_package/experiments/agentdojo_full_v1.2.2_direct/case_packets/agentdojo/v1.2.2_travel_user_task_5_injection_task_2/case_packet.md
v1.2.2:travel:user_task_5:injection_task_3,travel,user_task_5,injection_task_3,通过,通过,通过,不通过,不通过,不通过,类内方法可读但全局来源仍不完整,不通过,通过,不符合设计，必须重建packet后才能draft,OFFICIAL_SOURCE_CONTENT_NOT_MATERIALIZED;NATIVE_RUNNER_AND_AGGREGATION_NOT_IN_PACKET;STATE_SCHEMA_DESCRIPTOR_ONLY;POSTRUN_ARTIFACT_INVENTORY_ABSENT;STRONGER_SPLIT_NOT_RELIABLY_DERIVABLE,,/Users/gss/Downloads/revised_agent_benchmark_paper_package/experiments/agentdojo_full_v1.2.2_direct/case_packets/agentdojo/v1.2.2_travel_user_task_5_injection_task_3/case_packet.md
v1.2.2:travel:user_task_5:injection_task_4,travel,user_task_5,injection_task_4,通过,通过,通过,不通过,不通过,不通过,类内方法可读但全局来源仍不完整,不通过,通过,不符合设计，必须重建packet后才能draft,OFFICIAL_SOURCE_CONTENT_NOT_MATERIALIZED;NATIVE_RUNNER_AND_AGGREGATION_NOT_IN_PACKET;STATE_SCHEMA_DESCRIPTOR_ONLY;POSTRUN_ARTIFACT_INVENTORY_ABSENT;STRONGER_SPLIT_NOT_RELIABLY_DERIVABLE,,/Users/gss/Downloads/revised_agent_benchmark_paper_package/experiments/agentdojo_full_v1.2.2_direct/case_packets/agentdojo/v1.2.2_travel_user_task_5_injection_task_4/case_packet.md
v1.2.2:travel:user_task_5:injection_task_5,travel,user_task_5,injection_task_5,通过,通过,通过,不通过,不通过,不通过,类内方法可读但全局来源仍不完整,不通过,通过,不符合设计，必须重建packet后才能draft,OFFICIAL_SOURCE_CONTENT_NOT_MATERIALIZED;NATIVE_RUNNER_AND_AGGREGATION_NOT_IN_PACKET;STATE_SCHEMA_DESCRIPTOR_ONLY;POSTRUN_ARTIFACT_INVENTORY_ABSENT;STRONGER_SPLIT_NOT_RELIABLY_DERIVABLE,,/Users/gss/Downloads/revised_agent_benchmark_paper_package/experiments/agentdojo_full_v1.2.2_direct/case_packets/agentdojo/v1.2.2_travel_user_task_5_injection_task_5/case_packet.md
v1.2.2:travel:user_task_6:injection_task_6,travel,user_task_6,injection_task_6,通过,通过,通过,不通过,不通过,不通过,类内方法可读但全局来源仍不完整,不通过,通过,不符合设计，必须重建packet后才能draft,OFFICIAL_SOURCE_CONTENT_NOT_MATERIALIZED;NATIVE_RUNNER_AND_AGGREGATION_NOT_IN_PACKET;STATE_SCHEMA_DESCRIPTOR_ONLY;POSTRUN_ARTIFACT_INVENTORY_ABSENT;STRONGER_SPLIT_NOT_RELIABLY_DERIVABLE,,/Users/gss/Downloads/revised_agent_benchmark_paper_package/experiments/agentdojo_full_v1.2.2_direct/case_packets/agentdojo/v1.2.2_travel_user_task_6_injection_task_6/case_packet.md
v1.2.2:travel:user_task_6:injection_task_0,travel,user_task_6,injection_task_0,通过,通过,通过,不通过,不通过,不通过,类内方法可读但全局来源仍不完整,不通过,通过,不符合设计，必须重建packet后才能draft,OFFICIAL_SOURCE_CONTENT_NOT_MATERIALIZED;NATIVE_RUNNER_AND_AGGREGATION_NOT_IN_PACKET;STATE_SCHEMA_DESCRIPTOR_ONLY;POSTRUN_ARTIFACT_INVENTORY_ABSENT;STRONGER_SPLIT_NOT_RELIABLY_DERIVABLE,,/Users/gss/Downloads/revised_agent_benchmark_paper_package/experiments/agentdojo_full_v1.2.2_direct/case_packets/agentdojo/v1.2.2_travel_user_task_6_injection_task_0/case_packet.md
v1.2.2:travel:user_task_6:injection_task_1,travel,user_task_6,injection_task_1,通过,通过,通过,不通过,不通过,不通过,类内方法可读但全局来源仍不完整,不通过,通过,不符合设计，必须重建packet后才能draft,OFFICIAL_SOURCE_CONTENT_NOT_MATERIALIZED;NATIVE_RUNNER_AND_AGGREGATION_NOT_IN_PACKET;STATE_SCHEMA_DESCRIPTOR_ONLY;POSTRUN_ARTIFACT_INVENTORY_ABSENT;STRONGER_SPLIT_NOT_RELIABLY_DERIVABLE,,/Users/gss/Downloads/revised_agent_benchmark_paper_package/experiments/agentdojo_full_v1.2.2_direct/case_packets/agentdojo/v1.2.2_travel_user_task_6_injection_task_1/case_packet.md
v1.2.2:travel:user_task_6:injection_task_2,travel,user_task_6,injection_task_2,通过,通过,通过,不通过,不通过,不通过,类内方法可读但全局来源仍不完整,不通过,通过,不符合设计，必须重建packet后才能draft,OFFICIAL_SOURCE_CONTENT_NOT_MATERIALIZED;NATIVE_RUNNER_AND_AGGREGATION_NOT_IN_PACKET;STATE_SCHEMA_DESCRIPTOR_ONLY;POSTRUN_ARTIFACT_INVENTORY_ABSENT;STRONGER_SPLIT_NOT_RELIABLY_DERIVABLE,,/Users/gss/Downloads/revised_agent_benchmark_paper_package/experiments/agentdojo_full_v1.2.2_direct/case_packets/agentdojo/v1.2.2_travel_user_task_6_injection_task_2/case_packet.md
v1.2.2:travel:user_task_6:injection_task_3,travel,user_task_6,injection_task_3,通过,通过,通过,不通过,不通过,不通过,类内方法可读但全局来源仍不完整,不通过,通过,不符合设计，必须重建packet后才能draft,OFFICIAL_SOURCE_CONTENT_NOT_MATERIALIZED;NATIVE_RUNNER_AND_AGGREGATION_NOT_IN_PACKET;STATE_SCHEMA_DESCRIPTOR_ONLY;POSTRUN_ARTIFACT_INVENTORY_ABSENT;STRONGER_SPLIT_NOT_RELIABLY_DERIVABLE,,/Users/gss/Downloads/revised_agent_benchmark_paper_package/experiments/agentdojo_full_v1.2.2_direct/case_packets/agentdojo/v1.2.2_travel_user_task_6_injection_task_3/case_packet.md
v1.2.2:travel:user_task_6:injection_task_4,travel,user_task_6,injection_task_4,通过,通过,通过,不通过,不通过,不通过,类内方法可读但全局来源仍不完整,不通过,通过,不符合设计，必须重建packet后才能draft,OFFICIAL_SOURCE_CONTENT_NOT_MATERIALIZED;NATIVE_RUNNER_AND_AGGREGATION_NOT_IN_PACKET;STATE_SCHEMA_DESCRIPTOR_ONLY;POSTRUN_ARTIFACT_INVENTORY_ABSENT;STRONGER_SPLIT_NOT_RELIABLY_DERIVABLE,,/Users/gss/Downloads/revised_agent_benchmark_paper_package/experiments/agentdojo_full_v1.2.2_direct/case_packets/agentdojo/v1.2.2_travel_user_task_6_injection_task_4/case_packet.md
v1.2.2:travel:user_task_6:injection_task_5,travel,user_task_6,injection_task_5,通过,通过,通过,不通过,不通过,不通过,类内方法可读但全局来源仍不完整,不通过,通过,不符合设计，必须重建packet后才能draft,OFFICIAL_SOURCE_CONTENT_NOT_MATERIALIZED;NATIVE_RUNNER_AND_AGGREGATION_NOT_IN_PACKET;STATE_SCHEMA_DESCRIPTOR_ONLY;POSTRUN_ARTIFACT_INVENTORY_ABSENT;STRONGER_SPLIT_NOT_RELIABLY_DERIVABLE,,/Users/gss/Downloads/revised_agent_benchmark_paper_package/experiments/agentdojo_full_v1.2.2_direct/case_packets/agentdojo/v1.2.2_travel_user_task_6_injection_task_5/case_packet.md
v1.2.2:travel:user_task_7:injection_task_6,travel,user_task_7,injection_task_6,通过,通过,通过,不通过,不通过,不通过,不通过,不通过,通过,不符合设计，必须重建packet后才能draft,OFFICIAL_SOURCE_CONTENT_NOT_MATERIALIZED;NATIVE_RUNNER_AND_AGGREGATION_NOT_IN_PACKET;STATE_SCHEMA_DESCRIPTOR_ONLY;POSTRUN_ARTIFACT_INVENTORY_ABSENT;STRONGER_SPLIT_NOT_RELIABLY_DERIVABLE;USER_EVALUATOR_HELPER_SOURCE_MISSING,用户 evaluator helper:check_new_event@agentdojo.default_suites.v1_1.travel.user_tasks,/Users/gss/Downloads/revised_agent_benchmark_paper_package/experiments/agentdojo_full_v1.2.2_direct/case_packets/agentdojo/v1.2.2_travel_user_task_7_injection_task_6/case_packet.md
v1.2.2:travel:user_task_7:injection_task_0,travel,user_task_7,injection_task_0,通过,通过,通过,不通过,不通过,不通过,不通过,不通过,通过,不符合设计，必须重建packet后才能draft,OFFICIAL_SOURCE_CONTENT_NOT_MATERIALIZED;NATIVE_RUNNER_AND_AGGREGATION_NOT_IN_PACKET;STATE_SCHEMA_DESCRIPTOR_ONLY;POSTRUN_ARTIFACT_INVENTORY_ABSENT;STRONGER_SPLIT_NOT_RELIABLY_DERIVABLE;USER_EVALUATOR_HELPER_SOURCE_MISSING,用户 evaluator helper:check_new_event@agentdojo.default_suites.v1_1.travel.user_tasks,/Users/gss/Downloads/revised_agent_benchmark_paper_package/experiments/agentdojo_full_v1.2.2_direct/case_packets/agentdojo/v1.2.2_travel_user_task_7_injection_task_0/case_packet.md
v1.2.2:travel:user_task_7:injection_task_1,travel,user_task_7,injection_task_1,通过,通过,通过,不通过,不通过,不通过,不通过,不通过,通过,不符合设计，必须重建packet后才能draft,OFFICIAL_SOURCE_CONTENT_NOT_MATERIALIZED;NATIVE_RUNNER_AND_AGGREGATION_NOT_IN_PACKET;STATE_SCHEMA_DESCRIPTOR_ONLY;POSTRUN_ARTIFACT_INVENTORY_ABSENT;STRONGER_SPLIT_NOT_RELIABLY_DERIVABLE;USER_EVALUATOR_HELPER_SOURCE_MISSING,用户 evaluator helper:check_new_event@agentdojo.default_suites.v1_1.travel.user_tasks,/Users/gss/Downloads/revised_agent_benchmark_paper_package/experiments/agentdojo_full_v1.2.2_direct/case_packets/agentdojo/v1.2.2_travel_user_task_7_injection_task_1/case_packet.md
v1.2.2:travel:user_task_7:injection_task_2,travel,user_task_7,injection_task_2,通过,通过,通过,不通过,不通过,不通过,不通过,不通过,通过,不符合设计，必须重建packet后才能draft,OFFICIAL_SOURCE_CONTENT_NOT_MATERIALIZED;NATIVE_RUNNER_AND_AGGREGATION_NOT_IN_PACKET;STATE_SCHEMA_DESCRIPTOR_ONLY;POSTRUN_ARTIFACT_INVENTORY_ABSENT;STRONGER_SPLIT_NOT_RELIABLY_DERIVABLE;USER_EVALUATOR_HELPER_SOURCE_MISSING,用户 evaluator helper:check_new_event@agentdojo.default_suites.v1_1.travel.user_tasks,/Users/gss/Downloads/revised_agent_benchmark_paper_package/experiments/agentdojo_full_v1.2.2_direct/case_packets/agentdojo/v1.2.2_travel_user_task_7_injection_task_2/case_packet.md
v1.2.2:travel:user_task_7:injection_task_4,travel,user_task_7,injection_task_4,通过,通过,通过,不通过,不通过,不通过,不通过,不通过,通过,不符合设计，必须重建packet后才能draft,OFFICIAL_SOURCE_CONTENT_NOT_MATERIALIZED;NATIVE_RUNNER_AND_AGGREGATION_NOT_IN_PACKET;STATE_SCHEMA_DESCRIPTOR_ONLY;POSTRUN_ARTIFACT_INVENTORY_ABSENT;STRONGER_SPLIT_NOT_RELIABLY_DERIVABLE;USER_EVALUATOR_HELPER_SOURCE_MISSING,用户 evaluator helper:check_new_event@agentdojo.default_suites.v1_1.travel.user_tasks,/Users/gss/Downloads/revised_agent_benchmark_paper_package/experiments/agentdojo_full_v1.2.2_direct/case_packets/agentdojo/v1.2.2_travel_user_task_7_injection_task_4/case_packet.md
v1.2.2:travel:user_task_7:injection_task_5,travel,user_task_7,injection_task_5,通过,通过,通过,不通过,不通过,不通过,不通过,不通过,通过,不符合设计，必须重建packet后才能draft,OFFICIAL_SOURCE_CONTENT_NOT_MATERIALIZED;NATIVE_RUNNER_AND_AGGREGATION_NOT_IN_PACKET;STATE_SCHEMA_DESCRIPTOR_ONLY;POSTRUN_ARTIFACT_INVENTORY_ABSENT;STRONGER_SPLIT_NOT_RELIABLY_DERIVABLE;USER_EVALUATOR_HELPER_SOURCE_MISSING,用户 evaluator helper:check_new_event@agentdojo.default_suites.v1_1.travel.user_tasks,/Users/gss/Downloads/revised_agent_benchmark_paper_package/experiments/agentdojo_full_v1.2.2_direct/case_packets/agentdojo/v1.2.2_travel_user_task_7_injection_task_5/case_packet.md
v1.2.2:travel:user_task_8:injection_task_6,travel,user_task_8,injection_task_6,通过,通过,通过,不通过,不通过,不通过,不通过,不通过,通过,不符合设计，必须重建packet后才能draft,OFFICIAL_SOURCE_CONTENT_NOT_MATERIALIZED;NATIVE_RUNNER_AND_AGGREGATION_NOT_IN_PACKET;STATE_SCHEMA_DESCRIPTOR_ONLY;POSTRUN_ARTIFACT_INVENTORY_ABSENT;STRONGER_SPLIT_NOT_RELIABLY_DERIVABLE;USER_EVALUATOR_HELPER_SOURCE_MISSING,用户 evaluator helper:check_new_event@agentdojo.default_suites.v1_1.travel.user_tasks,/Users/gss/Downloads/revised_agent_benchmark_paper_package/experiments/agentdojo_full_v1.2.2_direct/case_packets/agentdojo/v1.2.2_travel_user_task_8_injection_task_6/case_packet.md
v1.2.2:travel:user_task_8:injection_task_0,travel,user_task_8,injection_task_0,通过,通过,通过,不通过,不通过,不通过,不通过,不通过,通过,不符合设计，必须重建packet后才能draft,OFFICIAL_SOURCE_CONTENT_NOT_MATERIALIZED;NATIVE_RUNNER_AND_AGGREGATION_NOT_IN_PACKET;STATE_SCHEMA_DESCRIPTOR_ONLY;POSTRUN_ARTIFACT_INVENTORY_ABSENT;STRONGER_SPLIT_NOT_RELIABLY_DERIVABLE;USER_EVALUATOR_HELPER_SOURCE_MISSING,用户 evaluator helper:check_new_event@agentdojo.default_suites.v1_1.travel.user_tasks,/Users/gss/Downloads/revised_agent_benchmark_paper_package/experiments/agentdojo_full_v1.2.2_direct/case_packets/agentdojo/v1.2.2_travel_user_task_8_injection_task_0/case_packet.md
v1.2.2:travel:user_task_8:injection_task_1,travel,user_task_8,injection_task_1,通过,通过,通过,不通过,不通过,不通过,不通过,不通过,通过,不符合设计，必须重建packet后才能draft,OFFICIAL_SOURCE_CONTENT_NOT_MATERIALIZED;NATIVE_RUNNER_AND_AGGREGATION_NOT_IN_PACKET;STATE_SCHEMA_DESCRIPTOR_ONLY;POSTRUN_ARTIFACT_INVENTORY_ABSENT;STRONGER_SPLIT_NOT_RELIABLY_DERIVABLE;USER_EVALUATOR_HELPER_SOURCE_MISSING,用户 evaluator helper:check_new_event@agentdojo.default_suites.v1_1.travel.user_tasks,/Users/gss/Downloads/revised_agent_benchmark_paper_package/experiments/agentdojo_full_v1.2.2_direct/case_packets/agentdojo/v1.2.2_travel_user_task_8_injection_task_1/case_packet.md
v1.2.2:travel:user_task_8:injection_task_2,travel,user_task_8,injection_task_2,通过,通过,通过,不通过,不通过,不通过,不通过,不通过,通过,不符合设计，必须重建packet后才能draft,OFFICIAL_SOURCE_CONTENT_NOT_MATERIALIZED;NATIVE_RUNNER_AND_AGGREGATION_NOT_IN_PACKET;STATE_SCHEMA_DESCRIPTOR_ONLY;POSTRUN_ARTIFACT_INVENTORY_ABSENT;STRONGER_SPLIT_NOT_RELIABLY_DERIVABLE;USER_EVALUATOR_HELPER_SOURCE_MISSING,用户 evaluator helper:check_new_event@agentdojo.default_suites.v1_1.travel.user_tasks,/Users/gss/Downloads/revised_agent_benchmark_paper_package/experiments/agentdojo_full_v1.2.2_direct/case_packets/agentdojo/v1.2.2_travel_user_task_8_injection_task_2/case_packet.md
v1.2.2:travel:user_task_8:injection_task_3,travel,user_task_8,injection_task_3,通过,通过,通过,不通过,不通过,不通过,不通过,不通过,通过,不符合设计，必须重建packet后才能draft,OFFICIAL_SOURCE_CONTENT_NOT_MATERIALIZED;NATIVE_RUNNER_AND_AGGREGATION_NOT_IN_PACKET;STATE_SCHEMA_DESCRIPTOR_ONLY;POSTRUN_ARTIFACT_INVENTORY_ABSENT;STRONGER_SPLIT_NOT_RELIABLY_DERIVABLE;USER_EVALUATOR_HELPER_SOURCE_MISSING,用户 evaluator helper:check_new_event@agentdojo.default_suites.v1_1.travel.user_tasks,/Users/gss/Downloads/revised_agent_benchmark_paper_package/experiments/agentdojo_full_v1.2.2_direct/case_packets/agentdojo/v1.2.2_travel_user_task_8_injection_task_3/case_packet.md
v1.2.2:travel:user_task_8:injection_task_4,travel,user_task_8,injection_task_4,通过,通过,通过,不通过,不通过,不通过,不通过,不通过,通过,不符合设计，必须重建packet后才能draft,OFFICIAL_SOURCE_CONTENT_NOT_MATERIALIZED;NATIVE_RUNNER_AND_AGGREGATION_NOT_IN_PACKET;STATE_SCHEMA_DESCRIPTOR_ONLY;POSTRUN_ARTIFACT_INVENTORY_ABSENT;STRONGER_SPLIT_NOT_RELIABLY_DERIVABLE;USER_EVALUATOR_HELPER_SOURCE_MISSING,用户 evaluator helper:check_new_event@agentdojo.default_suites.v1_1.travel.user_tasks,/Users/gss/Downloads/revised_agent_benchmark_paper_package/experiments/agentdojo_full_v1.2.2_direct/case_packets/agentdojo/v1.2.2_travel_user_task_8_injection_task_4/case_packet.md
v1.2.2:travel:user_task_8:injection_task_5,travel,user_task_8,injection_task_5,通过,通过,通过,不通过,不通过,不通过,不通过,不通过,通过,不符合设计，必须重建packet后才能draft,OFFICIAL_SOURCE_CONTENT_NOT_MATERIALIZED;NATIVE_RUNNER_AND_AGGREGATION_NOT_IN_PACKET;STATE_SCHEMA_DESCRIPTOR_ONLY;POSTRUN_ARTIFACT_INVENTORY_ABSENT;STRONGER_SPLIT_NOT_RELIABLY_DERIVABLE;USER_EVALUATOR_HELPER_SOURCE_MISSING,用户 evaluator helper:check_new_event@agentdojo.default_suites.v1_1.travel.user_tasks,/Users/gss/Downloads/revised_agent_benchmark_paper_package/experiments/agentdojo_full_v1.2.2_direct/case_packets/agentdojo/v1.2.2_travel_user_task_8_injection_task_5/case_packet.md
v1.2.2:travel:user_task_9:injection_task_6,travel,user_task_9,injection_task_6,通过,通过,通过,不通过,不通过,不通过,类内方法可读但全局来源仍不完整,不通过,通过,不符合设计，必须重建packet后才能draft,OFFICIAL_SOURCE_CONTENT_NOT_MATERIALIZED;NATIVE_RUNNER_AND_AGGREGATION_NOT_IN_PACKET;STATE_SCHEMA_DESCRIPTOR_ONLY;POSTRUN_ARTIFACT_INVENTORY_ABSENT;STRONGER_SPLIT_NOT_RELIABLY_DERIVABLE,,/Users/gss/Downloads/revised_agent_benchmark_paper_package/experiments/agentdojo_full_v1.2.2_direct/case_packets/agentdojo/v1.2.2_travel_user_task_9_injection_task_6/case_packet.md
v1.2.2:travel:user_task_9:injection_task_0,travel,user_task_9,injection_task_0,通过,通过,通过,不通过,不通过,不通过,类内方法可读但全局来源仍不完整,不通过,通过,不符合设计，必须重建packet后才能draft,OFFICIAL_SOURCE_CONTENT_NOT_MATERIALIZED;NATIVE_RUNNER_AND_AGGREGATION_NOT_IN_PACKET;STATE_SCHEMA_DESCRIPTOR_ONLY;POSTRUN_ARTIFACT_INVENTORY_ABSENT;STRONGER_SPLIT_NOT_RELIABLY_DERIVABLE,,/Users/gss/Downloads/revised_agent_benchmark_paper_package/experiments/agentdojo_full_v1.2.2_direct/case_packets/agentdojo/v1.2.2_travel_user_task_9_injection_task_0/case_packet.md
v1.2.2:travel:user_task_9:injection_task_1,travel,user_task_9,injection_task_1,通过,通过,通过,不通过,不通过,不通过,类内方法可读但全局来源仍不完整,不通过,通过,不符合设计，必须重建packet后才能draft,OFFICIAL_SOURCE_CONTENT_NOT_MATERIALIZED;NATIVE_RUNNER_AND_AGGREGATION_NOT_IN_PACKET;STATE_SCHEMA_DESCRIPTOR_ONLY;POSTRUN_ARTIFACT_INVENTORY_ABSENT;STRONGER_SPLIT_NOT_RELIABLY_DERIVABLE,,/Users/gss/Downloads/revised_agent_benchmark_paper_package/experiments/agentdojo_full_v1.2.2_direct/case_packets/agentdojo/v1.2.2_travel_user_task_9_injection_task_1/case_packet.md
v1.2.2:travel:user_task_9:injection_task_2,travel,user_task_9,injection_task_2,通过,通过,通过,不通过,不通过,不通过,类内方法可读但全局来源仍不完整,不通过,通过,不符合设计，必须重建packet后才能draft,OFFICIAL_SOURCE_CONTENT_NOT_MATERIALIZED;NATIVE_RUNNER_AND_AGGREGATION_NOT_IN_PACKET;STATE_SCHEMA_DESCRIPTOR_ONLY;POSTRUN_ARTIFACT_INVENTORY_ABSENT;STRONGER_SPLIT_NOT_RELIABLY_DERIVABLE,,/Users/gss/Downloads/revised_agent_benchmark_paper_package/experiments/agentdojo_full_v1.2.2_direct/case_packets/agentdojo/v1.2.2_travel_user_task_9_injection_task_2/case_packet.md
v1.2.2:travel:user_task_9:injection_task_3,travel,user_task_9,injection_task_3,通过,通过,通过,不通过,不通过,不通过,类内方法可读但全局来源仍不完整,不通过,通过,不符合设计，必须重建packet后才能draft,OFFICIAL_SOURCE_CONTENT_NOT_MATERIALIZED;NATIVE_RUNNER_AND_AGGREGATION_NOT_IN_PACKET;STATE_SCHEMA_DESCRIPTOR_ONLY;POSTRUN_ARTIFACT_INVENTORY_ABSENT;STRONGER_SPLIT_NOT_RELIABLY_DERIVABLE,,/Users/gss/Downloads/revised_agent_benchmark_paper_package/experiments/agentdojo_full_v1.2.2_direct/case_packets/agentdojo/v1.2.2_travel_user_task_9_injection_task_3/case_packet.md
v1.2.2:travel:user_task_9:injection_task_5,travel,user_task_9,injection_task_5,通过,通过,通过,不通过,不通过,不通过,类内方法可读但全局来源仍不完整,不通过,通过,不符合设计，必须重建packet后才能draft,OFFICIAL_SOURCE_CONTENT_NOT_MATERIALIZED;NATIVE_RUNNER_AND_AGGREGATION_NOT_IN_PACKET;STATE_SCHEMA_DESCRIPTOR_ONLY;POSTRUN_ARTIFACT_INVENTORY_ABSENT;STRONGER_SPLIT_NOT_RELIABLY_DERIVABLE,,/Users/gss/Downloads/revised_agent_benchmark_paper_package/experiments/agentdojo_full_v1.2.2_direct/case_packets/agentdojo/v1.2.2_travel_user_task_9_injection_task_5/case_packet.md
v1.2.2:travel:user_task_10:injection_task_6,travel,user_task_10,injection_task_6,通过,通过,通过,不通过,不通过,不通过,类内方法可读但全局来源仍不完整,不通过,通过,不符合设计，必须重建packet后才能draft,OFFICIAL_SOURCE_CONTENT_NOT_MATERIALIZED;NATIVE_RUNNER_AND_AGGREGATION_NOT_IN_PACKET;STATE_SCHEMA_DESCRIPTOR_ONLY;POSTRUN_ARTIFACT_INVENTORY_ABSENT;STRONGER_SPLIT_NOT_RELIABLY_DERIVABLE,,/Users/gss/Downloads/revised_agent_benchmark_paper_package/experiments/agentdojo_full_v1.2.2_direct/case_packets/agentdojo/v1.2.2_travel_user_task_10_injection_task_6/case_packet.md
v1.2.2:travel:user_task_10:injection_task_0,travel,user_task_10,injection_task_0,通过,通过,通过,不通过,不通过,不通过,类内方法可读但全局来源仍不完整,不通过,通过,不符合设计，必须重建packet后才能draft,OFFICIAL_SOURCE_CONTENT_NOT_MATERIALIZED;NATIVE_RUNNER_AND_AGGREGATION_NOT_IN_PACKET;STATE_SCHEMA_DESCRIPTOR_ONLY;POSTRUN_ARTIFACT_INVENTORY_ABSENT;STRONGER_SPLIT_NOT_RELIABLY_DERIVABLE,,/Users/gss/Downloads/revised_agent_benchmark_paper_package/experiments/agentdojo_full_v1.2.2_direct/case_packets/agentdojo/v1.2.2_travel_user_task_10_injection_task_0/case_packet.md
v1.2.2:travel:user_task_10:injection_task_1,travel,user_task_10,injection_task_1,通过,通过,通过,不通过,不通过,不通过,类内方法可读但全局来源仍不完整,不通过,通过,不符合设计，必须重建packet后才能draft,OFFICIAL_SOURCE_CONTENT_NOT_MATERIALIZED;NATIVE_RUNNER_AND_AGGREGATION_NOT_IN_PACKET;STATE_SCHEMA_DESCRIPTOR_ONLY;POSTRUN_ARTIFACT_INVENTORY_ABSENT;STRONGER_SPLIT_NOT_RELIABLY_DERIVABLE,,/Users/gss/Downloads/revised_agent_benchmark_paper_package/experiments/agentdojo_full_v1.2.2_direct/case_packets/agentdojo/v1.2.2_travel_user_task_10_injection_task_1/case_packet.md
v1.2.2:travel:user_task_10:injection_task_3,travel,user_task_10,injection_task_3,通过,通过,通过,不通过,不通过,不通过,类内方法可读但全局来源仍不完整,不通过,通过,不符合设计，必须重建packet后才能draft,OFFICIAL_SOURCE_CONTENT_NOT_MATERIALIZED;NATIVE_RUNNER_AND_AGGREGATION_NOT_IN_PACKET;STATE_SCHEMA_DESCRIPTOR_ONLY;POSTRUN_ARTIFACT_INVENTORY_ABSENT;STRONGER_SPLIT_NOT_RELIABLY_DERIVABLE,,/Users/gss/Downloads/revised_agent_benchmark_paper_package/experiments/agentdojo_full_v1.2.2_direct/case_packets/agentdojo/v1.2.2_travel_user_task_10_injection_task_3/case_packet.md
v1.2.2:travel:user_task_10:injection_task_4,travel,user_task_10,injection_task_4,通过,通过,通过,不通过,不通过,不通过,类内方法可读但全局来源仍不完整,不通过,通过,不符合设计，必须重建packet后才能draft,OFFICIAL_SOURCE_CONTENT_NOT_MATERIALIZED;NATIVE_RUNNER_AND_AGGREGATION_NOT_IN_PACKET;STATE_SCHEMA_DESCRIPTOR_ONLY;POSTRUN_ARTIFACT_INVENTORY_ABSENT;STRONGER_SPLIT_NOT_RELIABLY_DERIVABLE,,/Users/gss/Downloads/revised_agent_benchmark_paper_package/experiments/agentdojo_full_v1.2.2_direct/case_packets/agentdojo/v1.2.2_travel_user_task_10_injection_task_4/case_packet.md
v1.2.2:travel:user_task_11:injection_task_6,travel,user_task_11,injection_task_6,通过,通过,通过,不通过,不通过,不通过,类内方法可读但全局来源仍不完整,不通过,通过,不符合设计，必须重建packet后才能draft,OFFICIAL_SOURCE_CONTENT_NOT_MATERIALIZED;NATIVE_RUNNER_AND_AGGREGATION_NOT_IN_PACKET;STATE_SCHEMA_DESCRIPTOR_ONLY;POSTRUN_ARTIFACT_INVENTORY_ABSENT;STRONGER_SPLIT_NOT_RELIABLY_DERIVABLE,,/Users/gss/Downloads/revised_agent_benchmark_paper_package/experiments/agentdojo_full_v1.2.2_direct/case_packets/agentdojo/v1.2.2_travel_user_task_11_injection_task_6/case_packet.md
v1.2.2:travel:user_task_11:injection_task_1,travel,user_task_11,injection_task_1,通过,通过,通过,不通过,不通过,不通过,类内方法可读但全局来源仍不完整,不通过,通过,不符合设计，必须重建packet后才能draft,OFFICIAL_SOURCE_CONTENT_NOT_MATERIALIZED;NATIVE_RUNNER_AND_AGGREGATION_NOT_IN_PACKET;STATE_SCHEMA_DESCRIPTOR_ONLY;POSTRUN_ARTIFACT_INVENTORY_ABSENT;STRONGER_SPLIT_NOT_RELIABLY_DERIVABLE,,/Users/gss/Downloads/revised_agent_benchmark_paper_package/experiments/agentdojo_full_v1.2.2_direct/case_packets/agentdojo/v1.2.2_travel_user_task_11_injection_task_1/case_packet.md
v1.2.2:travel:user_task_11:injection_task_2,travel,user_task_11,injection_task_2,通过,通过,通过,不通过,不通过,不通过,类内方法可读但全局来源仍不完整,不通过,通过,不符合设计，必须重建packet后才能draft,OFFICIAL_SOURCE_CONTENT_NOT_MATERIALIZED;NATIVE_RUNNER_AND_AGGREGATION_NOT_IN_PACKET;STATE_SCHEMA_DESCRIPTOR_ONLY;POSTRUN_ARTIFACT_INVENTORY_ABSENT;STRONGER_SPLIT_NOT_RELIABLY_DERIVABLE,,/Users/gss/Downloads/revised_agent_benchmark_paper_package/experiments/agentdojo_full_v1.2.2_direct/case_packets/agentdojo/v1.2.2_travel_user_task_11_injection_task_2/case_packet.md
v1.2.2:travel:user_task_11:injection_task_3,travel,user_task_11,injection_task_3,通过,通过,通过,不通过,不通过,不通过,类内方法可读但全局来源仍不完整,不通过,通过,不符合设计，必须重建packet后才能draft,OFFICIAL_SOURCE_CONTENT_NOT_MATERIALIZED;NATIVE_RUNNER_AND_AGGREGATION_NOT_IN_PACKET;STATE_SCHEMA_DESCRIPTOR_ONLY;POSTRUN_ARTIFACT_INVENTORY_ABSENT;STRONGER_SPLIT_NOT_RELIABLY_DERIVABLE,,/Users/gss/Downloads/revised_agent_benchmark_paper_package/experiments/agentdojo_full_v1.2.2_direct/case_packets/agentdojo/v1.2.2_travel_user_task_11_injection_task_3/case_packet.md
v1.2.2:travel:user_task_11:injection_task_4,travel,user_task_11,injection_task_4,通过,通过,通过,不通过,不通过,不通过,类内方法可读但全局来源仍不完整,不通过,通过,不符合设计，必须重建packet后才能draft,OFFICIAL_SOURCE_CONTENT_NOT_MATERIALIZED;NATIVE_RUNNER_AND_AGGREGATION_NOT_IN_PACKET;STATE_SCHEMA_DESCRIPTOR_ONLY;POSTRUN_ARTIFACT_INVENTORY_ABSENT;STRONGER_SPLIT_NOT_RELIABLY_DERIVABLE,,/Users/gss/Downloads/revised_agent_benchmark_paper_package/experiments/agentdojo_full_v1.2.2_direct/case_packets/agentdojo/v1.2.2_travel_user_task_11_injection_task_4/case_packet.md
v1.2.2:travel:user_task_11:injection_task_5,travel,user_task_11,injection_task_5,通过,通过,通过,不通过,不通过,不通过,类内方法可读但全局来源仍不完整,不通过,通过,不符合设计，必须重建packet后才能draft,OFFICIAL_SOURCE_CONTENT_NOT_MATERIALIZED;NATIVE_RUNNER_AND_AGGREGATION_NOT_IN_PACKET;STATE_SCHEMA_DESCRIPTOR_ONLY;POSTRUN_ARTIFACT_INVENTORY_ABSENT;STRONGER_SPLIT_NOT_RELIABLY_DERIVABLE,,/Users/gss/Downloads/revised_agent_benchmark_paper_package/experiments/agentdojo_full_v1.2.2_direct/case_packets/agentdojo/v1.2.2_travel_user_task_11_injection_task_5/case_packet.md
v1.2.2:travel:user_task_12:injection_task_6,travel,user_task_12,injection_task_6,通过,通过,通过,不通过,不通过,不通过,类内方法可读但全局来源仍不完整,不通过,通过,不符合设计，必须重建packet后才能draft,OFFICIAL_SOURCE_CONTENT_NOT_MATERIALIZED;NATIVE_RUNNER_AND_AGGREGATION_NOT_IN_PACKET;STATE_SCHEMA_DESCRIPTOR_ONLY;POSTRUN_ARTIFACT_INVENTORY_ABSENT;STRONGER_SPLIT_NOT_RELIABLY_DERIVABLE,,/Users/gss/Downloads/revised_agent_benchmark_paper_package/experiments/agentdojo_full_v1.2.2_direct/case_packets/agentdojo/v1.2.2_travel_user_task_12_injection_task_6/case_packet.md
v1.2.2:travel:user_task_12:injection_task_0,travel,user_task_12,injection_task_0,通过,通过,通过,不通过,不通过,不通过,类内方法可读但全局来源仍不完整,不通过,通过,不符合设计，必须重建packet后才能draft,OFFICIAL_SOURCE_CONTENT_NOT_MATERIALIZED;NATIVE_RUNNER_AND_AGGREGATION_NOT_IN_PACKET;STATE_SCHEMA_DESCRIPTOR_ONLY;POSTRUN_ARTIFACT_INVENTORY_ABSENT;STRONGER_SPLIT_NOT_RELIABLY_DERIVABLE,,/Users/gss/Downloads/revised_agent_benchmark_paper_package/experiments/agentdojo_full_v1.2.2_direct/case_packets/agentdojo/v1.2.2_travel_user_task_12_injection_task_0/case_packet.md
v1.2.2:travel:user_task_12:injection_task_2,travel,user_task_12,injection_task_2,通过,通过,通过,不通过,不通过,不通过,类内方法可读但全局来源仍不完整,不通过,通过,不符合设计，必须重建packet后才能draft,OFFICIAL_SOURCE_CONTENT_NOT_MATERIALIZED;NATIVE_RUNNER_AND_AGGREGATION_NOT_IN_PACKET;STATE_SCHEMA_DESCRIPTOR_ONLY;POSTRUN_ARTIFACT_INVENTORY_ABSENT;STRONGER_SPLIT_NOT_RELIABLY_DERIVABLE,,/Users/gss/Downloads/revised_agent_benchmark_paper_package/experiments/agentdojo_full_v1.2.2_direct/case_packets/agentdojo/v1.2.2_travel_user_task_12_injection_task_2/case_packet.md
v1.2.2:travel:user_task_12:injection_task_3,travel,user_task_12,injection_task_3,通过,通过,通过,不通过,不通过,不通过,类内方法可读但全局来源仍不完整,不通过,通过,不符合设计，必须重建packet后才能draft,OFFICIAL_SOURCE_CONTENT_NOT_MATERIALIZED;NATIVE_RUNNER_AND_AGGREGATION_NOT_IN_PACKET;STATE_SCHEMA_DESCRIPTOR_ONLY;POSTRUN_ARTIFACT_INVENTORY_ABSENT;STRONGER_SPLIT_NOT_RELIABLY_DERIVABLE,,/Users/gss/Downloads/revised_agent_benchmark_paper_package/experiments/agentdojo_full_v1.2.2_direct/case_packets/agentdojo/v1.2.2_travel_user_task_12_injection_task_3/case_packet.md
v1.2.2:travel:user_task_12:injection_task_4,travel,user_task_12,injection_task_4,通过,通过,通过,不通过,不通过,不通过,类内方法可读但全局来源仍不完整,不通过,通过,不符合设计，必须重建packet后才能draft,OFFICIAL_SOURCE_CONTENT_NOT_MATERIALIZED;NATIVE_RUNNER_AND_AGGREGATION_NOT_IN_PACKET;STATE_SCHEMA_DESCRIPTOR_ONLY;POSTRUN_ARTIFACT_INVENTORY_ABSENT;STRONGER_SPLIT_NOT_RELIABLY_DERIVABLE,,/Users/gss/Downloads/revised_agent_benchmark_paper_package/experiments/agentdojo_full_v1.2.2_direct/case_packets/agentdojo/v1.2.2_travel_user_task_12_injection_task_4/case_packet.md
v1.2.2:travel:user_task_12:injection_task_5,travel,user_task_12,injection_task_5,通过,通过,通过,不通过,不通过,不通过,类内方法可读但全局来源仍不完整,不通过,通过,不符合设计，必须重建packet后才能draft,OFFICIAL_SOURCE_CONTENT_NOT_MATERIALIZED;NATIVE_RUNNER_AND_AGGREGATION_NOT_IN_PACKET;STATE_SCHEMA_DESCRIPTOR_ONLY;POSTRUN_ARTIFACT_INVENTORY_ABSENT;STRONGER_SPLIT_NOT_RELIABLY_DERIVABLE,,/Users/gss/Downloads/revised_agent_benchmark_paper_package/experiments/agentdojo_full_v1.2.2_direct/case_packets/agentdojo/v1.2.2_travel_user_task_12_injection_task_5/case_packet.md
v1.2.2:travel:user_task_13:injection_task_6,travel,user_task_13,injection_task_6,通过,通过,通过,不通过,不通过,不通过,类内方法可读但全局来源仍不完整,不通过,通过,不符合设计，必须重建packet后才能draft,OFFICIAL_SOURCE_CONTENT_NOT_MATERIALIZED;NATIVE_RUNNER_AND_AGGREGATION_NOT_IN_PACKET;STATE_SCHEMA_DESCRIPTOR_ONLY;POSTRUN_ARTIFACT_INVENTORY_ABSENT;STRONGER_SPLIT_NOT_RELIABLY_DERIVABLE,,/Users/gss/Downloads/revised_agent_benchmark_paper_package/experiments/agentdojo_full_v1.2.2_direct/case_packets/agentdojo/v1.2.2_travel_user_task_13_injection_task_6/case_packet.md
v1.2.2:travel:user_task_13:injection_task_0,travel,user_task_13,injection_task_0,通过,通过,通过,不通过,不通过,不通过,类内方法可读但全局来源仍不完整,不通过,通过,不符合设计，必须重建packet后才能draft,OFFICIAL_SOURCE_CONTENT_NOT_MATERIALIZED;NATIVE_RUNNER_AND_AGGREGATION_NOT_IN_PACKET;STATE_SCHEMA_DESCRIPTOR_ONLY;POSTRUN_ARTIFACT_INVENTORY_ABSENT;STRONGER_SPLIT_NOT_RELIABLY_DERIVABLE,,/Users/gss/Downloads/revised_agent_benchmark_paper_package/experiments/agentdojo_full_v1.2.2_direct/case_packets/agentdojo/v1.2.2_travel_user_task_13_injection_task_0/case_packet.md
v1.2.2:travel:user_task_13:injection_task_2,travel,user_task_13,injection_task_2,通过,通过,通过,不通过,不通过,不通过,类内方法可读但全局来源仍不完整,不通过,通过,不符合设计，必须重建packet后才能draft,OFFICIAL_SOURCE_CONTENT_NOT_MATERIALIZED;NATIVE_RUNNER_AND_AGGREGATION_NOT_IN_PACKET;STATE_SCHEMA_DESCRIPTOR_ONLY;POSTRUN_ARTIFACT_INVENTORY_ABSENT;STRONGER_SPLIT_NOT_RELIABLY_DERIVABLE,,/Users/gss/Downloads/revised_agent_benchmark_paper_package/experiments/agentdojo_full_v1.2.2_direct/case_packets/agentdojo/v1.2.2_travel_user_task_13_injection_task_2/case_packet.md
v1.2.2:travel:user_task_13:injection_task_3,travel,user_task_13,injection_task_3,通过,通过,通过,不通过,不通过,不通过,类内方法可读但全局来源仍不完整,不通过,通过,不符合设计，必须重建packet后才能draft,OFFICIAL_SOURCE_CONTENT_NOT_MATERIALIZED;NATIVE_RUNNER_AND_AGGREGATION_NOT_IN_PACKET;STATE_SCHEMA_DESCRIPTOR_ONLY;POSTRUN_ARTIFACT_INVENTORY_ABSENT;STRONGER_SPLIT_NOT_RELIABLY_DERIVABLE,,/Users/gss/Downloads/revised_agent_benchmark_paper_package/experiments/agentdojo_full_v1.2.2_direct/case_packets/agentdojo/v1.2.2_travel_user_task_13_injection_task_3/case_packet.md
v1.2.2:travel:user_task_13:injection_task_4,travel,user_task_13,injection_task_4,通过,通过,通过,不通过,不通过,不通过,类内方法可读但全局来源仍不完整,不通过,通过,不符合设计，必须重建packet后才能draft,OFFICIAL_SOURCE_CONTENT_NOT_MATERIALIZED;NATIVE_RUNNER_AND_AGGREGATION_NOT_IN_PACKET;STATE_SCHEMA_DESCRIPTOR_ONLY;POSTRUN_ARTIFACT_INVENTORY_ABSENT;STRONGER_SPLIT_NOT_RELIABLY_DERIVABLE,,/Users/gss/Downloads/revised_agent_benchmark_paper_package/experiments/agentdojo_full_v1.2.2_direct/case_packets/agentdojo/v1.2.2_travel_user_task_13_injection_task_4/case_packet.md
v1.2.2:travel:user_task_13:injection_task_5,travel,user_task_13,injection_task_5,通过,通过,通过,不通过,不通过,不通过,类内方法可读但全局来源仍不完整,不通过,通过,不符合设计，必须重建packet后才能draft,OFFICIAL_SOURCE_CONTENT_NOT_MATERIALIZED;NATIVE_RUNNER_AND_AGGREGATION_NOT_IN_PACKET;STATE_SCHEMA_DESCRIPTOR_ONLY;POSTRUN_ARTIFACT_INVENTORY_ABSENT;STRONGER_SPLIT_NOT_RELIABLY_DERIVABLE,,/Users/gss/Downloads/revised_agent_benchmark_paper_package/experiments/agentdojo_full_v1.2.2_direct/case_packets/agentdojo/v1.2.2_travel_user_task_13_injection_task_5/case_packet.md
v1.2.2:travel:user_task_14:injection_task_6,travel,user_task_14,injection_task_6,通过,通过,通过,不通过,不通过,不通过,类内方法可读但全局来源仍不完整,不通过,通过,不符合设计，必须重建packet后才能draft,OFFICIAL_SOURCE_CONTENT_NOT_MATERIALIZED;NATIVE_RUNNER_AND_AGGREGATION_NOT_IN_PACKET;STATE_SCHEMA_DESCRIPTOR_ONLY;POSTRUN_ARTIFACT_INVENTORY_ABSENT;STRONGER_SPLIT_NOT_RELIABLY_DERIVABLE,,/Users/gss/Downloads/revised_agent_benchmark_paper_package/experiments/agentdojo_full_v1.2.2_direct/case_packets/agentdojo/v1.2.2_travel_user_task_14_injection_task_6/case_packet.md
v1.2.2:travel:user_task_14:injection_task_0,travel,user_task_14,injection_task_0,通过,通过,通过,不通过,不通过,不通过,类内方法可读但全局来源仍不完整,不通过,通过,不符合设计，必须重建packet后才能draft,OFFICIAL_SOURCE_CONTENT_NOT_MATERIALIZED;NATIVE_RUNNER_AND_AGGREGATION_NOT_IN_PACKET;STATE_SCHEMA_DESCRIPTOR_ONLY;POSTRUN_ARTIFACT_INVENTORY_ABSENT;STRONGER_SPLIT_NOT_RELIABLY_DERIVABLE,,/Users/gss/Downloads/revised_agent_benchmark_paper_package/experiments/agentdojo_full_v1.2.2_direct/case_packets/agentdojo/v1.2.2_travel_user_task_14_injection_task_0/case_packet.md
v1.2.2:travel:user_task_14:injection_task_1,travel,user_task_14,injection_task_1,通过,通过,通过,不通过,不通过,不通过,类内方法可读但全局来源仍不完整,不通过,通过,不符合设计，必须重建packet后才能draft,OFFICIAL_SOURCE_CONTENT_NOT_MATERIALIZED;NATIVE_RUNNER_AND_AGGREGATION_NOT_IN_PACKET;STATE_SCHEMA_DESCRIPTOR_ONLY;POSTRUN_ARTIFACT_INVENTORY_ABSENT;STRONGER_SPLIT_NOT_RELIABLY_DERIVABLE,,/Users/gss/Downloads/revised_agent_benchmark_paper_package/experiments/agentdojo_full_v1.2.2_direct/case_packets/agentdojo/v1.2.2_travel_user_task_14_injection_task_1/case_packet.md
v1.2.2:travel:user_task_14:injection_task_2,travel,user_task_14,injection_task_2,通过,通过,通过,不通过,不通过,不通过,类内方法可读但全局来源仍不完整,不通过,通过,不符合设计，必须重建packet后才能draft,OFFICIAL_SOURCE_CONTENT_NOT_MATERIALIZED;NATIVE_RUNNER_AND_AGGREGATION_NOT_IN_PACKET;STATE_SCHEMA_DESCRIPTOR_ONLY;POSTRUN_ARTIFACT_INVENTORY_ABSENT;STRONGER_SPLIT_NOT_RELIABLY_DERIVABLE,,/Users/gss/Downloads/revised_agent_benchmark_paper_package/experiments/agentdojo_full_v1.2.2_direct/case_packets/agentdojo/v1.2.2_travel_user_task_14_injection_task_2/case_packet.md
v1.2.2:travel:user_task_14:injection_task_3,travel,user_task_14,injection_task_3,通过,通过,通过,不通过,不通过,不通过,类内方法可读但全局来源仍不完整,不通过,通过,不符合设计，必须重建packet后才能draft,OFFICIAL_SOURCE_CONTENT_NOT_MATERIALIZED;NATIVE_RUNNER_AND_AGGREGATION_NOT_IN_PACKET;STATE_SCHEMA_DESCRIPTOR_ONLY;POSTRUN_ARTIFACT_INVENTORY_ABSENT;STRONGER_SPLIT_NOT_RELIABLY_DERIVABLE,,/Users/gss/Downloads/revised_agent_benchmark_paper_package/experiments/agentdojo_full_v1.2.2_direct/case_packets/agentdojo/v1.2.2_travel_user_task_14_injection_task_3/case_packet.md
v1.2.2:travel:user_task_14:injection_task_5,travel,user_task_14,injection_task_5,通过,通过,通过,不通过,不通过,不通过,类内方法可读但全局来源仍不完整,不通过,通过,不符合设计，必须重建packet后才能draft,OFFICIAL_SOURCE_CONTENT_NOT_MATERIALIZED;NATIVE_RUNNER_AND_AGGREGATION_NOT_IN_PACKET;STATE_SCHEMA_DESCRIPTOR_ONLY;POSTRUN_ARTIFACT_INVENTORY_ABSENT;STRONGER_SPLIT_NOT_RELIABLY_DERIVABLE,,/Users/gss/Downloads/revised_agent_benchmark_paper_package/experiments/agentdojo_full_v1.2.2_direct/case_packets/agentdojo/v1.2.2_travel_user_task_14_injection_task_5/case_packet.md
v1.2.2:travel:user_task_15:injection_task_6,travel,user_task_15,injection_task_6,通过,通过,通过,不通过,不通过,不通过,类内方法可读但全局来源仍不完整,不通过,通过,不符合设计，必须重建packet后才能draft,OFFICIAL_SOURCE_CONTENT_NOT_MATERIALIZED;NATIVE_RUNNER_AND_AGGREGATION_NOT_IN_PACKET;STATE_SCHEMA_DESCRIPTOR_ONLY;POSTRUN_ARTIFACT_INVENTORY_ABSENT;STRONGER_SPLIT_NOT_RELIABLY_DERIVABLE,,/Users/gss/Downloads/revised_agent_benchmark_paper_package/experiments/agentdojo_full_v1.2.2_direct/case_packets/agentdojo/v1.2.2_travel_user_task_15_injection_task_6/case_packet.md
v1.2.2:travel:user_task_15:injection_task_0,travel,user_task_15,injection_task_0,通过,通过,通过,不通过,不通过,不通过,类内方法可读但全局来源仍不完整,不通过,通过,不符合设计，必须重建packet后才能draft,OFFICIAL_SOURCE_CONTENT_NOT_MATERIALIZED;NATIVE_RUNNER_AND_AGGREGATION_NOT_IN_PACKET;STATE_SCHEMA_DESCRIPTOR_ONLY;POSTRUN_ARTIFACT_INVENTORY_ABSENT;STRONGER_SPLIT_NOT_RELIABLY_DERIVABLE,,/Users/gss/Downloads/revised_agent_benchmark_paper_package/experiments/agentdojo_full_v1.2.2_direct/case_packets/agentdojo/v1.2.2_travel_user_task_15_injection_task_0/case_packet.md
v1.2.2:travel:user_task_15:injection_task_1,travel,user_task_15,injection_task_1,通过,通过,通过,不通过,不通过,不通过,类内方法可读但全局来源仍不完整,不通过,通过,不符合设计，必须重建packet后才能draft,OFFICIAL_SOURCE_CONTENT_NOT_MATERIALIZED;NATIVE_RUNNER_AND_AGGREGATION_NOT_IN_PACKET;STATE_SCHEMA_DESCRIPTOR_ONLY;POSTRUN_ARTIFACT_INVENTORY_ABSENT;STRONGER_SPLIT_NOT_RELIABLY_DERIVABLE,,/Users/gss/Downloads/revised_agent_benchmark_paper_package/experiments/agentdojo_full_v1.2.2_direct/case_packets/agentdojo/v1.2.2_travel_user_task_15_injection_task_1/case_packet.md
v1.2.2:travel:user_task_15:injection_task_2,travel,user_task_15,injection_task_2,通过,通过,通过,不通过,不通过,不通过,类内方法可读但全局来源仍不完整,不通过,通过,不符合设计，必须重建packet后才能draft,OFFICIAL_SOURCE_CONTENT_NOT_MATERIALIZED;NATIVE_RUNNER_AND_AGGREGATION_NOT_IN_PACKET;STATE_SCHEMA_DESCRIPTOR_ONLY;POSTRUN_ARTIFACT_INVENTORY_ABSENT;STRONGER_SPLIT_NOT_RELIABLY_DERIVABLE,,/Users/gss/Downloads/revised_agent_benchmark_paper_package/experiments/agentdojo_full_v1.2.2_direct/case_packets/agentdojo/v1.2.2_travel_user_task_15_injection_task_2/case_packet.md
v1.2.2:travel:user_task_15:injection_task_3,travel,user_task_15,injection_task_3,通过,通过,通过,不通过,不通过,不通过,类内方法可读但全局来源仍不完整,不通过,通过,不符合设计，必须重建packet后才能draft,OFFICIAL_SOURCE_CONTENT_NOT_MATERIALIZED;NATIVE_RUNNER_AND_AGGREGATION_NOT_IN_PACKET;STATE_SCHEMA_DESCRIPTOR_ONLY;POSTRUN_ARTIFACT_INVENTORY_ABSENT;STRONGER_SPLIT_NOT_RELIABLY_DERIVABLE,,/Users/gss/Downloads/revised_agent_benchmark_paper_package/experiments/agentdojo_full_v1.2.2_direct/case_packets/agentdojo/v1.2.2_travel_user_task_15_injection_task_3/case_packet.md
v1.2.2:travel:user_task_15:injection_task_4,travel,user_task_15,injection_task_4,通过,通过,通过,不通过,不通过,不通过,类内方法可读但全局来源仍不完整,不通过,通过,不符合设计，必须重建packet后才能draft,OFFICIAL_SOURCE_CONTENT_NOT_MATERIALIZED;NATIVE_RUNNER_AND_AGGREGATION_NOT_IN_PACKET;STATE_SCHEMA_DESCRIPTOR_ONLY;POSTRUN_ARTIFACT_INVENTORY_ABSENT;STRONGER_SPLIT_NOT_RELIABLY_DERIVABLE,,/Users/gss/Downloads/revised_agent_benchmark_paper_package/experiments/agentdojo_full_v1.2.2_direct/case_packets/agentdojo/v1.2.2_travel_user_task_15_injection_task_4/case_packet.md
v1.2.2:travel:user_task_15:injection_task_5,travel,user_task_15,injection_task_5,通过,通过,通过,不通过,不通过,不通过,类内方法可读但全局来源仍不完整,不通过,通过,不符合设计，必须重建packet后才能draft,OFFICIAL_SOURCE_CONTENT_NOT_MATERIALIZED;NATIVE_RUNNER_AND_AGGREGATION_NOT_IN_PACKET;STATE_SCHEMA_DESCRIPTOR_ONLY;POSTRUN_ARTIFACT_INVENTORY_ABSENT;STRONGER_SPLIT_NOT_RELIABLY_DERIVABLE,,/Users/gss/Downloads/revised_agent_benchmark_paper_package/experiments/agentdojo_full_v1.2.2_direct/case_packets/agentdojo/v1.2.2_travel_user_task_15_injection_task_5/case_packet.md
v1.2.2:travel:user_task_16:injection_task_6,travel,user_task_16,injection_task_6,通过,通过,通过,不通过,不通过,不通过,类内方法可读但全局来源仍不完整,不通过,通过,不符合设计，必须重建packet后才能draft,OFFICIAL_SOURCE_CONTENT_NOT_MATERIALIZED;NATIVE_RUNNER_AND_AGGREGATION_NOT_IN_PACKET;STATE_SCHEMA_DESCRIPTOR_ONLY;POSTRUN_ARTIFACT_INVENTORY_ABSENT;STRONGER_SPLIT_NOT_RELIABLY_DERIVABLE,,/Users/gss/Downloads/revised_agent_benchmark_paper_package/experiments/agentdojo_full_v1.2.2_direct/case_packets/agentdojo/v1.2.2_travel_user_task_16_injection_task_6/case_packet.md
v1.2.2:travel:user_task_16:injection_task_0,travel,user_task_16,injection_task_0,通过,通过,通过,不通过,不通过,不通过,类内方法可读但全局来源仍不完整,不通过,通过,不符合设计，必须重建packet后才能draft,OFFICIAL_SOURCE_CONTENT_NOT_MATERIALIZED;NATIVE_RUNNER_AND_AGGREGATION_NOT_IN_PACKET;STATE_SCHEMA_DESCRIPTOR_ONLY;POSTRUN_ARTIFACT_INVENTORY_ABSENT;STRONGER_SPLIT_NOT_RELIABLY_DERIVABLE,,/Users/gss/Downloads/revised_agent_benchmark_paper_package/experiments/agentdojo_full_v1.2.2_direct/case_packets/agentdojo/v1.2.2_travel_user_task_16_injection_task_0/case_packet.md
v1.2.2:travel:user_task_16:injection_task_1,travel,user_task_16,injection_task_1,通过,通过,通过,不通过,不通过,不通过,类内方法可读但全局来源仍不完整,不通过,通过,不符合设计，必须重建packet后才能draft,OFFICIAL_SOURCE_CONTENT_NOT_MATERIALIZED;NATIVE_RUNNER_AND_AGGREGATION_NOT_IN_PACKET;STATE_SCHEMA_DESCRIPTOR_ONLY;POSTRUN_ARTIFACT_INVENTORY_ABSENT;STRONGER_SPLIT_NOT_RELIABLY_DERIVABLE,,/Users/gss/Downloads/revised_agent_benchmark_paper_package/experiments/agentdojo_full_v1.2.2_direct/case_packets/agentdojo/v1.2.2_travel_user_task_16_injection_task_1/case_packet.md
v1.2.2:travel:user_task_16:injection_task_3,travel,user_task_16,injection_task_3,通过,通过,通过,不通过,不通过,不通过,类内方法可读但全局来源仍不完整,不通过,通过,不符合设计，必须重建packet后才能draft,OFFICIAL_SOURCE_CONTENT_NOT_MATERIALIZED;NATIVE_RUNNER_AND_AGGREGATION_NOT_IN_PACKET;STATE_SCHEMA_DESCRIPTOR_ONLY;POSTRUN_ARTIFACT_INVENTORY_ABSENT;STRONGER_SPLIT_NOT_RELIABLY_DERIVABLE,,/Users/gss/Downloads/revised_agent_benchmark_paper_package/experiments/agentdojo_full_v1.2.2_direct/case_packets/agentdojo/v1.2.2_travel_user_task_16_injection_task_3/case_packet.md
v1.2.2:travel:user_task_16:injection_task_5,travel,user_task_16,injection_task_5,通过,通过,通过,不通过,不通过,不通过,类内方法可读但全局来源仍不完整,不通过,通过,不符合设计，必须重建packet后才能draft,OFFICIAL_SOURCE_CONTENT_NOT_MATERIALIZED;NATIVE_RUNNER_AND_AGGREGATION_NOT_IN_PACKET;STATE_SCHEMA_DESCRIPTOR_ONLY;POSTRUN_ARTIFACT_INVENTORY_ABSENT;STRONGER_SPLIT_NOT_RELIABLY_DERIVABLE,,/Users/gss/Downloads/revised_agent_benchmark_paper_package/experiments/agentdojo_full_v1.2.2_direct/case_packets/agentdojo/v1.2.2_travel_user_task_16_injection_task_5/case_packet.md
v1.2.2:travel:user_task_17:injection_task_6,travel,user_task_17,injection_task_6,通过,通过,通过,不通过,不通过,不通过,类内方法可读但全局来源仍不完整,不通过,通过,不符合设计，必须重建packet后才能draft,OFFICIAL_SOURCE_CONTENT_NOT_MATERIALIZED;NATIVE_RUNNER_AND_AGGREGATION_NOT_IN_PACKET;STATE_SCHEMA_DESCRIPTOR_ONLY;POSTRUN_ARTIFACT_INVENTORY_ABSENT;STRONGER_SPLIT_NOT_RELIABLY_DERIVABLE,,/Users/gss/Downloads/revised_agent_benchmark_paper_package/experiments/agentdojo_full_v1.2.2_direct/case_packets/agentdojo/v1.2.2_travel_user_task_17_injection_task_6/case_packet.md
v1.2.2:travel:user_task_17:injection_task_0,travel,user_task_17,injection_task_0,通过,通过,通过,不通过,不通过,不通过,类内方法可读但全局来源仍不完整,不通过,通过,不符合设计，必须重建packet后才能draft,OFFICIAL_SOURCE_CONTENT_NOT_MATERIALIZED;NATIVE_RUNNER_AND_AGGREGATION_NOT_IN_PACKET;STATE_SCHEMA_DESCRIPTOR_ONLY;POSTRUN_ARTIFACT_INVENTORY_ABSENT;STRONGER_SPLIT_NOT_RELIABLY_DERIVABLE,,/Users/gss/Downloads/revised_agent_benchmark_paper_package/experiments/agentdojo_full_v1.2.2_direct/case_packets/agentdojo/v1.2.2_travel_user_task_17_injection_task_0/case_packet.md
v1.2.2:travel:user_task_17:injection_task_1,travel,user_task_17,injection_task_1,通过,通过,通过,不通过,不通过,不通过,类内方法可读但全局来源仍不完整,不通过,通过,不符合设计，必须重建packet后才能draft,OFFICIAL_SOURCE_CONTENT_NOT_MATERIALIZED;NATIVE_RUNNER_AND_AGGREGATION_NOT_IN_PACKET;STATE_SCHEMA_DESCRIPTOR_ONLY;POSTRUN_ARTIFACT_INVENTORY_ABSENT;STRONGER_SPLIT_NOT_RELIABLY_DERIVABLE,,/Users/gss/Downloads/revised_agent_benchmark_paper_package/experiments/agentdojo_full_v1.2.2_direct/case_packets/agentdojo/v1.2.2_travel_user_task_17_injection_task_1/case_packet.md
v1.2.2:travel:user_task_17:injection_task_2,travel,user_task_17,injection_task_2,通过,通过,通过,不通过,不通过,不通过,类内方法可读但全局来源仍不完整,不通过,通过,不符合设计，必须重建packet后才能draft,OFFICIAL_SOURCE_CONTENT_NOT_MATERIALIZED;NATIVE_RUNNER_AND_AGGREGATION_NOT_IN_PACKET;STATE_SCHEMA_DESCRIPTOR_ONLY;POSTRUN_ARTIFACT_INVENTORY_ABSENT;STRONGER_SPLIT_NOT_RELIABLY_DERIVABLE,,/Users/gss/Downloads/revised_agent_benchmark_paper_package/experiments/agentdojo_full_v1.2.2_direct/case_packets/agentdojo/v1.2.2_travel_user_task_17_injection_task_2/case_packet.md
v1.2.2:travel:user_task_17:injection_task_3,travel,user_task_17,injection_task_3,通过,通过,通过,不通过,不通过,不通过,类内方法可读但全局来源仍不完整,不通过,通过,不符合设计，必须重建packet后才能draft,OFFICIAL_SOURCE_CONTENT_NOT_MATERIALIZED;NATIVE_RUNNER_AND_AGGREGATION_NOT_IN_PACKET;STATE_SCHEMA_DESCRIPTOR_ONLY;POSTRUN_ARTIFACT_INVENTORY_ABSENT;STRONGER_SPLIT_NOT_RELIABLY_DERIVABLE,,/Users/gss/Downloads/revised_agent_benchmark_paper_package/experiments/agentdojo_full_v1.2.2_direct/case_packets/agentdojo/v1.2.2_travel_user_task_17_injection_task_3/case_packet.md
v1.2.2:travel:user_task_17:injection_task_4,travel,user_task_17,injection_task_4,通过,通过,通过,不通过,不通过,不通过,类内方法可读但全局来源仍不完整,不通过,通过,不符合设计，必须重建packet后才能draft,OFFICIAL_SOURCE_CONTENT_NOT_MATERIALIZED;NATIVE_RUNNER_AND_AGGREGATION_NOT_IN_PACKET;STATE_SCHEMA_DESCRIPTOR_ONLY;POSTRUN_ARTIFACT_INVENTORY_ABSENT;STRONGER_SPLIT_NOT_RELIABLY_DERIVABLE,,/Users/gss/Downloads/revised_agent_benchmark_paper_package/experiments/agentdojo_full_v1.2.2_direct/case_packets/agentdojo/v1.2.2_travel_user_task_17_injection_task_4/case_packet.md
v1.2.2:travel:user_task_17:injection_task_5,travel,user_task_17,injection_task_5,通过,通过,通过,不通过,不通过,不通过,类内方法可读但全局来源仍不完整,不通过,通过,不符合设计，必须重建packet后才能draft,OFFICIAL_SOURCE_CONTENT_NOT_MATERIALIZED;NATIVE_RUNNER_AND_AGGREGATION_NOT_IN_PACKET;STATE_SCHEMA_DESCRIPTOR_ONLY;POSTRUN_ARTIFACT_INVENTORY_ABSENT;STRONGER_SPLIT_NOT_RELIABLY_DERIVABLE,,/Users/gss/Downloads/revised_agent_benchmark_paper_package/experiments/agentdojo_full_v1.2.2_direct/case_packets/agentdojo/v1.2.2_travel_user_task_17_injection_task_5/case_packet.md
v1.2.2:travel:user_task_18:injection_task_6,travel,user_task_18,injection_task_6,通过,通过,通过,不通过,不通过,不通过,类内方法可读但全局来源仍不完整,不通过,通过,不符合设计，必须重建packet后才能draft,OFFICIAL_SOURCE_CONTENT_NOT_MATERIALIZED;NATIVE_RUNNER_AND_AGGREGATION_NOT_IN_PACKET;STATE_SCHEMA_DESCRIPTOR_ONLY;POSTRUN_ARTIFACT_INVENTORY_ABSENT;STRONGER_SPLIT_NOT_RELIABLY_DERIVABLE,,/Users/gss/Downloads/revised_agent_benchmark_paper_package/experiments/agentdojo_full_v1.2.2_direct/case_packets/agentdojo/v1.2.2_travel_user_task_18_injection_task_6/case_packet.md
v1.2.2:travel:user_task_18:injection_task_0,travel,user_task_18,injection_task_0,通过,通过,通过,不通过,不通过,不通过,类内方法可读但全局来源仍不完整,不通过,通过,不符合设计，必须重建packet后才能draft,OFFICIAL_SOURCE_CONTENT_NOT_MATERIALIZED;NATIVE_RUNNER_AND_AGGREGATION_NOT_IN_PACKET;STATE_SCHEMA_DESCRIPTOR_ONLY;POSTRUN_ARTIFACT_INVENTORY_ABSENT;STRONGER_SPLIT_NOT_RELIABLY_DERIVABLE,,/Users/gss/Downloads/revised_agent_benchmark_paper_package/experiments/agentdojo_full_v1.2.2_direct/case_packets/agentdojo/v1.2.2_travel_user_task_18_injection_task_0/case_packet.md
v1.2.2:travel:user_task_18:injection_task_1,travel,user_task_18,injection_task_1,通过,通过,通过,不通过,不通过,不通过,类内方法可读但全局来源仍不完整,不通过,通过,不符合设计，必须重建packet后才能draft,OFFICIAL_SOURCE_CONTENT_NOT_MATERIALIZED;NATIVE_RUNNER_AND_AGGREGATION_NOT_IN_PACKET;STATE_SCHEMA_DESCRIPTOR_ONLY;POSTRUN_ARTIFACT_INVENTORY_ABSENT;STRONGER_SPLIT_NOT_RELIABLY_DERIVABLE,,/Users/gss/Downloads/revised_agent_benchmark_paper_package/experiments/agentdojo_full_v1.2.2_direct/case_packets/agentdojo/v1.2.2_travel_user_task_18_injection_task_1/case_packet.md
v1.2.2:travel:user_task_18:injection_task_2,travel,user_task_18,injection_task_2,通过,通过,通过,不通过,不通过,不通过,类内方法可读但全局来源仍不完整,不通过,通过,不符合设计，必须重建packet后才能draft,OFFICIAL_SOURCE_CONTENT_NOT_MATERIALIZED;NATIVE_RUNNER_AND_AGGREGATION_NOT_IN_PACKET;STATE_SCHEMA_DESCRIPTOR_ONLY;POSTRUN_ARTIFACT_INVENTORY_ABSENT;STRONGER_SPLIT_NOT_RELIABLY_DERIVABLE,,/Users/gss/Downloads/revised_agent_benchmark_paper_package/experiments/agentdojo_full_v1.2.2_direct/case_packets/agentdojo/v1.2.2_travel_user_task_18_injection_task_2/case_packet.md
v1.2.2:travel:user_task_18:injection_task_3,travel,user_task_18,injection_task_3,通过,通过,通过,不通过,不通过,不通过,类内方法可读但全局来源仍不完整,不通过,通过,不符合设计，必须重建packet后才能draft,OFFICIAL_SOURCE_CONTENT_NOT_MATERIALIZED;NATIVE_RUNNER_AND_AGGREGATION_NOT_IN_PACKET;STATE_SCHEMA_DESCRIPTOR_ONLY;POSTRUN_ARTIFACT_INVENTORY_ABSENT;STRONGER_SPLIT_NOT_RELIABLY_DERIVABLE,,/Users/gss/Downloads/revised_agent_benchmark_paper_package/experiments/agentdojo_full_v1.2.2_direct/case_packets/agentdojo/v1.2.2_travel_user_task_18_injection_task_3/case_packet.md
v1.2.2:travel:user_task_18:injection_task_4,travel,user_task_18,injection_task_4,通过,通过,通过,不通过,不通过,不通过,类内方法可读但全局来源仍不完整,不通过,通过,不符合设计，必须重建packet后才能draft,OFFICIAL_SOURCE_CONTENT_NOT_MATERIALIZED;NATIVE_RUNNER_AND_AGGREGATION_NOT_IN_PACKET;STATE_SCHEMA_DESCRIPTOR_ONLY;POSTRUN_ARTIFACT_INVENTORY_ABSENT;STRONGER_SPLIT_NOT_RELIABLY_DERIVABLE,,/Users/gss/Downloads/revised_agent_benchmark_paper_package/experiments/agentdojo_full_v1.2.2_direct/case_packets/agentdojo/v1.2.2_travel_user_task_18_injection_task_4/case_packet.md
v1.2.2:travel:user_task_18:injection_task_5,travel,user_task_18,injection_task_5,通过,通过,通过,不通过,不通过,不通过,类内方法可读但全局来源仍不完整,不通过,通过,不符合设计，必须重建packet后才能draft,OFFICIAL_SOURCE_CONTENT_NOT_MATERIALIZED;NATIVE_RUNNER_AND_AGGREGATION_NOT_IN_PACKET;STATE_SCHEMA_DESCRIPTOR_ONLY;POSTRUN_ARTIFACT_INVENTORY_ABSENT;STRONGER_SPLIT_NOT_RELIABLY_DERIVABLE,,/Users/gss/Downloads/revised_agent_benchmark_paper_package/experiments/agentdojo_full_v1.2.2_direct/case_packets/agentdojo/v1.2.2_travel_user_task_18_injection_task_5/case_packet.md
v1.2.2:travel:user_task_19:injection_task_6,travel,user_task_19,injection_task_6,通过,通过,通过,不通过,不通过,不通过,类内方法可读但全局来源仍不完整,不通过,通过,不符合设计，必须重建packet后才能draft,OFFICIAL_SOURCE_CONTENT_NOT_MATERIALIZED;NATIVE_RUNNER_AND_AGGREGATION_NOT_IN_PACKET;STATE_SCHEMA_DESCRIPTOR_ONLY;POSTRUN_ARTIFACT_INVENTORY_ABSENT;STRONGER_SPLIT_NOT_RELIABLY_DERIVABLE,,/Users/gss/Downloads/revised_agent_benchmark_paper_package/experiments/agentdojo_full_v1.2.2_direct/case_packets/agentdojo/v1.2.2_travel_user_task_19_injection_task_6/case_packet.md
v1.2.2:travel:user_task_19:injection_task_0,travel,user_task_19,injection_task_0,通过,通过,通过,不通过,不通过,不通过,类内方法可读但全局来源仍不完整,不通过,通过,不符合设计，必须重建packet后才能draft,OFFICIAL_SOURCE_CONTENT_NOT_MATERIALIZED;NATIVE_RUNNER_AND_AGGREGATION_NOT_IN_PACKET;STATE_SCHEMA_DESCRIPTOR_ONLY;POSTRUN_ARTIFACT_INVENTORY_ABSENT;STRONGER_SPLIT_NOT_RELIABLY_DERIVABLE,,/Users/gss/Downloads/revised_agent_benchmark_paper_package/experiments/agentdojo_full_v1.2.2_direct/case_packets/agentdojo/v1.2.2_travel_user_task_19_injection_task_0/case_packet.md
v1.2.2:travel:user_task_19:injection_task_1,travel,user_task_19,injection_task_1,通过,通过,通过,不通过,不通过,不通过,类内方法可读但全局来源仍不完整,不通过,通过,不符合设计，必须重建packet后才能draft,OFFICIAL_SOURCE_CONTENT_NOT_MATERIALIZED;NATIVE_RUNNER_AND_AGGREGATION_NOT_IN_PACKET;STATE_SCHEMA_DESCRIPTOR_ONLY;POSTRUN_ARTIFACT_INVENTORY_ABSENT;STRONGER_SPLIT_NOT_RELIABLY_DERIVABLE,,/Users/gss/Downloads/revised_agent_benchmark_paper_package/experiments/agentdojo_full_v1.2.2_direct/case_packets/agentdojo/v1.2.2_travel_user_task_19_injection_task_1/case_packet.md
v1.2.2:travel:user_task_19:injection_task_2,travel,user_task_19,injection_task_2,通过,通过,通过,不通过,不通过,不通过,类内方法可读但全局来源仍不完整,不通过,通过,不符合设计，必须重建packet后才能draft,OFFICIAL_SOURCE_CONTENT_NOT_MATERIALIZED;NATIVE_RUNNER_AND_AGGREGATION_NOT_IN_PACKET;STATE_SCHEMA_DESCRIPTOR_ONLY;POSTRUN_ARTIFACT_INVENTORY_ABSENT;STRONGER_SPLIT_NOT_RELIABLY_DERIVABLE,,/Users/gss/Downloads/revised_agent_benchmark_paper_package/experiments/agentdojo_full_v1.2.2_direct/case_packets/agentdojo/v1.2.2_travel_user_task_19_injection_task_2/case_packet.md
v1.2.2:travel:user_task_19:injection_task_3,travel,user_task_19,injection_task_3,通过,通过,通过,不通过,不通过,不通过,类内方法可读但全局来源仍不完整,不通过,通过,不符合设计，必须重建packet后才能draft,OFFICIAL_SOURCE_CONTENT_NOT_MATERIALIZED;NATIVE_RUNNER_AND_AGGREGATION_NOT_IN_PACKET;STATE_SCHEMA_DESCRIPTOR_ONLY;POSTRUN_ARTIFACT_INVENTORY_ABSENT;STRONGER_SPLIT_NOT_RELIABLY_DERIVABLE,,/Users/gss/Downloads/revised_agent_benchmark_paper_package/experiments/agentdojo_full_v1.2.2_direct/case_packets/agentdojo/v1.2.2_travel_user_task_19_injection_task_3/case_packet.md
v1.2.2:travel:user_task_19:injection_task_4,travel,user_task_19,injection_task_4,通过,通过,通过,不通过,不通过,不通过,类内方法可读但全局来源仍不完整,不通过,通过,不符合设计，必须重建packet后才能draft,OFFICIAL_SOURCE_CONTENT_NOT_MATERIALIZED;NATIVE_RUNNER_AND_AGGREGATION_NOT_IN_PACKET;STATE_SCHEMA_DESCRIPTOR_ONLY;POSTRUN_ARTIFACT_INVENTORY_ABSENT;STRONGER_SPLIT_NOT_RELIABLY_DERIVABLE,,/Users/gss/Downloads/revised_agent_benchmark_paper_package/experiments/agentdojo_full_v1.2.2_direct/case_packets/agentdojo/v1.2.2_travel_user_task_19_injection_task_4/case_packet.md
v1.2.2:travel:user_task_19:injection_task_5,travel,user_task_19,injection_task_5,通过,通过,通过,不通过,不通过,不通过,类内方法可读但全局来源仍不完整,不通过,通过,不符合设计，必须重建packet后才能draft,OFFICIAL_SOURCE_CONTENT_NOT_MATERIALIZED;NATIVE_RUNNER_AND_AGGREGATION_NOT_IN_PACKET;STATE_SCHEMA_DESCRIPTOR_ONLY;POSTRUN_ARTIFACT_INVENTORY_ABSENT;STRONGER_SPLIT_NOT_RELIABLY_DERIVABLE,,/Users/gss/Downloads/revised_agent_benchmark_paper_package/experiments/agentdojo_full_v1.2.2_direct/case_packets/agentdojo/v1.2.2_travel_user_task_19_injection_task_5/case_packet.md
v1.2.2:banking:user_task_0:injection_task_0,banking,user_task_0,injection_task_0,通过,通过,通过,不通过,不通过,不通过,类内方法可读但全局来源仍不完整,不通过,通过,不符合设计，必须重建packet后才能draft,OFFICIAL_SOURCE_CONTENT_NOT_MATERIALIZED;NATIVE_RUNNER_AND_AGGREGATION_NOT_IN_PACKET;STATE_SCHEMA_DESCRIPTOR_ONLY;POSTRUN_ARTIFACT_INVENTORY_ABSENT;STRONGER_SPLIT_NOT_RELIABLY_DERIVABLE,,/Users/gss/Downloads/revised_agent_benchmark_paper_package/experiments/agentdojo_full_v1.2.2_direct/case_packets/agentdojo/v1.2.2_banking_user_task_0_injection_task_0/case_packet.md
v1.2.2:banking:user_task_0:injection_task_1,banking,user_task_0,injection_task_1,通过,通过,通过,不通过,不通过,不通过,类内方法可读但全局来源仍不完整,不通过,通过,不符合设计，必须重建packet后才能draft,OFFICIAL_SOURCE_CONTENT_NOT_MATERIALIZED;NATIVE_RUNNER_AND_AGGREGATION_NOT_IN_PACKET;STATE_SCHEMA_DESCRIPTOR_ONLY;POSTRUN_ARTIFACT_INVENTORY_ABSENT;STRONGER_SPLIT_NOT_RELIABLY_DERIVABLE,,/Users/gss/Downloads/revised_agent_benchmark_paper_package/experiments/agentdojo_full_v1.2.2_direct/case_packets/agentdojo/v1.2.2_banking_user_task_0_injection_task_1/case_packet.md
v1.2.2:banking:user_task_0:injection_task_3,banking,user_task_0,injection_task_3,通过,通过,通过,不通过,不通过,不通过,类内方法可读但全局来源仍不完整,不通过,通过,不符合设计，必须重建packet后才能draft,OFFICIAL_SOURCE_CONTENT_NOT_MATERIALIZED;NATIVE_RUNNER_AND_AGGREGATION_NOT_IN_PACKET;STATE_SCHEMA_DESCRIPTOR_ONLY;POSTRUN_ARTIFACT_INVENTORY_ABSENT;STRONGER_SPLIT_NOT_RELIABLY_DERIVABLE,,/Users/gss/Downloads/revised_agent_benchmark_paper_package/experiments/agentdojo_full_v1.2.2_direct/case_packets/agentdojo/v1.2.2_banking_user_task_0_injection_task_3/case_packet.md
v1.2.2:banking:user_task_0:injection_task_4,banking,user_task_0,injection_task_4,通过,通过,通过,不通过,不通过,不通过,类内方法可读但全局来源仍不完整,不通过,通过,不符合设计，必须重建packet后才能draft,OFFICIAL_SOURCE_CONTENT_NOT_MATERIALIZED;NATIVE_RUNNER_AND_AGGREGATION_NOT_IN_PACKET;STATE_SCHEMA_DESCRIPTOR_ONLY;POSTRUN_ARTIFACT_INVENTORY_ABSENT;STRONGER_SPLIT_NOT_RELIABLY_DERIVABLE,,/Users/gss/Downloads/revised_agent_benchmark_paper_package/experiments/agentdojo_full_v1.2.2_direct/case_packets/agentdojo/v1.2.2_banking_user_task_0_injection_task_4/case_packet.md
v1.2.2:banking:user_task_0:injection_task_5,banking,user_task_0,injection_task_5,通过,通过,通过,不通过,不通过,不通过,类内方法可读但全局来源仍不完整,不通过,通过,不符合设计，必须重建packet后才能draft,OFFICIAL_SOURCE_CONTENT_NOT_MATERIALIZED;NATIVE_RUNNER_AND_AGGREGATION_NOT_IN_PACKET;STATE_SCHEMA_DESCRIPTOR_ONLY;POSTRUN_ARTIFACT_INVENTORY_ABSENT;STRONGER_SPLIT_NOT_RELIABLY_DERIVABLE,,/Users/gss/Downloads/revised_agent_benchmark_paper_package/experiments/agentdojo_full_v1.2.2_direct/case_packets/agentdojo/v1.2.2_banking_user_task_0_injection_task_5/case_packet.md
v1.2.2:banking:user_task_0:injection_task_6,banking,user_task_0,injection_task_6,通过,通过,通过,不通过,不通过,不通过,类内方法可读但全局来源仍不完整,不通过,通过,不符合设计，必须重建packet后才能draft,OFFICIAL_SOURCE_CONTENT_NOT_MATERIALIZED;NATIVE_RUNNER_AND_AGGREGATION_NOT_IN_PACKET;STATE_SCHEMA_DESCRIPTOR_ONLY;POSTRUN_ARTIFACT_INVENTORY_ABSENT;STRONGER_SPLIT_NOT_RELIABLY_DERIVABLE,,/Users/gss/Downloads/revised_agent_benchmark_paper_package/experiments/agentdojo_full_v1.2.2_direct/case_packets/agentdojo/v1.2.2_banking_user_task_0_injection_task_6/case_packet.md
v1.2.2:banking:user_task_0:injection_task_7,banking,user_task_0,injection_task_7,通过,通过,通过,不通过,不通过,不通过,类内方法可读但全局来源仍不完整,不通过,通过,不符合设计，必须重建packet后才能draft,OFFICIAL_SOURCE_CONTENT_NOT_MATERIALIZED;NATIVE_RUNNER_AND_AGGREGATION_NOT_IN_PACKET;STATE_SCHEMA_DESCRIPTOR_ONLY;POSTRUN_ARTIFACT_INVENTORY_ABSENT;STRONGER_SPLIT_NOT_RELIABLY_DERIVABLE,,/Users/gss/Downloads/revised_agent_benchmark_paper_package/experiments/agentdojo_full_v1.2.2_direct/case_packets/agentdojo/v1.2.2_banking_user_task_0_injection_task_7/case_packet.md
v1.2.2:banking:user_task_0:injection_task_8,banking,user_task_0,injection_task_8,通过,通过,通过,不通过,不通过,不通过,类内方法可读但全局来源仍不完整,不通过,通过,不符合设计，必须重建packet后才能draft,OFFICIAL_SOURCE_CONTENT_NOT_MATERIALIZED;NATIVE_RUNNER_AND_AGGREGATION_NOT_IN_PACKET;STATE_SCHEMA_DESCRIPTOR_ONLY;POSTRUN_ARTIFACT_INVENTORY_ABSENT;STRONGER_SPLIT_NOT_RELIABLY_DERIVABLE,,/Users/gss/Downloads/revised_agent_benchmark_paper_package/experiments/agentdojo_full_v1.2.2_direct/case_packets/agentdojo/v1.2.2_banking_user_task_0_injection_task_8/case_packet.md
v1.2.2:banking:user_task_1:injection_task_0,banking,user_task_1,injection_task_0,通过,通过,通过,不通过,不通过,不通过,类内方法可读但全局来源仍不完整,不通过,通过,不符合设计，必须重建packet后才能draft,OFFICIAL_SOURCE_CONTENT_NOT_MATERIALIZED;NATIVE_RUNNER_AND_AGGREGATION_NOT_IN_PACKET;STATE_SCHEMA_DESCRIPTOR_ONLY;POSTRUN_ARTIFACT_INVENTORY_ABSENT;STRONGER_SPLIT_NOT_RELIABLY_DERIVABLE,,/Users/gss/Downloads/revised_agent_benchmark_paper_package/experiments/agentdojo_full_v1.2.2_direct/case_packets/agentdojo/v1.2.2_banking_user_task_1_injection_task_0/case_packet.md
v1.2.2:banking:user_task_1:injection_task_1,banking,user_task_1,injection_task_1,通过,通过,通过,不通过,不通过,不通过,类内方法可读但全局来源仍不完整,不通过,通过,不符合设计，必须重建packet后才能draft,OFFICIAL_SOURCE_CONTENT_NOT_MATERIALIZED;NATIVE_RUNNER_AND_AGGREGATION_NOT_IN_PACKET;STATE_SCHEMA_DESCRIPTOR_ONLY;POSTRUN_ARTIFACT_INVENTORY_ABSENT;STRONGER_SPLIT_NOT_RELIABLY_DERIVABLE,,/Users/gss/Downloads/revised_agent_benchmark_paper_package/experiments/agentdojo_full_v1.2.2_direct/case_packets/agentdojo/v1.2.2_banking_user_task_1_injection_task_1/case_packet.md
v1.2.2:banking:user_task_1:injection_task_2,banking,user_task_1,injection_task_2,通过,通过,通过,不通过,不通过,不通过,类内方法可读但全局来源仍不完整,不通过,通过,不符合设计，必须重建packet后才能draft,OFFICIAL_SOURCE_CONTENT_NOT_MATERIALIZED;NATIVE_RUNNER_AND_AGGREGATION_NOT_IN_PACKET;STATE_SCHEMA_DESCRIPTOR_ONLY;POSTRUN_ARTIFACT_INVENTORY_ABSENT;STRONGER_SPLIT_NOT_RELIABLY_DERIVABLE,,/Users/gss/Downloads/revised_agent_benchmark_paper_package/experiments/agentdojo_full_v1.2.2_direct/case_packets/agentdojo/v1.2.2_banking_user_task_1_injection_task_2/case_packet.md
v1.2.2:banking:user_task_1:injection_task_3,banking,user_task_1,injection_task_3,通过,通过,通过,不通过,不通过,不通过,类内方法可读但全局来源仍不完整,不通过,通过,不符合设计，必须重建packet后才能draft,OFFICIAL_SOURCE_CONTENT_NOT_MATERIALIZED;NATIVE_RUNNER_AND_AGGREGATION_NOT_IN_PACKET;STATE_SCHEMA_DESCRIPTOR_ONLY;POSTRUN_ARTIFACT_INVENTORY_ABSENT;STRONGER_SPLIT_NOT_RELIABLY_DERIVABLE,,/Users/gss/Downloads/revised_agent_benchmark_paper_package/experiments/agentdojo_full_v1.2.2_direct/case_packets/agentdojo/v1.2.2_banking_user_task_1_injection_task_3/case_packet.md
v1.2.2:banking:user_task_1:injection_task_4,banking,user_task_1,injection_task_4,通过,通过,通过,不通过,不通过,不通过,类内方法可读但全局来源仍不完整,不通过,通过,不符合设计，必须重建packet后才能draft,OFFICIAL_SOURCE_CONTENT_NOT_MATERIALIZED;NATIVE_RUNNER_AND_AGGREGATION_NOT_IN_PACKET;STATE_SCHEMA_DESCRIPTOR_ONLY;POSTRUN_ARTIFACT_INVENTORY_ABSENT;STRONGER_SPLIT_NOT_RELIABLY_DERIVABLE,,/Users/gss/Downloads/revised_agent_benchmark_paper_package/experiments/agentdojo_full_v1.2.2_direct/case_packets/agentdojo/v1.2.2_banking_user_task_1_injection_task_4/case_packet.md
v1.2.2:banking:user_task_1:injection_task_5,banking,user_task_1,injection_task_5,通过,通过,通过,不通过,不通过,不通过,类内方法可读但全局来源仍不完整,不通过,通过,不符合设计，必须重建packet后才能draft,OFFICIAL_SOURCE_CONTENT_NOT_MATERIALIZED;NATIVE_RUNNER_AND_AGGREGATION_NOT_IN_PACKET;STATE_SCHEMA_DESCRIPTOR_ONLY;POSTRUN_ARTIFACT_INVENTORY_ABSENT;STRONGER_SPLIT_NOT_RELIABLY_DERIVABLE,,/Users/gss/Downloads/revised_agent_benchmark_paper_package/experiments/agentdojo_full_v1.2.2_direct/case_packets/agentdojo/v1.2.2_banking_user_task_1_injection_task_5/case_packet.md
v1.2.2:banking:user_task_1:injection_task_6,banking,user_task_1,injection_task_6,通过,通过,通过,不通过,不通过,不通过,类内方法可读但全局来源仍不完整,不通过,通过,不符合设计，必须重建packet后才能draft,OFFICIAL_SOURCE_CONTENT_NOT_MATERIALIZED;NATIVE_RUNNER_AND_AGGREGATION_NOT_IN_PACKET;STATE_SCHEMA_DESCRIPTOR_ONLY;POSTRUN_ARTIFACT_INVENTORY_ABSENT;STRONGER_SPLIT_NOT_RELIABLY_DERIVABLE,,/Users/gss/Downloads/revised_agent_benchmark_paper_package/experiments/agentdojo_full_v1.2.2_direct/case_packets/agentdojo/v1.2.2_banking_user_task_1_injection_task_6/case_packet.md
v1.2.2:banking:user_task_1:injection_task_7,banking,user_task_1,injection_task_7,通过,通过,通过,不通过,不通过,不通过,类内方法可读但全局来源仍不完整,不通过,通过,不符合设计，必须重建packet后才能draft,OFFICIAL_SOURCE_CONTENT_NOT_MATERIALIZED;NATIVE_RUNNER_AND_AGGREGATION_NOT_IN_PACKET;STATE_SCHEMA_DESCRIPTOR_ONLY;POSTRUN_ARTIFACT_INVENTORY_ABSENT;STRONGER_SPLIT_NOT_RELIABLY_DERIVABLE,,/Users/gss/Downloads/revised_agent_benchmark_paper_package/experiments/agentdojo_full_v1.2.2_direct/case_packets/agentdojo/v1.2.2_banking_user_task_1_injection_task_7/case_packet.md
v1.2.2:banking:user_task_2:injection_task_0,banking,user_task_2,injection_task_0,通过,通过,通过,不通过,不通过,不通过,不通过,不通过,通过,不符合设计，必须重建packet后才能draft,OFFICIAL_SOURCE_CONTENT_NOT_MATERIALIZED;NATIVE_RUNNER_AND_AGGREGATION_NOT_IN_PACKET;STATE_SCHEMA_DESCRIPTOR_ONLY;POSTRUN_ARTIFACT_INVENTORY_ABSENT;STRONGER_SPLIT_NOT_RELIABLY_DERIVABLE;USER_EVALUATOR_HELPER_SOURCE_MISSING,用户 evaluator helper:find_element@agentdojo.default_suites.v1.banking.user_tasks,/Users/gss/Downloads/revised_agent_benchmark_paper_package/experiments/agentdojo_full_v1.2.2_direct/case_packets/agentdojo/v1.2.2_banking_user_task_2_injection_task_0/case_packet.md
v1.2.2:banking:user_task_2:injection_task_1,banking,user_task_2,injection_task_1,通过,通过,通过,不通过,不通过,不通过,不通过,不通过,通过,不符合设计，必须重建packet后才能draft,OFFICIAL_SOURCE_CONTENT_NOT_MATERIALIZED;NATIVE_RUNNER_AND_AGGREGATION_NOT_IN_PACKET;STATE_SCHEMA_DESCRIPTOR_ONLY;POSTRUN_ARTIFACT_INVENTORY_ABSENT;STRONGER_SPLIT_NOT_RELIABLY_DERIVABLE;USER_EVALUATOR_HELPER_SOURCE_MISSING,用户 evaluator helper:find_element@agentdojo.default_suites.v1.banking.user_tasks,/Users/gss/Downloads/revised_agent_benchmark_paper_package/experiments/agentdojo_full_v1.2.2_direct/case_packets/agentdojo/v1.2.2_banking_user_task_2_injection_task_1/case_packet.md
v1.2.2:banking:user_task_2:injection_task_3,banking,user_task_2,injection_task_3,通过,通过,通过,不通过,不通过,不通过,不通过,不通过,通过,不符合设计，必须重建packet后才能draft,OFFICIAL_SOURCE_CONTENT_NOT_MATERIALIZED;NATIVE_RUNNER_AND_AGGREGATION_NOT_IN_PACKET;STATE_SCHEMA_DESCRIPTOR_ONLY;POSTRUN_ARTIFACT_INVENTORY_ABSENT;STRONGER_SPLIT_NOT_RELIABLY_DERIVABLE;USER_EVALUATOR_HELPER_SOURCE_MISSING,用户 evaluator helper:find_element@agentdojo.default_suites.v1.banking.user_tasks,/Users/gss/Downloads/revised_agent_benchmark_paper_package/experiments/agentdojo_full_v1.2.2_direct/case_packets/agentdojo/v1.2.2_banking_user_task_2_injection_task_3/case_packet.md
v1.2.2:banking:user_task_2:injection_task_4,banking,user_task_2,injection_task_4,通过,通过,通过,不通过,不通过,不通过,不通过,不通过,通过,不符合设计，必须重建packet后才能draft,OFFICIAL_SOURCE_CONTENT_NOT_MATERIALIZED;NATIVE_RUNNER_AND_AGGREGATION_NOT_IN_PACKET;STATE_SCHEMA_DESCRIPTOR_ONLY;POSTRUN_ARTIFACT_INVENTORY_ABSENT;STRONGER_SPLIT_NOT_RELIABLY_DERIVABLE;USER_EVALUATOR_HELPER_SOURCE_MISSING,用户 evaluator helper:find_element@agentdojo.default_suites.v1.banking.user_tasks,/Users/gss/Downloads/revised_agent_benchmark_paper_package/experiments/agentdojo_full_v1.2.2_direct/case_packets/agentdojo/v1.2.2_banking_user_task_2_injection_task_4/case_packet.md
v1.2.2:banking:user_task_2:injection_task_6,banking,user_task_2,injection_task_6,通过,通过,通过,不通过,不通过,不通过,不通过,不通过,通过,不符合设计，必须重建packet后才能draft,OFFICIAL_SOURCE_CONTENT_NOT_MATERIALIZED;NATIVE_RUNNER_AND_AGGREGATION_NOT_IN_PACKET;STATE_SCHEMA_DESCRIPTOR_ONLY;POSTRUN_ARTIFACT_INVENTORY_ABSENT;STRONGER_SPLIT_NOT_RELIABLY_DERIVABLE;USER_EVALUATOR_HELPER_SOURCE_MISSING,用户 evaluator helper:find_element@agentdojo.default_suites.v1.banking.user_tasks,/Users/gss/Downloads/revised_agent_benchmark_paper_package/experiments/agentdojo_full_v1.2.2_direct/case_packets/agentdojo/v1.2.2_banking_user_task_2_injection_task_6/case_packet.md
v1.2.2:banking:user_task_2:injection_task_7,banking,user_task_2,injection_task_7,通过,通过,通过,不通过,不通过,不通过,不通过,不通过,通过,不符合设计，必须重建packet后才能draft,OFFICIAL_SOURCE_CONTENT_NOT_MATERIALIZED;NATIVE_RUNNER_AND_AGGREGATION_NOT_IN_PACKET;STATE_SCHEMA_DESCRIPTOR_ONLY;POSTRUN_ARTIFACT_INVENTORY_ABSENT;STRONGER_SPLIT_NOT_RELIABLY_DERIVABLE;USER_EVALUATOR_HELPER_SOURCE_MISSING,用户 evaluator helper:find_element@agentdojo.default_suites.v1.banking.user_tasks,/Users/gss/Downloads/revised_agent_benchmark_paper_package/experiments/agentdojo_full_v1.2.2_direct/case_packets/agentdojo/v1.2.2_banking_user_task_2_injection_task_7/case_packet.md
v1.2.2:banking:user_task_2:injection_task_8,banking,user_task_2,injection_task_8,通过,通过,通过,不通过,不通过,不通过,不通过,不通过,通过,不符合设计，必须重建packet后才能draft,OFFICIAL_SOURCE_CONTENT_NOT_MATERIALIZED;NATIVE_RUNNER_AND_AGGREGATION_NOT_IN_PACKET;STATE_SCHEMA_DESCRIPTOR_ONLY;POSTRUN_ARTIFACT_INVENTORY_ABSENT;STRONGER_SPLIT_NOT_RELIABLY_DERIVABLE;USER_EVALUATOR_HELPER_SOURCE_MISSING,用户 evaluator helper:find_element@agentdojo.default_suites.v1.banking.user_tasks,/Users/gss/Downloads/revised_agent_benchmark_paper_package/experiments/agentdojo_full_v1.2.2_direct/case_packets/agentdojo/v1.2.2_banking_user_task_2_injection_task_8/case_packet.md
v1.2.2:banking:user_task_3:injection_task_0,banking,user_task_3,injection_task_0,通过,通过,通过,不通过,不通过,不通过,类内方法可读但全局来源仍不完整,不通过,通过,不符合设计，必须重建packet后才能draft,OFFICIAL_SOURCE_CONTENT_NOT_MATERIALIZED;NATIVE_RUNNER_AND_AGGREGATION_NOT_IN_PACKET;STATE_SCHEMA_DESCRIPTOR_ONLY;POSTRUN_ARTIFACT_INVENTORY_ABSENT;STRONGER_SPLIT_NOT_RELIABLY_DERIVABLE,,/Users/gss/Downloads/revised_agent_benchmark_paper_package/experiments/agentdojo_full_v1.2.2_direct/case_packets/agentdojo/v1.2.2_banking_user_task_3_injection_task_0/case_packet.md
v1.2.2:banking:user_task_3:injection_task_1,banking,user_task_3,injection_task_1,通过,通过,通过,不通过,不通过,不通过,类内方法可读但全局来源仍不完整,不通过,通过,不符合设计，必须重建packet后才能draft,OFFICIAL_SOURCE_CONTENT_NOT_MATERIALIZED;NATIVE_RUNNER_AND_AGGREGATION_NOT_IN_PACKET;STATE_SCHEMA_DESCRIPTOR_ONLY;POSTRUN_ARTIFACT_INVENTORY_ABSENT;STRONGER_SPLIT_NOT_RELIABLY_DERIVABLE,,/Users/gss/Downloads/revised_agent_benchmark_paper_package/experiments/agentdojo_full_v1.2.2_direct/case_packets/agentdojo/v1.2.2_banking_user_task_3_injection_task_1/case_packet.md
v1.2.2:banking:user_task_3:injection_task_2,banking,user_task_3,injection_task_2,通过,通过,通过,不通过,不通过,不通过,类内方法可读但全局来源仍不完整,不通过,通过,不符合设计，必须重建packet后才能draft,OFFICIAL_SOURCE_CONTENT_NOT_MATERIALIZED;NATIVE_RUNNER_AND_AGGREGATION_NOT_IN_PACKET;STATE_SCHEMA_DESCRIPTOR_ONLY;POSTRUN_ARTIFACT_INVENTORY_ABSENT;STRONGER_SPLIT_NOT_RELIABLY_DERIVABLE,,/Users/gss/Downloads/revised_agent_benchmark_paper_package/experiments/agentdojo_full_v1.2.2_direct/case_packets/agentdojo/v1.2.2_banking_user_task_3_injection_task_2/case_packet.md
v1.2.2:banking:user_task_3:injection_task_3,banking,user_task_3,injection_task_3,通过,通过,通过,不通过,不通过,不通过,类内方法可读但全局来源仍不完整,不通过,通过,不符合设计，必须重建packet后才能draft,OFFICIAL_SOURCE_CONTENT_NOT_MATERIALIZED;NATIVE_RUNNER_AND_AGGREGATION_NOT_IN_PACKET;STATE_SCHEMA_DESCRIPTOR_ONLY;POSTRUN_ARTIFACT_INVENTORY_ABSENT;STRONGER_SPLIT_NOT_RELIABLY_DERIVABLE,,/Users/gss/Downloads/revised_agent_benchmark_paper_package/experiments/agentdojo_full_v1.2.2_direct/case_packets/agentdojo/v1.2.2_banking_user_task_3_injection_task_3/case_packet.md
v1.2.2:banking:user_task_3:injection_task_4,banking,user_task_3,injection_task_4,通过,通过,通过,不通过,不通过,不通过,类内方法可读但全局来源仍不完整,不通过,通过,不符合设计，必须重建packet后才能draft,OFFICIAL_SOURCE_CONTENT_NOT_MATERIALIZED;NATIVE_RUNNER_AND_AGGREGATION_NOT_IN_PACKET;STATE_SCHEMA_DESCRIPTOR_ONLY;POSTRUN_ARTIFACT_INVENTORY_ABSENT;STRONGER_SPLIT_NOT_RELIABLY_DERIVABLE,,/Users/gss/Downloads/revised_agent_benchmark_paper_package/experiments/agentdojo_full_v1.2.2_direct/case_packets/agentdojo/v1.2.2_banking_user_task_3_injection_task_4/case_packet.md
v1.2.2:banking:user_task_3:injection_task_5,banking,user_task_3,injection_task_5,通过,通过,通过,不通过,不通过,不通过,类内方法可读但全局来源仍不完整,不通过,通过,不符合设计，必须重建packet后才能draft,OFFICIAL_SOURCE_CONTENT_NOT_MATERIALIZED;NATIVE_RUNNER_AND_AGGREGATION_NOT_IN_PACKET;STATE_SCHEMA_DESCRIPTOR_ONLY;POSTRUN_ARTIFACT_INVENTORY_ABSENT;STRONGER_SPLIT_NOT_RELIABLY_DERIVABLE,,/Users/gss/Downloads/revised_agent_benchmark_paper_package/experiments/agentdojo_full_v1.2.2_direct/case_packets/agentdojo/v1.2.2_banking_user_task_3_injection_task_5/case_packet.md
v1.2.2:banking:user_task_3:injection_task_6,banking,user_task_3,injection_task_6,通过,通过,通过,不通过,不通过,不通过,类内方法可读但全局来源仍不完整,不通过,通过,不符合设计，必须重建packet后才能draft,OFFICIAL_SOURCE_CONTENT_NOT_MATERIALIZED;NATIVE_RUNNER_AND_AGGREGATION_NOT_IN_PACKET;STATE_SCHEMA_DESCRIPTOR_ONLY;POSTRUN_ARTIFACT_INVENTORY_ABSENT;STRONGER_SPLIT_NOT_RELIABLY_DERIVABLE,,/Users/gss/Downloads/revised_agent_benchmark_paper_package/experiments/agentdojo_full_v1.2.2_direct/case_packets/agentdojo/v1.2.2_banking_user_task_3_injection_task_6/case_packet.md
v1.2.2:banking:user_task_3:injection_task_7,banking,user_task_3,injection_task_7,通过,通过,通过,不通过,不通过,不通过,类内方法可读但全局来源仍不完整,不通过,通过,不符合设计，必须重建packet后才能draft,OFFICIAL_SOURCE_CONTENT_NOT_MATERIALIZED;NATIVE_RUNNER_AND_AGGREGATION_NOT_IN_PACKET;STATE_SCHEMA_DESCRIPTOR_ONLY;POSTRUN_ARTIFACT_INVENTORY_ABSENT;STRONGER_SPLIT_NOT_RELIABLY_DERIVABLE,,/Users/gss/Downloads/revised_agent_benchmark_paper_package/experiments/agentdojo_full_v1.2.2_direct/case_packets/agentdojo/v1.2.2_banking_user_task_3_injection_task_7/case_packet.md
v1.2.2:banking:user_task_3:injection_task_8,banking,user_task_3,injection_task_8,通过,通过,通过,不通过,不通过,不通过,类内方法可读但全局来源仍不完整,不通过,通过,不符合设计，必须重建packet后才能draft,OFFICIAL_SOURCE_CONTENT_NOT_MATERIALIZED;NATIVE_RUNNER_AND_AGGREGATION_NOT_IN_PACKET;STATE_SCHEMA_DESCRIPTOR_ONLY;POSTRUN_ARTIFACT_INVENTORY_ABSENT;STRONGER_SPLIT_NOT_RELIABLY_DERIVABLE,,/Users/gss/Downloads/revised_agent_benchmark_paper_package/experiments/agentdojo_full_v1.2.2_direct/case_packets/agentdojo/v1.2.2_banking_user_task_3_injection_task_8/case_packet.md
v1.2.2:banking:user_task_4:injection_task_0,banking,user_task_4,injection_task_0,通过,通过,通过,不通过,不通过,不通过,类内方法可读但全局来源仍不完整,不通过,通过,不符合设计，必须重建packet后才能draft,OFFICIAL_SOURCE_CONTENT_NOT_MATERIALIZED;NATIVE_RUNNER_AND_AGGREGATION_NOT_IN_PACKET;STATE_SCHEMA_DESCRIPTOR_ONLY;POSTRUN_ARTIFACT_INVENTORY_ABSENT;STRONGER_SPLIT_NOT_RELIABLY_DERIVABLE,,/Users/gss/Downloads/revised_agent_benchmark_paper_package/experiments/agentdojo_full_v1.2.2_direct/case_packets/agentdojo/v1.2.2_banking_user_task_4_injection_task_0/case_packet.md
v1.2.2:banking:user_task_4:injection_task_1,banking,user_task_4,injection_task_1,通过,通过,通过,不通过,不通过,不通过,类内方法可读但全局来源仍不完整,不通过,通过,不符合设计，必须重建packet后才能draft,OFFICIAL_SOURCE_CONTENT_NOT_MATERIALIZED;NATIVE_RUNNER_AND_AGGREGATION_NOT_IN_PACKET;STATE_SCHEMA_DESCRIPTOR_ONLY;POSTRUN_ARTIFACT_INVENTORY_ABSENT;STRONGER_SPLIT_NOT_RELIABLY_DERIVABLE,,/Users/gss/Downloads/revised_agent_benchmark_paper_package/experiments/agentdojo_full_v1.2.2_direct/case_packets/agentdojo/v1.2.2_banking_user_task_4_injection_task_1/case_packet.md
v1.2.2:banking:user_task_4:injection_task_2,banking,user_task_4,injection_task_2,通过,通过,通过,不通过,不通过,不通过,类内方法可读但全局来源仍不完整,不通过,通过,不符合设计，必须重建packet后才能draft,OFFICIAL_SOURCE_CONTENT_NOT_MATERIALIZED;NATIVE_RUNNER_AND_AGGREGATION_NOT_IN_PACKET;STATE_SCHEMA_DESCRIPTOR_ONLY;POSTRUN_ARTIFACT_INVENTORY_ABSENT;STRONGER_SPLIT_NOT_RELIABLY_DERIVABLE,,/Users/gss/Downloads/revised_agent_benchmark_paper_package/experiments/agentdojo_full_v1.2.2_direct/case_packets/agentdojo/v1.2.2_banking_user_task_4_injection_task_2/case_packet.md
v1.2.2:banking:user_task_4:injection_task_3,banking,user_task_4,injection_task_3,通过,通过,通过,不通过,不通过,不通过,类内方法可读但全局来源仍不完整,不通过,通过,不符合设计，必须重建packet后才能draft,OFFICIAL_SOURCE_CONTENT_NOT_MATERIALIZED;NATIVE_RUNNER_AND_AGGREGATION_NOT_IN_PACKET;STATE_SCHEMA_DESCRIPTOR_ONLY;POSTRUN_ARTIFACT_INVENTORY_ABSENT;STRONGER_SPLIT_NOT_RELIABLY_DERIVABLE,,/Users/gss/Downloads/revised_agent_benchmark_paper_package/experiments/agentdojo_full_v1.2.2_direct/case_packets/agentdojo/v1.2.2_banking_user_task_4_injection_task_3/case_packet.md
v1.2.2:banking:user_task_4:injection_task_4,banking,user_task_4,injection_task_4,通过,通过,通过,不通过,不通过,不通过,类内方法可读但全局来源仍不完整,不通过,通过,不符合设计，必须重建packet后才能draft,OFFICIAL_SOURCE_CONTENT_NOT_MATERIALIZED;NATIVE_RUNNER_AND_AGGREGATION_NOT_IN_PACKET;STATE_SCHEMA_DESCRIPTOR_ONLY;POSTRUN_ARTIFACT_INVENTORY_ABSENT;STRONGER_SPLIT_NOT_RELIABLY_DERIVABLE,,/Users/gss/Downloads/revised_agent_benchmark_paper_package/experiments/agentdojo_full_v1.2.2_direct/case_packets/agentdojo/v1.2.2_banking_user_task_4_injection_task_4/case_packet.md
v1.2.2:banking:user_task_4:injection_task_5,banking,user_task_4,injection_task_5,通过,通过,通过,不通过,不通过,不通过,类内方法可读但全局来源仍不完整,不通过,通过,不符合设计，必须重建packet后才能draft,OFFICIAL_SOURCE_CONTENT_NOT_MATERIALIZED;NATIVE_RUNNER_AND_AGGREGATION_NOT_IN_PACKET;STATE_SCHEMA_DESCRIPTOR_ONLY;POSTRUN_ARTIFACT_INVENTORY_ABSENT;STRONGER_SPLIT_NOT_RELIABLY_DERIVABLE,,/Users/gss/Downloads/revised_agent_benchmark_paper_package/experiments/agentdojo_full_v1.2.2_direct/case_packets/agentdojo/v1.2.2_banking_user_task_4_injection_task_5/case_packet.md
v1.2.2:banking:user_task_4:injection_task_6,banking,user_task_4,injection_task_6,通过,通过,通过,不通过,不通过,不通过,类内方法可读但全局来源仍不完整,不通过,通过,不符合设计，必须重建packet后才能draft,OFFICIAL_SOURCE_CONTENT_NOT_MATERIALIZED;NATIVE_RUNNER_AND_AGGREGATION_NOT_IN_PACKET;STATE_SCHEMA_DESCRIPTOR_ONLY;POSTRUN_ARTIFACT_INVENTORY_ABSENT;STRONGER_SPLIT_NOT_RELIABLY_DERIVABLE,,/Users/gss/Downloads/revised_agent_benchmark_paper_package/experiments/agentdojo_full_v1.2.2_direct/case_packets/agentdojo/v1.2.2_banking_user_task_4_injection_task_6/case_packet.md
v1.2.2:banking:user_task_4:injection_task_7,banking,user_task_4,injection_task_7,通过,通过,通过,不通过,不通过,不通过,类内方法可读但全局来源仍不完整,不通过,通过,不符合设计，必须重建packet后才能draft,OFFICIAL_SOURCE_CONTENT_NOT_MATERIALIZED;NATIVE_RUNNER_AND_AGGREGATION_NOT_IN_PACKET;STATE_SCHEMA_DESCRIPTOR_ONLY;POSTRUN_ARTIFACT_INVENTORY_ABSENT;STRONGER_SPLIT_NOT_RELIABLY_DERIVABLE,,/Users/gss/Downloads/revised_agent_benchmark_paper_package/experiments/agentdojo_full_v1.2.2_direct/case_packets/agentdojo/v1.2.2_banking_user_task_4_injection_task_7/case_packet.md
v1.2.2:banking:user_task_4:injection_task_8,banking,user_task_4,injection_task_8,通过,通过,通过,不通过,不通过,不通过,类内方法可读但全局来源仍不完整,不通过,通过,不符合设计，必须重建packet后才能draft,OFFICIAL_SOURCE_CONTENT_NOT_MATERIALIZED;NATIVE_RUNNER_AND_AGGREGATION_NOT_IN_PACKET;STATE_SCHEMA_DESCRIPTOR_ONLY;POSTRUN_ARTIFACT_INVENTORY_ABSENT;STRONGER_SPLIT_NOT_RELIABLY_DERIVABLE,,/Users/gss/Downloads/revised_agent_benchmark_paper_package/experiments/agentdojo_full_v1.2.2_direct/case_packets/agentdojo/v1.2.2_banking_user_task_4_injection_task_8/case_packet.md
v1.2.2:banking:user_task_5:injection_task_0,banking,user_task_5,injection_task_0,通过,通过,通过,不通过,不通过,不通过,类内方法可读但全局来源仍不完整,不通过,通过,不符合设计，必须重建packet后才能draft,OFFICIAL_SOURCE_CONTENT_NOT_MATERIALIZED;NATIVE_RUNNER_AND_AGGREGATION_NOT_IN_PACKET;STATE_SCHEMA_DESCRIPTOR_ONLY;POSTRUN_ARTIFACT_INVENTORY_ABSENT;STRONGER_SPLIT_NOT_RELIABLY_DERIVABLE,,/Users/gss/Downloads/revised_agent_benchmark_paper_package/experiments/agentdojo_full_v1.2.2_direct/case_packets/agentdojo/v1.2.2_banking_user_task_5_injection_task_0/case_packet.md
v1.2.2:banking:user_task_5:injection_task_1,banking,user_task_5,injection_task_1,通过,通过,通过,不通过,不通过,不通过,类内方法可读但全局来源仍不完整,不通过,通过,不符合设计，必须重建packet后才能draft,OFFICIAL_SOURCE_CONTENT_NOT_MATERIALIZED;NATIVE_RUNNER_AND_AGGREGATION_NOT_IN_PACKET;STATE_SCHEMA_DESCRIPTOR_ONLY;POSTRUN_ARTIFACT_INVENTORY_ABSENT;STRONGER_SPLIT_NOT_RELIABLY_DERIVABLE,,/Users/gss/Downloads/revised_agent_benchmark_paper_package/experiments/agentdojo_full_v1.2.2_direct/case_packets/agentdojo/v1.2.2_banking_user_task_5_injection_task_1/case_packet.md
v1.2.2:banking:user_task_5:injection_task_2,banking,user_task_5,injection_task_2,通过,通过,通过,不通过,不通过,不通过,类内方法可读但全局来源仍不完整,不通过,通过,不符合设计，必须重建packet后才能draft,OFFICIAL_SOURCE_CONTENT_NOT_MATERIALIZED;NATIVE_RUNNER_AND_AGGREGATION_NOT_IN_PACKET;STATE_SCHEMA_DESCRIPTOR_ONLY;POSTRUN_ARTIFACT_INVENTORY_ABSENT;STRONGER_SPLIT_NOT_RELIABLY_DERIVABLE,,/Users/gss/Downloads/revised_agent_benchmark_paper_package/experiments/agentdojo_full_v1.2.2_direct/case_packets/agentdojo/v1.2.2_banking_user_task_5_injection_task_2/case_packet.md
v1.2.2:banking:user_task_5:injection_task_3,banking,user_task_5,injection_task_3,通过,通过,通过,不通过,不通过,不通过,类内方法可读但全局来源仍不完整,不通过,通过,不符合设计，必须重建packet后才能draft,OFFICIAL_SOURCE_CONTENT_NOT_MATERIALIZED;NATIVE_RUNNER_AND_AGGREGATION_NOT_IN_PACKET;STATE_SCHEMA_DESCRIPTOR_ONLY;POSTRUN_ARTIFACT_INVENTORY_ABSENT;STRONGER_SPLIT_NOT_RELIABLY_DERIVABLE,,/Users/gss/Downloads/revised_agent_benchmark_paper_package/experiments/agentdojo_full_v1.2.2_direct/case_packets/agentdojo/v1.2.2_banking_user_task_5_injection_task_3/case_packet.md
v1.2.2:banking:user_task_5:injection_task_4,banking,user_task_5,injection_task_4,通过,通过,通过,不通过,不通过,不通过,类内方法可读但全局来源仍不完整,不通过,通过,不符合设计，必须重建packet后才能draft,OFFICIAL_SOURCE_CONTENT_NOT_MATERIALIZED;NATIVE_RUNNER_AND_AGGREGATION_NOT_IN_PACKET;STATE_SCHEMA_DESCRIPTOR_ONLY;POSTRUN_ARTIFACT_INVENTORY_ABSENT;STRONGER_SPLIT_NOT_RELIABLY_DERIVABLE,,/Users/gss/Downloads/revised_agent_benchmark_paper_package/experiments/agentdojo_full_v1.2.2_direct/case_packets/agentdojo/v1.2.2_banking_user_task_5_injection_task_4/case_packet.md
v1.2.2:banking:user_task_5:injection_task_6,banking,user_task_5,injection_task_6,通过,通过,通过,不通过,不通过,不通过,类内方法可读但全局来源仍不完整,不通过,通过,不符合设计，必须重建packet后才能draft,OFFICIAL_SOURCE_CONTENT_NOT_MATERIALIZED;NATIVE_RUNNER_AND_AGGREGATION_NOT_IN_PACKET;STATE_SCHEMA_DESCRIPTOR_ONLY;POSTRUN_ARTIFACT_INVENTORY_ABSENT;STRONGER_SPLIT_NOT_RELIABLY_DERIVABLE,,/Users/gss/Downloads/revised_agent_benchmark_paper_package/experiments/agentdojo_full_v1.2.2_direct/case_packets/agentdojo/v1.2.2_banking_user_task_5_injection_task_6/case_packet.md
v1.2.2:banking:user_task_5:injection_task_7,banking,user_task_5,injection_task_7,通过,通过,通过,不通过,不通过,不通过,类内方法可读但全局来源仍不完整,不通过,通过,不符合设计，必须重建packet后才能draft,OFFICIAL_SOURCE_CONTENT_NOT_MATERIALIZED;NATIVE_RUNNER_AND_AGGREGATION_NOT_IN_PACKET;STATE_SCHEMA_DESCRIPTOR_ONLY;POSTRUN_ARTIFACT_INVENTORY_ABSENT;STRONGER_SPLIT_NOT_RELIABLY_DERIVABLE,,/Users/gss/Downloads/revised_agent_benchmark_paper_package/experiments/agentdojo_full_v1.2.2_direct/case_packets/agentdojo/v1.2.2_banking_user_task_5_injection_task_7/case_packet.md
v1.2.2:banking:user_task_5:injection_task_8,banking,user_task_5,injection_task_8,通过,通过,通过,不通过,不通过,不通过,类内方法可读但全局来源仍不完整,不通过,通过,不符合设计，必须重建packet后才能draft,OFFICIAL_SOURCE_CONTENT_NOT_MATERIALIZED;NATIVE_RUNNER_AND_AGGREGATION_NOT_IN_PACKET;STATE_SCHEMA_DESCRIPTOR_ONLY;POSTRUN_ARTIFACT_INVENTORY_ABSENT;STRONGER_SPLIT_NOT_RELIABLY_DERIVABLE,,/Users/gss/Downloads/revised_agent_benchmark_paper_package/experiments/agentdojo_full_v1.2.2_direct/case_packets/agentdojo/v1.2.2_banking_user_task_5_injection_task_8/case_packet.md
v1.2.2:banking:user_task_6:injection_task_0,banking,user_task_6,injection_task_0,通过,通过,通过,不通过,不通过,不通过,不通过,不通过,通过,不符合设计，必须重建packet后才能draft,OFFICIAL_SOURCE_CONTENT_NOT_MATERIALIZED;NATIVE_RUNNER_AND_AGGREGATION_NOT_IN_PACKET;STATE_SCHEMA_DESCRIPTOR_ONLY;POSTRUN_ARTIFACT_INVENTORY_ABSENT;STRONGER_SPLIT_NOT_RELIABLY_DERIVABLE;USER_EVALUATOR_HELPER_SOURCE_MISSING,用户 evaluator helper:find_element@agentdojo.default_suites.v1_2_2.banking.user_tasks,/Users/gss/Downloads/revised_agent_benchmark_paper_package/experiments/agentdojo_full_v1.2.2_direct/case_packets/agentdojo/v1.2.2_banking_user_task_6_injection_task_0/case_packet.md
v1.2.2:banking:user_task_6:injection_task_2,banking,user_task_6,injection_task_2,通过,通过,通过,不通过,不通过,不通过,不通过,不通过,通过,不符合设计，必须重建packet后才能draft,OFFICIAL_SOURCE_CONTENT_NOT_MATERIALIZED;NATIVE_RUNNER_AND_AGGREGATION_NOT_IN_PACKET;STATE_SCHEMA_DESCRIPTOR_ONLY;POSTRUN_ARTIFACT_INVENTORY_ABSENT;STRONGER_SPLIT_NOT_RELIABLY_DERIVABLE;USER_EVALUATOR_HELPER_SOURCE_MISSING,用户 evaluator helper:find_element@agentdojo.default_suites.v1_2_2.banking.user_tasks,/Users/gss/Downloads/revised_agent_benchmark_paper_package/experiments/agentdojo_full_v1.2.2_direct/case_packets/agentdojo/v1.2.2_banking_user_task_6_injection_task_2/case_packet.md
v1.2.2:banking:user_task_6:injection_task_3,banking,user_task_6,injection_task_3,通过,通过,通过,不通过,不通过,不通过,不通过,不通过,通过,不符合设计，必须重建packet后才能draft,OFFICIAL_SOURCE_CONTENT_NOT_MATERIALIZED;NATIVE_RUNNER_AND_AGGREGATION_NOT_IN_PACKET;STATE_SCHEMA_DESCRIPTOR_ONLY;POSTRUN_ARTIFACT_INVENTORY_ABSENT;STRONGER_SPLIT_NOT_RELIABLY_DERIVABLE;USER_EVALUATOR_HELPER_SOURCE_MISSING,用户 evaluator helper:find_element@agentdojo.default_suites.v1_2_2.banking.user_tasks,/Users/gss/Downloads/revised_agent_benchmark_paper_package/experiments/agentdojo_full_v1.2.2_direct/case_packets/agentdojo/v1.2.2_banking_user_task_6_injection_task_3/case_packet.md
v1.2.2:banking:user_task_6:injection_task_4,banking,user_task_6,injection_task_4,通过,通过,通过,不通过,不通过,不通过,不通过,不通过,通过,不符合设计，必须重建packet后才能draft,OFFICIAL_SOURCE_CONTENT_NOT_MATERIALIZED;NATIVE_RUNNER_AND_AGGREGATION_NOT_IN_PACKET;STATE_SCHEMA_DESCRIPTOR_ONLY;POSTRUN_ARTIFACT_INVENTORY_ABSENT;STRONGER_SPLIT_NOT_RELIABLY_DERIVABLE;USER_EVALUATOR_HELPER_SOURCE_MISSING,用户 evaluator helper:find_element@agentdojo.default_suites.v1_2_2.banking.user_tasks,/Users/gss/Downloads/revised_agent_benchmark_paper_package/experiments/agentdojo_full_v1.2.2_direct/case_packets/agentdojo/v1.2.2_banking_user_task_6_injection_task_4/case_packet.md
v1.2.2:banking:user_task_6:injection_task_5,banking,user_task_6,injection_task_5,通过,通过,通过,不通过,不通过,不通过,不通过,不通过,通过,不符合设计，必须重建packet后才能draft,OFFICIAL_SOURCE_CONTENT_NOT_MATERIALIZED;NATIVE_RUNNER_AND_AGGREGATION_NOT_IN_PACKET;STATE_SCHEMA_DESCRIPTOR_ONLY;POSTRUN_ARTIFACT_INVENTORY_ABSENT;STRONGER_SPLIT_NOT_RELIABLY_DERIVABLE;USER_EVALUATOR_HELPER_SOURCE_MISSING,用户 evaluator helper:find_element@agentdojo.default_suites.v1_2_2.banking.user_tasks,/Users/gss/Downloads/revised_agent_benchmark_paper_package/experiments/agentdojo_full_v1.2.2_direct/case_packets/agentdojo/v1.2.2_banking_user_task_6_injection_task_5/case_packet.md
v1.2.2:banking:user_task_6:injection_task_6,banking,user_task_6,injection_task_6,通过,通过,通过,不通过,不通过,不通过,不通过,不通过,通过,不符合设计，必须重建packet后才能draft,OFFICIAL_SOURCE_CONTENT_NOT_MATERIALIZED;NATIVE_RUNNER_AND_AGGREGATION_NOT_IN_PACKET;STATE_SCHEMA_DESCRIPTOR_ONLY;POSTRUN_ARTIFACT_INVENTORY_ABSENT;STRONGER_SPLIT_NOT_RELIABLY_DERIVABLE;USER_EVALUATOR_HELPER_SOURCE_MISSING,用户 evaluator helper:find_element@agentdojo.default_suites.v1_2_2.banking.user_tasks,/Users/gss/Downloads/revised_agent_benchmark_paper_package/experiments/agentdojo_full_v1.2.2_direct/case_packets/agentdojo/v1.2.2_banking_user_task_6_injection_task_6/case_packet.md
v1.2.2:banking:user_task_6:injection_task_7,banking,user_task_6,injection_task_7,通过,通过,通过,不通过,不通过,不通过,不通过,不通过,通过,不符合设计，必须重建packet后才能draft,OFFICIAL_SOURCE_CONTENT_NOT_MATERIALIZED;NATIVE_RUNNER_AND_AGGREGATION_NOT_IN_PACKET;STATE_SCHEMA_DESCRIPTOR_ONLY;POSTRUN_ARTIFACT_INVENTORY_ABSENT;STRONGER_SPLIT_NOT_RELIABLY_DERIVABLE;USER_EVALUATOR_HELPER_SOURCE_MISSING,用户 evaluator helper:find_element@agentdojo.default_suites.v1_2_2.banking.user_tasks,/Users/gss/Downloads/revised_agent_benchmark_paper_package/experiments/agentdojo_full_v1.2.2_direct/case_packets/agentdojo/v1.2.2_banking_user_task_6_injection_task_7/case_packet.md
v1.2.2:banking:user_task_6:injection_task_8,banking,user_task_6,injection_task_8,通过,通过,通过,不通过,不通过,不通过,不通过,不通过,通过,不符合设计，必须重建packet后才能draft,OFFICIAL_SOURCE_CONTENT_NOT_MATERIALIZED;NATIVE_RUNNER_AND_AGGREGATION_NOT_IN_PACKET;STATE_SCHEMA_DESCRIPTOR_ONLY;POSTRUN_ARTIFACT_INVENTORY_ABSENT;STRONGER_SPLIT_NOT_RELIABLY_DERIVABLE;USER_EVALUATOR_HELPER_SOURCE_MISSING,用户 evaluator helper:find_element@agentdojo.default_suites.v1_2_2.banking.user_tasks,/Users/gss/Downloads/revised_agent_benchmark_paper_package/experiments/agentdojo_full_v1.2.2_direct/case_packets/agentdojo/v1.2.2_banking_user_task_6_injection_task_8/case_packet.md
v1.2.2:banking:user_task_7:injection_task_0,banking,user_task_7,injection_task_0,通过,通过,通过,不通过,不通过,不通过,类内方法可读但全局来源仍不完整,不通过,通过,不符合设计，必须重建packet后才能draft,OFFICIAL_SOURCE_CONTENT_NOT_MATERIALIZED;NATIVE_RUNNER_AND_AGGREGATION_NOT_IN_PACKET;STATE_SCHEMA_DESCRIPTOR_ONLY;POSTRUN_ARTIFACT_INVENTORY_ABSENT;STRONGER_SPLIT_NOT_RELIABLY_DERIVABLE,,/Users/gss/Downloads/revised_agent_benchmark_paper_package/experiments/agentdojo_full_v1.2.2_direct/case_packets/agentdojo/v1.2.2_banking_user_task_7_injection_task_0/case_packet.md
v1.2.2:banking:user_task_7:injection_task_1,banking,user_task_7,injection_task_1,通过,通过,通过,不通过,不通过,不通过,类内方法可读但全局来源仍不完整,不通过,通过,不符合设计，必须重建packet后才能draft,OFFICIAL_SOURCE_CONTENT_NOT_MATERIALIZED;NATIVE_RUNNER_AND_AGGREGATION_NOT_IN_PACKET;STATE_SCHEMA_DESCRIPTOR_ONLY;POSTRUN_ARTIFACT_INVENTORY_ABSENT;STRONGER_SPLIT_NOT_RELIABLY_DERIVABLE,,/Users/gss/Downloads/revised_agent_benchmark_paper_package/experiments/agentdojo_full_v1.2.2_direct/case_packets/agentdojo/v1.2.2_banking_user_task_7_injection_task_1/case_packet.md
v1.2.2:banking:user_task_7:injection_task_2,banking,user_task_7,injection_task_2,通过,通过,通过,不通过,不通过,不通过,类内方法可读但全局来源仍不完整,不通过,通过,不符合设计，必须重建packet后才能draft,OFFICIAL_SOURCE_CONTENT_NOT_MATERIALIZED;NATIVE_RUNNER_AND_AGGREGATION_NOT_IN_PACKET;STATE_SCHEMA_DESCRIPTOR_ONLY;POSTRUN_ARTIFACT_INVENTORY_ABSENT;STRONGER_SPLIT_NOT_RELIABLY_DERIVABLE,,/Users/gss/Downloads/revised_agent_benchmark_paper_package/experiments/agentdojo_full_v1.2.2_direct/case_packets/agentdojo/v1.2.2_banking_user_task_7_injection_task_2/case_packet.md
v1.2.2:banking:user_task_7:injection_task_3,banking,user_task_7,injection_task_3,通过,通过,通过,不通过,不通过,不通过,类内方法可读但全局来源仍不完整,不通过,通过,不符合设计，必须重建packet后才能draft,OFFICIAL_SOURCE_CONTENT_NOT_MATERIALIZED;NATIVE_RUNNER_AND_AGGREGATION_NOT_IN_PACKET;STATE_SCHEMA_DESCRIPTOR_ONLY;POSTRUN_ARTIFACT_INVENTORY_ABSENT;STRONGER_SPLIT_NOT_RELIABLY_DERIVABLE,,/Users/gss/Downloads/revised_agent_benchmark_paper_package/experiments/agentdojo_full_v1.2.2_direct/case_packets/agentdojo/v1.2.2_banking_user_task_7_injection_task_3/case_packet.md
v1.2.2:banking:user_task_7:injection_task_4,banking,user_task_7,injection_task_4,通过,通过,通过,不通过,不通过,不通过,类内方法可读但全局来源仍不完整,不通过,通过,不符合设计，必须重建packet后才能draft,OFFICIAL_SOURCE_CONTENT_NOT_MATERIALIZED;NATIVE_RUNNER_AND_AGGREGATION_NOT_IN_PACKET;STATE_SCHEMA_DESCRIPTOR_ONLY;POSTRUN_ARTIFACT_INVENTORY_ABSENT;STRONGER_SPLIT_NOT_RELIABLY_DERIVABLE,,/Users/gss/Downloads/revised_agent_benchmark_paper_package/experiments/agentdojo_full_v1.2.2_direct/case_packets/agentdojo/v1.2.2_banking_user_task_7_injection_task_4/case_packet.md
v1.2.2:banking:user_task_7:injection_task_5,banking,user_task_7,injection_task_5,通过,通过,通过,不通过,不通过,不通过,类内方法可读但全局来源仍不完整,不通过,通过,不符合设计，必须重建packet后才能draft,OFFICIAL_SOURCE_CONTENT_NOT_MATERIALIZED;NATIVE_RUNNER_AND_AGGREGATION_NOT_IN_PACKET;STATE_SCHEMA_DESCRIPTOR_ONLY;POSTRUN_ARTIFACT_INVENTORY_ABSENT;STRONGER_SPLIT_NOT_RELIABLY_DERIVABLE,,/Users/gss/Downloads/revised_agent_benchmark_paper_package/experiments/agentdojo_full_v1.2.2_direct/case_packets/agentdojo/v1.2.2_banking_user_task_7_injection_task_5/case_packet.md
v1.2.2:banking:user_task_7:injection_task_6,banking,user_task_7,injection_task_6,通过,通过,通过,不通过,不通过,不通过,类内方法可读但全局来源仍不完整,不通过,通过,不符合设计，必须重建packet后才能draft,OFFICIAL_SOURCE_CONTENT_NOT_MATERIALIZED;NATIVE_RUNNER_AND_AGGREGATION_NOT_IN_PACKET;STATE_SCHEMA_DESCRIPTOR_ONLY;POSTRUN_ARTIFACT_INVENTORY_ABSENT;STRONGER_SPLIT_NOT_RELIABLY_DERIVABLE,,/Users/gss/Downloads/revised_agent_benchmark_paper_package/experiments/agentdojo_full_v1.2.2_direct/case_packets/agentdojo/v1.2.2_banking_user_task_7_injection_task_6/case_packet.md
v1.2.2:banking:user_task_7:injection_task_7,banking,user_task_7,injection_task_7,通过,通过,通过,不通过,不通过,不通过,类内方法可读但全局来源仍不完整,不通过,通过,不符合设计，必须重建packet后才能draft,OFFICIAL_SOURCE_CONTENT_NOT_MATERIALIZED;NATIVE_RUNNER_AND_AGGREGATION_NOT_IN_PACKET;STATE_SCHEMA_DESCRIPTOR_ONLY;POSTRUN_ARTIFACT_INVENTORY_ABSENT;STRONGER_SPLIT_NOT_RELIABLY_DERIVABLE,,/Users/gss/Downloads/revised_agent_benchmark_paper_package/experiments/agentdojo_full_v1.2.2_direct/case_packets/agentdojo/v1.2.2_banking_user_task_7_injection_task_7/case_packet.md
v1.2.2:banking:user_task_7:injection_task_8,banking,user_task_7,injection_task_8,通过,通过,通过,不通过,不通过,不通过,类内方法可读但全局来源仍不完整,不通过,通过,不符合设计，必须重建packet后才能draft,OFFICIAL_SOURCE_CONTENT_NOT_MATERIALIZED;NATIVE_RUNNER_AND_AGGREGATION_NOT_IN_PACKET;STATE_SCHEMA_DESCRIPTOR_ONLY;POSTRUN_ARTIFACT_INVENTORY_ABSENT;STRONGER_SPLIT_NOT_RELIABLY_DERIVABLE,,/Users/gss/Downloads/revised_agent_benchmark_paper_package/experiments/agentdojo_full_v1.2.2_direct/case_packets/agentdojo/v1.2.2_banking_user_task_7_injection_task_8/case_packet.md
v1.2.2:banking:user_task_8:injection_task_0,banking,user_task_8,injection_task_0,通过,通过,通过,不通过,不通过,不通过,类内方法可读但全局来源仍不完整,不通过,通过,不符合设计，必须重建packet后才能draft,OFFICIAL_SOURCE_CONTENT_NOT_MATERIALIZED;NATIVE_RUNNER_AND_AGGREGATION_NOT_IN_PACKET;STATE_SCHEMA_DESCRIPTOR_ONLY;POSTRUN_ARTIFACT_INVENTORY_ABSENT;STRONGER_SPLIT_NOT_RELIABLY_DERIVABLE,,/Users/gss/Downloads/revised_agent_benchmark_paper_package/experiments/agentdojo_full_v1.2.2_direct/case_packets/agentdojo/v1.2.2_banking_user_task_8_injection_task_0/case_packet.md
v1.2.2:banking:user_task_8:injection_task_1,banking,user_task_8,injection_task_1,通过,通过,通过,不通过,不通过,不通过,类内方法可读但全局来源仍不完整,不通过,通过,不符合设计，必须重建packet后才能draft,OFFICIAL_SOURCE_CONTENT_NOT_MATERIALIZED;NATIVE_RUNNER_AND_AGGREGATION_NOT_IN_PACKET;STATE_SCHEMA_DESCRIPTOR_ONLY;POSTRUN_ARTIFACT_INVENTORY_ABSENT;STRONGER_SPLIT_NOT_RELIABLY_DERIVABLE,,/Users/gss/Downloads/revised_agent_benchmark_paper_package/experiments/agentdojo_full_v1.2.2_direct/case_packets/agentdojo/v1.2.2_banking_user_task_8_injection_task_1/case_packet.md
v1.2.2:banking:user_task_8:injection_task_2,banking,user_task_8,injection_task_2,通过,通过,通过,不通过,不通过,不通过,类内方法可读但全局来源仍不完整,不通过,通过,不符合设计，必须重建packet后才能draft,OFFICIAL_SOURCE_CONTENT_NOT_MATERIALIZED;NATIVE_RUNNER_AND_AGGREGATION_NOT_IN_PACKET;STATE_SCHEMA_DESCRIPTOR_ONLY;POSTRUN_ARTIFACT_INVENTORY_ABSENT;STRONGER_SPLIT_NOT_RELIABLY_DERIVABLE,,/Users/gss/Downloads/revised_agent_benchmark_paper_package/experiments/agentdojo_full_v1.2.2_direct/case_packets/agentdojo/v1.2.2_banking_user_task_8_injection_task_2/case_packet.md
v1.2.2:banking:user_task_8:injection_task_3,banking,user_task_8,injection_task_3,通过,通过,通过,不通过,不通过,不通过,类内方法可读但全局来源仍不完整,不通过,通过,不符合设计，必须重建packet后才能draft,OFFICIAL_SOURCE_CONTENT_NOT_MATERIALIZED;NATIVE_RUNNER_AND_AGGREGATION_NOT_IN_PACKET;STATE_SCHEMA_DESCRIPTOR_ONLY;POSTRUN_ARTIFACT_INVENTORY_ABSENT;STRONGER_SPLIT_NOT_RELIABLY_DERIVABLE,,/Users/gss/Downloads/revised_agent_benchmark_paper_package/experiments/agentdojo_full_v1.2.2_direct/case_packets/agentdojo/v1.2.2_banking_user_task_8_injection_task_3/case_packet.md
v1.2.2:banking:user_task_8:injection_task_4,banking,user_task_8,injection_task_4,通过,通过,通过,不通过,不通过,不通过,类内方法可读但全局来源仍不完整,不通过,通过,不符合设计，必须重建packet后才能draft,OFFICIAL_SOURCE_CONTENT_NOT_MATERIALIZED;NATIVE_RUNNER_AND_AGGREGATION_NOT_IN_PACKET;STATE_SCHEMA_DESCRIPTOR_ONLY;POSTRUN_ARTIFACT_INVENTORY_ABSENT;STRONGER_SPLIT_NOT_RELIABLY_DERIVABLE,,/Users/gss/Downloads/revised_agent_benchmark_paper_package/experiments/agentdojo_full_v1.2.2_direct/case_packets/agentdojo/v1.2.2_banking_user_task_8_injection_task_4/case_packet.md
v1.2.2:banking:user_task_8:injection_task_5,banking,user_task_8,injection_task_5,通过,通过,通过,不通过,不通过,不通过,类内方法可读但全局来源仍不完整,不通过,通过,不符合设计，必须重建packet后才能draft,OFFICIAL_SOURCE_CONTENT_NOT_MATERIALIZED;NATIVE_RUNNER_AND_AGGREGATION_NOT_IN_PACKET;STATE_SCHEMA_DESCRIPTOR_ONLY;POSTRUN_ARTIFACT_INVENTORY_ABSENT;STRONGER_SPLIT_NOT_RELIABLY_DERIVABLE,,/Users/gss/Downloads/revised_agent_benchmark_paper_package/experiments/agentdojo_full_v1.2.2_direct/case_packets/agentdojo/v1.2.2_banking_user_task_8_injection_task_5/case_packet.md
v1.2.2:banking:user_task_8:injection_task_7,banking,user_task_8,injection_task_7,通过,通过,通过,不通过,不通过,不通过,类内方法可读但全局来源仍不完整,不通过,通过,不符合设计，必须重建packet后才能draft,OFFICIAL_SOURCE_CONTENT_NOT_MATERIALIZED;NATIVE_RUNNER_AND_AGGREGATION_NOT_IN_PACKET;STATE_SCHEMA_DESCRIPTOR_ONLY;POSTRUN_ARTIFACT_INVENTORY_ABSENT;STRONGER_SPLIT_NOT_RELIABLY_DERIVABLE,,/Users/gss/Downloads/revised_agent_benchmark_paper_package/experiments/agentdojo_full_v1.2.2_direct/case_packets/agentdojo/v1.2.2_banking_user_task_8_injection_task_7/case_packet.md
v1.2.2:banking:user_task_9:injection_task_0,banking,user_task_9,injection_task_0,通过,通过,通过,不通过,不通过,不通过,不通过,不通过,通过,不符合设计，必须重建packet后才能draft,OFFICIAL_SOURCE_CONTENT_NOT_MATERIALIZED;NATIVE_RUNNER_AND_AGGREGATION_NOT_IN_PACKET;STATE_SCHEMA_DESCRIPTOR_ONLY;POSTRUN_ARTIFACT_INVENTORY_ABSENT;STRONGER_SPLIT_NOT_RELIABLY_DERIVABLE;USER_EVALUATOR_HELPER_SOURCE_MISSING,用户 evaluator helper:find_element@agentdojo.default_suites.v1.banking.user_tasks,/Users/gss/Downloads/revised_agent_benchmark_paper_package/experiments/agentdojo_full_v1.2.2_direct/case_packets/agentdojo/v1.2.2_banking_user_task_9_injection_task_0/case_packet.md
v1.2.2:banking:user_task_9:injection_task_1,banking,user_task_9,injection_task_1,通过,通过,通过,不通过,不通过,不通过,不通过,不通过,通过,不符合设计，必须重建packet后才能draft,OFFICIAL_SOURCE_CONTENT_NOT_MATERIALIZED;NATIVE_RUNNER_AND_AGGREGATION_NOT_IN_PACKET;STATE_SCHEMA_DESCRIPTOR_ONLY;POSTRUN_ARTIFACT_INVENTORY_ABSENT;STRONGER_SPLIT_NOT_RELIABLY_DERIVABLE;USER_EVALUATOR_HELPER_SOURCE_MISSING,用户 evaluator helper:find_element@agentdojo.default_suites.v1.banking.user_tasks,/Users/gss/Downloads/revised_agent_benchmark_paper_package/experiments/agentdojo_full_v1.2.2_direct/case_packets/agentdojo/v1.2.2_banking_user_task_9_injection_task_1/case_packet.md
v1.2.2:banking:user_task_9:injection_task_3,banking,user_task_9,injection_task_3,通过,通过,通过,不通过,不通过,不通过,不通过,不通过,通过,不符合设计，必须重建packet后才能draft,OFFICIAL_SOURCE_CONTENT_NOT_MATERIALIZED;NATIVE_RUNNER_AND_AGGREGATION_NOT_IN_PACKET;STATE_SCHEMA_DESCRIPTOR_ONLY;POSTRUN_ARTIFACT_INVENTORY_ABSENT;STRONGER_SPLIT_NOT_RELIABLY_DERIVABLE;USER_EVALUATOR_HELPER_SOURCE_MISSING,用户 evaluator helper:find_element@agentdojo.default_suites.v1.banking.user_tasks,/Users/gss/Downloads/revised_agent_benchmark_paper_package/experiments/agentdojo_full_v1.2.2_direct/case_packets/agentdojo/v1.2.2_banking_user_task_9_injection_task_3/case_packet.md
v1.2.2:banking:user_task_9:injection_task_4,banking,user_task_9,injection_task_4,通过,通过,通过,不通过,不通过,不通过,不通过,不通过,通过,不符合设计，必须重建packet后才能draft,OFFICIAL_SOURCE_CONTENT_NOT_MATERIALIZED;NATIVE_RUNNER_AND_AGGREGATION_NOT_IN_PACKET;STATE_SCHEMA_DESCRIPTOR_ONLY;POSTRUN_ARTIFACT_INVENTORY_ABSENT;STRONGER_SPLIT_NOT_RELIABLY_DERIVABLE;USER_EVALUATOR_HELPER_SOURCE_MISSING,用户 evaluator helper:find_element@agentdojo.default_suites.v1.banking.user_tasks,/Users/gss/Downloads/revised_agent_benchmark_paper_package/experiments/agentdojo_full_v1.2.2_direct/case_packets/agentdojo/v1.2.2_banking_user_task_9_injection_task_4/case_packet.md
v1.2.2:banking:user_task_9:injection_task_5,banking,user_task_9,injection_task_5,通过,通过,通过,不通过,不通过,不通过,不通过,不通过,通过,不符合设计，必须重建packet后才能draft,OFFICIAL_SOURCE_CONTENT_NOT_MATERIALIZED;NATIVE_RUNNER_AND_AGGREGATION_NOT_IN_PACKET;STATE_SCHEMA_DESCRIPTOR_ONLY;POSTRUN_ARTIFACT_INVENTORY_ABSENT;STRONGER_SPLIT_NOT_RELIABLY_DERIVABLE;USER_EVALUATOR_HELPER_SOURCE_MISSING,用户 evaluator helper:find_element@agentdojo.default_suites.v1.banking.user_tasks,/Users/gss/Downloads/revised_agent_benchmark_paper_package/experiments/agentdojo_full_v1.2.2_direct/case_packets/agentdojo/v1.2.2_banking_user_task_9_injection_task_5/case_packet.md
v1.2.2:banking:user_task_9:injection_task_6,banking,user_task_9,injection_task_6,通过,通过,通过,不通过,不通过,不通过,不通过,不通过,通过,不符合设计，必须重建packet后才能draft,OFFICIAL_SOURCE_CONTENT_NOT_MATERIALIZED;NATIVE_RUNNER_AND_AGGREGATION_NOT_IN_PACKET;STATE_SCHEMA_DESCRIPTOR_ONLY;POSTRUN_ARTIFACT_INVENTORY_ABSENT;STRONGER_SPLIT_NOT_RELIABLY_DERIVABLE;USER_EVALUATOR_HELPER_SOURCE_MISSING,用户 evaluator helper:find_element@agentdojo.default_suites.v1.banking.user_tasks,/Users/gss/Downloads/revised_agent_benchmark_paper_package/experiments/agentdojo_full_v1.2.2_direct/case_packets/agentdojo/v1.2.2_banking_user_task_9_injection_task_6/case_packet.md
v1.2.2:banking:user_task_9:injection_task_7,banking,user_task_9,injection_task_7,通过,通过,通过,不通过,不通过,不通过,不通过,不通过,通过,不符合设计，必须重建packet后才能draft,OFFICIAL_SOURCE_CONTENT_NOT_MATERIALIZED;NATIVE_RUNNER_AND_AGGREGATION_NOT_IN_PACKET;STATE_SCHEMA_DESCRIPTOR_ONLY;POSTRUN_ARTIFACT_INVENTORY_ABSENT;STRONGER_SPLIT_NOT_RELIABLY_DERIVABLE;USER_EVALUATOR_HELPER_SOURCE_MISSING,用户 evaluator helper:find_element@agentdojo.default_suites.v1.banking.user_tasks,/Users/gss/Downloads/revised_agent_benchmark_paper_package/experiments/agentdojo_full_v1.2.2_direct/case_packets/agentdojo/v1.2.2_banking_user_task_9_injection_task_7/case_packet.md
v1.2.2:banking:user_task_9:injection_task_8,banking,user_task_9,injection_task_8,通过,通过,通过,不通过,不通过,不通过,不通过,不通过,通过,不符合设计，必须重建packet后才能draft,OFFICIAL_SOURCE_CONTENT_NOT_MATERIALIZED;NATIVE_RUNNER_AND_AGGREGATION_NOT_IN_PACKET;STATE_SCHEMA_DESCRIPTOR_ONLY;POSTRUN_ARTIFACT_INVENTORY_ABSENT;STRONGER_SPLIT_NOT_RELIABLY_DERIVABLE;USER_EVALUATOR_HELPER_SOURCE_MISSING,用户 evaluator helper:find_element@agentdojo.default_suites.v1.banking.user_tasks,/Users/gss/Downloads/revised_agent_benchmark_paper_package/experiments/agentdojo_full_v1.2.2_direct/case_packets/agentdojo/v1.2.2_banking_user_task_9_injection_task_8/case_packet.md
v1.2.2:banking:user_task_10:injection_task_0,banking,user_task_10,injection_task_0,通过,通过,通过,不通过,不通过,不通过,类内方法可读但全局来源仍不完整,不通过,通过,不符合设计，必须重建packet后才能draft,OFFICIAL_SOURCE_CONTENT_NOT_MATERIALIZED;NATIVE_RUNNER_AND_AGGREGATION_NOT_IN_PACKET;STATE_SCHEMA_DESCRIPTOR_ONLY;POSTRUN_ARTIFACT_INVENTORY_ABSENT;STRONGER_SPLIT_NOT_RELIABLY_DERIVABLE,,/Users/gss/Downloads/revised_agent_benchmark_paper_package/experiments/agentdojo_full_v1.2.2_direct/case_packets/agentdojo/v1.2.2_banking_user_task_10_injection_task_0/case_packet.md
v1.2.2:banking:user_task_10:injection_task_2,banking,user_task_10,injection_task_2,通过,通过,通过,不通过,不通过,不通过,类内方法可读但全局来源仍不完整,不通过,通过,不符合设计，必须重建packet后才能draft,OFFICIAL_SOURCE_CONTENT_NOT_MATERIALIZED;NATIVE_RUNNER_AND_AGGREGATION_NOT_IN_PACKET;STATE_SCHEMA_DESCRIPTOR_ONLY;POSTRUN_ARTIFACT_INVENTORY_ABSENT;STRONGER_SPLIT_NOT_RELIABLY_DERIVABLE,,/Users/gss/Downloads/revised_agent_benchmark_paper_package/experiments/agentdojo_full_v1.2.2_direct/case_packets/agentdojo/v1.2.2_banking_user_task_10_injection_task_2/case_packet.md
v1.2.2:banking:user_task_10:injection_task_3,banking,user_task_10,injection_task_3,通过,通过,通过,不通过,不通过,不通过,类内方法可读但全局来源仍不完整,不通过,通过,不符合设计，必须重建packet后才能draft,OFFICIAL_SOURCE_CONTENT_NOT_MATERIALIZED;NATIVE_RUNNER_AND_AGGREGATION_NOT_IN_PACKET;STATE_SCHEMA_DESCRIPTOR_ONLY;POSTRUN_ARTIFACT_INVENTORY_ABSENT;STRONGER_SPLIT_NOT_RELIABLY_DERIVABLE,,/Users/gss/Downloads/revised_agent_benchmark_paper_package/experiments/agentdojo_full_v1.2.2_direct/case_packets/agentdojo/v1.2.2_banking_user_task_10_injection_task_3/case_packet.md
v1.2.2:banking:user_task_10:injection_task_5,banking,user_task_10,injection_task_5,通过,通过,通过,不通过,不通过,不通过,类内方法可读但全局来源仍不完整,不通过,通过,不符合设计，必须重建packet后才能draft,OFFICIAL_SOURCE_CONTENT_NOT_MATERIALIZED;NATIVE_RUNNER_AND_AGGREGATION_NOT_IN_PACKET;STATE_SCHEMA_DESCRIPTOR_ONLY;POSTRUN_ARTIFACT_INVENTORY_ABSENT;STRONGER_SPLIT_NOT_RELIABLY_DERIVABLE,,/Users/gss/Downloads/revised_agent_benchmark_paper_package/experiments/agentdojo_full_v1.2.2_direct/case_packets/agentdojo/v1.2.2_banking_user_task_10_injection_task_5/case_packet.md
v1.2.2:banking:user_task_10:injection_task_8,banking,user_task_10,injection_task_8,通过,通过,通过,不通过,不通过,不通过,类内方法可读但全局来源仍不完整,不通过,通过,不符合设计，必须重建packet后才能draft,OFFICIAL_SOURCE_CONTENT_NOT_MATERIALIZED;NATIVE_RUNNER_AND_AGGREGATION_NOT_IN_PACKET;STATE_SCHEMA_DESCRIPTOR_ONLY;POSTRUN_ARTIFACT_INVENTORY_ABSENT;STRONGER_SPLIT_NOT_RELIABLY_DERIVABLE,,/Users/gss/Downloads/revised_agent_benchmark_paper_package/experiments/agentdojo_full_v1.2.2_direct/case_packets/agentdojo/v1.2.2_banking_user_task_10_injection_task_8/case_packet.md
v1.2.2:banking:user_task_11:injection_task_0,banking,user_task_11,injection_task_0,通过,通过,通过,不通过,不通过,不通过,类内方法可读但全局来源仍不完整,不通过,通过,不符合设计，必须重建packet后才能draft,OFFICIAL_SOURCE_CONTENT_NOT_MATERIALIZED;NATIVE_RUNNER_AND_AGGREGATION_NOT_IN_PACKET;STATE_SCHEMA_DESCRIPTOR_ONLY;POSTRUN_ARTIFACT_INVENTORY_ABSENT;STRONGER_SPLIT_NOT_RELIABLY_DERIVABLE,,/Users/gss/Downloads/revised_agent_benchmark_paper_package/experiments/agentdojo_full_v1.2.2_direct/case_packets/agentdojo/v1.2.2_banking_user_task_11_injection_task_0/case_packet.md
v1.2.2:banking:user_task_11:injection_task_2,banking,user_task_11,injection_task_2,通过,通过,通过,不通过,不通过,不通过,类内方法可读但全局来源仍不完整,不通过,通过,不符合设计，必须重建packet后才能draft,OFFICIAL_SOURCE_CONTENT_NOT_MATERIALIZED;NATIVE_RUNNER_AND_AGGREGATION_NOT_IN_PACKET;STATE_SCHEMA_DESCRIPTOR_ONLY;POSTRUN_ARTIFACT_INVENTORY_ABSENT;STRONGER_SPLIT_NOT_RELIABLY_DERIVABLE,,/Users/gss/Downloads/revised_agent_benchmark_paper_package/experiments/agentdojo_full_v1.2.2_direct/case_packets/agentdojo/v1.2.2_banking_user_task_11_injection_task_2/case_packet.md
v1.2.2:banking:user_task_11:injection_task_3,banking,user_task_11,injection_task_3,通过,通过,通过,不通过,不通过,不通过,类内方法可读但全局来源仍不完整,不通过,通过,不符合设计，必须重建packet后才能draft,OFFICIAL_SOURCE_CONTENT_NOT_MATERIALIZED;NATIVE_RUNNER_AND_AGGREGATION_NOT_IN_PACKET;STATE_SCHEMA_DESCRIPTOR_ONLY;POSTRUN_ARTIFACT_INVENTORY_ABSENT;STRONGER_SPLIT_NOT_RELIABLY_DERIVABLE,,/Users/gss/Downloads/revised_agent_benchmark_paper_package/experiments/agentdojo_full_v1.2.2_direct/case_packets/agentdojo/v1.2.2_banking_user_task_11_injection_task_3/case_packet.md
v1.2.2:banking:user_task_11:injection_task_4,banking,user_task_11,injection_task_4,通过,通过,通过,不通过,不通过,不通过,类内方法可读但全局来源仍不完整,不通过,通过,不符合设计，必须重建packet后才能draft,OFFICIAL_SOURCE_CONTENT_NOT_MATERIALIZED;NATIVE_RUNNER_AND_AGGREGATION_NOT_IN_PACKET;STATE_SCHEMA_DESCRIPTOR_ONLY;POSTRUN_ARTIFACT_INVENTORY_ABSENT;STRONGER_SPLIT_NOT_RELIABLY_DERIVABLE,,/Users/gss/Downloads/revised_agent_benchmark_paper_package/experiments/agentdojo_full_v1.2.2_direct/case_packets/agentdojo/v1.2.2_banking_user_task_11_injection_task_4/case_packet.md
v1.2.2:banking:user_task_11:injection_task_5,banking,user_task_11,injection_task_5,通过,通过,通过,不通过,不通过,不通过,类内方法可读但全局来源仍不完整,不通过,通过,不符合设计，必须重建packet后才能draft,OFFICIAL_SOURCE_CONTENT_NOT_MATERIALIZED;NATIVE_RUNNER_AND_AGGREGATION_NOT_IN_PACKET;STATE_SCHEMA_DESCRIPTOR_ONLY;POSTRUN_ARTIFACT_INVENTORY_ABSENT;STRONGER_SPLIT_NOT_RELIABLY_DERIVABLE,,/Users/gss/Downloads/revised_agent_benchmark_paper_package/experiments/agentdojo_full_v1.2.2_direct/case_packets/agentdojo/v1.2.2_banking_user_task_11_injection_task_5/case_packet.md
v1.2.2:banking:user_task_11:injection_task_7,banking,user_task_11,injection_task_7,通过,通过,通过,不通过,不通过,不通过,类内方法可读但全局来源仍不完整,不通过,通过,不符合设计，必须重建packet后才能draft,OFFICIAL_SOURCE_CONTENT_NOT_MATERIALIZED;NATIVE_RUNNER_AND_AGGREGATION_NOT_IN_PACKET;STATE_SCHEMA_DESCRIPTOR_ONLY;POSTRUN_ARTIFACT_INVENTORY_ABSENT;STRONGER_SPLIT_NOT_RELIABLY_DERIVABLE,,/Users/gss/Downloads/revised_agent_benchmark_paper_package/experiments/agentdojo_full_v1.2.2_direct/case_packets/agentdojo/v1.2.2_banking_user_task_11_injection_task_7/case_packet.md
v1.2.2:banking:user_task_11:injection_task_8,banking,user_task_11,injection_task_8,通过,通过,通过,不通过,不通过,不通过,类内方法可读但全局来源仍不完整,不通过,通过,不符合设计，必须重建packet后才能draft,OFFICIAL_SOURCE_CONTENT_NOT_MATERIALIZED;NATIVE_RUNNER_AND_AGGREGATION_NOT_IN_PACKET;STATE_SCHEMA_DESCRIPTOR_ONLY;POSTRUN_ARTIFACT_INVENTORY_ABSENT;STRONGER_SPLIT_NOT_RELIABLY_DERIVABLE,,/Users/gss/Downloads/revised_agent_benchmark_paper_package/experiments/agentdojo_full_v1.2.2_direct/case_packets/agentdojo/v1.2.2_banking_user_task_11_injection_task_8/case_packet.md
v1.2.2:banking:user_task_12:injection_task_0,banking,user_task_12,injection_task_0,通过,通过,通过,不通过,不通过,不通过,不通过,不通过,通过,不符合设计，必须重建packet后才能draft,OFFICIAL_SOURCE_CONTENT_NOT_MATERIALIZED;NATIVE_RUNNER_AND_AGGREGATION_NOT_IN_PACKET;STATE_SCHEMA_DESCRIPTOR_ONLY;POSTRUN_ARTIFACT_INVENTORY_ABSENT;STRONGER_SPLIT_NOT_RELIABLY_DERIVABLE;USER_EVALUATOR_HELPER_SOURCE_MISSING,用户 evaluator helper:find_element@agentdojo.default_suites.v1.banking.user_tasks,/Users/gss/Downloads/revised_agent_benchmark_paper_package/experiments/agentdojo_full_v1.2.2_direct/case_packets/agentdojo/v1.2.2_banking_user_task_12_injection_task_0/case_packet.md
v1.2.2:banking:user_task_12:injection_task_1,banking,user_task_12,injection_task_1,通过,通过,通过,不通过,不通过,不通过,不通过,不通过,通过,不符合设计，必须重建packet后才能draft,OFFICIAL_SOURCE_CONTENT_NOT_MATERIALIZED;NATIVE_RUNNER_AND_AGGREGATION_NOT_IN_PACKET;STATE_SCHEMA_DESCRIPTOR_ONLY;POSTRUN_ARTIFACT_INVENTORY_ABSENT;STRONGER_SPLIT_NOT_RELIABLY_DERIVABLE;USER_EVALUATOR_HELPER_SOURCE_MISSING,用户 evaluator helper:find_element@agentdojo.default_suites.v1.banking.user_tasks,/Users/gss/Downloads/revised_agent_benchmark_paper_package/experiments/agentdojo_full_v1.2.2_direct/case_packets/agentdojo/v1.2.2_banking_user_task_12_injection_task_1/case_packet.md
v1.2.2:banking:user_task_12:injection_task_2,banking,user_task_12,injection_task_2,通过,通过,通过,不通过,不通过,不通过,不通过,不通过,通过,不符合设计，必须重建packet后才能draft,OFFICIAL_SOURCE_CONTENT_NOT_MATERIALIZED;NATIVE_RUNNER_AND_AGGREGATION_NOT_IN_PACKET;STATE_SCHEMA_DESCRIPTOR_ONLY;POSTRUN_ARTIFACT_INVENTORY_ABSENT;STRONGER_SPLIT_NOT_RELIABLY_DERIVABLE;USER_EVALUATOR_HELPER_SOURCE_MISSING,用户 evaluator helper:find_element@agentdojo.default_suites.v1.banking.user_tasks,/Users/gss/Downloads/revised_agent_benchmark_paper_package/experiments/agentdojo_full_v1.2.2_direct/case_packets/agentdojo/v1.2.2_banking_user_task_12_injection_task_2/case_packet.md
v1.2.2:banking:user_task_12:injection_task_3,banking,user_task_12,injection_task_3,通过,通过,通过,不通过,不通过,不通过,不通过,不通过,通过,不符合设计，必须重建packet后才能draft,OFFICIAL_SOURCE_CONTENT_NOT_MATERIALIZED;NATIVE_RUNNER_AND_AGGREGATION_NOT_IN_PACKET;STATE_SCHEMA_DESCRIPTOR_ONLY;POSTRUN_ARTIFACT_INVENTORY_ABSENT;STRONGER_SPLIT_NOT_RELIABLY_DERIVABLE;USER_EVALUATOR_HELPER_SOURCE_MISSING,用户 evaluator helper:find_element@agentdojo.default_suites.v1.banking.user_tasks,/Users/gss/Downloads/revised_agent_benchmark_paper_package/experiments/agentdojo_full_v1.2.2_direct/case_packets/agentdojo/v1.2.2_banking_user_task_12_injection_task_3/case_packet.md
v1.2.2:banking:user_task_12:injection_task_4,banking,user_task_12,injection_task_4,通过,通过,通过,不通过,不通过,不通过,不通过,不通过,通过,不符合设计，必须重建packet后才能draft,OFFICIAL_SOURCE_CONTENT_NOT_MATERIALIZED;NATIVE_RUNNER_AND_AGGREGATION_NOT_IN_PACKET;STATE_SCHEMA_DESCRIPTOR_ONLY;POSTRUN_ARTIFACT_INVENTORY_ABSENT;STRONGER_SPLIT_NOT_RELIABLY_DERIVABLE;USER_EVALUATOR_HELPER_SOURCE_MISSING,用户 evaluator helper:find_element@agentdojo.default_suites.v1.banking.user_tasks,/Users/gss/Downloads/revised_agent_benchmark_paper_package/experiments/agentdojo_full_v1.2.2_direct/case_packets/agentdojo/v1.2.2_banking_user_task_12_injection_task_4/case_packet.md
v1.2.2:banking:user_task_12:injection_task_6,banking,user_task_12,injection_task_6,通过,通过,通过,不通过,不通过,不通过,不通过,不通过,通过,不符合设计，必须重建packet后才能draft,OFFICIAL_SOURCE_CONTENT_NOT_MATERIALIZED;NATIVE_RUNNER_AND_AGGREGATION_NOT_IN_PACKET;STATE_SCHEMA_DESCRIPTOR_ONLY;POSTRUN_ARTIFACT_INVENTORY_ABSENT;STRONGER_SPLIT_NOT_RELIABLY_DERIVABLE;USER_EVALUATOR_HELPER_SOURCE_MISSING,用户 evaluator helper:find_element@agentdojo.default_suites.v1.banking.user_tasks,/Users/gss/Downloads/revised_agent_benchmark_paper_package/experiments/agentdojo_full_v1.2.2_direct/case_packets/agentdojo/v1.2.2_banking_user_task_12_injection_task_6/case_packet.md
v1.2.2:banking:user_task_12:injection_task_7,banking,user_task_12,injection_task_7,通过,通过,通过,不通过,不通过,不通过,不通过,不通过,通过,不符合设计，必须重建packet后才能draft,OFFICIAL_SOURCE_CONTENT_NOT_MATERIALIZED;NATIVE_RUNNER_AND_AGGREGATION_NOT_IN_PACKET;STATE_SCHEMA_DESCRIPTOR_ONLY;POSTRUN_ARTIFACT_INVENTORY_ABSENT;STRONGER_SPLIT_NOT_RELIABLY_DERIVABLE;USER_EVALUATOR_HELPER_SOURCE_MISSING,用户 evaluator helper:find_element@agentdojo.default_suites.v1.banking.user_tasks,/Users/gss/Downloads/revised_agent_benchmark_paper_package/experiments/agentdojo_full_v1.2.2_direct/case_packets/agentdojo/v1.2.2_banking_user_task_12_injection_task_7/case_packet.md
v1.2.2:banking:user_task_12:injection_task_8,banking,user_task_12,injection_task_8,通过,通过,通过,不通过,不通过,不通过,不通过,不通过,通过,不符合设计，必须重建packet后才能draft,OFFICIAL_SOURCE_CONTENT_NOT_MATERIALIZED;NATIVE_RUNNER_AND_AGGREGATION_NOT_IN_PACKET;STATE_SCHEMA_DESCRIPTOR_ONLY;POSTRUN_ARTIFACT_INVENTORY_ABSENT;STRONGER_SPLIT_NOT_RELIABLY_DERIVABLE;USER_EVALUATOR_HELPER_SOURCE_MISSING,用户 evaluator helper:find_element@agentdojo.default_suites.v1.banking.user_tasks,/Users/gss/Downloads/revised_agent_benchmark_paper_package/experiments/agentdojo_full_v1.2.2_direct/case_packets/agentdojo/v1.2.2_banking_user_task_12_injection_task_8/case_packet.md
v1.2.2:banking:user_task_13:injection_task_0,banking,user_task_13,injection_task_0,通过,通过,通过,不通过,不通过,不通过,类内方法可读但全局来源仍不完整,不通过,通过,不符合设计，必须重建packet后才能draft,OFFICIAL_SOURCE_CONTENT_NOT_MATERIALIZED;NATIVE_RUNNER_AND_AGGREGATION_NOT_IN_PACKET;STATE_SCHEMA_DESCRIPTOR_ONLY;POSTRUN_ARTIFACT_INVENTORY_ABSENT;STRONGER_SPLIT_NOT_RELIABLY_DERIVABLE,,/Users/gss/Downloads/revised_agent_benchmark_paper_package/experiments/agentdojo_full_v1.2.2_direct/case_packets/agentdojo/v1.2.2_banking_user_task_13_injection_task_0/case_packet.md
v1.2.2:banking:user_task_13:injection_task_1,banking,user_task_13,injection_task_1,通过,通过,通过,不通过,不通过,不通过,类内方法可读但全局来源仍不完整,不通过,通过,不符合设计，必须重建packet后才能draft,OFFICIAL_SOURCE_CONTENT_NOT_MATERIALIZED;NATIVE_RUNNER_AND_AGGREGATION_NOT_IN_PACKET;STATE_SCHEMA_DESCRIPTOR_ONLY;POSTRUN_ARTIFACT_INVENTORY_ABSENT;STRONGER_SPLIT_NOT_RELIABLY_DERIVABLE,,/Users/gss/Downloads/revised_agent_benchmark_paper_package/experiments/agentdojo_full_v1.2.2_direct/case_packets/agentdojo/v1.2.2_banking_user_task_13_injection_task_1/case_packet.md
v1.2.2:banking:user_task_13:injection_task_2,banking,user_task_13,injection_task_2,通过,通过,通过,不通过,不通过,不通过,类内方法可读但全局来源仍不完整,不通过,通过,不符合设计，必须重建packet后才能draft,OFFICIAL_SOURCE_CONTENT_NOT_MATERIALIZED;NATIVE_RUNNER_AND_AGGREGATION_NOT_IN_PACKET;STATE_SCHEMA_DESCRIPTOR_ONLY;POSTRUN_ARTIFACT_INVENTORY_ABSENT;STRONGER_SPLIT_NOT_RELIABLY_DERIVABLE,,/Users/gss/Downloads/revised_agent_benchmark_paper_package/experiments/agentdojo_full_v1.2.2_direct/case_packets/agentdojo/v1.2.2_banking_user_task_13_injection_task_2/case_packet.md
v1.2.2:banking:user_task_13:injection_task_3,banking,user_task_13,injection_task_3,通过,通过,通过,不通过,不通过,不通过,类内方法可读但全局来源仍不完整,不通过,通过,不符合设计，必须重建packet后才能draft,OFFICIAL_SOURCE_CONTENT_NOT_MATERIALIZED;NATIVE_RUNNER_AND_AGGREGATION_NOT_IN_PACKET;STATE_SCHEMA_DESCRIPTOR_ONLY;POSTRUN_ARTIFACT_INVENTORY_ABSENT;STRONGER_SPLIT_NOT_RELIABLY_DERIVABLE,,/Users/gss/Downloads/revised_agent_benchmark_paper_package/experiments/agentdojo_full_v1.2.2_direct/case_packets/agentdojo/v1.2.2_banking_user_task_13_injection_task_3/case_packet.md
v1.2.2:banking:user_task_13:injection_task_4,banking,user_task_13,injection_task_4,通过,通过,通过,不通过,不通过,不通过,类内方法可读但全局来源仍不完整,不通过,通过,不符合设计，必须重建packet后才能draft,OFFICIAL_SOURCE_CONTENT_NOT_MATERIALIZED;NATIVE_RUNNER_AND_AGGREGATION_NOT_IN_PACKET;STATE_SCHEMA_DESCRIPTOR_ONLY;POSTRUN_ARTIFACT_INVENTORY_ABSENT;STRONGER_SPLIT_NOT_RELIABLY_DERIVABLE,,/Users/gss/Downloads/revised_agent_benchmark_paper_package/experiments/agentdojo_full_v1.2.2_direct/case_packets/agentdojo/v1.2.2_banking_user_task_13_injection_task_4/case_packet.md
v1.2.2:banking:user_task_13:injection_task_6,banking,user_task_13,injection_task_6,通过,通过,通过,不通过,不通过,不通过,类内方法可读但全局来源仍不完整,不通过,通过,不符合设计，必须重建packet后才能draft,OFFICIAL_SOURCE_CONTENT_NOT_MATERIALIZED;NATIVE_RUNNER_AND_AGGREGATION_NOT_IN_PACKET;STATE_SCHEMA_DESCRIPTOR_ONLY;POSTRUN_ARTIFACT_INVENTORY_ABSENT;STRONGER_SPLIT_NOT_RELIABLY_DERIVABLE,,/Users/gss/Downloads/revised_agent_benchmark_paper_package/experiments/agentdojo_full_v1.2.2_direct/case_packets/agentdojo/v1.2.2_banking_user_task_13_injection_task_6/case_packet.md
v1.2.2:banking:user_task_13:injection_task_7,banking,user_task_13,injection_task_7,通过,通过,通过,不通过,不通过,不通过,类内方法可读但全局来源仍不完整,不通过,通过,不符合设计，必须重建packet后才能draft,OFFICIAL_SOURCE_CONTENT_NOT_MATERIALIZED;NATIVE_RUNNER_AND_AGGREGATION_NOT_IN_PACKET;STATE_SCHEMA_DESCRIPTOR_ONLY;POSTRUN_ARTIFACT_INVENTORY_ABSENT;STRONGER_SPLIT_NOT_RELIABLY_DERIVABLE,,/Users/gss/Downloads/revised_agent_benchmark_paper_package/experiments/agentdojo_full_v1.2.2_direct/case_packets/agentdojo/v1.2.2_banking_user_task_13_injection_task_7/case_packet.md
v1.2.2:banking:user_task_14:injection_task_0,banking,user_task_14,injection_task_0,通过,通过,通过,不通过,不通过,不通过,类内方法可读但全局来源仍不完整,不通过,通过,不符合设计，必须重建packet后才能draft,OFFICIAL_SOURCE_CONTENT_NOT_MATERIALIZED;NATIVE_RUNNER_AND_AGGREGATION_NOT_IN_PACKET;STATE_SCHEMA_DESCRIPTOR_ONLY;POSTRUN_ARTIFACT_INVENTORY_ABSENT;STRONGER_SPLIT_NOT_RELIABLY_DERIVABLE,,/Users/gss/Downloads/revised_agent_benchmark_paper_package/experiments/agentdojo_full_v1.2.2_direct/case_packets/agentdojo/v1.2.2_banking_user_task_14_injection_task_0/case_packet.md
v1.2.2:banking:user_task_14:injection_task_1,banking,user_task_14,injection_task_1,通过,通过,通过,不通过,不通过,不通过,类内方法可读但全局来源仍不完整,不通过,通过,不符合设计，必须重建packet后才能draft,OFFICIAL_SOURCE_CONTENT_NOT_MATERIALIZED;NATIVE_RUNNER_AND_AGGREGATION_NOT_IN_PACKET;STATE_SCHEMA_DESCRIPTOR_ONLY;POSTRUN_ARTIFACT_INVENTORY_ABSENT;STRONGER_SPLIT_NOT_RELIABLY_DERIVABLE,,/Users/gss/Downloads/revised_agent_benchmark_paper_package/experiments/agentdojo_full_v1.2.2_direct/case_packets/agentdojo/v1.2.2_banking_user_task_14_injection_task_1/case_packet.md
v1.2.2:banking:user_task_14:injection_task_2,banking,user_task_14,injection_task_2,通过,通过,通过,不通过,不通过,不通过,类内方法可读但全局来源仍不完整,不通过,通过,不符合设计，必须重建packet后才能draft,OFFICIAL_SOURCE_CONTENT_NOT_MATERIALIZED;NATIVE_RUNNER_AND_AGGREGATION_NOT_IN_PACKET;STATE_SCHEMA_DESCRIPTOR_ONLY;POSTRUN_ARTIFACT_INVENTORY_ABSENT;STRONGER_SPLIT_NOT_RELIABLY_DERIVABLE,,/Users/gss/Downloads/revised_agent_benchmark_paper_package/experiments/agentdojo_full_v1.2.2_direct/case_packets/agentdojo/v1.2.2_banking_user_task_14_injection_task_2/case_packet.md
v1.2.2:banking:user_task_14:injection_task_3,banking,user_task_14,injection_task_3,通过,通过,通过,不通过,不通过,不通过,类内方法可读但全局来源仍不完整,不通过,通过,不符合设计，必须重建packet后才能draft,OFFICIAL_SOURCE_CONTENT_NOT_MATERIALIZED;NATIVE_RUNNER_AND_AGGREGATION_NOT_IN_PACKET;STATE_SCHEMA_DESCRIPTOR_ONLY;POSTRUN_ARTIFACT_INVENTORY_ABSENT;STRONGER_SPLIT_NOT_RELIABLY_DERIVABLE,,/Users/gss/Downloads/revised_agent_benchmark_paper_package/experiments/agentdojo_full_v1.2.2_direct/case_packets/agentdojo/v1.2.2_banking_user_task_14_injection_task_3/case_packet.md
v1.2.2:banking:user_task_14:injection_task_4,banking,user_task_14,injection_task_4,通过,通过,通过,不通过,不通过,不通过,类内方法可读但全局来源仍不完整,不通过,通过,不符合设计，必须重建packet后才能draft,OFFICIAL_SOURCE_CONTENT_NOT_MATERIALIZED;NATIVE_RUNNER_AND_AGGREGATION_NOT_IN_PACKET;STATE_SCHEMA_DESCRIPTOR_ONLY;POSTRUN_ARTIFACT_INVENTORY_ABSENT;STRONGER_SPLIT_NOT_RELIABLY_DERIVABLE,,/Users/gss/Downloads/revised_agent_benchmark_paper_package/experiments/agentdojo_full_v1.2.2_direct/case_packets/agentdojo/v1.2.2_banking_user_task_14_injection_task_4/case_packet.md
v1.2.2:banking:user_task_14:injection_task_5,banking,user_task_14,injection_task_5,通过,通过,通过,不通过,不通过,不通过,类内方法可读但全局来源仍不完整,不通过,通过,不符合设计，必须重建packet后才能draft,OFFICIAL_SOURCE_CONTENT_NOT_MATERIALIZED;NATIVE_RUNNER_AND_AGGREGATION_NOT_IN_PACKET;STATE_SCHEMA_DESCRIPTOR_ONLY;POSTRUN_ARTIFACT_INVENTORY_ABSENT;STRONGER_SPLIT_NOT_RELIABLY_DERIVABLE,,/Users/gss/Downloads/revised_agent_benchmark_paper_package/experiments/agentdojo_full_v1.2.2_direct/case_packets/agentdojo/v1.2.2_banking_user_task_14_injection_task_5/case_packet.md
v1.2.2:banking:user_task_14:injection_task_6,banking,user_task_14,injection_task_6,通过,通过,通过,不通过,不通过,不通过,类内方法可读但全局来源仍不完整,不通过,通过,不符合设计，必须重建packet后才能draft,OFFICIAL_SOURCE_CONTENT_NOT_MATERIALIZED;NATIVE_RUNNER_AND_AGGREGATION_NOT_IN_PACKET;STATE_SCHEMA_DESCRIPTOR_ONLY;POSTRUN_ARTIFACT_INVENTORY_ABSENT;STRONGER_SPLIT_NOT_RELIABLY_DERIVABLE,,/Users/gss/Downloads/revised_agent_benchmark_paper_package/experiments/agentdojo_full_v1.2.2_direct/case_packets/agentdojo/v1.2.2_banking_user_task_14_injection_task_6/case_packet.md
v1.2.2:banking:user_task_14:injection_task_7,banking,user_task_14,injection_task_7,通过,通过,通过,不通过,不通过,不通过,类内方法可读但全局来源仍不完整,不通过,通过,不符合设计，必须重建packet后才能draft,OFFICIAL_SOURCE_CONTENT_NOT_MATERIALIZED;NATIVE_RUNNER_AND_AGGREGATION_NOT_IN_PACKET;STATE_SCHEMA_DESCRIPTOR_ONLY;POSTRUN_ARTIFACT_INVENTORY_ABSENT;STRONGER_SPLIT_NOT_RELIABLY_DERIVABLE,,/Users/gss/Downloads/revised_agent_benchmark_paper_package/experiments/agentdojo_full_v1.2.2_direct/case_packets/agentdojo/v1.2.2_banking_user_task_14_injection_task_7/case_packet.md
v1.2.2:banking:user_task_14:injection_task_8,banking,user_task_14,injection_task_8,通过,通过,通过,不通过,不通过,不通过,类内方法可读但全局来源仍不完整,不通过,通过,不符合设计，必须重建packet后才能draft,OFFICIAL_SOURCE_CONTENT_NOT_MATERIALIZED;NATIVE_RUNNER_AND_AGGREGATION_NOT_IN_PACKET;STATE_SCHEMA_DESCRIPTOR_ONLY;POSTRUN_ARTIFACT_INVENTORY_ABSENT;STRONGER_SPLIT_NOT_RELIABLY_DERIVABLE,,/Users/gss/Downloads/revised_agent_benchmark_paper_package/experiments/agentdojo_full_v1.2.2_direct/case_packets/agentdojo/v1.2.2_banking_user_task_14_injection_task_8/case_packet.md
v1.2.2:banking:user_task_15:injection_task_0,banking,user_task_15,injection_task_0,通过,通过,通过,不通过,不通过,不通过,类内方法可读但全局来源仍不完整,不通过,通过,不符合设计，必须重建packet后才能draft,OFFICIAL_SOURCE_CONTENT_NOT_MATERIALIZED;NATIVE_RUNNER_AND_AGGREGATION_NOT_IN_PACKET;STATE_SCHEMA_DESCRIPTOR_ONLY;POSTRUN_ARTIFACT_INVENTORY_ABSENT;STRONGER_SPLIT_NOT_RELIABLY_DERIVABLE,,/Users/gss/Downloads/revised_agent_benchmark_paper_package/experiments/agentdojo_full_v1.2.2_direct/case_packets/agentdojo/v1.2.2_banking_user_task_15_injection_task_0/case_packet.md
v1.2.2:banking:user_task_15:injection_task_1,banking,user_task_15,injection_task_1,通过,通过,通过,不通过,不通过,不通过,类内方法可读但全局来源仍不完整,不通过,通过,不符合设计，必须重建packet后才能draft,OFFICIAL_SOURCE_CONTENT_NOT_MATERIALIZED;NATIVE_RUNNER_AND_AGGREGATION_NOT_IN_PACKET;STATE_SCHEMA_DESCRIPTOR_ONLY;POSTRUN_ARTIFACT_INVENTORY_ABSENT;STRONGER_SPLIT_NOT_RELIABLY_DERIVABLE,,/Users/gss/Downloads/revised_agent_benchmark_paper_package/experiments/agentdojo_full_v1.2.2_direct/case_packets/agentdojo/v1.2.2_banking_user_task_15_injection_task_1/case_packet.md
v1.2.2:banking:user_task_15:injection_task_2,banking,user_task_15,injection_task_2,通过,通过,通过,不通过,不通过,不通过,类内方法可读但全局来源仍不完整,不通过,通过,不符合设计，必须重建packet后才能draft,OFFICIAL_SOURCE_CONTENT_NOT_MATERIALIZED;NATIVE_RUNNER_AND_AGGREGATION_NOT_IN_PACKET;STATE_SCHEMA_DESCRIPTOR_ONLY;POSTRUN_ARTIFACT_INVENTORY_ABSENT;STRONGER_SPLIT_NOT_RELIABLY_DERIVABLE,,/Users/gss/Downloads/revised_agent_benchmark_paper_package/experiments/agentdojo_full_v1.2.2_direct/case_packets/agentdojo/v1.2.2_banking_user_task_15_injection_task_2/case_packet.md
v1.2.2:banking:user_task_15:injection_task_3,banking,user_task_15,injection_task_3,通过,通过,通过,不通过,不通过,不通过,类内方法可读但全局来源仍不完整,不通过,通过,不符合设计，必须重建packet后才能draft,OFFICIAL_SOURCE_CONTENT_NOT_MATERIALIZED;NATIVE_RUNNER_AND_AGGREGATION_NOT_IN_PACKET;STATE_SCHEMA_DESCRIPTOR_ONLY;POSTRUN_ARTIFACT_INVENTORY_ABSENT;STRONGER_SPLIT_NOT_RELIABLY_DERIVABLE,,/Users/gss/Downloads/revised_agent_benchmark_paper_package/experiments/agentdojo_full_v1.2.2_direct/case_packets/agentdojo/v1.2.2_banking_user_task_15_injection_task_3/case_packet.md
v1.2.2:banking:user_task_15:injection_task_4,banking,user_task_15,injection_task_4,通过,通过,通过,不通过,不通过,不通过,类内方法可读但全局来源仍不完整,不通过,通过,不符合设计，必须重建packet后才能draft,OFFICIAL_SOURCE_CONTENT_NOT_MATERIALIZED;NATIVE_RUNNER_AND_AGGREGATION_NOT_IN_PACKET;STATE_SCHEMA_DESCRIPTOR_ONLY;POSTRUN_ARTIFACT_INVENTORY_ABSENT;STRONGER_SPLIT_NOT_RELIABLY_DERIVABLE,,/Users/gss/Downloads/revised_agent_benchmark_paper_package/experiments/agentdojo_full_v1.2.2_direct/case_packets/agentdojo/v1.2.2_banking_user_task_15_injection_task_4/case_packet.md
v1.2.2:banking:user_task_15:injection_task_5,banking,user_task_15,injection_task_5,通过,通过,通过,不通过,不通过,不通过,类内方法可读但全局来源仍不完整,不通过,通过,不符合设计，必须重建packet后才能draft,OFFICIAL_SOURCE_CONTENT_NOT_MATERIALIZED;NATIVE_RUNNER_AND_AGGREGATION_NOT_IN_PACKET;STATE_SCHEMA_DESCRIPTOR_ONLY;POSTRUN_ARTIFACT_INVENTORY_ABSENT;STRONGER_SPLIT_NOT_RELIABLY_DERIVABLE,,/Users/gss/Downloads/revised_agent_benchmark_paper_package/experiments/agentdojo_full_v1.2.2_direct/case_packets/agentdojo/v1.2.2_banking_user_task_15_injection_task_5/case_packet.md
v1.2.2:banking:user_task_15:injection_task_6,banking,user_task_15,injection_task_6,通过,通过,通过,不通过,不通过,不通过,类内方法可读但全局来源仍不完整,不通过,通过,不符合设计，必须重建packet后才能draft,OFFICIAL_SOURCE_CONTENT_NOT_MATERIALIZED;NATIVE_RUNNER_AND_AGGREGATION_NOT_IN_PACKET;STATE_SCHEMA_DESCRIPTOR_ONLY;POSTRUN_ARTIFACT_INVENTORY_ABSENT;STRONGER_SPLIT_NOT_RELIABLY_DERIVABLE,,/Users/gss/Downloads/revised_agent_benchmark_paper_package/experiments/agentdojo_full_v1.2.2_direct/case_packets/agentdojo/v1.2.2_banking_user_task_15_injection_task_6/case_packet.md
v1.2.2:banking:user_task_15:injection_task_7,banking,user_task_15,injection_task_7,通过,通过,通过,不通过,不通过,不通过,类内方法可读但全局来源仍不完整,不通过,通过,不符合设计，必须重建packet后才能draft,OFFICIAL_SOURCE_CONTENT_NOT_MATERIALIZED;NATIVE_RUNNER_AND_AGGREGATION_NOT_IN_PACKET;STATE_SCHEMA_DESCRIPTOR_ONLY;POSTRUN_ARTIFACT_INVENTORY_ABSENT;STRONGER_SPLIT_NOT_RELIABLY_DERIVABLE,,/Users/gss/Downloads/revised_agent_benchmark_paper_package/experiments/agentdojo_full_v1.2.2_direct/case_packets/agentdojo/v1.2.2_banking_user_task_15_injection_task_7/case_packet.md
v1.2.2:banking:user_task_15:injection_task_8,banking,user_task_15,injection_task_8,通过,通过,通过,不通过,不通过,不通过,类内方法可读但全局来源仍不完整,不通过,通过,不符合设计，必须重建packet后才能draft,OFFICIAL_SOURCE_CONTENT_NOT_MATERIALIZED;NATIVE_RUNNER_AND_AGGREGATION_NOT_IN_PACKET;STATE_SCHEMA_DESCRIPTOR_ONLY;POSTRUN_ARTIFACT_INVENTORY_ABSENT;STRONGER_SPLIT_NOT_RELIABLY_DERIVABLE,,/Users/gss/Downloads/revised_agent_benchmark_paper_package/experiments/agentdojo_full_v1.2.2_direct/case_packets/agentdojo/v1.2.2_banking_user_task_15_injection_task_8/case_packet.md
v1.2.2:slack:user_task_0:injection_task_2,slack,user_task_0,injection_task_2,通过,通过,通过,不通过,不通过,不通过,类内方法可读但全局来源仍不完整,不通过,通过,不符合设计，必须重建packet后才能draft,OFFICIAL_SOURCE_CONTENT_NOT_MATERIALIZED;NATIVE_RUNNER_AND_AGGREGATION_NOT_IN_PACKET;STATE_SCHEMA_DESCRIPTOR_ONLY;POSTRUN_ARTIFACT_INVENTORY_ABSENT;STRONGER_SPLIT_NOT_RELIABLY_DERIVABLE,,/Users/gss/Downloads/revised_agent_benchmark_paper_package/experiments/agentdojo_full_v1.2.2_direct/case_packets/agentdojo/v1.2.2_slack_user_task_0_injection_task_2/case_packet.md
v1.2.2:slack:user_task_0:injection_task_3,slack,user_task_0,injection_task_3,通过,通过,通过,不通过,不通过,不通过,类内方法可读但全局来源仍不完整,不通过,通过,不符合设计，必须重建packet后才能draft,OFFICIAL_SOURCE_CONTENT_NOT_MATERIALIZED;NATIVE_RUNNER_AND_AGGREGATION_NOT_IN_PACKET;STATE_SCHEMA_DESCRIPTOR_ONLY;POSTRUN_ARTIFACT_INVENTORY_ABSENT;STRONGER_SPLIT_NOT_RELIABLY_DERIVABLE,,/Users/gss/Downloads/revised_agent_benchmark_paper_package/experiments/agentdojo_full_v1.2.2_direct/case_packets/agentdojo/v1.2.2_slack_user_task_0_injection_task_3/case_packet.md
v1.2.2:slack:user_task_0:injection_task_4,slack,user_task_0,injection_task_4,通过,通过,通过,不通过,不通过,不通过,类内方法可读但全局来源仍不完整,不通过,通过,不符合设计，必须重建packet后才能draft,OFFICIAL_SOURCE_CONTENT_NOT_MATERIALIZED;NATIVE_RUNNER_AND_AGGREGATION_NOT_IN_PACKET;STATE_SCHEMA_DESCRIPTOR_ONLY;POSTRUN_ARTIFACT_INVENTORY_ABSENT;STRONGER_SPLIT_NOT_RELIABLY_DERIVABLE,,/Users/gss/Downloads/revised_agent_benchmark_paper_package/experiments/agentdojo_full_v1.2.2_direct/case_packets/agentdojo/v1.2.2_slack_user_task_0_injection_task_4/case_packet.md
v1.2.2:slack:user_task_0:injection_task_5,slack,user_task_0,injection_task_5,通过,通过,通过,不通过,不通过,不通过,类内方法可读但全局来源仍不完整,不通过,通过,不符合设计，必须重建packet后才能draft,OFFICIAL_SOURCE_CONTENT_NOT_MATERIALIZED;NATIVE_RUNNER_AND_AGGREGATION_NOT_IN_PACKET;STATE_SCHEMA_DESCRIPTOR_ONLY;POSTRUN_ARTIFACT_INVENTORY_ABSENT;STRONGER_SPLIT_NOT_RELIABLY_DERIVABLE,,/Users/gss/Downloads/revised_agent_benchmark_paper_package/experiments/agentdojo_full_v1.2.2_direct/case_packets/agentdojo/v1.2.2_slack_user_task_0_injection_task_5/case_packet.md
v1.2.2:slack:user_task_1:injection_task_2,slack,user_task_1,injection_task_2,通过,通过,通过,不通过,不通过,不通过,类内方法可读但全局来源仍不完整,不通过,通过,不符合设计，必须重建packet后才能draft,OFFICIAL_SOURCE_CONTENT_NOT_MATERIALIZED;NATIVE_RUNNER_AND_AGGREGATION_NOT_IN_PACKET;STATE_SCHEMA_DESCRIPTOR_ONLY;POSTRUN_ARTIFACT_INVENTORY_ABSENT;STRONGER_SPLIT_NOT_RELIABLY_DERIVABLE,,/Users/gss/Downloads/revised_agent_benchmark_paper_package/experiments/agentdojo_full_v1.2.2_direct/case_packets/agentdojo/v1.2.2_slack_user_task_1_injection_task_2/case_packet.md
v1.2.2:slack:user_task_1:injection_task_3,slack,user_task_1,injection_task_3,通过,通过,通过,不通过,不通过,不通过,类内方法可读但全局来源仍不完整,不通过,通过,不符合设计，必须重建packet后才能draft,OFFICIAL_SOURCE_CONTENT_NOT_MATERIALIZED;NATIVE_RUNNER_AND_AGGREGATION_NOT_IN_PACKET;STATE_SCHEMA_DESCRIPTOR_ONLY;POSTRUN_ARTIFACT_INVENTORY_ABSENT;STRONGER_SPLIT_NOT_RELIABLY_DERIVABLE,,/Users/gss/Downloads/revised_agent_benchmark_paper_package/experiments/agentdojo_full_v1.2.2_direct/case_packets/agentdojo/v1.2.2_slack_user_task_1_injection_task_3/case_packet.md
v1.2.2:slack:user_task_1:injection_task_4,slack,user_task_1,injection_task_4,通过,通过,通过,不通过,不通过,不通过,类内方法可读但全局来源仍不完整,不通过,通过,不符合设计，必须重建packet后才能draft,OFFICIAL_SOURCE_CONTENT_NOT_MATERIALIZED;NATIVE_RUNNER_AND_AGGREGATION_NOT_IN_PACKET;STATE_SCHEMA_DESCRIPTOR_ONLY;POSTRUN_ARTIFACT_INVENTORY_ABSENT;STRONGER_SPLIT_NOT_RELIABLY_DERIVABLE,,/Users/gss/Downloads/revised_agent_benchmark_paper_package/experiments/agentdojo_full_v1.2.2_direct/case_packets/agentdojo/v1.2.2_slack_user_task_1_injection_task_4/case_packet.md
v1.2.2:slack:user_task_1:injection_task_5,slack,user_task_1,injection_task_5,通过,通过,通过,不通过,不通过,不通过,类内方法可读但全局来源仍不完整,不通过,通过,不符合设计，必须重建packet后才能draft,OFFICIAL_SOURCE_CONTENT_NOT_MATERIALIZED;NATIVE_RUNNER_AND_AGGREGATION_NOT_IN_PACKET;STATE_SCHEMA_DESCRIPTOR_ONLY;POSTRUN_ARTIFACT_INVENTORY_ABSENT;STRONGER_SPLIT_NOT_RELIABLY_DERIVABLE,,/Users/gss/Downloads/revised_agent_benchmark_paper_package/experiments/agentdojo_full_v1.2.2_direct/case_packets/agentdojo/v1.2.2_slack_user_task_1_injection_task_5/case_packet.md
v1.2.2:slack:user_task_2:injection_task_1,slack,user_task_2,injection_task_1,通过,通过,通过,不通过,不通过,不通过,类内方法可读但全局来源仍不完整,不通过,通过,不符合设计，必须重建packet后才能draft,OFFICIAL_SOURCE_CONTENT_NOT_MATERIALIZED;NATIVE_RUNNER_AND_AGGREGATION_NOT_IN_PACKET;STATE_SCHEMA_DESCRIPTOR_ONLY;POSTRUN_ARTIFACT_INVENTORY_ABSENT;STRONGER_SPLIT_NOT_RELIABLY_DERIVABLE,,/Users/gss/Downloads/revised_agent_benchmark_paper_package/experiments/agentdojo_full_v1.2.2_direct/case_packets/agentdojo/v1.2.2_slack_user_task_2_injection_task_1/case_packet.md
v1.2.2:slack:user_task_2:injection_task_2,slack,user_task_2,injection_task_2,通过,通过,通过,不通过,不通过,不通过,类内方法可读但全局来源仍不完整,不通过,通过,不符合设计，必须重建packet后才能draft,OFFICIAL_SOURCE_CONTENT_NOT_MATERIALIZED;NATIVE_RUNNER_AND_AGGREGATION_NOT_IN_PACKET;STATE_SCHEMA_DESCRIPTOR_ONLY;POSTRUN_ARTIFACT_INVENTORY_ABSENT;STRONGER_SPLIT_NOT_RELIABLY_DERIVABLE,,/Users/gss/Downloads/revised_agent_benchmark_paper_package/experiments/agentdojo_full_v1.2.2_direct/case_packets/agentdojo/v1.2.2_slack_user_task_2_injection_task_2/case_packet.md
v1.2.2:slack:user_task_2:injection_task_3,slack,user_task_2,injection_task_3,通过,通过,通过,不通过,不通过,不通过,类内方法可读但全局来源仍不完整,不通过,通过,不符合设计，必须重建packet后才能draft,OFFICIAL_SOURCE_CONTENT_NOT_MATERIALIZED;NATIVE_RUNNER_AND_AGGREGATION_NOT_IN_PACKET;STATE_SCHEMA_DESCRIPTOR_ONLY;POSTRUN_ARTIFACT_INVENTORY_ABSENT;STRONGER_SPLIT_NOT_RELIABLY_DERIVABLE,,/Users/gss/Downloads/revised_agent_benchmark_paper_package/experiments/agentdojo_full_v1.2.2_direct/case_packets/agentdojo/v1.2.2_slack_user_task_2_injection_task_3/case_packet.md
v1.2.2:slack:user_task_2:injection_task_4,slack,user_task_2,injection_task_4,通过,通过,通过,不通过,不通过,不通过,类内方法可读但全局来源仍不完整,不通过,通过,不符合设计，必须重建packet后才能draft,OFFICIAL_SOURCE_CONTENT_NOT_MATERIALIZED;NATIVE_RUNNER_AND_AGGREGATION_NOT_IN_PACKET;STATE_SCHEMA_DESCRIPTOR_ONLY;POSTRUN_ARTIFACT_INVENTORY_ABSENT;STRONGER_SPLIT_NOT_RELIABLY_DERIVABLE,,/Users/gss/Downloads/revised_agent_benchmark_paper_package/experiments/agentdojo_full_v1.2.2_direct/case_packets/agentdojo/v1.2.2_slack_user_task_2_injection_task_4/case_packet.md
v1.2.2:slack:user_task_2:injection_task_5,slack,user_task_2,injection_task_5,通过,通过,通过,不通过,不通过,不通过,类内方法可读但全局来源仍不完整,不通过,通过,不符合设计，必须重建packet后才能draft,OFFICIAL_SOURCE_CONTENT_NOT_MATERIALIZED;NATIVE_RUNNER_AND_AGGREGATION_NOT_IN_PACKET;STATE_SCHEMA_DESCRIPTOR_ONLY;POSTRUN_ARTIFACT_INVENTORY_ABSENT;STRONGER_SPLIT_NOT_RELIABLY_DERIVABLE,,/Users/gss/Downloads/revised_agent_benchmark_paper_package/experiments/agentdojo_full_v1.2.2_direct/case_packets/agentdojo/v1.2.2_slack_user_task_2_injection_task_5/case_packet.md
v1.2.2:slack:user_task_3:injection_task_2,slack,user_task_3,injection_task_2,通过,通过,通过,不通过,不通过,不通过,类内方法可读但全局来源仍不完整,不通过,通过,不符合设计，必须重建packet后才能draft,OFFICIAL_SOURCE_CONTENT_NOT_MATERIALIZED;NATIVE_RUNNER_AND_AGGREGATION_NOT_IN_PACKET;STATE_SCHEMA_DESCRIPTOR_ONLY;POSTRUN_ARTIFACT_INVENTORY_ABSENT;STRONGER_SPLIT_NOT_RELIABLY_DERIVABLE,,/Users/gss/Downloads/revised_agent_benchmark_paper_package/experiments/agentdojo_full_v1.2.2_direct/case_packets/agentdojo/v1.2.2_slack_user_task_3_injection_task_2/case_packet.md
v1.2.2:slack:user_task_3:injection_task_3,slack,user_task_3,injection_task_3,通过,通过,通过,不通过,不通过,不通过,类内方法可读但全局来源仍不完整,不通过,通过,不符合设计，必须重建packet后才能draft,OFFICIAL_SOURCE_CONTENT_NOT_MATERIALIZED;NATIVE_RUNNER_AND_AGGREGATION_NOT_IN_PACKET;STATE_SCHEMA_DESCRIPTOR_ONLY;POSTRUN_ARTIFACT_INVENTORY_ABSENT;STRONGER_SPLIT_NOT_RELIABLY_DERIVABLE,,/Users/gss/Downloads/revised_agent_benchmark_paper_package/experiments/agentdojo_full_v1.2.2_direct/case_packets/agentdojo/v1.2.2_slack_user_task_3_injection_task_3/case_packet.md
v1.2.2:slack:user_task_3:injection_task_4,slack,user_task_3,injection_task_4,通过,通过,通过,不通过,不通过,不通过,类内方法可读但全局来源仍不完整,不通过,通过,不符合设计，必须重建packet后才能draft,OFFICIAL_SOURCE_CONTENT_NOT_MATERIALIZED;NATIVE_RUNNER_AND_AGGREGATION_NOT_IN_PACKET;STATE_SCHEMA_DESCRIPTOR_ONLY;POSTRUN_ARTIFACT_INVENTORY_ABSENT;STRONGER_SPLIT_NOT_RELIABLY_DERIVABLE,,/Users/gss/Downloads/revised_agent_benchmark_paper_package/experiments/agentdojo_full_v1.2.2_direct/case_packets/agentdojo/v1.2.2_slack_user_task_3_injection_task_4/case_packet.md
v1.2.2:slack:user_task_3:injection_task_5,slack,user_task_3,injection_task_5,通过,通过,通过,不通过,不通过,不通过,类内方法可读但全局来源仍不完整,不通过,通过,不符合设计，必须重建packet后才能draft,OFFICIAL_SOURCE_CONTENT_NOT_MATERIALIZED;NATIVE_RUNNER_AND_AGGREGATION_NOT_IN_PACKET;STATE_SCHEMA_DESCRIPTOR_ONLY;POSTRUN_ARTIFACT_INVENTORY_ABSENT;STRONGER_SPLIT_NOT_RELIABLY_DERIVABLE,,/Users/gss/Downloads/revised_agent_benchmark_paper_package/experiments/agentdojo_full_v1.2.2_direct/case_packets/agentdojo/v1.2.2_slack_user_task_3_injection_task_5/case_packet.md
v1.2.2:slack:user_task_4:injection_task_2,slack,user_task_4,injection_task_2,通过,通过,通过,不通过,不通过,不通过,类内方法可读但全局来源仍不完整,不通过,通过,不符合设计，必须重建packet后才能draft,OFFICIAL_SOURCE_CONTENT_NOT_MATERIALIZED;NATIVE_RUNNER_AND_AGGREGATION_NOT_IN_PACKET;STATE_SCHEMA_DESCRIPTOR_ONLY;POSTRUN_ARTIFACT_INVENTORY_ABSENT;STRONGER_SPLIT_NOT_RELIABLY_DERIVABLE,,/Users/gss/Downloads/revised_agent_benchmark_paper_package/experiments/agentdojo_full_v1.2.2_direct/case_packets/agentdojo/v1.2.2_slack_user_task_4_injection_task_2/case_packet.md
v1.2.2:slack:user_task_4:injection_task_3,slack,user_task_4,injection_task_3,通过,通过,通过,不通过,不通过,不通过,类内方法可读但全局来源仍不完整,不通过,通过,不符合设计，必须重建packet后才能draft,OFFICIAL_SOURCE_CONTENT_NOT_MATERIALIZED;NATIVE_RUNNER_AND_AGGREGATION_NOT_IN_PACKET;STATE_SCHEMA_DESCRIPTOR_ONLY;POSTRUN_ARTIFACT_INVENTORY_ABSENT;STRONGER_SPLIT_NOT_RELIABLY_DERIVABLE,,/Users/gss/Downloads/revised_agent_benchmark_paper_package/experiments/agentdojo_full_v1.2.2_direct/case_packets/agentdojo/v1.2.2_slack_user_task_4_injection_task_3/case_packet.md
v1.2.2:slack:user_task_4:injection_task_4,slack,user_task_4,injection_task_4,通过,通过,通过,不通过,不通过,不通过,类内方法可读但全局来源仍不完整,不通过,通过,不符合设计，必须重建packet后才能draft,OFFICIAL_SOURCE_CONTENT_NOT_MATERIALIZED;NATIVE_RUNNER_AND_AGGREGATION_NOT_IN_PACKET;STATE_SCHEMA_DESCRIPTOR_ONLY;POSTRUN_ARTIFACT_INVENTORY_ABSENT;STRONGER_SPLIT_NOT_RELIABLY_DERIVABLE,,/Users/gss/Downloads/revised_agent_benchmark_paper_package/experiments/agentdojo_full_v1.2.2_direct/case_packets/agentdojo/v1.2.2_slack_user_task_4_injection_task_4/case_packet.md
v1.2.2:slack:user_task_5:injection_task_1,slack,user_task_5,injection_task_1,通过,通过,通过,不通过,不通过,不通过,类内方法可读但全局来源仍不完整,不通过,通过,不符合设计，必须重建packet后才能draft,OFFICIAL_SOURCE_CONTENT_NOT_MATERIALIZED;NATIVE_RUNNER_AND_AGGREGATION_NOT_IN_PACKET;STATE_SCHEMA_DESCRIPTOR_ONLY;POSTRUN_ARTIFACT_INVENTORY_ABSENT;STRONGER_SPLIT_NOT_RELIABLY_DERIVABLE,,/Users/gss/Downloads/revised_agent_benchmark_paper_package/experiments/agentdojo_full_v1.2.2_direct/case_packets/agentdojo/v1.2.2_slack_user_task_5_injection_task_1/case_packet.md
v1.2.2:slack:user_task_5:injection_task_2,slack,user_task_5,injection_task_2,通过,通过,通过,不通过,不通过,不通过,类内方法可读但全局来源仍不完整,不通过,通过,不符合设计，必须重建packet后才能draft,OFFICIAL_SOURCE_CONTENT_NOT_MATERIALIZED;NATIVE_RUNNER_AND_AGGREGATION_NOT_IN_PACKET;STATE_SCHEMA_DESCRIPTOR_ONLY;POSTRUN_ARTIFACT_INVENTORY_ABSENT;STRONGER_SPLIT_NOT_RELIABLY_DERIVABLE,,/Users/gss/Downloads/revised_agent_benchmark_paper_package/experiments/agentdojo_full_v1.2.2_direct/case_packets/agentdojo/v1.2.2_slack_user_task_5_injection_task_2/case_packet.md
v1.2.2:slack:user_task_5:injection_task_3,slack,user_task_5,injection_task_3,通过,通过,通过,不通过,不通过,不通过,类内方法可读但全局来源仍不完整,不通过,通过,不符合设计，必须重建packet后才能draft,OFFICIAL_SOURCE_CONTENT_NOT_MATERIALIZED;NATIVE_RUNNER_AND_AGGREGATION_NOT_IN_PACKET;STATE_SCHEMA_DESCRIPTOR_ONLY;POSTRUN_ARTIFACT_INVENTORY_ABSENT;STRONGER_SPLIT_NOT_RELIABLY_DERIVABLE,,/Users/gss/Downloads/revised_agent_benchmark_paper_package/experiments/agentdojo_full_v1.2.2_direct/case_packets/agentdojo/v1.2.2_slack_user_task_5_injection_task_3/case_packet.md
v1.2.2:slack:user_task_5:injection_task_4,slack,user_task_5,injection_task_4,通过,通过,通过,不通过,不通过,不通过,类内方法可读但全局来源仍不完整,不通过,通过,不符合设计，必须重建packet后才能draft,OFFICIAL_SOURCE_CONTENT_NOT_MATERIALIZED;NATIVE_RUNNER_AND_AGGREGATION_NOT_IN_PACKET;STATE_SCHEMA_DESCRIPTOR_ONLY;POSTRUN_ARTIFACT_INVENTORY_ABSENT;STRONGER_SPLIT_NOT_RELIABLY_DERIVABLE,,/Users/gss/Downloads/revised_agent_benchmark_paper_package/experiments/agentdojo_full_v1.2.2_direct/case_packets/agentdojo/v1.2.2_slack_user_task_5_injection_task_4/case_packet.md
v1.2.2:slack:user_task_5:injection_task_5,slack,user_task_5,injection_task_5,通过,通过,通过,不通过,不通过,不通过,类内方法可读但全局来源仍不完整,不通过,通过,不符合设计，必须重建packet后才能draft,OFFICIAL_SOURCE_CONTENT_NOT_MATERIALIZED;NATIVE_RUNNER_AND_AGGREGATION_NOT_IN_PACKET;STATE_SCHEMA_DESCRIPTOR_ONLY;POSTRUN_ARTIFACT_INVENTORY_ABSENT;STRONGER_SPLIT_NOT_RELIABLY_DERIVABLE,,/Users/gss/Downloads/revised_agent_benchmark_paper_package/experiments/agentdojo_full_v1.2.2_direct/case_packets/agentdojo/v1.2.2_slack_user_task_5_injection_task_5/case_packet.md
v1.2.2:slack:user_task_6:injection_task_1,slack,user_task_6,injection_task_1,通过,通过,通过,不通过,不通过,不通过,类内方法可读但全局来源仍不完整,不通过,通过,不符合设计，必须重建packet后才能draft,OFFICIAL_SOURCE_CONTENT_NOT_MATERIALIZED;NATIVE_RUNNER_AND_AGGREGATION_NOT_IN_PACKET;STATE_SCHEMA_DESCRIPTOR_ONLY;POSTRUN_ARTIFACT_INVENTORY_ABSENT;STRONGER_SPLIT_NOT_RELIABLY_DERIVABLE,,/Users/gss/Downloads/revised_agent_benchmark_paper_package/experiments/agentdojo_full_v1.2.2_direct/case_packets/agentdojo/v1.2.2_slack_user_task_6_injection_task_1/case_packet.md
v1.2.2:slack:user_task_6:injection_task_2,slack,user_task_6,injection_task_2,通过,通过,通过,不通过,不通过,不通过,类内方法可读但全局来源仍不完整,不通过,通过,不符合设计，必须重建packet后才能draft,OFFICIAL_SOURCE_CONTENT_NOT_MATERIALIZED;NATIVE_RUNNER_AND_AGGREGATION_NOT_IN_PACKET;STATE_SCHEMA_DESCRIPTOR_ONLY;POSTRUN_ARTIFACT_INVENTORY_ABSENT;STRONGER_SPLIT_NOT_RELIABLY_DERIVABLE,,/Users/gss/Downloads/revised_agent_benchmark_paper_package/experiments/agentdojo_full_v1.2.2_direct/case_packets/agentdojo/v1.2.2_slack_user_task_6_injection_task_2/case_packet.md
v1.2.2:slack:user_task_6:injection_task_3,slack,user_task_6,injection_task_3,通过,通过,通过,不通过,不通过,不通过,类内方法可读但全局来源仍不完整,不通过,通过,不符合设计，必须重建packet后才能draft,OFFICIAL_SOURCE_CONTENT_NOT_MATERIALIZED;NATIVE_RUNNER_AND_AGGREGATION_NOT_IN_PACKET;STATE_SCHEMA_DESCRIPTOR_ONLY;POSTRUN_ARTIFACT_INVENTORY_ABSENT;STRONGER_SPLIT_NOT_RELIABLY_DERIVABLE,,/Users/gss/Downloads/revised_agent_benchmark_paper_package/experiments/agentdojo_full_v1.2.2_direct/case_packets/agentdojo/v1.2.2_slack_user_task_6_injection_task_3/case_packet.md
v1.2.2:slack:user_task_6:injection_task_4,slack,user_task_6,injection_task_4,通过,通过,通过,不通过,不通过,不通过,类内方法可读但全局来源仍不完整,不通过,通过,不符合设计，必须重建packet后才能draft,OFFICIAL_SOURCE_CONTENT_NOT_MATERIALIZED;NATIVE_RUNNER_AND_AGGREGATION_NOT_IN_PACKET;STATE_SCHEMA_DESCRIPTOR_ONLY;POSTRUN_ARTIFACT_INVENTORY_ABSENT;STRONGER_SPLIT_NOT_RELIABLY_DERIVABLE,,/Users/gss/Downloads/revised_agent_benchmark_paper_package/experiments/agentdojo_full_v1.2.2_direct/case_packets/agentdojo/v1.2.2_slack_user_task_6_injection_task_4/case_packet.md
v1.2.2:slack:user_task_6:injection_task_5,slack,user_task_6,injection_task_5,通过,通过,通过,不通过,不通过,不通过,类内方法可读但全局来源仍不完整,不通过,通过,不符合设计，必须重建packet后才能draft,OFFICIAL_SOURCE_CONTENT_NOT_MATERIALIZED;NATIVE_RUNNER_AND_AGGREGATION_NOT_IN_PACKET;STATE_SCHEMA_DESCRIPTOR_ONLY;POSTRUN_ARTIFACT_INVENTORY_ABSENT;STRONGER_SPLIT_NOT_RELIABLY_DERIVABLE,,/Users/gss/Downloads/revised_agent_benchmark_paper_package/experiments/agentdojo_full_v1.2.2_direct/case_packets/agentdojo/v1.2.2_slack_user_task_6_injection_task_5/case_packet.md
v1.2.2:slack:user_task_7:injection_task_1,slack,user_task_7,injection_task_1,通过,通过,通过,不通过,不通过,不通过,类内方法可读但全局来源仍不完整,不通过,通过,不符合设计，必须重建packet后才能draft,OFFICIAL_SOURCE_CONTENT_NOT_MATERIALIZED;NATIVE_RUNNER_AND_AGGREGATION_NOT_IN_PACKET;STATE_SCHEMA_DESCRIPTOR_ONLY;POSTRUN_ARTIFACT_INVENTORY_ABSENT;STRONGER_SPLIT_NOT_RELIABLY_DERIVABLE,,/Users/gss/Downloads/revised_agent_benchmark_paper_package/experiments/agentdojo_full_v1.2.2_direct/case_packets/agentdojo/v1.2.2_slack_user_task_7_injection_task_1/case_packet.md
v1.2.2:slack:user_task_7:injection_task_2,slack,user_task_7,injection_task_2,通过,通过,通过,不通过,不通过,不通过,类内方法可读但全局来源仍不完整,不通过,通过,不符合设计，必须重建packet后才能draft,OFFICIAL_SOURCE_CONTENT_NOT_MATERIALIZED;NATIVE_RUNNER_AND_AGGREGATION_NOT_IN_PACKET;STATE_SCHEMA_DESCRIPTOR_ONLY;POSTRUN_ARTIFACT_INVENTORY_ABSENT;STRONGER_SPLIT_NOT_RELIABLY_DERIVABLE,,/Users/gss/Downloads/revised_agent_benchmark_paper_package/experiments/agentdojo_full_v1.2.2_direct/case_packets/agentdojo/v1.2.2_slack_user_task_7_injection_task_2/case_packet.md
v1.2.2:slack:user_task_7:injection_task_3,slack,user_task_7,injection_task_3,通过,通过,通过,不通过,不通过,不通过,类内方法可读但全局来源仍不完整,不通过,通过,不符合设计，必须重建packet后才能draft,OFFICIAL_SOURCE_CONTENT_NOT_MATERIALIZED;NATIVE_RUNNER_AND_AGGREGATION_NOT_IN_PACKET;STATE_SCHEMA_DESCRIPTOR_ONLY;POSTRUN_ARTIFACT_INVENTORY_ABSENT;STRONGER_SPLIT_NOT_RELIABLY_DERIVABLE,,/Users/gss/Downloads/revised_agent_benchmark_paper_package/experiments/agentdojo_full_v1.2.2_direct/case_packets/agentdojo/v1.2.2_slack_user_task_7_injection_task_3/case_packet.md
v1.2.2:slack:user_task_8:injection_task_1,slack,user_task_8,injection_task_1,通过,通过,通过,不通过,不通过,不通过,类内方法可读但全局来源仍不完整,不通过,通过,不符合设计，必须重建packet后才能draft,OFFICIAL_SOURCE_CONTENT_NOT_MATERIALIZED;NATIVE_RUNNER_AND_AGGREGATION_NOT_IN_PACKET;STATE_SCHEMA_DESCRIPTOR_ONLY;POSTRUN_ARTIFACT_INVENTORY_ABSENT;STRONGER_SPLIT_NOT_RELIABLY_DERIVABLE,,/Users/gss/Downloads/revised_agent_benchmark_paper_package/experiments/agentdojo_full_v1.2.2_direct/case_packets/agentdojo/v1.2.2_slack_user_task_8_injection_task_1/case_packet.md
v1.2.2:slack:user_task_8:injection_task_2,slack,user_task_8,injection_task_2,通过,通过,通过,不通过,不通过,不通过,类内方法可读但全局来源仍不完整,不通过,通过,不符合设计，必须重建packet后才能draft,OFFICIAL_SOURCE_CONTENT_NOT_MATERIALIZED;NATIVE_RUNNER_AND_AGGREGATION_NOT_IN_PACKET;STATE_SCHEMA_DESCRIPTOR_ONLY;POSTRUN_ARTIFACT_INVENTORY_ABSENT;STRONGER_SPLIT_NOT_RELIABLY_DERIVABLE,,/Users/gss/Downloads/revised_agent_benchmark_paper_package/experiments/agentdojo_full_v1.2.2_direct/case_packets/agentdojo/v1.2.2_slack_user_task_8_injection_task_2/case_packet.md
v1.2.2:slack:user_task_8:injection_task_3,slack,user_task_8,injection_task_3,通过,通过,通过,不通过,不通过,不通过,类内方法可读但全局来源仍不完整,不通过,通过,不符合设计，必须重建packet后才能draft,OFFICIAL_SOURCE_CONTENT_NOT_MATERIALIZED;NATIVE_RUNNER_AND_AGGREGATION_NOT_IN_PACKET;STATE_SCHEMA_DESCRIPTOR_ONLY;POSTRUN_ARTIFACT_INVENTORY_ABSENT;STRONGER_SPLIT_NOT_RELIABLY_DERIVABLE,,/Users/gss/Downloads/revised_agent_benchmark_paper_package/experiments/agentdojo_full_v1.2.2_direct/case_packets/agentdojo/v1.2.2_slack_user_task_8_injection_task_3/case_packet.md
v1.2.2:slack:user_task_8:injection_task_4,slack,user_task_8,injection_task_4,通过,通过,通过,不通过,不通过,不通过,类内方法可读但全局来源仍不完整,不通过,通过,不符合设计，必须重建packet后才能draft,OFFICIAL_SOURCE_CONTENT_NOT_MATERIALIZED;NATIVE_RUNNER_AND_AGGREGATION_NOT_IN_PACKET;STATE_SCHEMA_DESCRIPTOR_ONLY;POSTRUN_ARTIFACT_INVENTORY_ABSENT;STRONGER_SPLIT_NOT_RELIABLY_DERIVABLE,,/Users/gss/Downloads/revised_agent_benchmark_paper_package/experiments/agentdojo_full_v1.2.2_direct/case_packets/agentdojo/v1.2.2_slack_user_task_8_injection_task_4/case_packet.md
v1.2.2:slack:user_task_8:injection_task_5,slack,user_task_8,injection_task_5,通过,通过,通过,不通过,不通过,不通过,类内方法可读但全局来源仍不完整,不通过,通过,不符合设计，必须重建packet后才能draft,OFFICIAL_SOURCE_CONTENT_NOT_MATERIALIZED;NATIVE_RUNNER_AND_AGGREGATION_NOT_IN_PACKET;STATE_SCHEMA_DESCRIPTOR_ONLY;POSTRUN_ARTIFACT_INVENTORY_ABSENT;STRONGER_SPLIT_NOT_RELIABLY_DERIVABLE,,/Users/gss/Downloads/revised_agent_benchmark_paper_package/experiments/agentdojo_full_v1.2.2_direct/case_packets/agentdojo/v1.2.2_slack_user_task_8_injection_task_5/case_packet.md
v1.2.2:slack:user_task_9:injection_task_1,slack,user_task_9,injection_task_1,通过,通过,通过,不通过,不通过,不通过,类内方法可读但全局来源仍不完整,不通过,通过,不符合设计，必须重建packet后才能draft,OFFICIAL_SOURCE_CONTENT_NOT_MATERIALIZED;NATIVE_RUNNER_AND_AGGREGATION_NOT_IN_PACKET;STATE_SCHEMA_DESCRIPTOR_ONLY;POSTRUN_ARTIFACT_INVENTORY_ABSENT;STRONGER_SPLIT_NOT_RELIABLY_DERIVABLE,,/Users/gss/Downloads/revised_agent_benchmark_paper_package/experiments/agentdojo_full_v1.2.2_direct/case_packets/agentdojo/v1.2.2_slack_user_task_9_injection_task_1/case_packet.md
v1.2.2:slack:user_task_9:injection_task_2,slack,user_task_9,injection_task_2,通过,通过,通过,不通过,不通过,不通过,类内方法可读但全局来源仍不完整,不通过,通过,不符合设计，必须重建packet后才能draft,OFFICIAL_SOURCE_CONTENT_NOT_MATERIALIZED;NATIVE_RUNNER_AND_AGGREGATION_NOT_IN_PACKET;STATE_SCHEMA_DESCRIPTOR_ONLY;POSTRUN_ARTIFACT_INVENTORY_ABSENT;STRONGER_SPLIT_NOT_RELIABLY_DERIVABLE,,/Users/gss/Downloads/revised_agent_benchmark_paper_package/experiments/agentdojo_full_v1.2.2_direct/case_packets/agentdojo/v1.2.2_slack_user_task_9_injection_task_2/case_packet.md
v1.2.2:slack:user_task_9:injection_task_4,slack,user_task_9,injection_task_4,通过,通过,通过,不通过,不通过,不通过,类内方法可读但全局来源仍不完整,不通过,通过,不符合设计，必须重建packet后才能draft,OFFICIAL_SOURCE_CONTENT_NOT_MATERIALIZED;NATIVE_RUNNER_AND_AGGREGATION_NOT_IN_PACKET;STATE_SCHEMA_DESCRIPTOR_ONLY;POSTRUN_ARTIFACT_INVENTORY_ABSENT;STRONGER_SPLIT_NOT_RELIABLY_DERIVABLE,,/Users/gss/Downloads/revised_agent_benchmark_paper_package/experiments/agentdojo_full_v1.2.2_direct/case_packets/agentdojo/v1.2.2_slack_user_task_9_injection_task_4/case_packet.md
v1.2.2:slack:user_task_9:injection_task_5,slack,user_task_9,injection_task_5,通过,通过,通过,不通过,不通过,不通过,类内方法可读但全局来源仍不完整,不通过,通过,不符合设计，必须重建packet后才能draft,OFFICIAL_SOURCE_CONTENT_NOT_MATERIALIZED;NATIVE_RUNNER_AND_AGGREGATION_NOT_IN_PACKET;STATE_SCHEMA_DESCRIPTOR_ONLY;POSTRUN_ARTIFACT_INVENTORY_ABSENT;STRONGER_SPLIT_NOT_RELIABLY_DERIVABLE,,/Users/gss/Downloads/revised_agent_benchmark_paper_package/experiments/agentdojo_full_v1.2.2_direct/case_packets/agentdojo/v1.2.2_slack_user_task_9_injection_task_5/case_packet.md
v1.2.2:slack:user_task_10:injection_task_1,slack,user_task_10,injection_task_1,通过,通过,通过,不通过,不通过,不通过,类内方法可读但全局来源仍不完整,不通过,通过,不符合设计，必须重建packet后才能draft,OFFICIAL_SOURCE_CONTENT_NOT_MATERIALIZED;NATIVE_RUNNER_AND_AGGREGATION_NOT_IN_PACKET;STATE_SCHEMA_DESCRIPTOR_ONLY;POSTRUN_ARTIFACT_INVENTORY_ABSENT;STRONGER_SPLIT_NOT_RELIABLY_DERIVABLE,,/Users/gss/Downloads/revised_agent_benchmark_paper_package/experiments/agentdojo_full_v1.2.2_direct/case_packets/agentdojo/v1.2.2_slack_user_task_10_injection_task_1/case_packet.md
v1.2.2:slack:user_task_10:injection_task_2,slack,user_task_10,injection_task_2,通过,通过,通过,不通过,不通过,不通过,类内方法可读但全局来源仍不完整,不通过,通过,不符合设计，必须重建packet后才能draft,OFFICIAL_SOURCE_CONTENT_NOT_MATERIALIZED;NATIVE_RUNNER_AND_AGGREGATION_NOT_IN_PACKET;STATE_SCHEMA_DESCRIPTOR_ONLY;POSTRUN_ARTIFACT_INVENTORY_ABSENT;STRONGER_SPLIT_NOT_RELIABLY_DERIVABLE,,/Users/gss/Downloads/revised_agent_benchmark_paper_package/experiments/agentdojo_full_v1.2.2_direct/case_packets/agentdojo/v1.2.2_slack_user_task_10_injection_task_2/case_packet.md
v1.2.2:slack:user_task_10:injection_task_4,slack,user_task_10,injection_task_4,通过,通过,通过,不通过,不通过,不通过,类内方法可读但全局来源仍不完整,不通过,通过,不符合设计，必须重建packet后才能draft,OFFICIAL_SOURCE_CONTENT_NOT_MATERIALIZED;NATIVE_RUNNER_AND_AGGREGATION_NOT_IN_PACKET;STATE_SCHEMA_DESCRIPTOR_ONLY;POSTRUN_ARTIFACT_INVENTORY_ABSENT;STRONGER_SPLIT_NOT_RELIABLY_DERIVABLE,,/Users/gss/Downloads/revised_agent_benchmark_paper_package/experiments/agentdojo_full_v1.2.2_direct/case_packets/agentdojo/v1.2.2_slack_user_task_10_injection_task_4/case_packet.md
v1.2.2:slack:user_task_10:injection_task_5,slack,user_task_10,injection_task_5,通过,通过,通过,不通过,不通过,不通过,类内方法可读但全局来源仍不完整,不通过,通过,不符合设计，必须重建packet后才能draft,OFFICIAL_SOURCE_CONTENT_NOT_MATERIALIZED;NATIVE_RUNNER_AND_AGGREGATION_NOT_IN_PACKET;STATE_SCHEMA_DESCRIPTOR_ONLY;POSTRUN_ARTIFACT_INVENTORY_ABSENT;STRONGER_SPLIT_NOT_RELIABLY_DERIVABLE,,/Users/gss/Downloads/revised_agent_benchmark_paper_package/experiments/agentdojo_full_v1.2.2_direct/case_packets/agentdojo/v1.2.2_slack_user_task_10_injection_task_5/case_packet.md
v1.2.2:slack:user_task_11:injection_task_1,slack,user_task_11,injection_task_1,通过,通过,通过,不通过,不通过,不通过,类内方法可读但全局来源仍不完整,不通过,通过,不符合设计，必须重建packet后才能draft,OFFICIAL_SOURCE_CONTENT_NOT_MATERIALIZED;NATIVE_RUNNER_AND_AGGREGATION_NOT_IN_PACKET;STATE_SCHEMA_DESCRIPTOR_ONLY;POSTRUN_ARTIFACT_INVENTORY_ABSENT;STRONGER_SPLIT_NOT_RELIABLY_DERIVABLE,,/Users/gss/Downloads/revised_agent_benchmark_paper_package/experiments/agentdojo_full_v1.2.2_direct/case_packets/agentdojo/v1.2.2_slack_user_task_11_injection_task_1/case_packet.md
v1.2.2:slack:user_task_11:injection_task_2,slack,user_task_11,injection_task_2,通过,通过,通过,不通过,不通过,不通过,类内方法可读但全局来源仍不完整,不通过,通过,不符合设计，必须重建packet后才能draft,OFFICIAL_SOURCE_CONTENT_NOT_MATERIALIZED;NATIVE_RUNNER_AND_AGGREGATION_NOT_IN_PACKET;STATE_SCHEMA_DESCRIPTOR_ONLY;POSTRUN_ARTIFACT_INVENTORY_ABSENT;STRONGER_SPLIT_NOT_RELIABLY_DERIVABLE,,/Users/gss/Downloads/revised_agent_benchmark_paper_package/experiments/agentdojo_full_v1.2.2_direct/case_packets/agentdojo/v1.2.2_slack_user_task_11_injection_task_2/case_packet.md
v1.2.2:slack:user_task_11:injection_task_4,slack,user_task_11,injection_task_4,通过,通过,通过,不通过,不通过,不通过,类内方法可读但全局来源仍不完整,不通过,通过,不符合设计，必须重建packet后才能draft,OFFICIAL_SOURCE_CONTENT_NOT_MATERIALIZED;NATIVE_RUNNER_AND_AGGREGATION_NOT_IN_PACKET;STATE_SCHEMA_DESCRIPTOR_ONLY;POSTRUN_ARTIFACT_INVENTORY_ABSENT;STRONGER_SPLIT_NOT_RELIABLY_DERIVABLE,,/Users/gss/Downloads/revised_agent_benchmark_paper_package/experiments/agentdojo_full_v1.2.2_direct/case_packets/agentdojo/v1.2.2_slack_user_task_11_injection_task_4/case_packet.md
v1.2.2:slack:user_task_11:injection_task_5,slack,user_task_11,injection_task_5,通过,通过,通过,不通过,不通过,不通过,类内方法可读但全局来源仍不完整,不通过,通过,不符合设计，必须重建packet后才能draft,OFFICIAL_SOURCE_CONTENT_NOT_MATERIALIZED;NATIVE_RUNNER_AND_AGGREGATION_NOT_IN_PACKET;STATE_SCHEMA_DESCRIPTOR_ONLY;POSTRUN_ARTIFACT_INVENTORY_ABSENT;STRONGER_SPLIT_NOT_RELIABLY_DERIVABLE,,/Users/gss/Downloads/revised_agent_benchmark_paper_package/experiments/agentdojo_full_v1.2.2_direct/case_packets/agentdojo/v1.2.2_slack_user_task_11_injection_task_5/case_packet.md
v1.2.2:slack:user_task_12:injection_task_1,slack,user_task_12,injection_task_1,通过,通过,通过,不通过,不通过,不通过,类内方法可读但全局来源仍不完整,不通过,通过,不符合设计，必须重建packet后才能draft,OFFICIAL_SOURCE_CONTENT_NOT_MATERIALIZED;NATIVE_RUNNER_AND_AGGREGATION_NOT_IN_PACKET;STATE_SCHEMA_DESCRIPTOR_ONLY;POSTRUN_ARTIFACT_INVENTORY_ABSENT;STRONGER_SPLIT_NOT_RELIABLY_DERIVABLE,,/Users/gss/Downloads/revised_agent_benchmark_paper_package/experiments/agentdojo_full_v1.2.2_direct/case_packets/agentdojo/v1.2.2_slack_user_task_12_injection_task_1/case_packet.md
v1.2.2:slack:user_task_12:injection_task_2,slack,user_task_12,injection_task_2,通过,通过,通过,不通过,不通过,不通过,类内方法可读但全局来源仍不完整,不通过,通过,不符合设计，必须重建packet后才能draft,OFFICIAL_SOURCE_CONTENT_NOT_MATERIALIZED;NATIVE_RUNNER_AND_AGGREGATION_NOT_IN_PACKET;STATE_SCHEMA_DESCRIPTOR_ONLY;POSTRUN_ARTIFACT_INVENTORY_ABSENT;STRONGER_SPLIT_NOT_RELIABLY_DERIVABLE,,/Users/gss/Downloads/revised_agent_benchmark_paper_package/experiments/agentdojo_full_v1.2.2_direct/case_packets/agentdojo/v1.2.2_slack_user_task_12_injection_task_2/case_packet.md
v1.2.2:slack:user_task_12:injection_task_3,slack,user_task_12,injection_task_3,通过,通过,通过,不通过,不通过,不通过,类内方法可读但全局来源仍不完整,不通过,通过,不符合设计，必须重建packet后才能draft,OFFICIAL_SOURCE_CONTENT_NOT_MATERIALIZED;NATIVE_RUNNER_AND_AGGREGATION_NOT_IN_PACKET;STATE_SCHEMA_DESCRIPTOR_ONLY;POSTRUN_ARTIFACT_INVENTORY_ABSENT;STRONGER_SPLIT_NOT_RELIABLY_DERIVABLE,,/Users/gss/Downloads/revised_agent_benchmark_paper_package/experiments/agentdojo_full_v1.2.2_direct/case_packets/agentdojo/v1.2.2_slack_user_task_12_injection_task_3/case_packet.md
v1.2.2:slack:user_task_12:injection_task_4,slack,user_task_12,injection_task_4,通过,通过,通过,不通过,不通过,不通过,类内方法可读但全局来源仍不完整,不通过,通过,不符合设计，必须重建packet后才能draft,OFFICIAL_SOURCE_CONTENT_NOT_MATERIALIZED;NATIVE_RUNNER_AND_AGGREGATION_NOT_IN_PACKET;STATE_SCHEMA_DESCRIPTOR_ONLY;POSTRUN_ARTIFACT_INVENTORY_ABSENT;STRONGER_SPLIT_NOT_RELIABLY_DERIVABLE,,/Users/gss/Downloads/revised_agent_benchmark_paper_package/experiments/agentdojo_full_v1.2.2_direct/case_packets/agentdojo/v1.2.2_slack_user_task_12_injection_task_4/case_packet.md
v1.2.2:slack:user_task_13:injection_task_1,slack,user_task_13,injection_task_1,通过,通过,通过,不通过,不通过,不通过,类内方法可读但全局来源仍不完整,不通过,通过,不符合设计，必须重建packet后才能draft,OFFICIAL_SOURCE_CONTENT_NOT_MATERIALIZED;NATIVE_RUNNER_AND_AGGREGATION_NOT_IN_PACKET;STATE_SCHEMA_DESCRIPTOR_ONLY;POSTRUN_ARTIFACT_INVENTORY_ABSENT;STRONGER_SPLIT_NOT_RELIABLY_DERIVABLE,,/Users/gss/Downloads/revised_agent_benchmark_paper_package/experiments/agentdojo_full_v1.2.2_direct/case_packets/agentdojo/v1.2.2_slack_user_task_13_injection_task_1/case_packet.md
v1.2.2:slack:user_task_13:injection_task_2,slack,user_task_13,injection_task_2,通过,通过,通过,不通过,不通过,不通过,类内方法可读但全局来源仍不完整,不通过,通过,不符合设计，必须重建packet后才能draft,OFFICIAL_SOURCE_CONTENT_NOT_MATERIALIZED;NATIVE_RUNNER_AND_AGGREGATION_NOT_IN_PACKET;STATE_SCHEMA_DESCRIPTOR_ONLY;POSTRUN_ARTIFACT_INVENTORY_ABSENT;STRONGER_SPLIT_NOT_RELIABLY_DERIVABLE,,/Users/gss/Downloads/revised_agent_benchmark_paper_package/experiments/agentdojo_full_v1.2.2_direct/case_packets/agentdojo/v1.2.2_slack_user_task_13_injection_task_2/case_packet.md
v1.2.2:slack:user_task_13:injection_task_3,slack,user_task_13,injection_task_3,通过,通过,通过,不通过,不通过,不通过,类内方法可读但全局来源仍不完整,不通过,通过,不符合设计，必须重建packet后才能draft,OFFICIAL_SOURCE_CONTENT_NOT_MATERIALIZED;NATIVE_RUNNER_AND_AGGREGATION_NOT_IN_PACKET;STATE_SCHEMA_DESCRIPTOR_ONLY;POSTRUN_ARTIFACT_INVENTORY_ABSENT;STRONGER_SPLIT_NOT_RELIABLY_DERIVABLE,,/Users/gss/Downloads/revised_agent_benchmark_paper_package/experiments/agentdojo_full_v1.2.2_direct/case_packets/agentdojo/v1.2.2_slack_user_task_13_injection_task_3/case_packet.md
v1.2.2:slack:user_task_13:injection_task_4,slack,user_task_13,injection_task_4,通过,通过,通过,不通过,不通过,不通过,类内方法可读但全局来源仍不完整,不通过,通过,不符合设计，必须重建packet后才能draft,OFFICIAL_SOURCE_CONTENT_NOT_MATERIALIZED;NATIVE_RUNNER_AND_AGGREGATION_NOT_IN_PACKET;STATE_SCHEMA_DESCRIPTOR_ONLY;POSTRUN_ARTIFACT_INVENTORY_ABSENT;STRONGER_SPLIT_NOT_RELIABLY_DERIVABLE,,/Users/gss/Downloads/revised_agent_benchmark_paper_package/experiments/agentdojo_full_v1.2.2_direct/case_packets/agentdojo/v1.2.2_slack_user_task_13_injection_task_4/case_packet.md
v1.2.2:slack:user_task_13:injection_task_5,slack,user_task_13,injection_task_5,通过,通过,通过,不通过,不通过,不通过,类内方法可读但全局来源仍不完整,不通过,通过,不符合设计，必须重建packet后才能draft,OFFICIAL_SOURCE_CONTENT_NOT_MATERIALIZED;NATIVE_RUNNER_AND_AGGREGATION_NOT_IN_PACKET;STATE_SCHEMA_DESCRIPTOR_ONLY;POSTRUN_ARTIFACT_INVENTORY_ABSENT;STRONGER_SPLIT_NOT_RELIABLY_DERIVABLE,,/Users/gss/Downloads/revised_agent_benchmark_paper_package/experiments/agentdojo_full_v1.2.2_direct/case_packets/agentdojo/v1.2.2_slack_user_task_13_injection_task_5/case_packet.md
v1.2.2:slack:user_task_14:injection_task_1,slack,user_task_14,injection_task_1,通过,通过,通过,不通过,不通过,不通过,类内方法可读但全局来源仍不完整,不通过,通过,不符合设计，必须重建packet后才能draft,OFFICIAL_SOURCE_CONTENT_NOT_MATERIALIZED;NATIVE_RUNNER_AND_AGGREGATION_NOT_IN_PACKET;STATE_SCHEMA_DESCRIPTOR_ONLY;POSTRUN_ARTIFACT_INVENTORY_ABSENT;STRONGER_SPLIT_NOT_RELIABLY_DERIVABLE,,/Users/gss/Downloads/revised_agent_benchmark_paper_package/experiments/agentdojo_full_v1.2.2_direct/case_packets/agentdojo/v1.2.2_slack_user_task_14_injection_task_1/case_packet.md
v1.2.2:slack:user_task_14:injection_task_3,slack,user_task_14,injection_task_3,通过,通过,通过,不通过,不通过,不通过,类内方法可读但全局来源仍不完整,不通过,通过,不符合设计，必须重建packet后才能draft,OFFICIAL_SOURCE_CONTENT_NOT_MATERIALIZED;NATIVE_RUNNER_AND_AGGREGATION_NOT_IN_PACKET;STATE_SCHEMA_DESCRIPTOR_ONLY;POSTRUN_ARTIFACT_INVENTORY_ABSENT;STRONGER_SPLIT_NOT_RELIABLY_DERIVABLE,,/Users/gss/Downloads/revised_agent_benchmark_paper_package/experiments/agentdojo_full_v1.2.2_direct/case_packets/agentdojo/v1.2.2_slack_user_task_14_injection_task_3/case_packet.md
v1.2.2:slack:user_task_14:injection_task_4,slack,user_task_14,injection_task_4,通过,通过,通过,不通过,不通过,不通过,类内方法可读但全局来源仍不完整,不通过,通过,不符合设计，必须重建packet后才能draft,OFFICIAL_SOURCE_CONTENT_NOT_MATERIALIZED;NATIVE_RUNNER_AND_AGGREGATION_NOT_IN_PACKET;STATE_SCHEMA_DESCRIPTOR_ONLY;POSTRUN_ARTIFACT_INVENTORY_ABSENT;STRONGER_SPLIT_NOT_RELIABLY_DERIVABLE,,/Users/gss/Downloads/revised_agent_benchmark_paper_package/experiments/agentdojo_full_v1.2.2_direct/case_packets/agentdojo/v1.2.2_slack_user_task_14_injection_task_4/case_packet.md
v1.2.2:slack:user_task_14:injection_task_5,slack,user_task_14,injection_task_5,通过,通过,通过,不通过,不通过,不通过,类内方法可读但全局来源仍不完整,不通过,通过,不符合设计，必须重建packet后才能draft,OFFICIAL_SOURCE_CONTENT_NOT_MATERIALIZED;NATIVE_RUNNER_AND_AGGREGATION_NOT_IN_PACKET;STATE_SCHEMA_DESCRIPTOR_ONLY;POSTRUN_ARTIFACT_INVENTORY_ABSENT;STRONGER_SPLIT_NOT_RELIABLY_DERIVABLE,,/Users/gss/Downloads/revised_agent_benchmark_paper_package/experiments/agentdojo_full_v1.2.2_direct/case_packets/agentdojo/v1.2.2_slack_user_task_14_injection_task_5/case_packet.md
v1.2.2:slack:user_task_15:injection_task_1,slack,user_task_15,injection_task_1,通过,通过,通过,不通过,不通过,不通过,类内方法可读但全局来源仍不完整,不通过,通过,不符合设计，必须重建packet后才能draft,OFFICIAL_SOURCE_CONTENT_NOT_MATERIALIZED;NATIVE_RUNNER_AND_AGGREGATION_NOT_IN_PACKET;STATE_SCHEMA_DESCRIPTOR_ONLY;POSTRUN_ARTIFACT_INVENTORY_ABSENT;STRONGER_SPLIT_NOT_RELIABLY_DERIVABLE,,/Users/gss/Downloads/revised_agent_benchmark_paper_package/experiments/agentdojo_full_v1.2.2_direct/case_packets/agentdojo/v1.2.2_slack_user_task_15_injection_task_1/case_packet.md
v1.2.2:slack:user_task_15:injection_task_2,slack,user_task_15,injection_task_2,通过,通过,通过,不通过,不通过,不通过,类内方法可读但全局来源仍不完整,不通过,通过,不符合设计，必须重建packet后才能draft,OFFICIAL_SOURCE_CONTENT_NOT_MATERIALIZED;NATIVE_RUNNER_AND_AGGREGATION_NOT_IN_PACKET;STATE_SCHEMA_DESCRIPTOR_ONLY;POSTRUN_ARTIFACT_INVENTORY_ABSENT;STRONGER_SPLIT_NOT_RELIABLY_DERIVABLE,,/Users/gss/Downloads/revised_agent_benchmark_paper_package/experiments/agentdojo_full_v1.2.2_direct/case_packets/agentdojo/v1.2.2_slack_user_task_15_injection_task_2/case_packet.md
v1.2.2:slack:user_task_15:injection_task_3,slack,user_task_15,injection_task_3,通过,通过,通过,不通过,不通过,不通过,类内方法可读但全局来源仍不完整,不通过,通过,不符合设计，必须重建packet后才能draft,OFFICIAL_SOURCE_CONTENT_NOT_MATERIALIZED;NATIVE_RUNNER_AND_AGGREGATION_NOT_IN_PACKET;STATE_SCHEMA_DESCRIPTOR_ONLY;POSTRUN_ARTIFACT_INVENTORY_ABSENT;STRONGER_SPLIT_NOT_RELIABLY_DERIVABLE,,/Users/gss/Downloads/revised_agent_benchmark_paper_package/experiments/agentdojo_full_v1.2.2_direct/case_packets/agentdojo/v1.2.2_slack_user_task_15_injection_task_3/case_packet.md
v1.2.2:slack:user_task_15:injection_task_4,slack,user_task_15,injection_task_4,通过,通过,通过,不通过,不通过,不通过,类内方法可读但全局来源仍不完整,不通过,通过,不符合设计，必须重建packet后才能draft,OFFICIAL_SOURCE_CONTENT_NOT_MATERIALIZED;NATIVE_RUNNER_AND_AGGREGATION_NOT_IN_PACKET;STATE_SCHEMA_DESCRIPTOR_ONLY;POSTRUN_ARTIFACT_INVENTORY_ABSENT;STRONGER_SPLIT_NOT_RELIABLY_DERIVABLE,,/Users/gss/Downloads/revised_agent_benchmark_paper_package/experiments/agentdojo_full_v1.2.2_direct/case_packets/agentdojo/v1.2.2_slack_user_task_15_injection_task_4/case_packet.md
v1.2.2:slack:user_task_15:injection_task_5,slack,user_task_15,injection_task_5,通过,通过,通过,不通过,不通过,不通过,类内方法可读但全局来源仍不完整,不通过,通过,不符合设计，必须重建packet后才能draft,OFFICIAL_SOURCE_CONTENT_NOT_MATERIALIZED;NATIVE_RUNNER_AND_AGGREGATION_NOT_IN_PACKET;STATE_SCHEMA_DESCRIPTOR_ONLY;POSTRUN_ARTIFACT_INVENTORY_ABSENT;STRONGER_SPLIT_NOT_RELIABLY_DERIVABLE,,/Users/gss/Downloads/revised_agent_benchmark_paper_package/experiments/agentdojo_full_v1.2.2_direct/case_packets/agentdojo/v1.2.2_slack_user_task_15_injection_task_5/case_packet.md
v1.2.2:slack:user_task_16:injection_task_1,slack,user_task_16,injection_task_1,通过,通过,通过,不通过,不通过,不通过,类内方法可读但全局来源仍不完整,不通过,通过,不符合设计，必须重建packet后才能draft,OFFICIAL_SOURCE_CONTENT_NOT_MATERIALIZED;NATIVE_RUNNER_AND_AGGREGATION_NOT_IN_PACKET;STATE_SCHEMA_DESCRIPTOR_ONLY;POSTRUN_ARTIFACT_INVENTORY_ABSENT;STRONGER_SPLIT_NOT_RELIABLY_DERIVABLE,,/Users/gss/Downloads/revised_agent_benchmark_paper_package/experiments/agentdojo_full_v1.2.2_direct/case_packets/agentdojo/v1.2.2_slack_user_task_16_injection_task_1/case_packet.md
v1.2.2:slack:user_task_16:injection_task_3,slack,user_task_16,injection_task_3,通过,通过,通过,不通过,不通过,不通过,类内方法可读但全局来源仍不完整,不通过,通过,不符合设计，必须重建packet后才能draft,OFFICIAL_SOURCE_CONTENT_NOT_MATERIALIZED;NATIVE_RUNNER_AND_AGGREGATION_NOT_IN_PACKET;STATE_SCHEMA_DESCRIPTOR_ONLY;POSTRUN_ARTIFACT_INVENTORY_ABSENT;STRONGER_SPLIT_NOT_RELIABLY_DERIVABLE,,/Users/gss/Downloads/revised_agent_benchmark_paper_package/experiments/agentdojo_full_v1.2.2_direct/case_packets/agentdojo/v1.2.2_slack_user_task_16_injection_task_3/case_packet.md
v1.2.2:slack:user_task_16:injection_task_4,slack,user_task_16,injection_task_4,通过,通过,通过,不通过,不通过,不通过,类内方法可读但全局来源仍不完整,不通过,通过,不符合设计，必须重建packet后才能draft,OFFICIAL_SOURCE_CONTENT_NOT_MATERIALIZED;NATIVE_RUNNER_AND_AGGREGATION_NOT_IN_PACKET;STATE_SCHEMA_DESCRIPTOR_ONLY;POSTRUN_ARTIFACT_INVENTORY_ABSENT;STRONGER_SPLIT_NOT_RELIABLY_DERIVABLE,,/Users/gss/Downloads/revised_agent_benchmark_paper_package/experiments/agentdojo_full_v1.2.2_direct/case_packets/agentdojo/v1.2.2_slack_user_task_16_injection_task_4/case_packet.md
v1.2.2:slack:user_task_16:injection_task_5,slack,user_task_16,injection_task_5,通过,通过,通过,不通过,不通过,不通过,类内方法可读但全局来源仍不完整,不通过,通过,不符合设计，必须重建packet后才能draft,OFFICIAL_SOURCE_CONTENT_NOT_MATERIALIZED;NATIVE_RUNNER_AND_AGGREGATION_NOT_IN_PACKET;STATE_SCHEMA_DESCRIPTOR_ONLY;POSTRUN_ARTIFACT_INVENTORY_ABSENT;STRONGER_SPLIT_NOT_RELIABLY_DERIVABLE,,/Users/gss/Downloads/revised_agent_benchmark_paper_package/experiments/agentdojo_full_v1.2.2_direct/case_packets/agentdojo/v1.2.2_slack_user_task_16_injection_task_5/case_packet.md
v1.2.2:slack:user_task_17:injection_task_1,slack,user_task_17,injection_task_1,通过,通过,通过,不通过,不通过,不通过,不通过,不通过,通过,不符合设计，必须重建packet后才能draft,OFFICIAL_SOURCE_CONTENT_NOT_MATERIALIZED;NATIVE_RUNNER_AND_AGGREGATION_NOT_IN_PACKET;STATE_SCHEMA_DESCRIPTOR_ONLY;POSTRUN_ARTIFACT_INVENTORY_ABSENT;STRONGER_SPLIT_NOT_RELIABLY_DERIVABLE;USER_COMBINED_TASK_DEPENDENCIES_MISSING;USER_UTILITY_FROM_TRACES_SOURCE_MISSING,"组合用户任务依赖:user_task_1=user_task_0,user_task_2=user_task_2 | 动态 utility_from_traces 未嵌入",/Users/gss/Downloads/revised_agent_benchmark_paper_package/experiments/agentdojo_full_v1.2.2_direct/case_packets/agentdojo/v1.2.2_slack_user_task_17_injection_task_1/case_packet.md
v1.2.2:slack:user_task_17:injection_task_2,slack,user_task_17,injection_task_2,通过,通过,通过,不通过,不通过,不通过,不通过,不通过,通过,不符合设计，必须重建packet后才能draft,OFFICIAL_SOURCE_CONTENT_NOT_MATERIALIZED;NATIVE_RUNNER_AND_AGGREGATION_NOT_IN_PACKET;STATE_SCHEMA_DESCRIPTOR_ONLY;POSTRUN_ARTIFACT_INVENTORY_ABSENT;STRONGER_SPLIT_NOT_RELIABLY_DERIVABLE;USER_COMBINED_TASK_DEPENDENCIES_MISSING;USER_UTILITY_FROM_TRACES_SOURCE_MISSING,"组合用户任务依赖:user_task_1=user_task_0,user_task_2=user_task_2 | 动态 utility_from_traces 未嵌入",/Users/gss/Downloads/revised_agent_benchmark_paper_package/experiments/agentdojo_full_v1.2.2_direct/case_packets/agentdojo/v1.2.2_slack_user_task_17_injection_task_2/case_packet.md
v1.2.2:slack:user_task_17:injection_task_3,slack,user_task_17,injection_task_3,通过,通过,通过,不通过,不通过,不通过,不通过,不通过,通过,不符合设计，必须重建packet后才能draft,OFFICIAL_SOURCE_CONTENT_NOT_MATERIALIZED;NATIVE_RUNNER_AND_AGGREGATION_NOT_IN_PACKET;STATE_SCHEMA_DESCRIPTOR_ONLY;POSTRUN_ARTIFACT_INVENTORY_ABSENT;STRONGER_SPLIT_NOT_RELIABLY_DERIVABLE;USER_COMBINED_TASK_DEPENDENCIES_MISSING;USER_UTILITY_FROM_TRACES_SOURCE_MISSING,"组合用户任务依赖:user_task_1=user_task_0,user_task_2=user_task_2 | 动态 utility_from_traces 未嵌入",/Users/gss/Downloads/revised_agent_benchmark_paper_package/experiments/agentdojo_full_v1.2.2_direct/case_packets/agentdojo/v1.2.2_slack_user_task_17_injection_task_3/case_packet.md
v1.2.2:slack:user_task_17:injection_task_4,slack,user_task_17,injection_task_4,通过,通过,通过,不通过,不通过,不通过,不通过,不通过,通过,不符合设计，必须重建packet后才能draft,OFFICIAL_SOURCE_CONTENT_NOT_MATERIALIZED;NATIVE_RUNNER_AND_AGGREGATION_NOT_IN_PACKET;STATE_SCHEMA_DESCRIPTOR_ONLY;POSTRUN_ARTIFACT_INVENTORY_ABSENT;STRONGER_SPLIT_NOT_RELIABLY_DERIVABLE;USER_COMBINED_TASK_DEPENDENCIES_MISSING;USER_UTILITY_FROM_TRACES_SOURCE_MISSING,"组合用户任务依赖:user_task_1=user_task_0,user_task_2=user_task_2 | 动态 utility_from_traces 未嵌入",/Users/gss/Downloads/revised_agent_benchmark_paper_package/experiments/agentdojo_full_v1.2.2_direct/case_packets/agentdojo/v1.2.2_slack_user_task_17_injection_task_4/case_packet.md
v1.2.2:slack:user_task_17:injection_task_5,slack,user_task_17,injection_task_5,通过,通过,通过,不通过,不通过,不通过,不通过,不通过,通过,不符合设计，必须重建packet后才能draft,OFFICIAL_SOURCE_CONTENT_NOT_MATERIALIZED;NATIVE_RUNNER_AND_AGGREGATION_NOT_IN_PACKET;STATE_SCHEMA_DESCRIPTOR_ONLY;POSTRUN_ARTIFACT_INVENTORY_ABSENT;STRONGER_SPLIT_NOT_RELIABLY_DERIVABLE;USER_COMBINED_TASK_DEPENDENCIES_MISSING;USER_UTILITY_FROM_TRACES_SOURCE_MISSING,"组合用户任务依赖:user_task_1=user_task_0,user_task_2=user_task_2 | 动态 utility_from_traces 未嵌入",/Users/gss/Downloads/revised_agent_benchmark_paper_package/experiments/agentdojo_full_v1.2.2_direct/case_packets/agentdojo/v1.2.2_slack_user_task_17_injection_task_5/case_packet.md
v1.2.2:slack:user_task_18:injection_task_1,slack,user_task_18,injection_task_1,通过,通过,通过,不通过,不通过,不通过,不通过,不通过,通过,不符合设计，必须重建packet后才能draft,OFFICIAL_SOURCE_CONTENT_NOT_MATERIALIZED;NATIVE_RUNNER_AND_AGGREGATION_NOT_IN_PACKET;STATE_SCHEMA_DESCRIPTOR_ONLY;POSTRUN_ARTIFACT_INVENTORY_ABSENT;STRONGER_SPLIT_NOT_RELIABLY_DERIVABLE;USER_COMBINED_TASK_DEPENDENCIES_MISSING;USER_UTILITY_FROM_TRACES_SOURCE_MISSING,"组合用户任务依赖:user_task_1=user_task_1,user_task_2=user_task_5 | 动态 utility_from_traces 未嵌入",/Users/gss/Downloads/revised_agent_benchmark_paper_package/experiments/agentdojo_full_v1.2.2_direct/case_packets/agentdojo/v1.2.2_slack_user_task_18_injection_task_1/case_packet.md
v1.2.2:slack:user_task_18:injection_task_2,slack,user_task_18,injection_task_2,通过,通过,通过,不通过,不通过,不通过,不通过,不通过,通过,不符合设计，必须重建packet后才能draft,OFFICIAL_SOURCE_CONTENT_NOT_MATERIALIZED;NATIVE_RUNNER_AND_AGGREGATION_NOT_IN_PACKET;STATE_SCHEMA_DESCRIPTOR_ONLY;POSTRUN_ARTIFACT_INVENTORY_ABSENT;STRONGER_SPLIT_NOT_RELIABLY_DERIVABLE;USER_COMBINED_TASK_DEPENDENCIES_MISSING;USER_UTILITY_FROM_TRACES_SOURCE_MISSING,"组合用户任务依赖:user_task_1=user_task_1,user_task_2=user_task_5 | 动态 utility_from_traces 未嵌入",/Users/gss/Downloads/revised_agent_benchmark_paper_package/experiments/agentdojo_full_v1.2.2_direct/case_packets/agentdojo/v1.2.2_slack_user_task_18_injection_task_2/case_packet.md
v1.2.2:slack:user_task_18:injection_task_3,slack,user_task_18,injection_task_3,通过,通过,通过,不通过,不通过,不通过,不通过,不通过,通过,不符合设计，必须重建packet后才能draft,OFFICIAL_SOURCE_CONTENT_NOT_MATERIALIZED;NATIVE_RUNNER_AND_AGGREGATION_NOT_IN_PACKET;STATE_SCHEMA_DESCRIPTOR_ONLY;POSTRUN_ARTIFACT_INVENTORY_ABSENT;STRONGER_SPLIT_NOT_RELIABLY_DERIVABLE;USER_COMBINED_TASK_DEPENDENCIES_MISSING;USER_UTILITY_FROM_TRACES_SOURCE_MISSING,"组合用户任务依赖:user_task_1=user_task_1,user_task_2=user_task_5 | 动态 utility_from_traces 未嵌入",/Users/gss/Downloads/revised_agent_benchmark_paper_package/experiments/agentdojo_full_v1.2.2_direct/case_packets/agentdojo/v1.2.2_slack_user_task_18_injection_task_3/case_packet.md
v1.2.2:slack:user_task_18:injection_task_4,slack,user_task_18,injection_task_4,通过,通过,通过,不通过,不通过,不通过,不通过,不通过,通过,不符合设计，必须重建packet后才能draft,OFFICIAL_SOURCE_CONTENT_NOT_MATERIALIZED;NATIVE_RUNNER_AND_AGGREGATION_NOT_IN_PACKET;STATE_SCHEMA_DESCRIPTOR_ONLY;POSTRUN_ARTIFACT_INVENTORY_ABSENT;STRONGER_SPLIT_NOT_RELIABLY_DERIVABLE;USER_COMBINED_TASK_DEPENDENCIES_MISSING;USER_UTILITY_FROM_TRACES_SOURCE_MISSING,"组合用户任务依赖:user_task_1=user_task_1,user_task_2=user_task_5 | 动态 utility_from_traces 未嵌入",/Users/gss/Downloads/revised_agent_benchmark_paper_package/experiments/agentdojo_full_v1.2.2_direct/case_packets/agentdojo/v1.2.2_slack_user_task_18_injection_task_4/case_packet.md
v1.2.2:slack:user_task_19:injection_task_1,slack,user_task_19,injection_task_1,通过,通过,通过,不通过,不通过,不通过,不通过,不通过,通过,不符合设计，必须重建packet后才能draft,OFFICIAL_SOURCE_CONTENT_NOT_MATERIALIZED;NATIVE_RUNNER_AND_AGGREGATION_NOT_IN_PACKET;STATE_SCHEMA_DESCRIPTOR_ONLY;POSTRUN_ARTIFACT_INVENTORY_ABSENT;STRONGER_SPLIT_NOT_RELIABLY_DERIVABLE;USER_COMBINED_TASK_DEPENDENCIES_MISSING;USER_UTILITY_FROM_TRACES_SOURCE_MISSING,"组合用户任务依赖:user_task_1=user_task_9,user_task_2=user_task_8 | 动态 utility_from_traces 未嵌入",/Users/gss/Downloads/revised_agent_benchmark_paper_package/experiments/agentdojo_full_v1.2.2_direct/case_packets/agentdojo/v1.2.2_slack_user_task_19_injection_task_1/case_packet.md
v1.2.2:slack:user_task_19:injection_task_3,slack,user_task_19,injection_task_3,通过,通过,通过,不通过,不通过,不通过,不通过,不通过,通过,不符合设计，必须重建packet后才能draft,OFFICIAL_SOURCE_CONTENT_NOT_MATERIALIZED;NATIVE_RUNNER_AND_AGGREGATION_NOT_IN_PACKET;STATE_SCHEMA_DESCRIPTOR_ONLY;POSTRUN_ARTIFACT_INVENTORY_ABSENT;STRONGER_SPLIT_NOT_RELIABLY_DERIVABLE;USER_COMBINED_TASK_DEPENDENCIES_MISSING;USER_UTILITY_FROM_TRACES_SOURCE_MISSING,"组合用户任务依赖:user_task_1=user_task_9,user_task_2=user_task_8 | 动态 utility_from_traces 未嵌入",/Users/gss/Downloads/revised_agent_benchmark_paper_package/experiments/agentdojo_full_v1.2.2_direct/case_packets/agentdojo/v1.2.2_slack_user_task_19_injection_task_3/case_packet.md
v1.2.2:slack:user_task_19:injection_task_4,slack,user_task_19,injection_task_4,通过,通过,通过,不通过,不通过,不通过,不通过,不通过,通过,不符合设计，必须重建packet后才能draft,OFFICIAL_SOURCE_CONTENT_NOT_MATERIALIZED;NATIVE_RUNNER_AND_AGGREGATION_NOT_IN_PACKET;STATE_SCHEMA_DESCRIPTOR_ONLY;POSTRUN_ARTIFACT_INVENTORY_ABSENT;STRONGER_SPLIT_NOT_RELIABLY_DERIVABLE;USER_COMBINED_TASK_DEPENDENCIES_MISSING;USER_UTILITY_FROM_TRACES_SOURCE_MISSING,"组合用户任务依赖:user_task_1=user_task_9,user_task_2=user_task_8 | 动态 utility_from_traces 未嵌入",/Users/gss/Downloads/revised_agent_benchmark_paper_package/experiments/agentdojo_full_v1.2.2_direct/case_packets/agentdojo/v1.2.2_slack_user_task_19_injection_task_4/case_packet.md
v1.2.2:slack:user_task_19:injection_task_5,slack,user_task_19,injection_task_5,通过,通过,通过,不通过,不通过,不通过,不通过,不通过,通过,不符合设计，必须重建packet后才能draft,OFFICIAL_SOURCE_CONTENT_NOT_MATERIALIZED;NATIVE_RUNNER_AND_AGGREGATION_NOT_IN_PACKET;STATE_SCHEMA_DESCRIPTOR_ONLY;POSTRUN_ARTIFACT_INVENTORY_ABSENT;STRONGER_SPLIT_NOT_RELIABLY_DERIVABLE;USER_COMBINED_TASK_DEPENDENCIES_MISSING;USER_UTILITY_FROM_TRACES_SOURCE_MISSING,"组合用户任务依赖:user_task_1=user_task_9,user_task_2=user_task_8 | 动态 utility_from_traces 未嵌入",/Users/gss/Downloads/revised_agent_benchmark_paper_package/experiments/agentdojo_full_v1.2.2_direct/case_packets/agentdojo/v1.2.2_slack_user_task_19_injection_task_5/case_packet.md
v1.2.2:slack:user_task_20:injection_task_1,slack,user_task_20,injection_task_1,通过,通过,通过,不通过,不通过,不通过,不通过,不通过,通过,不符合设计，必须重建packet后才能draft,OFFICIAL_SOURCE_CONTENT_NOT_MATERIALIZED;NATIVE_RUNNER_AND_AGGREGATION_NOT_IN_PACKET;STATE_SCHEMA_DESCRIPTOR_ONLY;POSTRUN_ARTIFACT_INVENTORY_ABSENT;STRONGER_SPLIT_NOT_RELIABLY_DERIVABLE;USER_COMBINED_TASK_DEPENDENCIES_MISSING;USER_UTILITY_FROM_TRACES_SOURCE_MISSING,"组合用户任务依赖:user_task_1=user_task_15,user_task_2=user_task_16 | 动态 utility_from_traces 未嵌入",/Users/gss/Downloads/revised_agent_benchmark_paper_package/experiments/agentdojo_full_v1.2.2_direct/case_packets/agentdojo/v1.2.2_slack_user_task_20_injection_task_1/case_packet.md
v1.2.2:slack:user_task_20:injection_task_2,slack,user_task_20,injection_task_2,通过,通过,通过,不通过,不通过,不通过,不通过,不通过,通过,不符合设计，必须重建packet后才能draft,OFFICIAL_SOURCE_CONTENT_NOT_MATERIALIZED;NATIVE_RUNNER_AND_AGGREGATION_NOT_IN_PACKET;STATE_SCHEMA_DESCRIPTOR_ONLY;POSTRUN_ARTIFACT_INVENTORY_ABSENT;STRONGER_SPLIT_NOT_RELIABLY_DERIVABLE;USER_COMBINED_TASK_DEPENDENCIES_MISSING;USER_UTILITY_FROM_TRACES_SOURCE_MISSING,"组合用户任务依赖:user_task_1=user_task_15,user_task_2=user_task_16 | 动态 utility_from_traces 未嵌入",/Users/gss/Downloads/revised_agent_benchmark_paper_package/experiments/agentdojo_full_v1.2.2_direct/case_packets/agentdojo/v1.2.2_slack_user_task_20_injection_task_2/case_packet.md
v1.2.2:slack:user_task_20:injection_task_3,slack,user_task_20,injection_task_3,通过,通过,通过,不通过,不通过,不通过,不通过,不通过,通过,不符合设计，必须重建packet后才能draft,OFFICIAL_SOURCE_CONTENT_NOT_MATERIALIZED;NATIVE_RUNNER_AND_AGGREGATION_NOT_IN_PACKET;STATE_SCHEMA_DESCRIPTOR_ONLY;POSTRUN_ARTIFACT_INVENTORY_ABSENT;STRONGER_SPLIT_NOT_RELIABLY_DERIVABLE;USER_COMBINED_TASK_DEPENDENCIES_MISSING;USER_UTILITY_FROM_TRACES_SOURCE_MISSING,"组合用户任务依赖:user_task_1=user_task_15,user_task_2=user_task_16 | 动态 utility_from_traces 未嵌入",/Users/gss/Downloads/revised_agent_benchmark_paper_package/experiments/agentdojo_full_v1.2.2_direct/case_packets/agentdojo/v1.2.2_slack_user_task_20_injection_task_3/case_packet.md
v1.2.2:slack:user_task_20:injection_task_4,slack,user_task_20,injection_task_4,通过,通过,通过,不通过,不通过,不通过,不通过,不通过,通过,不符合设计，必须重建packet后才能draft,OFFICIAL_SOURCE_CONTENT_NOT_MATERIALIZED;NATIVE_RUNNER_AND_AGGREGATION_NOT_IN_PACKET;STATE_SCHEMA_DESCRIPTOR_ONLY;POSTRUN_ARTIFACT_INVENTORY_ABSENT;STRONGER_SPLIT_NOT_RELIABLY_DERIVABLE;USER_COMBINED_TASK_DEPENDENCIES_MISSING;USER_UTILITY_FROM_TRACES_SOURCE_MISSING,"组合用户任务依赖:user_task_1=user_task_15,user_task_2=user_task_16 | 动态 utility_from_traces 未嵌入",/Users/gss/Downloads/revised_agent_benchmark_paper_package/experiments/agentdojo_full_v1.2.2_direct/case_packets/agentdojo/v1.2.2_slack_user_task_20_injection_task_4/case_packet.md
v1.2.2:slack:user_task_20:injection_task_5,slack,user_task_20,injection_task_5,通过,通过,通过,不通过,不通过,不通过,不通过,不通过,通过,不符合设计，必须重建packet后才能draft,OFFICIAL_SOURCE_CONTENT_NOT_MATERIALIZED;NATIVE_RUNNER_AND_AGGREGATION_NOT_IN_PACKET;STATE_SCHEMA_DESCRIPTOR_ONLY;POSTRUN_ARTIFACT_INVENTORY_ABSENT;STRONGER_SPLIT_NOT_RELIABLY_DERIVABLE;USER_COMBINED_TASK_DEPENDENCIES_MISSING;USER_UTILITY_FROM_TRACES_SOURCE_MISSING,"组合用户任务依赖:user_task_1=user_task_15,user_task_2=user_task_16 | 动态 utility_from_traces 未嵌入",/Users/gss/Downloads/revised_agent_benchmark_paper_package/experiments/agentdojo_full_v1.2.2_direct/case_packets/agentdojo/v1.2.2_slack_user_task_20_injection_task_5/case_packet.md
