case_unit_id,suite,user_task_id,injection_task_id,身份与官方goal_task,官方descriptor及哈希,released_runner_dispatch,selected_evaluator源码,evaluator传递闭包,state_schema,artifact_inventory,native_wiring及aggregation区分,stronger及conflict边界,逐文件完整性,official_file_count,derived_lock_inventory_count,raw_file_count,case_packet_bytes,修复前issue_codes,修复后issue_codes,总体结论,packet_path
v1.2.2:workspace:user_task_0:injection_task_0,workspace,user_task_0,injection_task_0,通过,通过,通过,通过,通过,通过,通过,通过,通过,通过,26,6,32,320458,OFFICIAL_SOURCE_CONTENT_NOT_MATERIALIZED;NATIVE_RUNNER_AND_AGGREGATION_NOT_IN_PACKET;STATE_SCHEMA_DESCRIPTOR_ONLY;POSTRUN_ARTIFACT_INVENTORY_ABSENT;STRONGER_SPLIT_NOT_RELIABLY_DERIVABLE;USER_EVALUATOR_HELPER_SOURCE_MISSING,,符合设计，可作为重新draft前的锁定输入,/Users/gss/Downloads/revised_agent_benchmark_paper_package/experiments/agentdojo_full_v1.2.2_direct/case_packets/agentdojo/v1.2.2_workspace_user_task_0_injection_task_0/case_packet.md
v1.2.2:workspace:user_task_0:injection_task_1,workspace,user_task_0,injection_task_1,通过,通过,通过,通过,通过,通过,通过,通过,通过,通过,26,6,32,319636,OFFICIAL_SOURCE_CONTENT_NOT_MATERIALIZED;NATIVE_RUNNER_AND_AGGREGATION_NOT_IN_PACKET;STATE_SCHEMA_DESCRIPTOR_ONLY;POSTRUN_ARTIFACT_INVENTORY_ABSENT;STRONGER_SPLIT_NOT_RELIABLY_DERIVABLE;USER_EVALUATOR_HELPER_SOURCE_MISSING,,符合设计，可作为重新draft前的锁定输入,/Users/gss/Downloads/revised_agent_benchmark_paper_package/experiments/agentdojo_full_v1.2.2_direct/case_packets/agentdojo/v1.2.2_workspace_user_task_0_injection_task_1/case_packet.md
v1.2.2:workspace:user_task_0:injection_task_2,workspace,user_task_0,injection_task_2,通过,通过,通过,通过,通过,通过,通过,通过,通过,通过,26,6,32,320769,OFFICIAL_SOURCE_CONTENT_NOT_MATERIALIZED;NATIVE_RUNNER_AND_AGGREGATION_NOT_IN_PACKET;STATE_SCHEMA_DESCRIPTOR_ONLY;POSTRUN_ARTIFACT_INVENTORY_ABSENT;STRONGER_SPLIT_NOT_RELIABLY_DERIVABLE;USER_EVALUATOR_HELPER_SOURCE_MISSING;INJECTION_EVALUATOR_HELPER_SOURCE_MISSING,,符合设计，可作为重新draft前的锁定输入,/Users/gss/Downloads/revised_agent_benchmark_paper_package/experiments/agentdojo_full_v1.2.2_direct/case_packets/agentdojo/v1.2.2_workspace_user_task_0_injection_task_2/case_packet.md
v1.2.2:workspace:user_task_0:injection_task_3,workspace,user_task_0,injection_task_3,通过,通过,通过,通过,通过,通过,通过,通过,通过,通过,26,6,32,328230,OFFICIAL_SOURCE_CONTENT_NOT_MATERIALIZED;NATIVE_RUNNER_AND_AGGREGATION_NOT_IN_PACKET;STATE_SCHEMA_DESCRIPTOR_ONLY;POSTRUN_ARTIFACT_INVENTORY_ABSENT;STRONGER_SPLIT_NOT_RELIABLY_DERIVABLE;USER_EVALUATOR_HELPER_SOURCE_MISSING,,符合设计，可作为重新draft前的锁定输入,/Users/gss/Downloads/revised_agent_benchmark_paper_package/experiments/agentdojo_full_v1.2.2_direct/case_packets/agentdojo/v1.2.2_workspace_user_task_0_injection_task_3/case_packet.md
v1.2.2:workspace:user_task_0:injection_task_4,workspace,user_task_0,injection_task_4,通过,通过,通过,通过,通过,通过,通过,通过,通过,通过,26,6,32,321437,OFFICIAL_SOURCE_CONTENT_NOT_MATERIALIZED;NATIVE_RUNNER_AND_AGGREGATION_NOT_IN_PACKET;STATE_SCHEMA_DESCRIPTOR_ONLY;POSTRUN_ARTIFACT_INVENTORY_ABSENT;STRONGER_SPLIT_NOT_RELIABLY_DERIVABLE;USER_EVALUATOR_HELPER_SOURCE_MISSING,,符合设计，可作为重新draft前的锁定输入,/Users/gss/Downloads/revised_agent_benchmark_paper_package/experiments/agentdojo_full_v1.2.2_direct/case_packets/agentdojo/v1.2.2_workspace_user_task_0_injection_task_4/case_packet.md
v1.2.2:workspace:user_task_0:injection_task_5,workspace,user_task_0,injection_task_5,通过,通过,通过,通过,通过,通过,通过,通过,通过,通过,26,6,32,321170,OFFICIAL_SOURCE_CONTENT_NOT_MATERIALIZED;NATIVE_RUNNER_AND_AGGREGATION_NOT_IN_PACKET;STATE_SCHEMA_DESCRIPTOR_ONLY;POSTRUN_ARTIFACT_INVENTORY_ABSENT;STRONGER_SPLIT_NOT_RELIABLY_DERIVABLE;USER_EVALUATOR_HELPER_SOURCE_MISSING,,符合设计，可作为重新draft前的锁定输入,/Users/gss/Downloads/revised_agent_benchmark_paper_package/experiments/agentdojo_full_v1.2.2_direct/case_packets/agentdojo/v1.2.2_workspace_user_task_0_injection_task_5/case_packet.md
v1.2.2:workspace:user_task_0:injection_task_7,workspace,user_task_0,injection_task_7,通过,通过,通过,通过,通过,通过,通过,通过,通过,通过,26,6,32,328099,OFFICIAL_SOURCE_CONTENT_NOT_MATERIALIZED;NATIVE_RUNNER_AND_AGGREGATION_NOT_IN_PACKET;STATE_SCHEMA_DESCRIPTOR_ONLY;POSTRUN_ARTIFACT_INVENTORY_ABSENT;STRONGER_SPLIT_NOT_RELIABLY_DERIVABLE;USER_EVALUATOR_HELPER_SOURCE_MISSING;INJECTION_EVALUATOR_HELPER_SOURCE_MISSING,,符合设计，可作为重新draft前的锁定输入,/Users/gss/Downloads/revised_agent_benchmark_paper_package/experiments/agentdojo_full_v1.2.2_direct/case_packets/agentdojo/v1.2.2_workspace_user_task_0_injection_task_7/case_packet.md
v1.2.2:workspace:user_task_0:injection_task_8,workspace,user_task_0,injection_task_8,通过,通过,通过,通过,通过,通过,通过,通过,通过,通过,26,6,32,328066,OFFICIAL_SOURCE_CONTENT_NOT_MATERIALIZED;NATIVE_RUNNER_AND_AGGREGATION_NOT_IN_PACKET;STATE_SCHEMA_DESCRIPTOR_ONLY;POSTRUN_ARTIFACT_INVENTORY_ABSENT;STRONGER_SPLIT_NOT_RELIABLY_DERIVABLE;USER_EVALUATOR_HELPER_SOURCE_MISSING;INJECTION_EVALUATOR_HELPER_SOURCE_MISSING,,符合设计，可作为重新draft前的锁定输入,/Users/gss/Downloads/revised_agent_benchmark_paper_package/experiments/agentdojo_full_v1.2.2_direct/case_packets/agentdojo/v1.2.2_workspace_user_task_0_injection_task_8/case_packet.md
v1.2.2:workspace:user_task_0:injection_task_9,workspace,user_task_0,injection_task_9,通过,通过,通过,通过,通过,通过,通过,通过,通过,通过,26,6,32,329080,OFFICIAL_SOURCE_CONTENT_NOT_MATERIALIZED;NATIVE_RUNNER_AND_AGGREGATION_NOT_IN_PACKET;STATE_SCHEMA_DESCRIPTOR_ONLY;POSTRUN_ARTIFACT_INVENTORY_ABSENT;STRONGER_SPLIT_NOT_RELIABLY_DERIVABLE;USER_EVALUATOR_HELPER_SOURCE_MISSING;INJECTION_EVALUATOR_HELPER_SOURCE_MISSING,,符合设计，可作为重新draft前的锁定输入,/Users/gss/Downloads/revised_agent_benchmark_paper_package/experiments/agentdojo_full_v1.2.2_direct/case_packets/agentdojo/v1.2.2_workspace_user_task_0_injection_task_9/case_packet.md
v1.2.2:workspace:user_task_0:injection_task_10,workspace,user_task_0,injection_task_10,通过,通过,通过,通过,通过,通过,通过,通过,通过,通过,26,6,32,327303,OFFICIAL_SOURCE_CONTENT_NOT_MATERIALIZED;NATIVE_RUNNER_AND_AGGREGATION_NOT_IN_PACKET;STATE_SCHEMA_DESCRIPTOR_ONLY;POSTRUN_ARTIFACT_INVENTORY_ABSENT;STRONGER_SPLIT_NOT_RELIABLY_DERIVABLE;USER_EVALUATOR_HELPER_SOURCE_MISSING,,符合设计，可作为重新draft前的锁定输入,/Users/gss/Downloads/revised_agent_benchmark_paper_package/experiments/agentdojo_full_v1.2.2_direct/case_packets/agentdojo/v1.2.2_workspace_user_task_0_injection_task_10/case_packet.md
v1.2.2:workspace:user_task_0:injection_task_11,workspace,user_task_0,injection_task_11,通过,通过,通过,通过,通过,通过,通过,通过,通过,通过,26,6,32,314609,OFFICIAL_SOURCE_CONTENT_NOT_MATERIALIZED;NATIVE_RUNNER_AND_AGGREGATION_NOT_IN_PACKET;STATE_SCHEMA_DESCRIPTOR_ONLY;POSTRUN_ARTIFACT_INVENTORY_ABSENT;STRONGER_SPLIT_NOT_RELIABLY_DERIVABLE;USER_EVALUATOR_HELPER_SOURCE_MISSING,,符合设计，可作为重新draft前的锁定输入,/Users/gss/Downloads/revised_agent_benchmark_paper_package/experiments/agentdojo_full_v1.2.2_direct/case_packets/agentdojo/v1.2.2_workspace_user_task_0_injection_task_11/case_packet.md
v1.2.2:workspace:user_task_0:injection_task_12,workspace,user_task_0,injection_task_12,通过,通过,通过,通过,通过,通过,通过,通过,通过,通过,26,6,32,315408,OFFICIAL_SOURCE_CONTENT_NOT_MATERIALIZED;NATIVE_RUNNER_AND_AGGREGATION_NOT_IN_PACKET;STATE_SCHEMA_DESCRIPTOR_ONLY;POSTRUN_ARTIFACT_INVENTORY_ABSENT;STRONGER_SPLIT_NOT_RELIABLY_DERIVABLE;USER_EVALUATOR_HELPER_SOURCE_MISSING,,符合设计，可作为重新draft前的锁定输入,/Users/gss/Downloads/revised_agent_benchmark_paper_package/experiments/agentdojo_full_v1.2.2_direct/case_packets/agentdojo/v1.2.2_workspace_user_task_0_injection_task_12/case_packet.md
v1.2.2:workspace:user_task_0:injection_task_13,workspace,user_task_0,injection_task_13,通过,通过,通过,通过,通过,通过,通过,通过,通过,通过,26,6,32,329403,OFFICIAL_SOURCE_CONTENT_NOT_MATERIALIZED;NATIVE_RUNNER_AND_AGGREGATION_NOT_IN_PACKET;STATE_SCHEMA_DESCRIPTOR_ONLY;POSTRUN_ARTIFACT_INVENTORY_ABSENT;STRONGER_SPLIT_NOT_RELIABLY_DERIVABLE;USER_EVALUATOR_HELPER_SOURCE_MISSING,,符合设计，可作为重新draft前的锁定输入,/Users/gss/Downloads/revised_agent_benchmark_paper_package/experiments/agentdojo_full_v1.2.2_direct/case_packets/agentdojo/v1.2.2_workspace_user_task_0_injection_task_13/case_packet.md
v1.2.2:workspace:user_task_1:injection_task_0,workspace,user_task_1,injection_task_0,通过,通过,通过,通过,通过,通过,通过,通过,通过,通过,25,6,31,309756,OFFICIAL_SOURCE_CONTENT_NOT_MATERIALIZED;NATIVE_RUNNER_AND_AGGREGATION_NOT_IN_PACKET;STATE_SCHEMA_DESCRIPTOR_ONLY;POSTRUN_ARTIFACT_INVENTORY_ABSENT;STRONGER_SPLIT_NOT_RELIABLY_DERIVABLE,,符合设计，可作为重新draft前的锁定输入,/Users/gss/Downloads/revised_agent_benchmark_paper_package/experiments/agentdojo_full_v1.2.2_direct/case_packets/agentdojo/v1.2.2_workspace_user_task_1_injection_task_0/case_packet.md
v1.2.2:workspace:user_task_1:injection_task_1,workspace,user_task_1,injection_task_1,通过,通过,通过,通过,通过,通过,通过,通过,通过,通过,25,6,31,308934,OFFICIAL_SOURCE_CONTENT_NOT_MATERIALIZED;NATIVE_RUNNER_AND_AGGREGATION_NOT_IN_PACKET;STATE_SCHEMA_DESCRIPTOR_ONLY;POSTRUN_ARTIFACT_INVENTORY_ABSENT;STRONGER_SPLIT_NOT_RELIABLY_DERIVABLE,,符合设计，可作为重新draft前的锁定输入,/Users/gss/Downloads/revised_agent_benchmark_paper_package/experiments/agentdojo_full_v1.2.2_direct/case_packets/agentdojo/v1.2.2_workspace_user_task_1_injection_task_1/case_packet.md
v1.2.2:workspace:user_task_1:injection_task_2,workspace,user_task_1,injection_task_2,通过,通过,通过,通过,通过,通过,通过,通过,通过,通过,25,6,31,310067,OFFICIAL_SOURCE_CONTENT_NOT_MATERIALIZED;NATIVE_RUNNER_AND_AGGREGATION_NOT_IN_PACKET;STATE_SCHEMA_DESCRIPTOR_ONLY;POSTRUN_ARTIFACT_INVENTORY_ABSENT;STRONGER_SPLIT_NOT_RELIABLY_DERIVABLE;INJECTION_EVALUATOR_HELPER_SOURCE_MISSING,,符合设计，可作为重新draft前的锁定输入,/Users/gss/Downloads/revised_agent_benchmark_paper_package/experiments/agentdojo_full_v1.2.2_direct/case_packets/agentdojo/v1.2.2_workspace_user_task_1_injection_task_2/case_packet.md
v1.2.2:workspace:user_task_1:injection_task_3,workspace,user_task_1,injection_task_3,通过,通过,通过,通过,通过,通过,通过,通过,通过,通过,25,6,31,317528,OFFICIAL_SOURCE_CONTENT_NOT_MATERIALIZED;NATIVE_RUNNER_AND_AGGREGATION_NOT_IN_PACKET;STATE_SCHEMA_DESCRIPTOR_ONLY;POSTRUN_ARTIFACT_INVENTORY_ABSENT;STRONGER_SPLIT_NOT_RELIABLY_DERIVABLE,,符合设计，可作为重新draft前的锁定输入,/Users/gss/Downloads/revised_agent_benchmark_paper_package/experiments/agentdojo_full_v1.2.2_direct/case_packets/agentdojo/v1.2.2_workspace_user_task_1_injection_task_3/case_packet.md
v1.2.2:workspace:user_task_1:injection_task_4,workspace,user_task_1,injection_task_4,通过,通过,通过,通过,通过,通过,通过,通过,通过,通过,25,6,31,310735,OFFICIAL_SOURCE_CONTENT_NOT_MATERIALIZED;NATIVE_RUNNER_AND_AGGREGATION_NOT_IN_PACKET;STATE_SCHEMA_DESCRIPTOR_ONLY;POSTRUN_ARTIFACT_INVENTORY_ABSENT;STRONGER_SPLIT_NOT_RELIABLY_DERIVABLE,,符合设计，可作为重新draft前的锁定输入,/Users/gss/Downloads/revised_agent_benchmark_paper_package/experiments/agentdojo_full_v1.2.2_direct/case_packets/agentdojo/v1.2.2_workspace_user_task_1_injection_task_4/case_packet.md
v1.2.2:workspace:user_task_1:injection_task_5,workspace,user_task_1,injection_task_5,通过,通过,通过,通过,通过,通过,通过,通过,通过,通过,25,6,31,310468,OFFICIAL_SOURCE_CONTENT_NOT_MATERIALIZED;NATIVE_RUNNER_AND_AGGREGATION_NOT_IN_PACKET;STATE_SCHEMA_DESCRIPTOR_ONLY;POSTRUN_ARTIFACT_INVENTORY_ABSENT;STRONGER_SPLIT_NOT_RELIABLY_DERIVABLE,,符合设计，可作为重新draft前的锁定输入,/Users/gss/Downloads/revised_agent_benchmark_paper_package/experiments/agentdojo_full_v1.2.2_direct/case_packets/agentdojo/v1.2.2_workspace_user_task_1_injection_task_5/case_packet.md
v1.2.2:workspace:user_task_1:injection_task_6,workspace,user_task_1,injection_task_6,通过,通过,通过,通过,通过,通过,通过,通过,通过,通过,25,6,31,316763,OFFICIAL_SOURCE_CONTENT_NOT_MATERIALIZED;NATIVE_RUNNER_AND_AGGREGATION_NOT_IN_PACKET;STATE_SCHEMA_DESCRIPTOR_ONLY;POSTRUN_ARTIFACT_INVENTORY_ABSENT;STRONGER_SPLIT_NOT_RELIABLY_DERIVABLE;INJECTION_EVALUATOR_HELPER_SOURCE_MISSING,,符合设计，可作为重新draft前的锁定输入,/Users/gss/Downloads/revised_agent_benchmark_paper_package/experiments/agentdojo_full_v1.2.2_direct/case_packets/agentdojo/v1.2.2_workspace_user_task_1_injection_task_6/case_packet.md
v1.2.2:workspace:user_task_1:injection_task_7,workspace,user_task_1,injection_task_7,通过,通过,通过,通过,通过,通过,通过,通过,通过,通过,25,6,31,317397,OFFICIAL_SOURCE_CONTENT_NOT_MATERIALIZED;NATIVE_RUNNER_AND_AGGREGATION_NOT_IN_PACKET;STATE_SCHEMA_DESCRIPTOR_ONLY;POSTRUN_ARTIFACT_INVENTORY_ABSENT;STRONGER_SPLIT_NOT_RELIABLY_DERIVABLE;INJECTION_EVALUATOR_HELPER_SOURCE_MISSING,,符合设计，可作为重新draft前的锁定输入,/Users/gss/Downloads/revised_agent_benchmark_paper_package/experiments/agentdojo_full_v1.2.2_direct/case_packets/agentdojo/v1.2.2_workspace_user_task_1_injection_task_7/case_packet.md
v1.2.2:workspace:user_task_1:injection_task_9,workspace,user_task_1,injection_task_9,通过,通过,通过,通过,通过,通过,通过,通过,通过,通过,25,6,31,318378,OFFICIAL_SOURCE_CONTENT_NOT_MATERIALIZED;NATIVE_RUNNER_AND_AGGREGATION_NOT_IN_PACKET;STATE_SCHEMA_DESCRIPTOR_ONLY;POSTRUN_ARTIFACT_INVENTORY_ABSENT;STRONGER_SPLIT_NOT_RELIABLY_DERIVABLE;INJECTION_EVALUATOR_HELPER_SOURCE_MISSING,,符合设计，可作为重新draft前的锁定输入,/Users/gss/Downloads/revised_agent_benchmark_paper_package/experiments/agentdojo_full_v1.2.2_direct/case_packets/agentdojo/v1.2.2_workspace_user_task_1_injection_task_9/case_packet.md
v1.2.2:workspace:user_task_1:injection_task_11,workspace,user_task_1,injection_task_11,通过,通过,通过,通过,通过,通过,通过,通过,通过,通过,25,6,31,303907,OFFICIAL_SOURCE_CONTENT_NOT_MATERIALIZED;NATIVE_RUNNER_AND_AGGREGATION_NOT_IN_PACKET;STATE_SCHEMA_DESCRIPTOR_ONLY;POSTRUN_ARTIFACT_INVENTORY_ABSENT;STRONGER_SPLIT_NOT_RELIABLY_DERIVABLE,,符合设计，可作为重新draft前的锁定输入,/Users/gss/Downloads/revised_agent_benchmark_paper_package/experiments/agentdojo_full_v1.2.2_direct/case_packets/agentdojo/v1.2.2_workspace_user_task_1_injection_task_11/case_packet.md
v1.2.2:workspace:user_task_1:injection_task_12,workspace,user_task_1,injection_task_12,通过,通过,通过,通过,通过,通过,通过,通过,通过,通过,25,6,31,304706,OFFICIAL_SOURCE_CONTENT_NOT_MATERIALIZED;NATIVE_RUNNER_AND_AGGREGATION_NOT_IN_PACKET;STATE_SCHEMA_DESCRIPTOR_ONLY;POSTRUN_ARTIFACT_INVENTORY_ABSENT;STRONGER_SPLIT_NOT_RELIABLY_DERIVABLE,,符合设计，可作为重新draft前的锁定输入,/Users/gss/Downloads/revised_agent_benchmark_paper_package/experiments/agentdojo_full_v1.2.2_direct/case_packets/agentdojo/v1.2.2_workspace_user_task_1_injection_task_12/case_packet.md
v1.2.2:workspace:user_task_1:injection_task_13,workspace,user_task_1,injection_task_13,通过,通过,通过,通过,通过,通过,通过,通过,通过,通过,25,6,31,318701,OFFICIAL_SOURCE_CONTENT_NOT_MATERIALIZED;NATIVE_RUNNER_AND_AGGREGATION_NOT_IN_PACKET;STATE_SCHEMA_DESCRIPTOR_ONLY;POSTRUN_ARTIFACT_INVENTORY_ABSENT;STRONGER_SPLIT_NOT_RELIABLY_DERIVABLE,,符合设计，可作为重新draft前的锁定输入,/Users/gss/Downloads/revised_agent_benchmark_paper_package/experiments/agentdojo_full_v1.2.2_direct/case_packets/agentdojo/v1.2.2_workspace_user_task_1_injection_task_13/case_packet.md
v1.2.2:workspace:user_task_3:injection_task_0,workspace,user_task_3,injection_task_0,通过,通过,通过,通过,通过,通过,通过,通过,通过,通过,25,6,31,309761,OFFICIAL_SOURCE_CONTENT_NOT_MATERIALIZED;NATIVE_RUNNER_AND_AGGREGATION_NOT_IN_PACKET;STATE_SCHEMA_DESCRIPTOR_ONLY;POSTRUN_ARTIFACT_INVENTORY_ABSENT;STRONGER_SPLIT_NOT_RELIABLY_DERIVABLE,,符合设计，可作为重新draft前的锁定输入,/Users/gss/Downloads/revised_agent_benchmark_paper_package/experiments/agentdojo_full_v1.2.2_direct/case_packets/agentdojo/v1.2.2_workspace_user_task_3_injection_task_0/case_packet.md
v1.2.2:workspace:user_task_3:injection_task_1,workspace,user_task_3,injection_task_1,通过,通过,通过,通过,通过,通过,通过,通过,通过,通过,25,6,31,308939,OFFICIAL_SOURCE_CONTENT_NOT_MATERIALIZED;NATIVE_RUNNER_AND_AGGREGATION_NOT_IN_PACKET;STATE_SCHEMA_DESCRIPTOR_ONLY;POSTRUN_ARTIFACT_INVENTORY_ABSENT;STRONGER_SPLIT_NOT_RELIABLY_DERIVABLE,,符合设计，可作为重新draft前的锁定输入,/Users/gss/Downloads/revised_agent_benchmark_paper_package/experiments/agentdojo_full_v1.2.2_direct/case_packets/agentdojo/v1.2.2_workspace_user_task_3_injection_task_1/case_packet.md
v1.2.2:workspace:user_task_3:injection_task_2,workspace,user_task_3,injection_task_2,通过,通过,通过,通过,通过,通过,通过,通过,通过,通过,25,6,31,310072,OFFICIAL_SOURCE_CONTENT_NOT_MATERIALIZED;NATIVE_RUNNER_AND_AGGREGATION_NOT_IN_PACKET;STATE_SCHEMA_DESCRIPTOR_ONLY;POSTRUN_ARTIFACT_INVENTORY_ABSENT;STRONGER_SPLIT_NOT_RELIABLY_DERIVABLE;INJECTION_EVALUATOR_HELPER_SOURCE_MISSING,,符合设计，可作为重新draft前的锁定输入,/Users/gss/Downloads/revised_agent_benchmark_paper_package/experiments/agentdojo_full_v1.2.2_direct/case_packets/agentdojo/v1.2.2_workspace_user_task_3_injection_task_2/case_packet.md
v1.2.2:workspace:user_task_3:injection_task_3,workspace,user_task_3,injection_task_3,通过,通过,通过,通过,通过,通过,通过,通过,通过,通过,25,6,31,317533,OFFICIAL_SOURCE_CONTENT_NOT_MATERIALIZED;NATIVE_RUNNER_AND_AGGREGATION_NOT_IN_PACKET;STATE_SCHEMA_DESCRIPTOR_ONLY;POSTRUN_ARTIFACT_INVENTORY_ABSENT;STRONGER_SPLIT_NOT_RELIABLY_DERIVABLE,,符合设计，可作为重新draft前的锁定输入,/Users/gss/Downloads/revised_agent_benchmark_paper_package/experiments/agentdojo_full_v1.2.2_direct/case_packets/agentdojo/v1.2.2_workspace_user_task_3_injection_task_3/case_packet.md
v1.2.2:workspace:user_task_3:injection_task_4,workspace,user_task_3,injection_task_4,通过,通过,通过,通过,通过,通过,通过,通过,通过,通过,25,6,31,310740,OFFICIAL_SOURCE_CONTENT_NOT_MATERIALIZED;NATIVE_RUNNER_AND_AGGREGATION_NOT_IN_PACKET;STATE_SCHEMA_DESCRIPTOR_ONLY;POSTRUN_ARTIFACT_INVENTORY_ABSENT;STRONGER_SPLIT_NOT_RELIABLY_DERIVABLE,,符合设计，可作为重新draft前的锁定输入,/Users/gss/Downloads/revised_agent_benchmark_paper_package/experiments/agentdojo_full_v1.2.2_direct/case_packets/agentdojo/v1.2.2_workspace_user_task_3_injection_task_4/case_packet.md
v1.2.2:workspace:user_task_3:injection_task_5,workspace,user_task_3,injection_task_5,通过,通过,通过,通过,通过,通过,通过,通过,通过,通过,25,6,31,310473,OFFICIAL_SOURCE_CONTENT_NOT_MATERIALIZED;NATIVE_RUNNER_AND_AGGREGATION_NOT_IN_PACKET;STATE_SCHEMA_DESCRIPTOR_ONLY;POSTRUN_ARTIFACT_INVENTORY_ABSENT;STRONGER_SPLIT_NOT_RELIABLY_DERIVABLE,,符合设计，可作为重新draft前的锁定输入,/Users/gss/Downloads/revised_agent_benchmark_paper_package/experiments/agentdojo_full_v1.2.2_direct/case_packets/agentdojo/v1.2.2_workspace_user_task_3_injection_task_5/case_packet.md
v1.2.2:workspace:user_task_3:injection_task_6,workspace,user_task_3,injection_task_6,通过,通过,通过,通过,通过,通过,通过,通过,通过,通过,25,6,31,316768,OFFICIAL_SOURCE_CONTENT_NOT_MATERIALIZED;NATIVE_RUNNER_AND_AGGREGATION_NOT_IN_PACKET;STATE_SCHEMA_DESCRIPTOR_ONLY;POSTRUN_ARTIFACT_INVENTORY_ABSENT;STRONGER_SPLIT_NOT_RELIABLY_DERIVABLE;INJECTION_EVALUATOR_HELPER_SOURCE_MISSING,,符合设计，可作为重新draft前的锁定输入,/Users/gss/Downloads/revised_agent_benchmark_paper_package/experiments/agentdojo_full_v1.2.2_direct/case_packets/agentdojo/v1.2.2_workspace_user_task_3_injection_task_6/case_packet.md
v1.2.2:workspace:user_task_3:injection_task_8,workspace,user_task_3,injection_task_8,通过,通过,通过,通过,通过,通过,通过,通过,通过,通过,25,6,31,317369,OFFICIAL_SOURCE_CONTENT_NOT_MATERIALIZED;NATIVE_RUNNER_AND_AGGREGATION_NOT_IN_PACKET;STATE_SCHEMA_DESCRIPTOR_ONLY;POSTRUN_ARTIFACT_INVENTORY_ABSENT;STRONGER_SPLIT_NOT_RELIABLY_DERIVABLE;INJECTION_EVALUATOR_HELPER_SOURCE_MISSING,,符合设计，可作为重新draft前的锁定输入,/Users/gss/Downloads/revised_agent_benchmark_paper_package/experiments/agentdojo_full_v1.2.2_direct/case_packets/agentdojo/v1.2.2_workspace_user_task_3_injection_task_8/case_packet.md
v1.2.2:workspace:user_task_3:injection_task_9,workspace,user_task_3,injection_task_9,通过,通过,通过,通过,通过,通过,通过,通过,通过,通过,25,6,31,318383,OFFICIAL_SOURCE_CONTENT_NOT_MATERIALIZED;NATIVE_RUNNER_AND_AGGREGATION_NOT_IN_PACKET;STATE_SCHEMA_DESCRIPTOR_ONLY;POSTRUN_ARTIFACT_INVENTORY_ABSENT;STRONGER_SPLIT_NOT_RELIABLY_DERIVABLE;INJECTION_EVALUATOR_HELPER_SOURCE_MISSING,,符合设计，可作为重新draft前的锁定输入,/Users/gss/Downloads/revised_agent_benchmark_paper_package/experiments/agentdojo_full_v1.2.2_direct/case_packets/agentdojo/v1.2.2_workspace_user_task_3_injection_task_9/case_packet.md
v1.2.2:workspace:user_task_3:injection_task_10,workspace,user_task_3,injection_task_10,通过,通过,通过,通过,通过,通过,通过,通过,通过,通过,25,6,31,316606,OFFICIAL_SOURCE_CONTENT_NOT_MATERIALIZED;NATIVE_RUNNER_AND_AGGREGATION_NOT_IN_PACKET;STATE_SCHEMA_DESCRIPTOR_ONLY;POSTRUN_ARTIFACT_INVENTORY_ABSENT;STRONGER_SPLIT_NOT_RELIABLY_DERIVABLE,,符合设计，可作为重新draft前的锁定输入,/Users/gss/Downloads/revised_agent_benchmark_paper_package/experiments/agentdojo_full_v1.2.2_direct/case_packets/agentdojo/v1.2.2_workspace_user_task_3_injection_task_10/case_packet.md
v1.2.2:workspace:user_task_3:injection_task_11,workspace,user_task_3,injection_task_11,通过,通过,通过,通过,通过,通过,通过,通过,通过,通过,25,6,31,303912,OFFICIAL_SOURCE_CONTENT_NOT_MATERIALIZED;NATIVE_RUNNER_AND_AGGREGATION_NOT_IN_PACKET;STATE_SCHEMA_DESCRIPTOR_ONLY;POSTRUN_ARTIFACT_INVENTORY_ABSENT;STRONGER_SPLIT_NOT_RELIABLY_DERIVABLE,,符合设计，可作为重新draft前的锁定输入,/Users/gss/Downloads/revised_agent_benchmark_paper_package/experiments/agentdojo_full_v1.2.2_direct/case_packets/agentdojo/v1.2.2_workspace_user_task_3_injection_task_11/case_packet.md
v1.2.2:workspace:user_task_3:injection_task_12,workspace,user_task_3,injection_task_12,通过,通过,通过,通过,通过,通过,通过,通过,通过,通过,25,6,31,304711,OFFICIAL_SOURCE_CONTENT_NOT_MATERIALIZED;NATIVE_RUNNER_AND_AGGREGATION_NOT_IN_PACKET;STATE_SCHEMA_DESCRIPTOR_ONLY;POSTRUN_ARTIFACT_INVENTORY_ABSENT;STRONGER_SPLIT_NOT_RELIABLY_DERIVABLE,,符合设计，可作为重新draft前的锁定输入,/Users/gss/Downloads/revised_agent_benchmark_paper_package/experiments/agentdojo_full_v1.2.2_direct/case_packets/agentdojo/v1.2.2_workspace_user_task_3_injection_task_12/case_packet.md
v1.2.2:workspace:user_task_3:injection_task_13,workspace,user_task_3,injection_task_13,通过,通过,通过,通过,通过,通过,通过,通过,通过,通过,25,6,31,318706,OFFICIAL_SOURCE_CONTENT_NOT_MATERIALIZED;NATIVE_RUNNER_AND_AGGREGATION_NOT_IN_PACKET;STATE_SCHEMA_DESCRIPTOR_ONLY;POSTRUN_ARTIFACT_INVENTORY_ABSENT;STRONGER_SPLIT_NOT_RELIABLY_DERIVABLE,,符合设计，可作为重新draft前的锁定输入,/Users/gss/Downloads/revised_agent_benchmark_paper_package/experiments/agentdojo_full_v1.2.2_direct/case_packets/agentdojo/v1.2.2_workspace_user_task_3_injection_task_13/case_packet.md
v1.2.2:workspace:user_task_2:injection_task_0,workspace,user_task_2,injection_task_0,通过,通过,通过,通过,通过,通过,通过,通过,通过,通过,25,6,31,309908,OFFICIAL_SOURCE_CONTENT_NOT_MATERIALIZED;NATIVE_RUNNER_AND_AGGREGATION_NOT_IN_PACKET;STATE_SCHEMA_DESCRIPTOR_ONLY;POSTRUN_ARTIFACT_INVENTORY_ABSENT;STRONGER_SPLIT_NOT_RELIABLY_DERIVABLE,,符合设计，可作为重新draft前的锁定输入,/Users/gss/Downloads/revised_agent_benchmark_paper_package/experiments/agentdojo_full_v1.2.2_direct/case_packets/agentdojo/v1.2.2_workspace_user_task_2_injection_task_0/case_packet.md
v1.2.2:workspace:user_task_2:injection_task_1,workspace,user_task_2,injection_task_1,通过,通过,通过,通过,通过,通过,通过,通过,通过,通过,25,6,31,309086,OFFICIAL_SOURCE_CONTENT_NOT_MATERIALIZED;NATIVE_RUNNER_AND_AGGREGATION_NOT_IN_PACKET;STATE_SCHEMA_DESCRIPTOR_ONLY;POSTRUN_ARTIFACT_INVENTORY_ABSENT;STRONGER_SPLIT_NOT_RELIABLY_DERIVABLE,,符合设计，可作为重新draft前的锁定输入,/Users/gss/Downloads/revised_agent_benchmark_paper_package/experiments/agentdojo_full_v1.2.2_direct/case_packets/agentdojo/v1.2.2_workspace_user_task_2_injection_task_1/case_packet.md
v1.2.2:workspace:user_task_2:injection_task_2,workspace,user_task_2,injection_task_2,通过,通过,通过,通过,通过,通过,通过,通过,通过,通过,25,6,31,310219,OFFICIAL_SOURCE_CONTENT_NOT_MATERIALIZED;NATIVE_RUNNER_AND_AGGREGATION_NOT_IN_PACKET;STATE_SCHEMA_DESCRIPTOR_ONLY;POSTRUN_ARTIFACT_INVENTORY_ABSENT;STRONGER_SPLIT_NOT_RELIABLY_DERIVABLE;INJECTION_EVALUATOR_HELPER_SOURCE_MISSING,,符合设计，可作为重新draft前的锁定输入,/Users/gss/Downloads/revised_agent_benchmark_paper_package/experiments/agentdojo_full_v1.2.2_direct/case_packets/agentdojo/v1.2.2_workspace_user_task_2_injection_task_2/case_packet.md
v1.2.2:workspace:user_task_2:injection_task_3,workspace,user_task_2,injection_task_3,通过,通过,通过,通过,通过,通过,通过,通过,通过,通过,25,6,31,317680,OFFICIAL_SOURCE_CONTENT_NOT_MATERIALIZED;NATIVE_RUNNER_AND_AGGREGATION_NOT_IN_PACKET;STATE_SCHEMA_DESCRIPTOR_ONLY;POSTRUN_ARTIFACT_INVENTORY_ABSENT;STRONGER_SPLIT_NOT_RELIABLY_DERIVABLE,,符合设计，可作为重新draft前的锁定输入,/Users/gss/Downloads/revised_agent_benchmark_paper_package/experiments/agentdojo_full_v1.2.2_direct/case_packets/agentdojo/v1.2.2_workspace_user_task_2_injection_task_3/case_packet.md
v1.2.2:workspace:user_task_2:injection_task_4,workspace,user_task_2,injection_task_4,通过,通过,通过,通过,通过,通过,通过,通过,通过,通过,25,6,31,310887,OFFICIAL_SOURCE_CONTENT_NOT_MATERIALIZED;NATIVE_RUNNER_AND_AGGREGATION_NOT_IN_PACKET;STATE_SCHEMA_DESCRIPTOR_ONLY;POSTRUN_ARTIFACT_INVENTORY_ABSENT;STRONGER_SPLIT_NOT_RELIABLY_DERIVABLE,,符合设计，可作为重新draft前的锁定输入,/Users/gss/Downloads/revised_agent_benchmark_paper_package/experiments/agentdojo_full_v1.2.2_direct/case_packets/agentdojo/v1.2.2_workspace_user_task_2_injection_task_4/case_packet.md
v1.2.2:workspace:user_task_2:injection_task_5,workspace,user_task_2,injection_task_5,通过,通过,通过,通过,通过,通过,通过,通过,通过,通过,25,6,31,310620,OFFICIAL_SOURCE_CONTENT_NOT_MATERIALIZED;NATIVE_RUNNER_AND_AGGREGATION_NOT_IN_PACKET;STATE_SCHEMA_DESCRIPTOR_ONLY;POSTRUN_ARTIFACT_INVENTORY_ABSENT;STRONGER_SPLIT_NOT_RELIABLY_DERIVABLE,,符合设计，可作为重新draft前的锁定输入,/Users/gss/Downloads/revised_agent_benchmark_paper_package/experiments/agentdojo_full_v1.2.2_direct/case_packets/agentdojo/v1.2.2_workspace_user_task_2_injection_task_5/case_packet.md
v1.2.2:workspace:user_task_2:injection_task_6,workspace,user_task_2,injection_task_6,通过,通过,通过,通过,通过,通过,通过,通过,通过,通过,25,6,31,316915,OFFICIAL_SOURCE_CONTENT_NOT_MATERIALIZED;NATIVE_RUNNER_AND_AGGREGATION_NOT_IN_PACKET;STATE_SCHEMA_DESCRIPTOR_ONLY;POSTRUN_ARTIFACT_INVENTORY_ABSENT;STRONGER_SPLIT_NOT_RELIABLY_DERIVABLE;INJECTION_EVALUATOR_HELPER_SOURCE_MISSING,,符合设计，可作为重新draft前的锁定输入,/Users/gss/Downloads/revised_agent_benchmark_paper_package/experiments/agentdojo_full_v1.2.2_direct/case_packets/agentdojo/v1.2.2_workspace_user_task_2_injection_task_6/case_packet.md
v1.2.2:workspace:user_task_2:injection_task_7,workspace,user_task_2,injection_task_7,通过,通过,通过,通过,通过,通过,通过,通过,通过,通过,25,6,31,317549,OFFICIAL_SOURCE_CONTENT_NOT_MATERIALIZED;NATIVE_RUNNER_AND_AGGREGATION_NOT_IN_PACKET;STATE_SCHEMA_DESCRIPTOR_ONLY;POSTRUN_ARTIFACT_INVENTORY_ABSENT;STRONGER_SPLIT_NOT_RELIABLY_DERIVABLE;INJECTION_EVALUATOR_HELPER_SOURCE_MISSING,,符合设计，可作为重新draft前的锁定输入,/Users/gss/Downloads/revised_agent_benchmark_paper_package/experiments/agentdojo_full_v1.2.2_direct/case_packets/agentdojo/v1.2.2_workspace_user_task_2_injection_task_7/case_packet.md
v1.2.2:workspace:user_task_2:injection_task_8,workspace,user_task_2,injection_task_8,通过,通过,通过,通过,通过,通过,通过,通过,通过,通过,25,6,31,317516,OFFICIAL_SOURCE_CONTENT_NOT_MATERIALIZED;NATIVE_RUNNER_AND_AGGREGATION_NOT_IN_PACKET;STATE_SCHEMA_DESCRIPTOR_ONLY;POSTRUN_ARTIFACT_INVENTORY_ABSENT;STRONGER_SPLIT_NOT_RELIABLY_DERIVABLE;INJECTION_EVALUATOR_HELPER_SOURCE_MISSING,,符合设计，可作为重新draft前的锁定输入,/Users/gss/Downloads/revised_agent_benchmark_paper_package/experiments/agentdojo_full_v1.2.2_direct/case_packets/agentdojo/v1.2.2_workspace_user_task_2_injection_task_8/case_packet.md
v1.2.2:workspace:user_task_2:injection_task_10,workspace,user_task_2,injection_task_10,通过,通过,通过,通过,通过,通过,通过,通过,通过,通过,25,6,31,316753,OFFICIAL_SOURCE_CONTENT_NOT_MATERIALIZED;NATIVE_RUNNER_AND_AGGREGATION_NOT_IN_PACKET;STATE_SCHEMA_DESCRIPTOR_ONLY;POSTRUN_ARTIFACT_INVENTORY_ABSENT;STRONGER_SPLIT_NOT_RELIABLY_DERIVABLE,,符合设计，可作为重新draft前的锁定输入,/Users/gss/Downloads/revised_agent_benchmark_paper_package/experiments/agentdojo_full_v1.2.2_direct/case_packets/agentdojo/v1.2.2_workspace_user_task_2_injection_task_10/case_packet.md
v1.2.2:workspace:user_task_2:injection_task_11,workspace,user_task_2,injection_task_11,通过,通过,通过,通过,通过,通过,通过,通过,通过,通过,25,6,31,304059,OFFICIAL_SOURCE_CONTENT_NOT_MATERIALIZED;NATIVE_RUNNER_AND_AGGREGATION_NOT_IN_PACKET;STATE_SCHEMA_DESCRIPTOR_ONLY;POSTRUN_ARTIFACT_INVENTORY_ABSENT;STRONGER_SPLIT_NOT_RELIABLY_DERIVABLE,,符合设计，可作为重新draft前的锁定输入,/Users/gss/Downloads/revised_agent_benchmark_paper_package/experiments/agentdojo_full_v1.2.2_direct/case_packets/agentdojo/v1.2.2_workspace_user_task_2_injection_task_11/case_packet.md
v1.2.2:workspace:user_task_2:injection_task_12,workspace,user_task_2,injection_task_12,通过,通过,通过,通过,通过,通过,通过,通过,通过,通过,25,6,31,304858,OFFICIAL_SOURCE_CONTENT_NOT_MATERIALIZED;NATIVE_RUNNER_AND_AGGREGATION_NOT_IN_PACKET;STATE_SCHEMA_DESCRIPTOR_ONLY;POSTRUN_ARTIFACT_INVENTORY_ABSENT;STRONGER_SPLIT_NOT_RELIABLY_DERIVABLE,,符合设计，可作为重新draft前的锁定输入,/Users/gss/Downloads/revised_agent_benchmark_paper_package/experiments/agentdojo_full_v1.2.2_direct/case_packets/agentdojo/v1.2.2_workspace_user_task_2_injection_task_12/case_packet.md
v1.2.2:workspace:user_task_2:injection_task_13,workspace,user_task_2,injection_task_13,通过,通过,通过,通过,通过,通过,通过,通过,通过,通过,25,6,31,318853,OFFICIAL_SOURCE_CONTENT_NOT_MATERIALIZED;NATIVE_RUNNER_AND_AGGREGATION_NOT_IN_PACKET;STATE_SCHEMA_DESCRIPTOR_ONLY;POSTRUN_ARTIFACT_INVENTORY_ABSENT;STRONGER_SPLIT_NOT_RELIABLY_DERIVABLE,,符合设计，可作为重新draft前的锁定输入,/Users/gss/Downloads/revised_agent_benchmark_paper_package/experiments/agentdojo_full_v1.2.2_direct/case_packets/agentdojo/v1.2.2_workspace_user_task_2_injection_task_13/case_packet.md
v1.2.2:workspace:user_task_5:injection_task_0,workspace,user_task_5,injection_task_0,通过,通过,通过,通过,通过,通过,通过,通过,通过,通过,25,6,31,309847,OFFICIAL_SOURCE_CONTENT_NOT_MATERIALIZED;NATIVE_RUNNER_AND_AGGREGATION_NOT_IN_PACKET;STATE_SCHEMA_DESCRIPTOR_ONLY;POSTRUN_ARTIFACT_INVENTORY_ABSENT;STRONGER_SPLIT_NOT_RELIABLY_DERIVABLE,,符合设计，可作为重新draft前的锁定输入,/Users/gss/Downloads/revised_agent_benchmark_paper_package/experiments/agentdojo_full_v1.2.2_direct/case_packets/agentdojo/v1.2.2_workspace_user_task_5_injection_task_0/case_packet.md
v1.2.2:workspace:user_task_5:injection_task_1,workspace,user_task_5,injection_task_1,通过,通过,通过,通过,通过,通过,通过,通过,通过,通过,25,6,31,309025,OFFICIAL_SOURCE_CONTENT_NOT_MATERIALIZED;NATIVE_RUNNER_AND_AGGREGATION_NOT_IN_PACKET;STATE_SCHEMA_DESCRIPTOR_ONLY;POSTRUN_ARTIFACT_INVENTORY_ABSENT;STRONGER_SPLIT_NOT_RELIABLY_DERIVABLE,,符合设计，可作为重新draft前的锁定输入,/Users/gss/Downloads/revised_agent_benchmark_paper_package/experiments/agentdojo_full_v1.2.2_direct/case_packets/agentdojo/v1.2.2_workspace_user_task_5_injection_task_1/case_packet.md
v1.2.2:workspace:user_task_5:injection_task_2,workspace,user_task_5,injection_task_2,通过,通过,通过,通过,通过,通过,通过,通过,通过,通过,25,6,31,310158,OFFICIAL_SOURCE_CONTENT_NOT_MATERIALIZED;NATIVE_RUNNER_AND_AGGREGATION_NOT_IN_PACKET;STATE_SCHEMA_DESCRIPTOR_ONLY;POSTRUN_ARTIFACT_INVENTORY_ABSENT;STRONGER_SPLIT_NOT_RELIABLY_DERIVABLE;INJECTION_EVALUATOR_HELPER_SOURCE_MISSING,,符合设计，可作为重新draft前的锁定输入,/Users/gss/Downloads/revised_agent_benchmark_paper_package/experiments/agentdojo_full_v1.2.2_direct/case_packets/agentdojo/v1.2.2_workspace_user_task_5_injection_task_2/case_packet.md
v1.2.2:workspace:user_task_5:injection_task_3,workspace,user_task_5,injection_task_3,通过,通过,通过,通过,通过,通过,通过,通过,通过,通过,25,6,31,317619,OFFICIAL_SOURCE_CONTENT_NOT_MATERIALIZED;NATIVE_RUNNER_AND_AGGREGATION_NOT_IN_PACKET;STATE_SCHEMA_DESCRIPTOR_ONLY;POSTRUN_ARTIFACT_INVENTORY_ABSENT;STRONGER_SPLIT_NOT_RELIABLY_DERIVABLE,,符合设计，可作为重新draft前的锁定输入,/Users/gss/Downloads/revised_agent_benchmark_paper_package/experiments/agentdojo_full_v1.2.2_direct/case_packets/agentdojo/v1.2.2_workspace_user_task_5_injection_task_3/case_packet.md
v1.2.2:workspace:user_task_5:injection_task_5,workspace,user_task_5,injection_task_5,通过,通过,通过,通过,通过,通过,通过,通过,通过,通过,25,6,31,310559,OFFICIAL_SOURCE_CONTENT_NOT_MATERIALIZED;NATIVE_RUNNER_AND_AGGREGATION_NOT_IN_PACKET;STATE_SCHEMA_DESCRIPTOR_ONLY;POSTRUN_ARTIFACT_INVENTORY_ABSENT;STRONGER_SPLIT_NOT_RELIABLY_DERIVABLE,,符合设计，可作为重新draft前的锁定输入,/Users/gss/Downloads/revised_agent_benchmark_paper_package/experiments/agentdojo_full_v1.2.2_direct/case_packets/agentdojo/v1.2.2_workspace_user_task_5_injection_task_5/case_packet.md
v1.2.2:workspace:user_task_5:injection_task_6,workspace,user_task_5,injection_task_6,通过,通过,通过,通过,通过,通过,通过,通过,通过,通过,25,6,31,316854,OFFICIAL_SOURCE_CONTENT_NOT_MATERIALIZED;NATIVE_RUNNER_AND_AGGREGATION_NOT_IN_PACKET;STATE_SCHEMA_DESCRIPTOR_ONLY;POSTRUN_ARTIFACT_INVENTORY_ABSENT;STRONGER_SPLIT_NOT_RELIABLY_DERIVABLE;INJECTION_EVALUATOR_HELPER_SOURCE_MISSING,,符合设计，可作为重新draft前的锁定输入,/Users/gss/Downloads/revised_agent_benchmark_paper_package/experiments/agentdojo_full_v1.2.2_direct/case_packets/agentdojo/v1.2.2_workspace_user_task_5_injection_task_6/case_packet.md
v1.2.2:workspace:user_task_5:injection_task_7,workspace,user_task_5,injection_task_7,通过,通过,通过,通过,通过,通过,通过,通过,通过,通过,25,6,31,317488,OFFICIAL_SOURCE_CONTENT_NOT_MATERIALIZED;NATIVE_RUNNER_AND_AGGREGATION_NOT_IN_PACKET;STATE_SCHEMA_DESCRIPTOR_ONLY;POSTRUN_ARTIFACT_INVENTORY_ABSENT;STRONGER_SPLIT_NOT_RELIABLY_DERIVABLE;INJECTION_EVALUATOR_HELPER_SOURCE_MISSING,,符合设计，可作为重新draft前的锁定输入,/Users/gss/Downloads/revised_agent_benchmark_paper_package/experiments/agentdojo_full_v1.2.2_direct/case_packets/agentdojo/v1.2.2_workspace_user_task_5_injection_task_7/case_packet.md
v1.2.2:workspace:user_task_5:injection_task_8,workspace,user_task_5,injection_task_8,通过,通过,通过,通过,通过,通过,通过,通过,通过,通过,25,6,31,317455,OFFICIAL_SOURCE_CONTENT_NOT_MATERIALIZED;NATIVE_RUNNER_AND_AGGREGATION_NOT_IN_PACKET;STATE_SCHEMA_DESCRIPTOR_ONLY;POSTRUN_ARTIFACT_INVENTORY_ABSENT;STRONGER_SPLIT_NOT_RELIABLY_DERIVABLE;INJECTION_EVALUATOR_HELPER_SOURCE_MISSING,,符合设计，可作为重新draft前的锁定输入,/Users/gss/Downloads/revised_agent_benchmark_paper_package/experiments/agentdojo_full_v1.2.2_direct/case_packets/agentdojo/v1.2.2_workspace_user_task_5_injection_task_8/case_packet.md
v1.2.2:workspace:user_task_5:injection_task_9,workspace,user_task_5,injection_task_9,通过,通过,通过,通过,通过,通过,通过,通过,通过,通过,25,6,31,318469,OFFICIAL_SOURCE_CONTENT_NOT_MATERIALIZED;NATIVE_RUNNER_AND_AGGREGATION_NOT_IN_PACKET;STATE_SCHEMA_DESCRIPTOR_ONLY;POSTRUN_ARTIFACT_INVENTORY_ABSENT;STRONGER_SPLIT_NOT_RELIABLY_DERIVABLE;INJECTION_EVALUATOR_HELPER_SOURCE_MISSING,,符合设计，可作为重新draft前的锁定输入,/Users/gss/Downloads/revised_agent_benchmark_paper_package/experiments/agentdojo_full_v1.2.2_direct/case_packets/agentdojo/v1.2.2_workspace_user_task_5_injection_task_9/case_packet.md
v1.2.2:workspace:user_task_5:injection_task_10,workspace,user_task_5,injection_task_10,通过,通过,通过,通过,通过,通过,通过,通过,通过,通过,25,6,31,316692,OFFICIAL_SOURCE_CONTENT_NOT_MATERIALIZED;NATIVE_RUNNER_AND_AGGREGATION_NOT_IN_PACKET;STATE_SCHEMA_DESCRIPTOR_ONLY;POSTRUN_ARTIFACT_INVENTORY_ABSENT;STRONGER_SPLIT_NOT_RELIABLY_DERIVABLE,,符合设计，可作为重新draft前的锁定输入,/Users/gss/Downloads/revised_agent_benchmark_paper_package/experiments/agentdojo_full_v1.2.2_direct/case_packets/agentdojo/v1.2.2_workspace_user_task_5_injection_task_10/case_packet.md
v1.2.2:workspace:user_task_5:injection_task_13,workspace,user_task_5,injection_task_13,通过,通过,通过,通过,通过,通过,通过,通过,通过,通过,25,6,31,318792,OFFICIAL_SOURCE_CONTENT_NOT_MATERIALIZED;NATIVE_RUNNER_AND_AGGREGATION_NOT_IN_PACKET;STATE_SCHEMA_DESCRIPTOR_ONLY;POSTRUN_ARTIFACT_INVENTORY_ABSENT;STRONGER_SPLIT_NOT_RELIABLY_DERIVABLE,,符合设计，可作为重新draft前的锁定输入,/Users/gss/Downloads/revised_agent_benchmark_paper_package/experiments/agentdojo_full_v1.2.2_direct/case_packets/agentdojo/v1.2.2_workspace_user_task_5_injection_task_13/case_packet.md
v1.2.2:workspace:user_task_6:injection_task_0,workspace,user_task_6,injection_task_0,通过,通过,通过,通过,通过,通过,通过,通过,通过,通过,25,6,31,311010,OFFICIAL_SOURCE_CONTENT_NOT_MATERIALIZED;NATIVE_RUNNER_AND_AGGREGATION_NOT_IN_PACKET;STATE_SCHEMA_DESCRIPTOR_ONLY;POSTRUN_ARTIFACT_INVENTORY_ABSENT;STRONGER_SPLIT_NOT_RELIABLY_DERIVABLE;USER_EVALUATOR_HELPER_SOURCE_MISSING,,符合设计，可作为重新draft前的锁定输入,/Users/gss/Downloads/revised_agent_benchmark_paper_package/experiments/agentdojo_full_v1.2.2_direct/case_packets/agentdojo/v1.2.2_workspace_user_task_6_injection_task_0/case_packet.md
v1.2.2:workspace:user_task_6:injection_task_1,workspace,user_task_6,injection_task_1,通过,通过,通过,通过,通过,通过,通过,通过,通过,通过,25,6,31,310188,OFFICIAL_SOURCE_CONTENT_NOT_MATERIALIZED;NATIVE_RUNNER_AND_AGGREGATION_NOT_IN_PACKET;STATE_SCHEMA_DESCRIPTOR_ONLY;POSTRUN_ARTIFACT_INVENTORY_ABSENT;STRONGER_SPLIT_NOT_RELIABLY_DERIVABLE;USER_EVALUATOR_HELPER_SOURCE_MISSING,,符合设计，可作为重新draft前的锁定输入,/Users/gss/Downloads/revised_agent_benchmark_paper_package/experiments/agentdojo_full_v1.2.2_direct/case_packets/agentdojo/v1.2.2_workspace_user_task_6_injection_task_1/case_packet.md
v1.2.2:workspace:user_task_6:injection_task_2,workspace,user_task_6,injection_task_2,通过,通过,通过,通过,通过,通过,通过,通过,通过,通过,25,6,31,311321,OFFICIAL_SOURCE_CONTENT_NOT_MATERIALIZED;NATIVE_RUNNER_AND_AGGREGATION_NOT_IN_PACKET;STATE_SCHEMA_DESCRIPTOR_ONLY;POSTRUN_ARTIFACT_INVENTORY_ABSENT;STRONGER_SPLIT_NOT_RELIABLY_DERIVABLE;USER_EVALUATOR_HELPER_SOURCE_MISSING;INJECTION_EVALUATOR_HELPER_SOURCE_MISSING,,符合设计，可作为重新draft前的锁定输入,/Users/gss/Downloads/revised_agent_benchmark_paper_package/experiments/agentdojo_full_v1.2.2_direct/case_packets/agentdojo/v1.2.2_workspace_user_task_6_injection_task_2/case_packet.md
v1.2.2:workspace:user_task_6:injection_task_3,workspace,user_task_6,injection_task_3,通过,通过,通过,通过,通过,通过,通过,通过,通过,通过,25,6,31,318782,OFFICIAL_SOURCE_CONTENT_NOT_MATERIALIZED;NATIVE_RUNNER_AND_AGGREGATION_NOT_IN_PACKET;STATE_SCHEMA_DESCRIPTOR_ONLY;POSTRUN_ARTIFACT_INVENTORY_ABSENT;STRONGER_SPLIT_NOT_RELIABLY_DERIVABLE;USER_EVALUATOR_HELPER_SOURCE_MISSING,,符合设计，可作为重新draft前的锁定输入,/Users/gss/Downloads/revised_agent_benchmark_paper_package/experiments/agentdojo_full_v1.2.2_direct/case_packets/agentdojo/v1.2.2_workspace_user_task_6_injection_task_3/case_packet.md
v1.2.2:workspace:user_task_6:injection_task_4,workspace,user_task_6,injection_task_4,通过,通过,通过,通过,通过,通过,通过,通过,通过,通过,25,6,31,311989,OFFICIAL_SOURCE_CONTENT_NOT_MATERIALIZED;NATIVE_RUNNER_AND_AGGREGATION_NOT_IN_PACKET;STATE_SCHEMA_DESCRIPTOR_ONLY;POSTRUN_ARTIFACT_INVENTORY_ABSENT;STRONGER_SPLIT_NOT_RELIABLY_DERIVABLE;USER_EVALUATOR_HELPER_SOURCE_MISSING,,符合设计，可作为重新draft前的锁定输入,/Users/gss/Downloads/revised_agent_benchmark_paper_package/experiments/agentdojo_full_v1.2.2_direct/case_packets/agentdojo/v1.2.2_workspace_user_task_6_injection_task_4/case_packet.md
v1.2.2:workspace:user_task_6:injection_task_6,workspace,user_task_6,injection_task_6,通过,通过,通过,通过,通过,通过,通过,通过,通过,通过,25,6,31,318017,OFFICIAL_SOURCE_CONTENT_NOT_MATERIALIZED;NATIVE_RUNNER_AND_AGGREGATION_NOT_IN_PACKET;STATE_SCHEMA_DESCRIPTOR_ONLY;POSTRUN_ARTIFACT_INVENTORY_ABSENT;STRONGER_SPLIT_NOT_RELIABLY_DERIVABLE;USER_EVALUATOR_HELPER_SOURCE_MISSING;INJECTION_EVALUATOR_HELPER_SOURCE_MISSING,,符合设计，可作为重新draft前的锁定输入,/Users/gss/Downloads/revised_agent_benchmark_paper_package/experiments/agentdojo_full_v1.2.2_direct/case_packets/agentdojo/v1.2.2_workspace_user_task_6_injection_task_6/case_packet.md
v1.2.2:workspace:user_task_6:injection_task_7,workspace,user_task_6,injection_task_7,通过,通过,通过,通过,通过,通过,通过,通过,通过,通过,25,6,31,318651,OFFICIAL_SOURCE_CONTENT_NOT_MATERIALIZED;NATIVE_RUNNER_AND_AGGREGATION_NOT_IN_PACKET;STATE_SCHEMA_DESCRIPTOR_ONLY;POSTRUN_ARTIFACT_INVENTORY_ABSENT;STRONGER_SPLIT_NOT_RELIABLY_DERIVABLE;USER_EVALUATOR_HELPER_SOURCE_MISSING;INJECTION_EVALUATOR_HELPER_SOURCE_MISSING,,符合设计，可作为重新draft前的锁定输入,/Users/gss/Downloads/revised_agent_benchmark_paper_package/experiments/agentdojo_full_v1.2.2_direct/case_packets/agentdojo/v1.2.2_workspace_user_task_6_injection_task_7/case_packet.md
v1.2.2:workspace:user_task_6:injection_task_8,workspace,user_task_6,injection_task_8,通过,通过,通过,通过,通过,通过,通过,通过,通过,通过,25,6,31,318618,OFFICIAL_SOURCE_CONTENT_NOT_MATERIALIZED;NATIVE_RUNNER_AND_AGGREGATION_NOT_IN_PACKET;STATE_SCHEMA_DESCRIPTOR_ONLY;POSTRUN_ARTIFACT_INVENTORY_ABSENT;STRONGER_SPLIT_NOT_RELIABLY_DERIVABLE;USER_EVALUATOR_HELPER_SOURCE_MISSING;INJECTION_EVALUATOR_HELPER_SOURCE_MISSING,,符合设计，可作为重新draft前的锁定输入,/Users/gss/Downloads/revised_agent_benchmark_paper_package/experiments/agentdojo_full_v1.2.2_direct/case_packets/agentdojo/v1.2.2_workspace_user_task_6_injection_task_8/case_packet.md
v1.2.2:workspace:user_task_6:injection_task_9,workspace,user_task_6,injection_task_9,通过,通过,通过,通过,通过,通过,通过,通过,通过,通过,25,6,31,319632,OFFICIAL_SOURCE_CONTENT_NOT_MATERIALIZED;NATIVE_RUNNER_AND_AGGREGATION_NOT_IN_PACKET;STATE_SCHEMA_DESCRIPTOR_ONLY;POSTRUN_ARTIFACT_INVENTORY_ABSENT;STRONGER_SPLIT_NOT_RELIABLY_DERIVABLE;USER_EVALUATOR_HELPER_SOURCE_MISSING;INJECTION_EVALUATOR_HELPER_SOURCE_MISSING,,符合设计，可作为重新draft前的锁定输入,/Users/gss/Downloads/revised_agent_benchmark_paper_package/experiments/agentdojo_full_v1.2.2_direct/case_packets/agentdojo/v1.2.2_workspace_user_task_6_injection_task_9/case_packet.md
v1.2.2:workspace:user_task_6:injection_task_10,workspace,user_task_6,injection_task_10,通过,通过,通过,通过,通过,通过,通过,通过,通过,通过,25,6,31,317855,OFFICIAL_SOURCE_CONTENT_NOT_MATERIALIZED;NATIVE_RUNNER_AND_AGGREGATION_NOT_IN_PACKET;STATE_SCHEMA_DESCRIPTOR_ONLY;POSTRUN_ARTIFACT_INVENTORY_ABSENT;STRONGER_SPLIT_NOT_RELIABLY_DERIVABLE;USER_EVALUATOR_HELPER_SOURCE_MISSING,,符合设计，可作为重新draft前的锁定输入,/Users/gss/Downloads/revised_agent_benchmark_paper_package/experiments/agentdojo_full_v1.2.2_direct/case_packets/agentdojo/v1.2.2_workspace_user_task_6_injection_task_10/case_packet.md
v1.2.2:workspace:user_task_6:injection_task_11,workspace,user_task_6,injection_task_11,通过,通过,通过,通过,通过,通过,通过,通过,通过,通过,25,6,31,305161,OFFICIAL_SOURCE_CONTENT_NOT_MATERIALIZED;NATIVE_RUNNER_AND_AGGREGATION_NOT_IN_PACKET;STATE_SCHEMA_DESCRIPTOR_ONLY;POSTRUN_ARTIFACT_INVENTORY_ABSENT;STRONGER_SPLIT_NOT_RELIABLY_DERIVABLE;USER_EVALUATOR_HELPER_SOURCE_MISSING,,符合设计，可作为重新draft前的锁定输入,/Users/gss/Downloads/revised_agent_benchmark_paper_package/experiments/agentdojo_full_v1.2.2_direct/case_packets/agentdojo/v1.2.2_workspace_user_task_6_injection_task_11/case_packet.md
v1.2.2:workspace:user_task_6:injection_task_13,workspace,user_task_6,injection_task_13,通过,通过,通过,通过,通过,通过,通过,通过,通过,通过,25,6,31,319955,OFFICIAL_SOURCE_CONTENT_NOT_MATERIALIZED;NATIVE_RUNNER_AND_AGGREGATION_NOT_IN_PACKET;STATE_SCHEMA_DESCRIPTOR_ONLY;POSTRUN_ARTIFACT_INVENTORY_ABSENT;STRONGER_SPLIT_NOT_RELIABLY_DERIVABLE;USER_EVALUATOR_HELPER_SOURCE_MISSING,,符合设计，可作为重新draft前的锁定输入,/Users/gss/Downloads/revised_agent_benchmark_paper_package/experiments/agentdojo_full_v1.2.2_direct/case_packets/agentdojo/v1.2.2_workspace_user_task_6_injection_task_13/case_packet.md
v1.2.2:workspace:user_task_7:injection_task_2,workspace,user_task_7,injection_task_2,通过,通过,通过,通过,通过,通过,通过,通过,通过,通过,26,6,32,320557,OFFICIAL_SOURCE_CONTENT_NOT_MATERIALIZED;NATIVE_RUNNER_AND_AGGREGATION_NOT_IN_PACKET;STATE_SCHEMA_DESCRIPTOR_ONLY;POSTRUN_ARTIFACT_INVENTORY_ABSENT;STRONGER_SPLIT_NOT_RELIABLY_DERIVABLE;USER_EVALUATOR_HELPER_SOURCE_MISSING;INJECTION_EVALUATOR_HELPER_SOURCE_MISSING,,符合设计，可作为重新draft前的锁定输入,/Users/gss/Downloads/revised_agent_benchmark_paper_package/experiments/agentdojo_full_v1.2.2_direct/case_packets/agentdojo/v1.2.2_workspace_user_task_7_injection_task_2/case_packet.md
v1.2.2:workspace:user_task_7:injection_task_3,workspace,user_task_7,injection_task_3,通过,通过,通过,通过,通过,通过,通过,通过,通过,通过,26,6,32,328018,OFFICIAL_SOURCE_CONTENT_NOT_MATERIALIZED;NATIVE_RUNNER_AND_AGGREGATION_NOT_IN_PACKET;STATE_SCHEMA_DESCRIPTOR_ONLY;POSTRUN_ARTIFACT_INVENTORY_ABSENT;STRONGER_SPLIT_NOT_RELIABLY_DERIVABLE;USER_EVALUATOR_HELPER_SOURCE_MISSING,,符合设计，可作为重新draft前的锁定输入,/Users/gss/Downloads/revised_agent_benchmark_paper_package/experiments/agentdojo_full_v1.2.2_direct/case_packets/agentdojo/v1.2.2_workspace_user_task_7_injection_task_3/case_packet.md
v1.2.2:workspace:user_task_7:injection_task_4,workspace,user_task_7,injection_task_4,通过,通过,通过,通过,通过,通过,通过,通过,通过,通过,26,6,32,321225,OFFICIAL_SOURCE_CONTENT_NOT_MATERIALIZED;NATIVE_RUNNER_AND_AGGREGATION_NOT_IN_PACKET;STATE_SCHEMA_DESCRIPTOR_ONLY;POSTRUN_ARTIFACT_INVENTORY_ABSENT;STRONGER_SPLIT_NOT_RELIABLY_DERIVABLE;USER_EVALUATOR_HELPER_SOURCE_MISSING,,符合设计，可作为重新draft前的锁定输入,/Users/gss/Downloads/revised_agent_benchmark_paper_package/experiments/agentdojo_full_v1.2.2_direct/case_packets/agentdojo/v1.2.2_workspace_user_task_7_injection_task_4/case_packet.md
v1.2.2:workspace:user_task_7:injection_task_5,workspace,user_task_7,injection_task_5,通过,通过,通过,通过,通过,通过,通过,通过,通过,通过,26,6,32,320958,OFFICIAL_SOURCE_CONTENT_NOT_MATERIALIZED;NATIVE_RUNNER_AND_AGGREGATION_NOT_IN_PACKET;STATE_SCHEMA_DESCRIPTOR_ONLY;POSTRUN_ARTIFACT_INVENTORY_ABSENT;STRONGER_SPLIT_NOT_RELIABLY_DERIVABLE;USER_EVALUATOR_HELPER_SOURCE_MISSING,,符合设计，可作为重新draft前的锁定输入,/Users/gss/Downloads/revised_agent_benchmark_paper_package/experiments/agentdojo_full_v1.2.2_direct/case_packets/agentdojo/v1.2.2_workspace_user_task_7_injection_task_5/case_packet.md
v1.2.2:workspace:user_task_7:injection_task_6,workspace,user_task_7,injection_task_6,通过,通过,通过,通过,通过,通过,通过,通过,通过,通过,26,6,32,327253,OFFICIAL_SOURCE_CONTENT_NOT_MATERIALIZED;NATIVE_RUNNER_AND_AGGREGATION_NOT_IN_PACKET;STATE_SCHEMA_DESCRIPTOR_ONLY;POSTRUN_ARTIFACT_INVENTORY_ABSENT;STRONGER_SPLIT_NOT_RELIABLY_DERIVABLE;USER_EVALUATOR_HELPER_SOURCE_MISSING;INJECTION_EVALUATOR_HELPER_SOURCE_MISSING,,符合设计，可作为重新draft前的锁定输入,/Users/gss/Downloads/revised_agent_benchmark_paper_package/experiments/agentdojo_full_v1.2.2_direct/case_packets/agentdojo/v1.2.2_workspace_user_task_7_injection_task_6/case_packet.md
v1.2.2:workspace:user_task_7:injection_task_7,workspace,user_task_7,injection_task_7,通过,通过,通过,通过,通过,通过,通过,通过,通过,通过,26,6,32,327887,OFFICIAL_SOURCE_CONTENT_NOT_MATERIALIZED;NATIVE_RUNNER_AND_AGGREGATION_NOT_IN_PACKET;STATE_SCHEMA_DESCRIPTOR_ONLY;POSTRUN_ARTIFACT_INVENTORY_ABSENT;STRONGER_SPLIT_NOT_RELIABLY_DERIVABLE;USER_EVALUATOR_HELPER_SOURCE_MISSING;INJECTION_EVALUATOR_HELPER_SOURCE_MISSING,,符合设计，可作为重新draft前的锁定输入,/Users/gss/Downloads/revised_agent_benchmark_paper_package/experiments/agentdojo_full_v1.2.2_direct/case_packets/agentdojo/v1.2.2_workspace_user_task_7_injection_task_7/case_packet.md
v1.2.2:workspace:user_task_7:injection_task_8,workspace,user_task_7,injection_task_8,通过,通过,通过,通过,通过,通过,通过,通过,通过,通过,26,6,32,327854,OFFICIAL_SOURCE_CONTENT_NOT_MATERIALIZED;NATIVE_RUNNER_AND_AGGREGATION_NOT_IN_PACKET;STATE_SCHEMA_DESCRIPTOR_ONLY;POSTRUN_ARTIFACT_INVENTORY_ABSENT;STRONGER_SPLIT_NOT_RELIABLY_DERIVABLE;USER_EVALUATOR_HELPER_SOURCE_MISSING;INJECTION_EVALUATOR_HELPER_SOURCE_MISSING,,符合设计，可作为重新draft前的锁定输入,/Users/gss/Downloads/revised_agent_benchmark_paper_package/experiments/agentdojo_full_v1.2.2_direct/case_packets/agentdojo/v1.2.2_workspace_user_task_7_injection_task_8/case_packet.md
v1.2.2:workspace:user_task_7:injection_task_9,workspace,user_task_7,injection_task_9,通过,通过,通过,通过,通过,通过,通过,通过,通过,通过,26,6,32,328868,OFFICIAL_SOURCE_CONTENT_NOT_MATERIALIZED;NATIVE_RUNNER_AND_AGGREGATION_NOT_IN_PACKET;STATE_SCHEMA_DESCRIPTOR_ONLY;POSTRUN_ARTIFACT_INVENTORY_ABSENT;STRONGER_SPLIT_NOT_RELIABLY_DERIVABLE;USER_EVALUATOR_HELPER_SOURCE_MISSING;INJECTION_EVALUATOR_HELPER_SOURCE_MISSING,,符合设计，可作为重新draft前的锁定输入,/Users/gss/Downloads/revised_agent_benchmark_paper_package/experiments/agentdojo_full_v1.2.2_direct/case_packets/agentdojo/v1.2.2_workspace_user_task_7_injection_task_9/case_packet.md
v1.2.2:workspace:user_task_7:injection_task_10,workspace,user_task_7,injection_task_10,通过,通过,通过,通过,通过,通过,通过,通过,通过,通过,26,6,32,327091,OFFICIAL_SOURCE_CONTENT_NOT_MATERIALIZED;NATIVE_RUNNER_AND_AGGREGATION_NOT_IN_PACKET;STATE_SCHEMA_DESCRIPTOR_ONLY;POSTRUN_ARTIFACT_INVENTORY_ABSENT;STRONGER_SPLIT_NOT_RELIABLY_DERIVABLE;USER_EVALUATOR_HELPER_SOURCE_MISSING,,符合设计，可作为重新draft前的锁定输入,/Users/gss/Downloads/revised_agent_benchmark_paper_package/experiments/agentdojo_full_v1.2.2_direct/case_packets/agentdojo/v1.2.2_workspace_user_task_7_injection_task_10/case_packet.md
v1.2.2:workspace:user_task_7:injection_task_12,workspace,user_task_7,injection_task_12,通过,通过,通过,通过,通过,通过,通过,通过,通过,通过,26,6,32,315196,OFFICIAL_SOURCE_CONTENT_NOT_MATERIALIZED;NATIVE_RUNNER_AND_AGGREGATION_NOT_IN_PACKET;STATE_SCHEMA_DESCRIPTOR_ONLY;POSTRUN_ARTIFACT_INVENTORY_ABSENT;STRONGER_SPLIT_NOT_RELIABLY_DERIVABLE;USER_EVALUATOR_HELPER_SOURCE_MISSING,,符合设计，可作为重新draft前的锁定输入,/Users/gss/Downloads/revised_agent_benchmark_paper_package/experiments/agentdojo_full_v1.2.2_direct/case_packets/agentdojo/v1.2.2_workspace_user_task_7_injection_task_12/case_packet.md
v1.2.2:workspace:user_task_7:injection_task_13,workspace,user_task_7,injection_task_13,通过,通过,通过,通过,通过,通过,通过,通过,通过,通过,26,6,32,329191,OFFICIAL_SOURCE_CONTENT_NOT_MATERIALIZED;NATIVE_RUNNER_AND_AGGREGATION_NOT_IN_PACKET;STATE_SCHEMA_DESCRIPTOR_ONLY;POSTRUN_ARTIFACT_INVENTORY_ABSENT;STRONGER_SPLIT_NOT_RELIABLY_DERIVABLE;USER_EVALUATOR_HELPER_SOURCE_MISSING,,符合设计，可作为重新draft前的锁定输入,/Users/gss/Downloads/revised_agent_benchmark_paper_package/experiments/agentdojo_full_v1.2.2_direct/case_packets/agentdojo/v1.2.2_workspace_user_task_7_injection_task_13/case_packet.md
v1.2.2:workspace:user_task_8:injection_task_0,workspace,user_task_8,injection_task_0,通过,通过,通过,通过,通过,通过,通过,通过,通过,通过,25,6,31,310366,OFFICIAL_SOURCE_CONTENT_NOT_MATERIALIZED;NATIVE_RUNNER_AND_AGGREGATION_NOT_IN_PACKET;STATE_SCHEMA_DESCRIPTOR_ONLY;POSTRUN_ARTIFACT_INVENTORY_ABSENT;STRONGER_SPLIT_NOT_RELIABLY_DERIVABLE;USER_EVALUATOR_HELPER_SOURCE_MISSING,,符合设计，可作为重新draft前的锁定输入,/Users/gss/Downloads/revised_agent_benchmark_paper_package/experiments/agentdojo_full_v1.2.2_direct/case_packets/agentdojo/v1.2.2_workspace_user_task_8_injection_task_0/case_packet.md
v1.2.2:workspace:user_task_8:injection_task_1,workspace,user_task_8,injection_task_1,通过,通过,通过,通过,通过,通过,通过,通过,通过,通过,25,6,31,309544,OFFICIAL_SOURCE_CONTENT_NOT_MATERIALIZED;NATIVE_RUNNER_AND_AGGREGATION_NOT_IN_PACKET;STATE_SCHEMA_DESCRIPTOR_ONLY;POSTRUN_ARTIFACT_INVENTORY_ABSENT;STRONGER_SPLIT_NOT_RELIABLY_DERIVABLE;USER_EVALUATOR_HELPER_SOURCE_MISSING,,符合设计，可作为重新draft前的锁定输入,/Users/gss/Downloads/revised_agent_benchmark_paper_package/experiments/agentdojo_full_v1.2.2_direct/case_packets/agentdojo/v1.2.2_workspace_user_task_8_injection_task_1/case_packet.md
v1.2.2:workspace:user_task_8:injection_task_2,workspace,user_task_8,injection_task_2,通过,通过,通过,通过,通过,通过,通过,通过,通过,通过,25,6,31,310677,OFFICIAL_SOURCE_CONTENT_NOT_MATERIALIZED;NATIVE_RUNNER_AND_AGGREGATION_NOT_IN_PACKET;STATE_SCHEMA_DESCRIPTOR_ONLY;POSTRUN_ARTIFACT_INVENTORY_ABSENT;STRONGER_SPLIT_NOT_RELIABLY_DERIVABLE;USER_EVALUATOR_HELPER_SOURCE_MISSING;INJECTION_EVALUATOR_HELPER_SOURCE_MISSING,,符合设计，可作为重新draft前的锁定输入,/Users/gss/Downloads/revised_agent_benchmark_paper_package/experiments/agentdojo_full_v1.2.2_direct/case_packets/agentdojo/v1.2.2_workspace_user_task_8_injection_task_2/case_packet.md
v1.2.2:workspace:user_task_8:injection_task_4,workspace,user_task_8,injection_task_4,通过,通过,通过,通过,通过,通过,通过,通过,通过,通过,25,6,31,311345,OFFICIAL_SOURCE_CONTENT_NOT_MATERIALIZED;NATIVE_RUNNER_AND_AGGREGATION_NOT_IN_PACKET;STATE_SCHEMA_DESCRIPTOR_ONLY;POSTRUN_ARTIFACT_INVENTORY_ABSENT;STRONGER_SPLIT_NOT_RELIABLY_DERIVABLE;USER_EVALUATOR_HELPER_SOURCE_MISSING,,符合设计，可作为重新draft前的锁定输入,/Users/gss/Downloads/revised_agent_benchmark_paper_package/experiments/agentdojo_full_v1.2.2_direct/case_packets/agentdojo/v1.2.2_workspace_user_task_8_injection_task_4/case_packet.md
v1.2.2:workspace:user_task_8:injection_task_5,workspace,user_task_8,injection_task_5,通过,通过,通过,通过,通过,通过,通过,通过,通过,通过,25,6,31,311078,OFFICIAL_SOURCE_CONTENT_NOT_MATERIALIZED;NATIVE_RUNNER_AND_AGGREGATION_NOT_IN_PACKET;STATE_SCHEMA_DESCRIPTOR_ONLY;POSTRUN_ARTIFACT_INVENTORY_ABSENT;STRONGER_SPLIT_NOT_RELIABLY_DERIVABLE;USER_EVALUATOR_HELPER_SOURCE_MISSING,,符合设计，可作为重新draft前的锁定输入,/Users/gss/Downloads/revised_agent_benchmark_paper_package/experiments/agentdojo_full_v1.2.2_direct/case_packets/agentdojo/v1.2.2_workspace_user_task_8_injection_task_5/case_packet.md
v1.2.2:workspace:user_task_8:injection_task_6,workspace,user_task_8,injection_task_6,通过,通过,通过,通过,通过,通过,通过,通过,通过,通过,25,6,31,317373,OFFICIAL_SOURCE_CONTENT_NOT_MATERIALIZED;NATIVE_RUNNER_AND_AGGREGATION_NOT_IN_PACKET;STATE_SCHEMA_DESCRIPTOR_ONLY;POSTRUN_ARTIFACT_INVENTORY_ABSENT;STRONGER_SPLIT_NOT_RELIABLY_DERIVABLE;USER_EVALUATOR_HELPER_SOURCE_MISSING;INJECTION_EVALUATOR_HELPER_SOURCE_MISSING,,符合设计，可作为重新draft前的锁定输入,/Users/gss/Downloads/revised_agent_benchmark_paper_package/experiments/agentdojo_full_v1.2.2_direct/case_packets/agentdojo/v1.2.2_workspace_user_task_8_injection_task_6/case_packet.md
v1.2.2:workspace:user_task_8:injection_task_7,workspace,user_task_8,injection_task_7,通过,通过,通过,通过,通过,通过,通过,通过,通过,通过,25,6,31,318007,OFFICIAL_SOURCE_CONTENT_NOT_MATERIALIZED;NATIVE_RUNNER_AND_AGGREGATION_NOT_IN_PACKET;STATE_SCHEMA_DESCRIPTOR_ONLY;POSTRUN_ARTIFACT_INVENTORY_ABSENT;STRONGER_SPLIT_NOT_RELIABLY_DERIVABLE;USER_EVALUATOR_HELPER_SOURCE_MISSING;INJECTION_EVALUATOR_HELPER_SOURCE_MISSING,,符合设计，可作为重新draft前的锁定输入,/Users/gss/Downloads/revised_agent_benchmark_paper_package/experiments/agentdojo_full_v1.2.2_direct/case_packets/agentdojo/v1.2.2_workspace_user_task_8_injection_task_7/case_packet.md
v1.2.2:workspace:user_task_8:injection_task_8,workspace,user_task_8,injection_task_8,通过,通过,通过,通过,通过,通过,通过,通过,通过,通过,25,6,31,317974,OFFICIAL_SOURCE_CONTENT_NOT_MATERIALIZED;NATIVE_RUNNER_AND_AGGREGATION_NOT_IN_PACKET;STATE_SCHEMA_DESCRIPTOR_ONLY;POSTRUN_ARTIFACT_INVENTORY_ABSENT;STRONGER_SPLIT_NOT_RELIABLY_DERIVABLE;USER_EVALUATOR_HELPER_SOURCE_MISSING;INJECTION_EVALUATOR_HELPER_SOURCE_MISSING,,符合设计，可作为重新draft前的锁定输入,/Users/gss/Downloads/revised_agent_benchmark_paper_package/experiments/agentdojo_full_v1.2.2_direct/case_packets/agentdojo/v1.2.2_workspace_user_task_8_injection_task_8/case_packet.md
v1.2.2:workspace:user_task_8:injection_task_9,workspace,user_task_8,injection_task_9,通过,通过,通过,通过,通过,通过,通过,通过,通过,通过,25,6,31,318988,OFFICIAL_SOURCE_CONTENT_NOT_MATERIALIZED;NATIVE_RUNNER_AND_AGGREGATION_NOT_IN_PACKET;STATE_SCHEMA_DESCRIPTOR_ONLY;POSTRUN_ARTIFACT_INVENTORY_ABSENT;STRONGER_SPLIT_NOT_RELIABLY_DERIVABLE;USER_EVALUATOR_HELPER_SOURCE_MISSING;INJECTION_EVALUATOR_HELPER_SOURCE_MISSING,,符合设计，可作为重新draft前的锁定输入,/Users/gss/Downloads/revised_agent_benchmark_paper_package/experiments/agentdojo_full_v1.2.2_direct/case_packets/agentdojo/v1.2.2_workspace_user_task_8_injection_task_9/case_packet.md
v1.2.2:workspace:user_task_8:injection_task_10,workspace,user_task_8,injection_task_10,通过,通过,通过,通过,通过,通过,通过,通过,通过,通过,25,6,31,317211,OFFICIAL_SOURCE_CONTENT_NOT_MATERIALIZED;NATIVE_RUNNER_AND_AGGREGATION_NOT_IN_PACKET;STATE_SCHEMA_DESCRIPTOR_ONLY;POSTRUN_ARTIFACT_INVENTORY_ABSENT;STRONGER_SPLIT_NOT_RELIABLY_DERIVABLE;USER_EVALUATOR_HELPER_SOURCE_MISSING,,符合设计，可作为重新draft前的锁定输入,/Users/gss/Downloads/revised_agent_benchmark_paper_package/experiments/agentdojo_full_v1.2.2_direct/case_packets/agentdojo/v1.2.2_workspace_user_task_8_injection_task_10/case_packet.md
v1.2.2:workspace:user_task_8:injection_task_11,workspace,user_task_8,injection_task_11,通过,通过,通过,通过,通过,通过,通过,通过,通过,通过,25,6,31,304517,OFFICIAL_SOURCE_CONTENT_NOT_MATERIALIZED;NATIVE_RUNNER_AND_AGGREGATION_NOT_IN_PACKET;STATE_SCHEMA_DESCRIPTOR_ONLY;POSTRUN_ARTIFACT_INVENTORY_ABSENT;STRONGER_SPLIT_NOT_RELIABLY_DERIVABLE;USER_EVALUATOR_HELPER_SOURCE_MISSING,,符合设计，可作为重新draft前的锁定输入,/Users/gss/Downloads/revised_agent_benchmark_paper_package/experiments/agentdojo_full_v1.2.2_direct/case_packets/agentdojo/v1.2.2_workspace_user_task_8_injection_task_11/case_packet.md
v1.2.2:workspace:user_task_8:injection_task_12,workspace,user_task_8,injection_task_12,通过,通过,通过,通过,通过,通过,通过,通过,通过,通过,25,6,31,305316,OFFICIAL_SOURCE_CONTENT_NOT_MATERIALIZED;NATIVE_RUNNER_AND_AGGREGATION_NOT_IN_PACKET;STATE_SCHEMA_DESCRIPTOR_ONLY;POSTRUN_ARTIFACT_INVENTORY_ABSENT;STRONGER_SPLIT_NOT_RELIABLY_DERIVABLE;USER_EVALUATOR_HELPER_SOURCE_MISSING,,符合设计，可作为重新draft前的锁定输入,/Users/gss/Downloads/revised_agent_benchmark_paper_package/experiments/agentdojo_full_v1.2.2_direct/case_packets/agentdojo/v1.2.2_workspace_user_task_8_injection_task_12/case_packet.md
v1.2.2:workspace:user_task_8:injection_task_13,workspace,user_task_8,injection_task_13,通过,通过,通过,通过,通过,通过,通过,通过,通过,通过,25,6,31,319311,OFFICIAL_SOURCE_CONTENT_NOT_MATERIALIZED;NATIVE_RUNNER_AND_AGGREGATION_NOT_IN_PACKET;STATE_SCHEMA_DESCRIPTOR_ONLY;POSTRUN_ARTIFACT_INVENTORY_ABSENT;STRONGER_SPLIT_NOT_RELIABLY_DERIVABLE;USER_EVALUATOR_HELPER_SOURCE_MISSING,,符合设计，可作为重新draft前的锁定输入,/Users/gss/Downloads/revised_agent_benchmark_paper_package/experiments/agentdojo_full_v1.2.2_direct/case_packets/agentdojo/v1.2.2_workspace_user_task_8_injection_task_13/case_packet.md
v1.2.2:workspace:user_task_9:injection_task_0,workspace,user_task_9,injection_task_0,通过,通过,通过,通过,通过,通过,通过,通过,通过,通过,25,6,31,311441,OFFICIAL_SOURCE_CONTENT_NOT_MATERIALIZED;NATIVE_RUNNER_AND_AGGREGATION_NOT_IN_PACKET;STATE_SCHEMA_DESCRIPTOR_ONLY;POSTRUN_ARTIFACT_INVENTORY_ABSENT;STRONGER_SPLIT_NOT_RELIABLY_DERIVABLE;USER_EVALUATOR_HELPER_SOURCE_MISSING,,符合设计，可作为重新draft前的锁定输入,/Users/gss/Downloads/revised_agent_benchmark_paper_package/experiments/agentdojo_full_v1.2.2_direct/case_packets/agentdojo/v1.2.2_workspace_user_task_9_injection_task_0/case_packet.md
v1.2.2:workspace:user_task_9:injection_task_1,workspace,user_task_9,injection_task_1,通过,通过,通过,通过,通过,通过,通过,通过,通过,通过,25,6,31,310619,OFFICIAL_SOURCE_CONTENT_NOT_MATERIALIZED;NATIVE_RUNNER_AND_AGGREGATION_NOT_IN_PACKET;STATE_SCHEMA_DESCRIPTOR_ONLY;POSTRUN_ARTIFACT_INVENTORY_ABSENT;STRONGER_SPLIT_NOT_RELIABLY_DERIVABLE;USER_EVALUATOR_HELPER_SOURCE_MISSING,,符合设计，可作为重新draft前的锁定输入,/Users/gss/Downloads/revised_agent_benchmark_paper_package/experiments/agentdojo_full_v1.2.2_direct/case_packets/agentdojo/v1.2.2_workspace_user_task_9_injection_task_1/case_packet.md
v1.2.2:workspace:user_task_9:injection_task_2,workspace,user_task_9,injection_task_2,通过,通过,通过,通过,通过,通过,通过,通过,通过,通过,25,6,31,311752,OFFICIAL_SOURCE_CONTENT_NOT_MATERIALIZED;NATIVE_RUNNER_AND_AGGREGATION_NOT_IN_PACKET;STATE_SCHEMA_DESCRIPTOR_ONLY;POSTRUN_ARTIFACT_INVENTORY_ABSENT;STRONGER_SPLIT_NOT_RELIABLY_DERIVABLE;USER_EVALUATOR_HELPER_SOURCE_MISSING;INJECTION_EVALUATOR_HELPER_SOURCE_MISSING,,符合设计，可作为重新draft前的锁定输入,/Users/gss/Downloads/revised_agent_benchmark_paper_package/experiments/agentdojo_full_v1.2.2_direct/case_packets/agentdojo/v1.2.2_workspace_user_task_9_injection_task_2/case_packet.md
v1.2.2:workspace:user_task_9:injection_task_3,workspace,user_task_9,injection_task_3,通过,通过,通过,通过,通过,通过,通过,通过,通过,通过,25,6,31,319213,OFFICIAL_SOURCE_CONTENT_NOT_MATERIALIZED;NATIVE_RUNNER_AND_AGGREGATION_NOT_IN_PACKET;STATE_SCHEMA_DESCRIPTOR_ONLY;POSTRUN_ARTIFACT_INVENTORY_ABSENT;STRONGER_SPLIT_NOT_RELIABLY_DERIVABLE;USER_EVALUATOR_HELPER_SOURCE_MISSING,,符合设计，可作为重新draft前的锁定输入,/Users/gss/Downloads/revised_agent_benchmark_paper_package/experiments/agentdojo_full_v1.2.2_direct/case_packets/agentdojo/v1.2.2_workspace_user_task_9_injection_task_3/case_packet.md
v1.2.2:workspace:user_task_9:injection_task_4,workspace,user_task_9,injection_task_4,通过,通过,通过,通过,通过,通过,通过,通过,通过,通过,25,6,31,312420,OFFICIAL_SOURCE_CONTENT_NOT_MATERIALIZED;NATIVE_RUNNER_AND_AGGREGATION_NOT_IN_PACKET;STATE_SCHEMA_DESCRIPTOR_ONLY;POSTRUN_ARTIFACT_INVENTORY_ABSENT;STRONGER_SPLIT_NOT_RELIABLY_DERIVABLE;USER_EVALUATOR_HELPER_SOURCE_MISSING,,符合设计，可作为重新draft前的锁定输入,/Users/gss/Downloads/revised_agent_benchmark_paper_package/experiments/agentdojo_full_v1.2.2_direct/case_packets/agentdojo/v1.2.2_workspace_user_task_9_injection_task_4/case_packet.md
v1.2.2:workspace:user_task_9:injection_task_5,workspace,user_task_9,injection_task_5,通过,通过,通过,通过,通过,通过,通过,通过,通过,通过,25,6,31,312153,OFFICIAL_SOURCE_CONTENT_NOT_MATERIALIZED;NATIVE_RUNNER_AND_AGGREGATION_NOT_IN_PACKET;STATE_SCHEMA_DESCRIPTOR_ONLY;POSTRUN_ARTIFACT_INVENTORY_ABSENT;STRONGER_SPLIT_NOT_RELIABLY_DERIVABLE;USER_EVALUATOR_HELPER_SOURCE_MISSING,,符合设计，可作为重新draft前的锁定输入,/Users/gss/Downloads/revised_agent_benchmark_paper_package/experiments/agentdojo_full_v1.2.2_direct/case_packets/agentdojo/v1.2.2_workspace_user_task_9_injection_task_5/case_packet.md
v1.2.2:workspace:user_task_9:injection_task_6,workspace,user_task_9,injection_task_6,通过,通过,通过,通过,通过,通过,通过,通过,通过,通过,25,6,31,318448,OFFICIAL_SOURCE_CONTENT_NOT_MATERIALIZED;NATIVE_RUNNER_AND_AGGREGATION_NOT_IN_PACKET;STATE_SCHEMA_DESCRIPTOR_ONLY;POSTRUN_ARTIFACT_INVENTORY_ABSENT;STRONGER_SPLIT_NOT_RELIABLY_DERIVABLE;USER_EVALUATOR_HELPER_SOURCE_MISSING;INJECTION_EVALUATOR_HELPER_SOURCE_MISSING,,符合设计，可作为重新draft前的锁定输入,/Users/gss/Downloads/revised_agent_benchmark_paper_package/experiments/agentdojo_full_v1.2.2_direct/case_packets/agentdojo/v1.2.2_workspace_user_task_9_injection_task_6/case_packet.md
v1.2.2:workspace:user_task_9:injection_task_7,workspace,user_task_9,injection_task_7,通过,通过,通过,通过,通过,通过,通过,通过,通过,通过,25,6,31,319082,OFFICIAL_SOURCE_CONTENT_NOT_MATERIALIZED;NATIVE_RUNNER_AND_AGGREGATION_NOT_IN_PACKET;STATE_SCHEMA_DESCRIPTOR_ONLY;POSTRUN_ARTIFACT_INVENTORY_ABSENT;STRONGER_SPLIT_NOT_RELIABLY_DERIVABLE;USER_EVALUATOR_HELPER_SOURCE_MISSING;INJECTION_EVALUATOR_HELPER_SOURCE_MISSING,,符合设计，可作为重新draft前的锁定输入,/Users/gss/Downloads/revised_agent_benchmark_paper_package/experiments/agentdojo_full_v1.2.2_direct/case_packets/agentdojo/v1.2.2_workspace_user_task_9_injection_task_7/case_packet.md
v1.2.2:workspace:user_task_9:injection_task_8,workspace,user_task_9,injection_task_8,通过,通过,通过,通过,通过,通过,通过,通过,通过,通过,25,6,31,319049,OFFICIAL_SOURCE_CONTENT_NOT_MATERIALIZED;NATIVE_RUNNER_AND_AGGREGATION_NOT_IN_PACKET;STATE_SCHEMA_DESCRIPTOR_ONLY;POSTRUN_ARTIFACT_INVENTORY_ABSENT;STRONGER_SPLIT_NOT_RELIABLY_DERIVABLE;USER_EVALUATOR_HELPER_SOURCE_MISSING;INJECTION_EVALUATOR_HELPER_SOURCE_MISSING,,符合设计，可作为重新draft前的锁定输入,/Users/gss/Downloads/revised_agent_benchmark_paper_package/experiments/agentdojo_full_v1.2.2_direct/case_packets/agentdojo/v1.2.2_workspace_user_task_9_injection_task_8/case_packet.md
v1.2.2:workspace:user_task_9:injection_task_9,workspace,user_task_9,injection_task_9,通过,通过,通过,通过,通过,通过,通过,通过,通过,通过,25,6,31,320063,OFFICIAL_SOURCE_CONTENT_NOT_MATERIALIZED;NATIVE_RUNNER_AND_AGGREGATION_NOT_IN_PACKET;STATE_SCHEMA_DESCRIPTOR_ONLY;POSTRUN_ARTIFACT_INVENTORY_ABSENT;STRONGER_SPLIT_NOT_RELIABLY_DERIVABLE;USER_EVALUATOR_HELPER_SOURCE_MISSING;INJECTION_EVALUATOR_HELPER_SOURCE_MISSING,,符合设计，可作为重新draft前的锁定输入,/Users/gss/Downloads/revised_agent_benchmark_paper_package/experiments/agentdojo_full_v1.2.2_direct/case_packets/agentdojo/v1.2.2_workspace_user_task_9_injection_task_9/case_packet.md
v1.2.2:workspace:user_task_9:injection_task_11,workspace,user_task_9,injection_task_11,通过,通过,通过,通过,通过,通过,通过,通过,通过,通过,25,6,31,305592,OFFICIAL_SOURCE_CONTENT_NOT_MATERIALIZED;NATIVE_RUNNER_AND_AGGREGATION_NOT_IN_PACKET;STATE_SCHEMA_DESCRIPTOR_ONLY;POSTRUN_ARTIFACT_INVENTORY_ABSENT;STRONGER_SPLIT_NOT_RELIABLY_DERIVABLE;USER_EVALUATOR_HELPER_SOURCE_MISSING,,符合设计，可作为重新draft前的锁定输入,/Users/gss/Downloads/revised_agent_benchmark_paper_package/experiments/agentdojo_full_v1.2.2_direct/case_packets/agentdojo/v1.2.2_workspace_user_task_9_injection_task_11/case_packet.md
v1.2.2:workspace:user_task_9:injection_task_12,workspace,user_task_9,injection_task_12,通过,通过,通过,通过,通过,通过,通过,通过,通过,通过,25,6,31,306391,OFFICIAL_SOURCE_CONTENT_NOT_MATERIALIZED;NATIVE_RUNNER_AND_AGGREGATION_NOT_IN_PACKET;STATE_SCHEMA_DESCRIPTOR_ONLY;POSTRUN_ARTIFACT_INVENTORY_ABSENT;STRONGER_SPLIT_NOT_RELIABLY_DERIVABLE;USER_EVALUATOR_HELPER_SOURCE_MISSING,,符合设计，可作为重新draft前的锁定输入,/Users/gss/Downloads/revised_agent_benchmark_paper_package/experiments/agentdojo_full_v1.2.2_direct/case_packets/agentdojo/v1.2.2_workspace_user_task_9_injection_task_12/case_packet.md
v1.2.2:workspace:user_task_9:injection_task_13,workspace,user_task_9,injection_task_13,通过,通过,通过,通过,通过,通过,通过,通过,通过,通过,25,6,31,320386,OFFICIAL_SOURCE_CONTENT_NOT_MATERIALIZED;NATIVE_RUNNER_AND_AGGREGATION_NOT_IN_PACKET;STATE_SCHEMA_DESCRIPTOR_ONLY;POSTRUN_ARTIFACT_INVENTORY_ABSENT;STRONGER_SPLIT_NOT_RELIABLY_DERIVABLE;USER_EVALUATOR_HELPER_SOURCE_MISSING,,符合设计，可作为重新draft前的锁定输入,/Users/gss/Downloads/revised_agent_benchmark_paper_package/experiments/agentdojo_full_v1.2.2_direct/case_packets/agentdojo/v1.2.2_workspace_user_task_9_injection_task_13/case_packet.md
v1.2.2:workspace:user_task_10:injection_task_0,workspace,user_task_10,injection_task_0,通过,通过,通过,通过,通过,通过,通过,通过,通过,通过,25,6,31,309745,OFFICIAL_SOURCE_CONTENT_NOT_MATERIALIZED;NATIVE_RUNNER_AND_AGGREGATION_NOT_IN_PACKET;STATE_SCHEMA_DESCRIPTOR_ONLY;POSTRUN_ARTIFACT_INVENTORY_ABSENT;STRONGER_SPLIT_NOT_RELIABLY_DERIVABLE,,符合设计，可作为重新draft前的锁定输入,/Users/gss/Downloads/revised_agent_benchmark_paper_package/experiments/agentdojo_full_v1.2.2_direct/case_packets/agentdojo/v1.2.2_workspace_user_task_10_injection_task_0/case_packet.md
v1.2.2:workspace:user_task_10:injection_task_2,workspace,user_task_10,injection_task_2,通过,通过,通过,通过,通过,通过,通过,通过,通过,通过,25,6,31,310056,OFFICIAL_SOURCE_CONTENT_NOT_MATERIALIZED;NATIVE_RUNNER_AND_AGGREGATION_NOT_IN_PACKET;STATE_SCHEMA_DESCRIPTOR_ONLY;POSTRUN_ARTIFACT_INVENTORY_ABSENT;STRONGER_SPLIT_NOT_RELIABLY_DERIVABLE;INJECTION_EVALUATOR_HELPER_SOURCE_MISSING,,符合设计，可作为重新draft前的锁定输入,/Users/gss/Downloads/revised_agent_benchmark_paper_package/experiments/agentdojo_full_v1.2.2_direct/case_packets/agentdojo/v1.2.2_workspace_user_task_10_injection_task_2/case_packet.md
v1.2.2:workspace:user_task_10:injection_task_3,workspace,user_task_10,injection_task_3,通过,通过,通过,通过,通过,通过,通过,通过,通过,通过,25,6,31,317517,OFFICIAL_SOURCE_CONTENT_NOT_MATERIALIZED;NATIVE_RUNNER_AND_AGGREGATION_NOT_IN_PACKET;STATE_SCHEMA_DESCRIPTOR_ONLY;POSTRUN_ARTIFACT_INVENTORY_ABSENT;STRONGER_SPLIT_NOT_RELIABLY_DERIVABLE,,符合设计，可作为重新draft前的锁定输入,/Users/gss/Downloads/revised_agent_benchmark_paper_package/experiments/agentdojo_full_v1.2.2_direct/case_packets/agentdojo/v1.2.2_workspace_user_task_10_injection_task_3/case_packet.md
v1.2.2:workspace:user_task_10:injection_task_4,workspace,user_task_10,injection_task_4,通过,通过,通过,通过,通过,通过,通过,通过,通过,通过,25,6,31,310724,OFFICIAL_SOURCE_CONTENT_NOT_MATERIALIZED;NATIVE_RUNNER_AND_AGGREGATION_NOT_IN_PACKET;STATE_SCHEMA_DESCRIPTOR_ONLY;POSTRUN_ARTIFACT_INVENTORY_ABSENT;STRONGER_SPLIT_NOT_RELIABLY_DERIVABLE,,符合设计，可作为重新draft前的锁定输入,/Users/gss/Downloads/revised_agent_benchmark_paper_package/experiments/agentdojo_full_v1.2.2_direct/case_packets/agentdojo/v1.2.2_workspace_user_task_10_injection_task_4/case_packet.md
v1.2.2:workspace:user_task_10:injection_task_5,workspace,user_task_10,injection_task_5,通过,通过,通过,通过,通过,通过,通过,通过,通过,通过,25,6,31,310457,OFFICIAL_SOURCE_CONTENT_NOT_MATERIALIZED;NATIVE_RUNNER_AND_AGGREGATION_NOT_IN_PACKET;STATE_SCHEMA_DESCRIPTOR_ONLY;POSTRUN_ARTIFACT_INVENTORY_ABSENT;STRONGER_SPLIT_NOT_RELIABLY_DERIVABLE,,符合设计，可作为重新draft前的锁定输入,/Users/gss/Downloads/revised_agent_benchmark_paper_package/experiments/agentdojo_full_v1.2.2_direct/case_packets/agentdojo/v1.2.2_workspace_user_task_10_injection_task_5/case_packet.md
v1.2.2:workspace:user_task_10:injection_task_6,workspace,user_task_10,injection_task_6,通过,通过,通过,通过,通过,通过,通过,通过,通过,通过,25,6,31,316752,OFFICIAL_SOURCE_CONTENT_NOT_MATERIALIZED;NATIVE_RUNNER_AND_AGGREGATION_NOT_IN_PACKET;STATE_SCHEMA_DESCRIPTOR_ONLY;POSTRUN_ARTIFACT_INVENTORY_ABSENT;STRONGER_SPLIT_NOT_RELIABLY_DERIVABLE;INJECTION_EVALUATOR_HELPER_SOURCE_MISSING,,符合设计，可作为重新draft前的锁定输入,/Users/gss/Downloads/revised_agent_benchmark_paper_package/experiments/agentdojo_full_v1.2.2_direct/case_packets/agentdojo/v1.2.2_workspace_user_task_10_injection_task_6/case_packet.md
v1.2.2:workspace:user_task_10:injection_task_7,workspace,user_task_10,injection_task_7,通过,通过,通过,通过,通过,通过,通过,通过,通过,通过,25,6,31,317386,OFFICIAL_SOURCE_CONTENT_NOT_MATERIALIZED;NATIVE_RUNNER_AND_AGGREGATION_NOT_IN_PACKET;STATE_SCHEMA_DESCRIPTOR_ONLY;POSTRUN_ARTIFACT_INVENTORY_ABSENT;STRONGER_SPLIT_NOT_RELIABLY_DERIVABLE;INJECTION_EVALUATOR_HELPER_SOURCE_MISSING,,符合设计，可作为重新draft前的锁定输入,/Users/gss/Downloads/revised_agent_benchmark_paper_package/experiments/agentdojo_full_v1.2.2_direct/case_packets/agentdojo/v1.2.2_workspace_user_task_10_injection_task_7/case_packet.md
v1.2.2:workspace:user_task_10:injection_task_8,workspace,user_task_10,injection_task_8,通过,通过,通过,通过,通过,通过,通过,通过,通过,通过,25,6,31,317353,OFFICIAL_SOURCE_CONTENT_NOT_MATERIALIZED;NATIVE_RUNNER_AND_AGGREGATION_NOT_IN_PACKET;STATE_SCHEMA_DESCRIPTOR_ONLY;POSTRUN_ARTIFACT_INVENTORY_ABSENT;STRONGER_SPLIT_NOT_RELIABLY_DERIVABLE;INJECTION_EVALUATOR_HELPER_SOURCE_MISSING,,符合设计，可作为重新draft前的锁定输入,/Users/gss/Downloads/revised_agent_benchmark_paper_package/experiments/agentdojo_full_v1.2.2_direct/case_packets/agentdojo/v1.2.2_workspace_user_task_10_injection_task_8/case_packet.md
v1.2.2:workspace:user_task_10:injection_task_9,workspace,user_task_10,injection_task_9,通过,通过,通过,通过,通过,通过,通过,通过,通过,通过,25,6,31,318367,OFFICIAL_SOURCE_CONTENT_NOT_MATERIALIZED;NATIVE_RUNNER_AND_AGGREGATION_NOT_IN_PACKET;STATE_SCHEMA_DESCRIPTOR_ONLY;POSTRUN_ARTIFACT_INVENTORY_ABSENT;STRONGER_SPLIT_NOT_RELIABLY_DERIVABLE;INJECTION_EVALUATOR_HELPER_SOURCE_MISSING,,符合设计，可作为重新draft前的锁定输入,/Users/gss/Downloads/revised_agent_benchmark_paper_package/experiments/agentdojo_full_v1.2.2_direct/case_packets/agentdojo/v1.2.2_workspace_user_task_10_injection_task_9/case_packet.md
v1.2.2:workspace:user_task_10:injection_task_10,workspace,user_task_10,injection_task_10,通过,通过,通过,通过,通过,通过,通过,通过,通过,通过,25,6,31,316590,OFFICIAL_SOURCE_CONTENT_NOT_MATERIALIZED;NATIVE_RUNNER_AND_AGGREGATION_NOT_IN_PACKET;STATE_SCHEMA_DESCRIPTOR_ONLY;POSTRUN_ARTIFACT_INVENTORY_ABSENT;STRONGER_SPLIT_NOT_RELIABLY_DERIVABLE,,符合设计，可作为重新draft前的锁定输入,/Users/gss/Downloads/revised_agent_benchmark_paper_package/experiments/agentdojo_full_v1.2.2_direct/case_packets/agentdojo/v1.2.2_workspace_user_task_10_injection_task_10/case_packet.md
v1.2.2:workspace:user_task_10:injection_task_11,workspace,user_task_10,injection_task_11,通过,通过,通过,通过,通过,通过,通过,通过,通过,通过,25,6,31,303896,OFFICIAL_SOURCE_CONTENT_NOT_MATERIALIZED;NATIVE_RUNNER_AND_AGGREGATION_NOT_IN_PACKET;STATE_SCHEMA_DESCRIPTOR_ONLY;POSTRUN_ARTIFACT_INVENTORY_ABSENT;STRONGER_SPLIT_NOT_RELIABLY_DERIVABLE,,符合设计，可作为重新draft前的锁定输入,/Users/gss/Downloads/revised_agent_benchmark_paper_package/experiments/agentdojo_full_v1.2.2_direct/case_packets/agentdojo/v1.2.2_workspace_user_task_10_injection_task_11/case_packet.md
v1.2.2:workspace:user_task_10:injection_task_13,workspace,user_task_10,injection_task_13,通过,通过,通过,通过,通过,通过,通过,通过,通过,通过,25,6,31,318690,OFFICIAL_SOURCE_CONTENT_NOT_MATERIALIZED;NATIVE_RUNNER_AND_AGGREGATION_NOT_IN_PACKET;STATE_SCHEMA_DESCRIPTOR_ONLY;POSTRUN_ARTIFACT_INVENTORY_ABSENT;STRONGER_SPLIT_NOT_RELIABLY_DERIVABLE,,符合设计，可作为重新draft前的锁定输入,/Users/gss/Downloads/revised_agent_benchmark_paper_package/experiments/agentdojo_full_v1.2.2_direct/case_packets/agentdojo/v1.2.2_workspace_user_task_10_injection_task_13/case_packet.md
v1.2.2:workspace:user_task_11:injection_task_0,workspace,user_task_11,injection_task_0,通过,通过,通过,通过,通过,通过,通过,通过,通过,通过,25,6,31,309949,OFFICIAL_SOURCE_CONTENT_NOT_MATERIALIZED;NATIVE_RUNNER_AND_AGGREGATION_NOT_IN_PACKET;STATE_SCHEMA_DESCRIPTOR_ONLY;POSTRUN_ARTIFACT_INVENTORY_ABSENT;STRONGER_SPLIT_NOT_RELIABLY_DERIVABLE,,符合设计，可作为重新draft前的锁定输入,/Users/gss/Downloads/revised_agent_benchmark_paper_package/experiments/agentdojo_full_v1.2.2_direct/case_packets/agentdojo/v1.2.2_workspace_user_task_11_injection_task_0/case_packet.md
v1.2.2:workspace:user_task_11:injection_task_1,workspace,user_task_11,injection_task_1,通过,通过,通过,通过,通过,通过,通过,通过,通过,通过,25,6,31,309127,OFFICIAL_SOURCE_CONTENT_NOT_MATERIALIZED;NATIVE_RUNNER_AND_AGGREGATION_NOT_IN_PACKET;STATE_SCHEMA_DESCRIPTOR_ONLY;POSTRUN_ARTIFACT_INVENTORY_ABSENT;STRONGER_SPLIT_NOT_RELIABLY_DERIVABLE,,符合设计，可作为重新draft前的锁定输入,/Users/gss/Downloads/revised_agent_benchmark_paper_package/experiments/agentdojo_full_v1.2.2_direct/case_packets/agentdojo/v1.2.2_workspace_user_task_11_injection_task_1/case_packet.md
v1.2.2:workspace:user_task_11:injection_task_2,workspace,user_task_11,injection_task_2,通过,通过,通过,通过,通过,通过,通过,通过,通过,通过,25,6,31,310260,OFFICIAL_SOURCE_CONTENT_NOT_MATERIALIZED;NATIVE_RUNNER_AND_AGGREGATION_NOT_IN_PACKET;STATE_SCHEMA_DESCRIPTOR_ONLY;POSTRUN_ARTIFACT_INVENTORY_ABSENT;STRONGER_SPLIT_NOT_RELIABLY_DERIVABLE;INJECTION_EVALUATOR_HELPER_SOURCE_MISSING,,符合设计，可作为重新draft前的锁定输入,/Users/gss/Downloads/revised_agent_benchmark_paper_package/experiments/agentdojo_full_v1.2.2_direct/case_packets/agentdojo/v1.2.2_workspace_user_task_11_injection_task_2/case_packet.md
v1.2.2:workspace:user_task_11:injection_task_3,workspace,user_task_11,injection_task_3,通过,通过,通过,通过,通过,通过,通过,通过,通过,通过,25,6,31,317721,OFFICIAL_SOURCE_CONTENT_NOT_MATERIALIZED;NATIVE_RUNNER_AND_AGGREGATION_NOT_IN_PACKET;STATE_SCHEMA_DESCRIPTOR_ONLY;POSTRUN_ARTIFACT_INVENTORY_ABSENT;STRONGER_SPLIT_NOT_RELIABLY_DERIVABLE,,符合设计，可作为重新draft前的锁定输入,/Users/gss/Downloads/revised_agent_benchmark_paper_package/experiments/agentdojo_full_v1.2.2_direct/case_packets/agentdojo/v1.2.2_workspace_user_task_11_injection_task_3/case_packet.md
v1.2.2:workspace:user_task_11:injection_task_4,workspace,user_task_11,injection_task_4,通过,通过,通过,通过,通过,通过,通过,通过,通过,通过,25,6,31,310928,OFFICIAL_SOURCE_CONTENT_NOT_MATERIALIZED;NATIVE_RUNNER_AND_AGGREGATION_NOT_IN_PACKET;STATE_SCHEMA_DESCRIPTOR_ONLY;POSTRUN_ARTIFACT_INVENTORY_ABSENT;STRONGER_SPLIT_NOT_RELIABLY_DERIVABLE,,符合设计，可作为重新draft前的锁定输入,/Users/gss/Downloads/revised_agent_benchmark_paper_package/experiments/agentdojo_full_v1.2.2_direct/case_packets/agentdojo/v1.2.2_workspace_user_task_11_injection_task_4/case_packet.md
v1.2.2:workspace:user_task_11:injection_task_5,workspace,user_task_11,injection_task_5,通过,通过,通过,通过,通过,通过,通过,通过,通过,通过,25,6,31,310661,OFFICIAL_SOURCE_CONTENT_NOT_MATERIALIZED;NATIVE_RUNNER_AND_AGGREGATION_NOT_IN_PACKET;STATE_SCHEMA_DESCRIPTOR_ONLY;POSTRUN_ARTIFACT_INVENTORY_ABSENT;STRONGER_SPLIT_NOT_RELIABLY_DERIVABLE,,符合设计，可作为重新draft前的锁定输入,/Users/gss/Downloads/revised_agent_benchmark_paper_package/experiments/agentdojo_full_v1.2.2_direct/case_packets/agentdojo/v1.2.2_workspace_user_task_11_injection_task_5/case_packet.md
v1.2.2:workspace:user_task_11:injection_task_7,workspace,user_task_11,injection_task_7,通过,通过,通过,通过,通过,通过,通过,通过,通过,通过,25,6,31,317590,OFFICIAL_SOURCE_CONTENT_NOT_MATERIALIZED;NATIVE_RUNNER_AND_AGGREGATION_NOT_IN_PACKET;STATE_SCHEMA_DESCRIPTOR_ONLY;POSTRUN_ARTIFACT_INVENTORY_ABSENT;STRONGER_SPLIT_NOT_RELIABLY_DERIVABLE;INJECTION_EVALUATOR_HELPER_SOURCE_MISSING,,符合设计，可作为重新draft前的锁定输入,/Users/gss/Downloads/revised_agent_benchmark_paper_package/experiments/agentdojo_full_v1.2.2_direct/case_packets/agentdojo/v1.2.2_workspace_user_task_11_injection_task_7/case_packet.md
v1.2.2:workspace:user_task_11:injection_task_8,workspace,user_task_11,injection_task_8,通过,通过,通过,通过,通过,通过,通过,通过,通过,通过,25,6,31,317557,OFFICIAL_SOURCE_CONTENT_NOT_MATERIALIZED;NATIVE_RUNNER_AND_AGGREGATION_NOT_IN_PACKET;STATE_SCHEMA_DESCRIPTOR_ONLY;POSTRUN_ARTIFACT_INVENTORY_ABSENT;STRONGER_SPLIT_NOT_RELIABLY_DERIVABLE;INJECTION_EVALUATOR_HELPER_SOURCE_MISSING,,符合设计，可作为重新draft前的锁定输入,/Users/gss/Downloads/revised_agent_benchmark_paper_package/experiments/agentdojo_full_v1.2.2_direct/case_packets/agentdojo/v1.2.2_workspace_user_task_11_injection_task_8/case_packet.md
v1.2.2:workspace:user_task_11:injection_task_9,workspace,user_task_11,injection_task_9,通过,通过,通过,通过,通过,通过,通过,通过,通过,通过,25,6,31,318571,OFFICIAL_SOURCE_CONTENT_NOT_MATERIALIZED;NATIVE_RUNNER_AND_AGGREGATION_NOT_IN_PACKET;STATE_SCHEMA_DESCRIPTOR_ONLY;POSTRUN_ARTIFACT_INVENTORY_ABSENT;STRONGER_SPLIT_NOT_RELIABLY_DERIVABLE;INJECTION_EVALUATOR_HELPER_SOURCE_MISSING,,符合设计，可作为重新draft前的锁定输入,/Users/gss/Downloads/revised_agent_benchmark_paper_package/experiments/agentdojo_full_v1.2.2_direct/case_packets/agentdojo/v1.2.2_workspace_user_task_11_injection_task_9/case_packet.md
v1.2.2:workspace:user_task_11:injection_task_10,workspace,user_task_11,injection_task_10,通过,通过,通过,通过,通过,通过,通过,通过,通过,通过,25,6,31,316794,OFFICIAL_SOURCE_CONTENT_NOT_MATERIALIZED;NATIVE_RUNNER_AND_AGGREGATION_NOT_IN_PACKET;STATE_SCHEMA_DESCRIPTOR_ONLY;POSTRUN_ARTIFACT_INVENTORY_ABSENT;STRONGER_SPLIT_NOT_RELIABLY_DERIVABLE,,符合设计，可作为重新draft前的锁定输入,/Users/gss/Downloads/revised_agent_benchmark_paper_package/experiments/agentdojo_full_v1.2.2_direct/case_packets/agentdojo/v1.2.2_workspace_user_task_11_injection_task_10/case_packet.md
v1.2.2:workspace:user_task_11:injection_task_11,workspace,user_task_11,injection_task_11,通过,通过,通过,通过,通过,通过,通过,通过,通过,通过,25,6,31,304100,OFFICIAL_SOURCE_CONTENT_NOT_MATERIALIZED;NATIVE_RUNNER_AND_AGGREGATION_NOT_IN_PACKET;STATE_SCHEMA_DESCRIPTOR_ONLY;POSTRUN_ARTIFACT_INVENTORY_ABSENT;STRONGER_SPLIT_NOT_RELIABLY_DERIVABLE,,符合设计，可作为重新draft前的锁定输入,/Users/gss/Downloads/revised_agent_benchmark_paper_package/experiments/agentdojo_full_v1.2.2_direct/case_packets/agentdojo/v1.2.2_workspace_user_task_11_injection_task_11/case_packet.md
v1.2.2:workspace:user_task_11:injection_task_12,workspace,user_task_11,injection_task_12,通过,通过,通过,通过,通过,通过,通过,通过,通过,通过,25,6,31,304899,OFFICIAL_SOURCE_CONTENT_NOT_MATERIALIZED;NATIVE_RUNNER_AND_AGGREGATION_NOT_IN_PACKET;STATE_SCHEMA_DESCRIPTOR_ONLY;POSTRUN_ARTIFACT_INVENTORY_ABSENT;STRONGER_SPLIT_NOT_RELIABLY_DERIVABLE,,符合设计，可作为重新draft前的锁定输入,/Users/gss/Downloads/revised_agent_benchmark_paper_package/experiments/agentdojo_full_v1.2.2_direct/case_packets/agentdojo/v1.2.2_workspace_user_task_11_injection_task_12/case_packet.md
v1.2.2:workspace:user_task_11:injection_task_13,workspace,user_task_11,injection_task_13,通过,通过,通过,通过,通过,通过,通过,通过,通过,通过,25,6,31,318894,OFFICIAL_SOURCE_CONTENT_NOT_MATERIALIZED;NATIVE_RUNNER_AND_AGGREGATION_NOT_IN_PACKET;STATE_SCHEMA_DESCRIPTOR_ONLY;POSTRUN_ARTIFACT_INVENTORY_ABSENT;STRONGER_SPLIT_NOT_RELIABLY_DERIVABLE,,符合设计，可作为重新draft前的锁定输入,/Users/gss/Downloads/revised_agent_benchmark_paper_package/experiments/agentdojo_full_v1.2.2_direct/case_packets/agentdojo/v1.2.2_workspace_user_task_11_injection_task_13/case_packet.md
v1.2.2:workspace:user_task_12:injection_task_0,workspace,user_task_12,injection_task_0,通过,通过,通过,通过,通过,通过,通过,通过,通过,通过,25,6,31,311105,OFFICIAL_SOURCE_CONTENT_NOT_MATERIALIZED;NATIVE_RUNNER_AND_AGGREGATION_NOT_IN_PACKET;STATE_SCHEMA_DESCRIPTOR_ONLY;POSTRUN_ARTIFACT_INVENTORY_ABSENT;STRONGER_SPLIT_NOT_RELIABLY_DERIVABLE;USER_EVALUATOR_HELPER_SOURCE_MISSING,,符合设计，可作为重新draft前的锁定输入,/Users/gss/Downloads/revised_agent_benchmark_paper_package/experiments/agentdojo_full_v1.2.2_direct/case_packets/agentdojo/v1.2.2_workspace_user_task_12_injection_task_0/case_packet.md
v1.2.2:workspace:user_task_12:injection_task_1,workspace,user_task_12,injection_task_1,通过,通过,通过,通过,通过,通过,通过,通过,通过,通过,25,6,31,310283,OFFICIAL_SOURCE_CONTENT_NOT_MATERIALIZED;NATIVE_RUNNER_AND_AGGREGATION_NOT_IN_PACKET;STATE_SCHEMA_DESCRIPTOR_ONLY;POSTRUN_ARTIFACT_INVENTORY_ABSENT;STRONGER_SPLIT_NOT_RELIABLY_DERIVABLE;USER_EVALUATOR_HELPER_SOURCE_MISSING,,符合设计，可作为重新draft前的锁定输入,/Users/gss/Downloads/revised_agent_benchmark_paper_package/experiments/agentdojo_full_v1.2.2_direct/case_packets/agentdojo/v1.2.2_workspace_user_task_12_injection_task_1/case_packet.md
v1.2.2:workspace:user_task_12:injection_task_2,workspace,user_task_12,injection_task_2,通过,通过,通过,通过,通过,通过,通过,通过,通过,通过,25,6,31,311416,OFFICIAL_SOURCE_CONTENT_NOT_MATERIALIZED;NATIVE_RUNNER_AND_AGGREGATION_NOT_IN_PACKET;STATE_SCHEMA_DESCRIPTOR_ONLY;POSTRUN_ARTIFACT_INVENTORY_ABSENT;STRONGER_SPLIT_NOT_RELIABLY_DERIVABLE;USER_EVALUATOR_HELPER_SOURCE_MISSING;INJECTION_EVALUATOR_HELPER_SOURCE_MISSING,,符合设计，可作为重新draft前的锁定输入,/Users/gss/Downloads/revised_agent_benchmark_paper_package/experiments/agentdojo_full_v1.2.2_direct/case_packets/agentdojo/v1.2.2_workspace_user_task_12_injection_task_2/case_packet.md
v1.2.2:workspace:user_task_12:injection_task_3,workspace,user_task_12,injection_task_3,通过,通过,通过,通过,通过,通过,通过,通过,通过,通过,25,6,31,318877,OFFICIAL_SOURCE_CONTENT_NOT_MATERIALIZED;NATIVE_RUNNER_AND_AGGREGATION_NOT_IN_PACKET;STATE_SCHEMA_DESCRIPTOR_ONLY;POSTRUN_ARTIFACT_INVENTORY_ABSENT;STRONGER_SPLIT_NOT_RELIABLY_DERIVABLE;USER_EVALUATOR_HELPER_SOURCE_MISSING,,符合设计，可作为重新draft前的锁定输入,/Users/gss/Downloads/revised_agent_benchmark_paper_package/experiments/agentdojo_full_v1.2.2_direct/case_packets/agentdojo/v1.2.2_workspace_user_task_12_injection_task_3/case_packet.md
v1.2.2:workspace:user_task_12:injection_task_4,workspace,user_task_12,injection_task_4,通过,通过,通过,通过,通过,通过,通过,通过,通过,通过,25,6,31,312084,OFFICIAL_SOURCE_CONTENT_NOT_MATERIALIZED;NATIVE_RUNNER_AND_AGGREGATION_NOT_IN_PACKET;STATE_SCHEMA_DESCRIPTOR_ONLY;POSTRUN_ARTIFACT_INVENTORY_ABSENT;STRONGER_SPLIT_NOT_RELIABLY_DERIVABLE;USER_EVALUATOR_HELPER_SOURCE_MISSING,,符合设计，可作为重新draft前的锁定输入,/Users/gss/Downloads/revised_agent_benchmark_paper_package/experiments/agentdojo_full_v1.2.2_direct/case_packets/agentdojo/v1.2.2_workspace_user_task_12_injection_task_4/case_packet.md
v1.2.2:workspace:user_task_12:injection_task_5,workspace,user_task_12,injection_task_5,通过,通过,通过,通过,通过,通过,通过,通过,通过,通过,25,6,31,311817,OFFICIAL_SOURCE_CONTENT_NOT_MATERIALIZED;NATIVE_RUNNER_AND_AGGREGATION_NOT_IN_PACKET;STATE_SCHEMA_DESCRIPTOR_ONLY;POSTRUN_ARTIFACT_INVENTORY_ABSENT;STRONGER_SPLIT_NOT_RELIABLY_DERIVABLE;USER_EVALUATOR_HELPER_SOURCE_MISSING,,符合设计，可作为重新draft前的锁定输入,/Users/gss/Downloads/revised_agent_benchmark_paper_package/experiments/agentdojo_full_v1.2.2_direct/case_packets/agentdojo/v1.2.2_workspace_user_task_12_injection_task_5/case_packet.md
v1.2.2:workspace:user_task_12:injection_task_6,workspace,user_task_12,injection_task_6,通过,通过,通过,通过,通过,通过,通过,通过,通过,通过,25,6,31,318112,OFFICIAL_SOURCE_CONTENT_NOT_MATERIALIZED;NATIVE_RUNNER_AND_AGGREGATION_NOT_IN_PACKET;STATE_SCHEMA_DESCRIPTOR_ONLY;POSTRUN_ARTIFACT_INVENTORY_ABSENT;STRONGER_SPLIT_NOT_RELIABLY_DERIVABLE;USER_EVALUATOR_HELPER_SOURCE_MISSING;INJECTION_EVALUATOR_HELPER_SOURCE_MISSING,,符合设计，可作为重新draft前的锁定输入,/Users/gss/Downloads/revised_agent_benchmark_paper_package/experiments/agentdojo_full_v1.2.2_direct/case_packets/agentdojo/v1.2.2_workspace_user_task_12_injection_task_6/case_packet.md
v1.2.2:workspace:user_task_12:injection_task_7,workspace,user_task_12,injection_task_7,通过,通过,通过,通过,通过,通过,通过,通过,通过,通过,25,6,31,318746,OFFICIAL_SOURCE_CONTENT_NOT_MATERIALIZED;NATIVE_RUNNER_AND_AGGREGATION_NOT_IN_PACKET;STATE_SCHEMA_DESCRIPTOR_ONLY;POSTRUN_ARTIFACT_INVENTORY_ABSENT;STRONGER_SPLIT_NOT_RELIABLY_DERIVABLE;USER_EVALUATOR_HELPER_SOURCE_MISSING;INJECTION_EVALUATOR_HELPER_SOURCE_MISSING,,符合设计，可作为重新draft前的锁定输入,/Users/gss/Downloads/revised_agent_benchmark_paper_package/experiments/agentdojo_full_v1.2.2_direct/case_packets/agentdojo/v1.2.2_workspace_user_task_12_injection_task_7/case_packet.md
v1.2.2:workspace:user_task_12:injection_task_8,workspace,user_task_12,injection_task_8,通过,通过,通过,通过,通过,通过,通过,通过,通过,通过,25,6,31,318713,OFFICIAL_SOURCE_CONTENT_NOT_MATERIALIZED;NATIVE_RUNNER_AND_AGGREGATION_NOT_IN_PACKET;STATE_SCHEMA_DESCRIPTOR_ONLY;POSTRUN_ARTIFACT_INVENTORY_ABSENT;STRONGER_SPLIT_NOT_RELIABLY_DERIVABLE;USER_EVALUATOR_HELPER_SOURCE_MISSING;INJECTION_EVALUATOR_HELPER_SOURCE_MISSING,,符合设计，可作为重新draft前的锁定输入,/Users/gss/Downloads/revised_agent_benchmark_paper_package/experiments/agentdojo_full_v1.2.2_direct/case_packets/agentdojo/v1.2.2_workspace_user_task_12_injection_task_8/case_packet.md
v1.2.2:workspace:user_task_12:injection_task_9,workspace,user_task_12,injection_task_9,通过,通过,通过,通过,通过,通过,通过,通过,通过,通过,25,6,31,319727,OFFICIAL_SOURCE_CONTENT_NOT_MATERIALIZED;NATIVE_RUNNER_AND_AGGREGATION_NOT_IN_PACKET;STATE_SCHEMA_DESCRIPTOR_ONLY;POSTRUN_ARTIFACT_INVENTORY_ABSENT;STRONGER_SPLIT_NOT_RELIABLY_DERIVABLE;USER_EVALUATOR_HELPER_SOURCE_MISSING;INJECTION_EVALUATOR_HELPER_SOURCE_MISSING,,符合设计，可作为重新draft前的锁定输入,/Users/gss/Downloads/revised_agent_benchmark_paper_package/experiments/agentdojo_full_v1.2.2_direct/case_packets/agentdojo/v1.2.2_workspace_user_task_12_injection_task_9/case_packet.md
v1.2.2:workspace:user_task_12:injection_task_11,workspace,user_task_12,injection_task_11,通过,通过,通过,通过,通过,通过,通过,通过,通过,通过,25,6,31,305256,OFFICIAL_SOURCE_CONTENT_NOT_MATERIALIZED;NATIVE_RUNNER_AND_AGGREGATION_NOT_IN_PACKET;STATE_SCHEMA_DESCRIPTOR_ONLY;POSTRUN_ARTIFACT_INVENTORY_ABSENT;STRONGER_SPLIT_NOT_RELIABLY_DERIVABLE;USER_EVALUATOR_HELPER_SOURCE_MISSING,,符合设计，可作为重新draft前的锁定输入,/Users/gss/Downloads/revised_agent_benchmark_paper_package/experiments/agentdojo_full_v1.2.2_direct/case_packets/agentdojo/v1.2.2_workspace_user_task_12_injection_task_11/case_packet.md
v1.2.2:workspace:user_task_12:injection_task_12,workspace,user_task_12,injection_task_12,通过,通过,通过,通过,通过,通过,通过,通过,通过,通过,25,6,31,306055,OFFICIAL_SOURCE_CONTENT_NOT_MATERIALIZED;NATIVE_RUNNER_AND_AGGREGATION_NOT_IN_PACKET;STATE_SCHEMA_DESCRIPTOR_ONLY;POSTRUN_ARTIFACT_INVENTORY_ABSENT;STRONGER_SPLIT_NOT_RELIABLY_DERIVABLE;USER_EVALUATOR_HELPER_SOURCE_MISSING,,符合设计，可作为重新draft前的锁定输入,/Users/gss/Downloads/revised_agent_benchmark_paper_package/experiments/agentdojo_full_v1.2.2_direct/case_packets/agentdojo/v1.2.2_workspace_user_task_12_injection_task_12/case_packet.md
v1.2.2:workspace:user_task_12:injection_task_13,workspace,user_task_12,injection_task_13,通过,通过,通过,通过,通过,通过,通过,通过,通过,通过,25,6,31,320050,OFFICIAL_SOURCE_CONTENT_NOT_MATERIALIZED;NATIVE_RUNNER_AND_AGGREGATION_NOT_IN_PACKET;STATE_SCHEMA_DESCRIPTOR_ONLY;POSTRUN_ARTIFACT_INVENTORY_ABSENT;STRONGER_SPLIT_NOT_RELIABLY_DERIVABLE;USER_EVALUATOR_HELPER_SOURCE_MISSING,,符合设计，可作为重新draft前的锁定输入,/Users/gss/Downloads/revised_agent_benchmark_paper_package/experiments/agentdojo_full_v1.2.2_direct/case_packets/agentdojo/v1.2.2_workspace_user_task_12_injection_task_13/case_packet.md
v1.2.2:workspace:user_task_21:injection_task_0,workspace,user_task_21,injection_task_0,通过,通过,通过,通过,通过,通过,通过,通过,通过,通过,25,6,31,311841,OFFICIAL_SOURCE_CONTENT_NOT_MATERIALIZED;NATIVE_RUNNER_AND_AGGREGATION_NOT_IN_PACKET;STATE_SCHEMA_DESCRIPTOR_ONLY;POSTRUN_ARTIFACT_INVENTORY_ABSENT;STRONGER_SPLIT_NOT_RELIABLY_DERIVABLE;USER_EVALUATOR_HELPER_SOURCE_MISSING,,符合设计，可作为重新draft前的锁定输入,/Users/gss/Downloads/revised_agent_benchmark_paper_package/experiments/agentdojo_full_v1.2.2_direct/case_packets/agentdojo/v1.2.2_workspace_user_task_21_injection_task_0/case_packet.md
v1.2.2:workspace:user_task_21:injection_task_1,workspace,user_task_21,injection_task_1,通过,通过,通过,通过,通过,通过,通过,通过,通过,通过,25,6,31,311019,OFFICIAL_SOURCE_CONTENT_NOT_MATERIALIZED;NATIVE_RUNNER_AND_AGGREGATION_NOT_IN_PACKET;STATE_SCHEMA_DESCRIPTOR_ONLY;POSTRUN_ARTIFACT_INVENTORY_ABSENT;STRONGER_SPLIT_NOT_RELIABLY_DERIVABLE;USER_EVALUATOR_HELPER_SOURCE_MISSING,,符合设计，可作为重新draft前的锁定输入,/Users/gss/Downloads/revised_agent_benchmark_paper_package/experiments/agentdojo_full_v1.2.2_direct/case_packets/agentdojo/v1.2.2_workspace_user_task_21_injection_task_1/case_packet.md
v1.2.2:workspace:user_task_21:injection_task_2,workspace,user_task_21,injection_task_2,通过,通过,通过,通过,通过,通过,通过,通过,通过,通过,25,6,31,312152,OFFICIAL_SOURCE_CONTENT_NOT_MATERIALIZED;NATIVE_RUNNER_AND_AGGREGATION_NOT_IN_PACKET;STATE_SCHEMA_DESCRIPTOR_ONLY;POSTRUN_ARTIFACT_INVENTORY_ABSENT;STRONGER_SPLIT_NOT_RELIABLY_DERIVABLE;USER_EVALUATOR_HELPER_SOURCE_MISSING;INJECTION_EVALUATOR_HELPER_SOURCE_MISSING,,符合设计，可作为重新draft前的锁定输入,/Users/gss/Downloads/revised_agent_benchmark_paper_package/experiments/agentdojo_full_v1.2.2_direct/case_packets/agentdojo/v1.2.2_workspace_user_task_21_injection_task_2/case_packet.md
v1.2.2:workspace:user_task_21:injection_task_3,workspace,user_task_21,injection_task_3,通过,通过,通过,通过,通过,通过,通过,通过,通过,通过,25,6,31,319613,OFFICIAL_SOURCE_CONTENT_NOT_MATERIALIZED;NATIVE_RUNNER_AND_AGGREGATION_NOT_IN_PACKET;STATE_SCHEMA_DESCRIPTOR_ONLY;POSTRUN_ARTIFACT_INVENTORY_ABSENT;STRONGER_SPLIT_NOT_RELIABLY_DERIVABLE;USER_EVALUATOR_HELPER_SOURCE_MISSING,,符合设计，可作为重新draft前的锁定输入,/Users/gss/Downloads/revised_agent_benchmark_paper_package/experiments/agentdojo_full_v1.2.2_direct/case_packets/agentdojo/v1.2.2_workspace_user_task_21_injection_task_3/case_packet.md
v1.2.2:workspace:user_task_21:injection_task_4,workspace,user_task_21,injection_task_4,通过,通过,通过,通过,通过,通过,通过,通过,通过,通过,25,6,31,312820,OFFICIAL_SOURCE_CONTENT_NOT_MATERIALIZED;NATIVE_RUNNER_AND_AGGREGATION_NOT_IN_PACKET;STATE_SCHEMA_DESCRIPTOR_ONLY;POSTRUN_ARTIFACT_INVENTORY_ABSENT;STRONGER_SPLIT_NOT_RELIABLY_DERIVABLE;USER_EVALUATOR_HELPER_SOURCE_MISSING,,符合设计，可作为重新draft前的锁定输入,/Users/gss/Downloads/revised_agent_benchmark_paper_package/experiments/agentdojo_full_v1.2.2_direct/case_packets/agentdojo/v1.2.2_workspace_user_task_21_injection_task_4/case_packet.md
v1.2.2:workspace:user_task_21:injection_task_5,workspace,user_task_21,injection_task_5,通过,通过,通过,通过,通过,通过,通过,通过,通过,通过,25,6,31,312553,OFFICIAL_SOURCE_CONTENT_NOT_MATERIALIZED;NATIVE_RUNNER_AND_AGGREGATION_NOT_IN_PACKET;STATE_SCHEMA_DESCRIPTOR_ONLY;POSTRUN_ARTIFACT_INVENTORY_ABSENT;STRONGER_SPLIT_NOT_RELIABLY_DERIVABLE;USER_EVALUATOR_HELPER_SOURCE_MISSING,,符合设计，可作为重新draft前的锁定输入,/Users/gss/Downloads/revised_agent_benchmark_paper_package/experiments/agentdojo_full_v1.2.2_direct/case_packets/agentdojo/v1.2.2_workspace_user_task_21_injection_task_5/case_packet.md
v1.2.2:workspace:user_task_21:injection_task_6,workspace,user_task_21,injection_task_6,通过,通过,通过,通过,通过,通过,通过,通过,通过,通过,25,6,31,318848,OFFICIAL_SOURCE_CONTENT_NOT_MATERIALIZED;NATIVE_RUNNER_AND_AGGREGATION_NOT_IN_PACKET;STATE_SCHEMA_DESCRIPTOR_ONLY;POSTRUN_ARTIFACT_INVENTORY_ABSENT;STRONGER_SPLIT_NOT_RELIABLY_DERIVABLE;USER_EVALUATOR_HELPER_SOURCE_MISSING;INJECTION_EVALUATOR_HELPER_SOURCE_MISSING,,符合设计，可作为重新draft前的锁定输入,/Users/gss/Downloads/revised_agent_benchmark_paper_package/experiments/agentdojo_full_v1.2.2_direct/case_packets/agentdojo/v1.2.2_workspace_user_task_21_injection_task_6/case_packet.md
v1.2.2:workspace:user_task_21:injection_task_7,workspace,user_task_21,injection_task_7,通过,通过,通过,通过,通过,通过,通过,通过,通过,通过,25,6,31,319482,OFFICIAL_SOURCE_CONTENT_NOT_MATERIALIZED;NATIVE_RUNNER_AND_AGGREGATION_NOT_IN_PACKET;STATE_SCHEMA_DESCRIPTOR_ONLY;POSTRUN_ARTIFACT_INVENTORY_ABSENT;STRONGER_SPLIT_NOT_RELIABLY_DERIVABLE;USER_EVALUATOR_HELPER_SOURCE_MISSING;INJECTION_EVALUATOR_HELPER_SOURCE_MISSING,,符合设计，可作为重新draft前的锁定输入,/Users/gss/Downloads/revised_agent_benchmark_paper_package/experiments/agentdojo_full_v1.2.2_direct/case_packets/agentdojo/v1.2.2_workspace_user_task_21_injection_task_7/case_packet.md
v1.2.2:workspace:user_task_21:injection_task_8,workspace,user_task_21,injection_task_8,通过,通过,通过,通过,通过,通过,通过,通过,通过,通过,25,6,31,319449,OFFICIAL_SOURCE_CONTENT_NOT_MATERIALIZED;NATIVE_RUNNER_AND_AGGREGATION_NOT_IN_PACKET;STATE_SCHEMA_DESCRIPTOR_ONLY;POSTRUN_ARTIFACT_INVENTORY_ABSENT;STRONGER_SPLIT_NOT_RELIABLY_DERIVABLE;USER_EVALUATOR_HELPER_SOURCE_MISSING;INJECTION_EVALUATOR_HELPER_SOURCE_MISSING,,符合设计，可作为重新draft前的锁定输入,/Users/gss/Downloads/revised_agent_benchmark_paper_package/experiments/agentdojo_full_v1.2.2_direct/case_packets/agentdojo/v1.2.2_workspace_user_task_21_injection_task_8/case_packet.md
v1.2.2:workspace:user_task_21:injection_task_9,workspace,user_task_21,injection_task_9,通过,通过,通过,通过,通过,通过,通过,通过,通过,通过,25,6,31,320463,OFFICIAL_SOURCE_CONTENT_NOT_MATERIALIZED;NATIVE_RUNNER_AND_AGGREGATION_NOT_IN_PACKET;STATE_SCHEMA_DESCRIPTOR_ONLY;POSTRUN_ARTIFACT_INVENTORY_ABSENT;STRONGER_SPLIT_NOT_RELIABLY_DERIVABLE;USER_EVALUATOR_HELPER_SOURCE_MISSING;INJECTION_EVALUATOR_HELPER_SOURCE_MISSING,,符合设计，可作为重新draft前的锁定输入,/Users/gss/Downloads/revised_agent_benchmark_paper_package/experiments/agentdojo_full_v1.2.2_direct/case_packets/agentdojo/v1.2.2_workspace_user_task_21_injection_task_9/case_packet.md
v1.2.2:workspace:user_task_21:injection_task_10,workspace,user_task_21,injection_task_10,通过,通过,通过,通过,通过,通过,通过,通过,通过,通过,25,6,31,318686,OFFICIAL_SOURCE_CONTENT_NOT_MATERIALIZED;NATIVE_RUNNER_AND_AGGREGATION_NOT_IN_PACKET;STATE_SCHEMA_DESCRIPTOR_ONLY;POSTRUN_ARTIFACT_INVENTORY_ABSENT;STRONGER_SPLIT_NOT_RELIABLY_DERIVABLE;USER_EVALUATOR_HELPER_SOURCE_MISSING,,符合设计，可作为重新draft前的锁定输入,/Users/gss/Downloads/revised_agent_benchmark_paper_package/experiments/agentdojo_full_v1.2.2_direct/case_packets/agentdojo/v1.2.2_workspace_user_task_21_injection_task_10/case_packet.md
v1.2.2:workspace:user_task_21:injection_task_11,workspace,user_task_21,injection_task_11,通过,通过,通过,通过,通过,通过,通过,通过,通过,通过,25,6,31,305992,OFFICIAL_SOURCE_CONTENT_NOT_MATERIALIZED;NATIVE_RUNNER_AND_AGGREGATION_NOT_IN_PACKET;STATE_SCHEMA_DESCRIPTOR_ONLY;POSTRUN_ARTIFACT_INVENTORY_ABSENT;STRONGER_SPLIT_NOT_RELIABLY_DERIVABLE;USER_EVALUATOR_HELPER_SOURCE_MISSING,,符合设计，可作为重新draft前的锁定输入,/Users/gss/Downloads/revised_agent_benchmark_paper_package/experiments/agentdojo_full_v1.2.2_direct/case_packets/agentdojo/v1.2.2_workspace_user_task_21_injection_task_11/case_packet.md
v1.2.2:workspace:user_task_21:injection_task_12,workspace,user_task_21,injection_task_12,通过,通过,通过,通过,通过,通过,通过,通过,通过,通过,25,6,31,306791,OFFICIAL_SOURCE_CONTENT_NOT_MATERIALIZED;NATIVE_RUNNER_AND_AGGREGATION_NOT_IN_PACKET;STATE_SCHEMA_DESCRIPTOR_ONLY;POSTRUN_ARTIFACT_INVENTORY_ABSENT;STRONGER_SPLIT_NOT_RELIABLY_DERIVABLE;USER_EVALUATOR_HELPER_SOURCE_MISSING,,符合设计，可作为重新draft前的锁定输入,/Users/gss/Downloads/revised_agent_benchmark_paper_package/experiments/agentdojo_full_v1.2.2_direct/case_packets/agentdojo/v1.2.2_workspace_user_task_21_injection_task_12/case_packet.md
v1.2.2:workspace:user_task_21:injection_task_13,workspace,user_task_21,injection_task_13,通过,通过,通过,通过,通过,通过,通过,通过,通过,通过,25,6,31,320786,OFFICIAL_SOURCE_CONTENT_NOT_MATERIALIZED;NATIVE_RUNNER_AND_AGGREGATION_NOT_IN_PACKET;STATE_SCHEMA_DESCRIPTOR_ONLY;POSTRUN_ARTIFACT_INVENTORY_ABSENT;STRONGER_SPLIT_NOT_RELIABLY_DERIVABLE;USER_EVALUATOR_HELPER_SOURCE_MISSING,,符合设计，可作为重新draft前的锁定输入,/Users/gss/Downloads/revised_agent_benchmark_paper_package/experiments/agentdojo_full_v1.2.2_direct/case_packets/agentdojo/v1.2.2_workspace_user_task_21_injection_task_13/case_packet.md
v1.2.2:workspace:user_task_14:injection_task_0,workspace,user_task_14,injection_task_0,通过,通过,通过,通过,通过,通过,通过,通过,通过,通过,25,6,31,309773,OFFICIAL_SOURCE_CONTENT_NOT_MATERIALIZED;NATIVE_RUNNER_AND_AGGREGATION_NOT_IN_PACKET;STATE_SCHEMA_DESCRIPTOR_ONLY;POSTRUN_ARTIFACT_INVENTORY_ABSENT;STRONGER_SPLIT_NOT_RELIABLY_DERIVABLE,,符合设计，可作为重新draft前的锁定输入,/Users/gss/Downloads/revised_agent_benchmark_paper_package/experiments/agentdojo_full_v1.2.2_direct/case_packets/agentdojo/v1.2.2_workspace_user_task_14_injection_task_0/case_packet.md
v1.2.2:workspace:user_task_14:injection_task_1,workspace,user_task_14,injection_task_1,通过,通过,通过,通过,通过,通过,通过,通过,通过,通过,25,6,31,308951,OFFICIAL_SOURCE_CONTENT_NOT_MATERIALIZED;NATIVE_RUNNER_AND_AGGREGATION_NOT_IN_PACKET;STATE_SCHEMA_DESCRIPTOR_ONLY;POSTRUN_ARTIFACT_INVENTORY_ABSENT;STRONGER_SPLIT_NOT_RELIABLY_DERIVABLE,,符合设计，可作为重新draft前的锁定输入,/Users/gss/Downloads/revised_agent_benchmark_paper_package/experiments/agentdojo_full_v1.2.2_direct/case_packets/agentdojo/v1.2.2_workspace_user_task_14_injection_task_1/case_packet.md
v1.2.2:workspace:user_task_14:injection_task_2,workspace,user_task_14,injection_task_2,通过,通过,通过,通过,通过,通过,通过,通过,通过,通过,25,6,31,310084,OFFICIAL_SOURCE_CONTENT_NOT_MATERIALIZED;NATIVE_RUNNER_AND_AGGREGATION_NOT_IN_PACKET;STATE_SCHEMA_DESCRIPTOR_ONLY;POSTRUN_ARTIFACT_INVENTORY_ABSENT;STRONGER_SPLIT_NOT_RELIABLY_DERIVABLE;INJECTION_EVALUATOR_HELPER_SOURCE_MISSING,,符合设计，可作为重新draft前的锁定输入,/Users/gss/Downloads/revised_agent_benchmark_paper_package/experiments/agentdojo_full_v1.2.2_direct/case_packets/agentdojo/v1.2.2_workspace_user_task_14_injection_task_2/case_packet.md
v1.2.2:workspace:user_task_14:injection_task_3,workspace,user_task_14,injection_task_3,通过,通过,通过,通过,通过,通过,通过,通过,通过,通过,25,6,31,317545,OFFICIAL_SOURCE_CONTENT_NOT_MATERIALIZED;NATIVE_RUNNER_AND_AGGREGATION_NOT_IN_PACKET;STATE_SCHEMA_DESCRIPTOR_ONLY;POSTRUN_ARTIFACT_INVENTORY_ABSENT;STRONGER_SPLIT_NOT_RELIABLY_DERIVABLE,,符合设计，可作为重新draft前的锁定输入,/Users/gss/Downloads/revised_agent_benchmark_paper_package/experiments/agentdojo_full_v1.2.2_direct/case_packets/agentdojo/v1.2.2_workspace_user_task_14_injection_task_3/case_packet.md
v1.2.2:workspace:user_task_14:injection_task_4,workspace,user_task_14,injection_task_4,通过,通过,通过,通过,通过,通过,通过,通过,通过,通过,25,6,31,310752,OFFICIAL_SOURCE_CONTENT_NOT_MATERIALIZED;NATIVE_RUNNER_AND_AGGREGATION_NOT_IN_PACKET;STATE_SCHEMA_DESCRIPTOR_ONLY;POSTRUN_ARTIFACT_INVENTORY_ABSENT;STRONGER_SPLIT_NOT_RELIABLY_DERIVABLE,,符合设计，可作为重新draft前的锁定输入,/Users/gss/Downloads/revised_agent_benchmark_paper_package/experiments/agentdojo_full_v1.2.2_direct/case_packets/agentdojo/v1.2.2_workspace_user_task_14_injection_task_4/case_packet.md
v1.2.2:workspace:user_task_14:injection_task_5,workspace,user_task_14,injection_task_5,通过,通过,通过,通过,通过,通过,通过,通过,通过,通过,25,6,31,310485,OFFICIAL_SOURCE_CONTENT_NOT_MATERIALIZED;NATIVE_RUNNER_AND_AGGREGATION_NOT_IN_PACKET;STATE_SCHEMA_DESCRIPTOR_ONLY;POSTRUN_ARTIFACT_INVENTORY_ABSENT;STRONGER_SPLIT_NOT_RELIABLY_DERIVABLE,,符合设计，可作为重新draft前的锁定输入,/Users/gss/Downloads/revised_agent_benchmark_paper_package/experiments/agentdojo_full_v1.2.2_direct/case_packets/agentdojo/v1.2.2_workspace_user_task_14_injection_task_5/case_packet.md
v1.2.2:workspace:user_task_14:injection_task_6,workspace,user_task_14,injection_task_6,通过,通过,通过,通过,通过,通过,通过,通过,通过,通过,25,6,31,316780,OFFICIAL_SOURCE_CONTENT_NOT_MATERIALIZED;NATIVE_RUNNER_AND_AGGREGATION_NOT_IN_PACKET;STATE_SCHEMA_DESCRIPTOR_ONLY;POSTRUN_ARTIFACT_INVENTORY_ABSENT;STRONGER_SPLIT_NOT_RELIABLY_DERIVABLE;INJECTION_EVALUATOR_HELPER_SOURCE_MISSING,,符合设计，可作为重新draft前的锁定输入,/Users/gss/Downloads/revised_agent_benchmark_paper_package/experiments/agentdojo_full_v1.2.2_direct/case_packets/agentdojo/v1.2.2_workspace_user_task_14_injection_task_6/case_packet.md
v1.2.2:workspace:user_task_14:injection_task_7,workspace,user_task_14,injection_task_7,通过,通过,通过,通过,通过,通过,通过,通过,通过,通过,25,6,31,317414,OFFICIAL_SOURCE_CONTENT_NOT_MATERIALIZED;NATIVE_RUNNER_AND_AGGREGATION_NOT_IN_PACKET;STATE_SCHEMA_DESCRIPTOR_ONLY;POSTRUN_ARTIFACT_INVENTORY_ABSENT;STRONGER_SPLIT_NOT_RELIABLY_DERIVABLE;INJECTION_EVALUATOR_HELPER_SOURCE_MISSING,,符合设计，可作为重新draft前的锁定输入,/Users/gss/Downloads/revised_agent_benchmark_paper_package/experiments/agentdojo_full_v1.2.2_direct/case_packets/agentdojo/v1.2.2_workspace_user_task_14_injection_task_7/case_packet.md
v1.2.2:workspace:user_task_14:injection_task_8,workspace,user_task_14,injection_task_8,通过,通过,通过,通过,通过,通过,通过,通过,通过,通过,25,6,31,317381,OFFICIAL_SOURCE_CONTENT_NOT_MATERIALIZED;NATIVE_RUNNER_AND_AGGREGATION_NOT_IN_PACKET;STATE_SCHEMA_DESCRIPTOR_ONLY;POSTRUN_ARTIFACT_INVENTORY_ABSENT;STRONGER_SPLIT_NOT_RELIABLY_DERIVABLE;INJECTION_EVALUATOR_HELPER_SOURCE_MISSING,,符合设计，可作为重新draft前的锁定输入,/Users/gss/Downloads/revised_agent_benchmark_paper_package/experiments/agentdojo_full_v1.2.2_direct/case_packets/agentdojo/v1.2.2_workspace_user_task_14_injection_task_8/case_packet.md
v1.2.2:workspace:user_task_14:injection_task_9,workspace,user_task_14,injection_task_9,通过,通过,通过,通过,通过,通过,通过,通过,通过,通过,25,6,31,318395,OFFICIAL_SOURCE_CONTENT_NOT_MATERIALIZED;NATIVE_RUNNER_AND_AGGREGATION_NOT_IN_PACKET;STATE_SCHEMA_DESCRIPTOR_ONLY;POSTRUN_ARTIFACT_INVENTORY_ABSENT;STRONGER_SPLIT_NOT_RELIABLY_DERIVABLE;INJECTION_EVALUATOR_HELPER_SOURCE_MISSING,,符合设计，可作为重新draft前的锁定输入,/Users/gss/Downloads/revised_agent_benchmark_paper_package/experiments/agentdojo_full_v1.2.2_direct/case_packets/agentdojo/v1.2.2_workspace_user_task_14_injection_task_9/case_packet.md
v1.2.2:workspace:user_task_14:injection_task_10,workspace,user_task_14,injection_task_10,通过,通过,通过,通过,通过,通过,通过,通过,通过,通过,25,6,31,316618,OFFICIAL_SOURCE_CONTENT_NOT_MATERIALIZED;NATIVE_RUNNER_AND_AGGREGATION_NOT_IN_PACKET;STATE_SCHEMA_DESCRIPTOR_ONLY;POSTRUN_ARTIFACT_INVENTORY_ABSENT;STRONGER_SPLIT_NOT_RELIABLY_DERIVABLE,,符合设计，可作为重新draft前的锁定输入,/Users/gss/Downloads/revised_agent_benchmark_paper_package/experiments/agentdojo_full_v1.2.2_direct/case_packets/agentdojo/v1.2.2_workspace_user_task_14_injection_task_10/case_packet.md
v1.2.2:workspace:user_task_14:injection_task_11,workspace,user_task_14,injection_task_11,通过,通过,通过,通过,通过,通过,通过,通过,通过,通过,25,6,31,303924,OFFICIAL_SOURCE_CONTENT_NOT_MATERIALIZED;NATIVE_RUNNER_AND_AGGREGATION_NOT_IN_PACKET;STATE_SCHEMA_DESCRIPTOR_ONLY;POSTRUN_ARTIFACT_INVENTORY_ABSENT;STRONGER_SPLIT_NOT_RELIABLY_DERIVABLE,,符合设计，可作为重新draft前的锁定输入,/Users/gss/Downloads/revised_agent_benchmark_paper_package/experiments/agentdojo_full_v1.2.2_direct/case_packets/agentdojo/v1.2.2_workspace_user_task_14_injection_task_11/case_packet.md
v1.2.2:workspace:user_task_14:injection_task_12,workspace,user_task_14,injection_task_12,通过,通过,通过,通过,通过,通过,通过,通过,通过,通过,25,6,31,304723,OFFICIAL_SOURCE_CONTENT_NOT_MATERIALIZED;NATIVE_RUNNER_AND_AGGREGATION_NOT_IN_PACKET;STATE_SCHEMA_DESCRIPTOR_ONLY;POSTRUN_ARTIFACT_INVENTORY_ABSENT;STRONGER_SPLIT_NOT_RELIABLY_DERIVABLE,,符合设计，可作为重新draft前的锁定输入,/Users/gss/Downloads/revised_agent_benchmark_paper_package/experiments/agentdojo_full_v1.2.2_direct/case_packets/agentdojo/v1.2.2_workspace_user_task_14_injection_task_12/case_packet.md
v1.2.2:workspace:user_task_14:injection_task_13,workspace,user_task_14,injection_task_13,通过,通过,通过,通过,通过,通过,通过,通过,通过,通过,25,6,31,318718,OFFICIAL_SOURCE_CONTENT_NOT_MATERIALIZED;NATIVE_RUNNER_AND_AGGREGATION_NOT_IN_PACKET;STATE_SCHEMA_DESCRIPTOR_ONLY;POSTRUN_ARTIFACT_INVENTORY_ABSENT;STRONGER_SPLIT_NOT_RELIABLY_DERIVABLE,,符合设计，可作为重新draft前的锁定输入,/Users/gss/Downloads/revised_agent_benchmark_paper_package/experiments/agentdojo_full_v1.2.2_direct/case_packets/agentdojo/v1.2.2_workspace_user_task_14_injection_task_13/case_packet.md
v1.2.2:workspace:user_task_16:injection_task_0,workspace,user_task_16,injection_task_0,通过,通过,通过,通过,通过,通过,通过,通过,通过,通过,26,6,32,312778,OFFICIAL_SOURCE_CONTENT_NOT_MATERIALIZED;NATIVE_RUNNER_AND_AGGREGATION_NOT_IN_PACKET;STATE_SCHEMA_DESCRIPTOR_ONLY;POSTRUN_ARTIFACT_INVENTORY_ABSENT;STRONGER_SPLIT_NOT_RELIABLY_DERIVABLE;USER_EVALUATOR_HELPER_SOURCE_MISSING,,符合设计，可作为重新draft前的锁定输入,/Users/gss/Downloads/revised_agent_benchmark_paper_package/experiments/agentdojo_full_v1.2.2_direct/case_packets/agentdojo/v1.2.2_workspace_user_task_16_injection_task_0/case_packet.md
v1.2.2:workspace:user_task_16:injection_task_1,workspace,user_task_16,injection_task_1,通过,通过,通过,通过,通过,通过,通过,通过,通过,通过,26,6,32,311956,OFFICIAL_SOURCE_CONTENT_NOT_MATERIALIZED;NATIVE_RUNNER_AND_AGGREGATION_NOT_IN_PACKET;STATE_SCHEMA_DESCRIPTOR_ONLY;POSTRUN_ARTIFACT_INVENTORY_ABSENT;STRONGER_SPLIT_NOT_RELIABLY_DERIVABLE;USER_EVALUATOR_HELPER_SOURCE_MISSING,,符合设计，可作为重新draft前的锁定输入,/Users/gss/Downloads/revised_agent_benchmark_paper_package/experiments/agentdojo_full_v1.2.2_direct/case_packets/agentdojo/v1.2.2_workspace_user_task_16_injection_task_1/case_packet.md
v1.2.2:workspace:user_task_16:injection_task_2,workspace,user_task_16,injection_task_2,通过,通过,通过,通过,通过,通过,通过,通过,通过,通过,26,6,32,313089,OFFICIAL_SOURCE_CONTENT_NOT_MATERIALIZED;NATIVE_RUNNER_AND_AGGREGATION_NOT_IN_PACKET;STATE_SCHEMA_DESCRIPTOR_ONLY;POSTRUN_ARTIFACT_INVENTORY_ABSENT;STRONGER_SPLIT_NOT_RELIABLY_DERIVABLE;USER_EVALUATOR_HELPER_SOURCE_MISSING;INJECTION_EVALUATOR_HELPER_SOURCE_MISSING,,符合设计，可作为重新draft前的锁定输入,/Users/gss/Downloads/revised_agent_benchmark_paper_package/experiments/agentdojo_full_v1.2.2_direct/case_packets/agentdojo/v1.2.2_workspace_user_task_16_injection_task_2/case_packet.md
v1.2.2:workspace:user_task_16:injection_task_3,workspace,user_task_16,injection_task_3,通过,通过,通过,通过,通过,通过,通过,通过,通过,通过,26,6,32,320550,OFFICIAL_SOURCE_CONTENT_NOT_MATERIALIZED;NATIVE_RUNNER_AND_AGGREGATION_NOT_IN_PACKET;STATE_SCHEMA_DESCRIPTOR_ONLY;POSTRUN_ARTIFACT_INVENTORY_ABSENT;STRONGER_SPLIT_NOT_RELIABLY_DERIVABLE;USER_EVALUATOR_HELPER_SOURCE_MISSING,,符合设计，可作为重新draft前的锁定输入,/Users/gss/Downloads/revised_agent_benchmark_paper_package/experiments/agentdojo_full_v1.2.2_direct/case_packets/agentdojo/v1.2.2_workspace_user_task_16_injection_task_3/case_packet.md
v1.2.2:workspace:user_task_16:injection_task_4,workspace,user_task_16,injection_task_4,通过,通过,通过,通过,通过,通过,通过,通过,通过,通过,26,6,32,313757,OFFICIAL_SOURCE_CONTENT_NOT_MATERIALIZED;NATIVE_RUNNER_AND_AGGREGATION_NOT_IN_PACKET;STATE_SCHEMA_DESCRIPTOR_ONLY;POSTRUN_ARTIFACT_INVENTORY_ABSENT;STRONGER_SPLIT_NOT_RELIABLY_DERIVABLE;USER_EVALUATOR_HELPER_SOURCE_MISSING,,符合设计，可作为重新draft前的锁定输入,/Users/gss/Downloads/revised_agent_benchmark_paper_package/experiments/agentdojo_full_v1.2.2_direct/case_packets/agentdojo/v1.2.2_workspace_user_task_16_injection_task_4/case_packet.md
v1.2.2:workspace:user_task_16:injection_task_5,workspace,user_task_16,injection_task_5,通过,通过,通过,通过,通过,通过,通过,通过,通过,通过,26,6,32,313490,OFFICIAL_SOURCE_CONTENT_NOT_MATERIALIZED;NATIVE_RUNNER_AND_AGGREGATION_NOT_IN_PACKET;STATE_SCHEMA_DESCRIPTOR_ONLY;POSTRUN_ARTIFACT_INVENTORY_ABSENT;STRONGER_SPLIT_NOT_RELIABLY_DERIVABLE;USER_EVALUATOR_HELPER_SOURCE_MISSING,,符合设计，可作为重新draft前的锁定输入,/Users/gss/Downloads/revised_agent_benchmark_paper_package/experiments/agentdojo_full_v1.2.2_direct/case_packets/agentdojo/v1.2.2_workspace_user_task_16_injection_task_5/case_packet.md
v1.2.2:workspace:user_task_16:injection_task_6,workspace,user_task_16,injection_task_6,通过,通过,通过,通过,通过,通过,通过,通过,通过,通过,26,6,32,319785,OFFICIAL_SOURCE_CONTENT_NOT_MATERIALIZED;NATIVE_RUNNER_AND_AGGREGATION_NOT_IN_PACKET;STATE_SCHEMA_DESCRIPTOR_ONLY;POSTRUN_ARTIFACT_INVENTORY_ABSENT;STRONGER_SPLIT_NOT_RELIABLY_DERIVABLE;USER_EVALUATOR_HELPER_SOURCE_MISSING;INJECTION_EVALUATOR_HELPER_SOURCE_MISSING,,符合设计，可作为重新draft前的锁定输入,/Users/gss/Downloads/revised_agent_benchmark_paper_package/experiments/agentdojo_full_v1.2.2_direct/case_packets/agentdojo/v1.2.2_workspace_user_task_16_injection_task_6/case_packet.md
v1.2.2:workspace:user_task_16:injection_task_7,workspace,user_task_16,injection_task_7,通过,通过,通过,通过,通过,通过,通过,通过,通过,通过,26,6,32,320419,OFFICIAL_SOURCE_CONTENT_NOT_MATERIALIZED;NATIVE_RUNNER_AND_AGGREGATION_NOT_IN_PACKET;STATE_SCHEMA_DESCRIPTOR_ONLY;POSTRUN_ARTIFACT_INVENTORY_ABSENT;STRONGER_SPLIT_NOT_RELIABLY_DERIVABLE;USER_EVALUATOR_HELPER_SOURCE_MISSING;INJECTION_EVALUATOR_HELPER_SOURCE_MISSING,,符合设计，可作为重新draft前的锁定输入,/Users/gss/Downloads/revised_agent_benchmark_paper_package/experiments/agentdojo_full_v1.2.2_direct/case_packets/agentdojo/v1.2.2_workspace_user_task_16_injection_task_7/case_packet.md
v1.2.2:workspace:user_task_16:injection_task_8,workspace,user_task_16,injection_task_8,通过,通过,通过,通过,通过,通过,通过,通过,通过,通过,26,6,32,320386,OFFICIAL_SOURCE_CONTENT_NOT_MATERIALIZED;NATIVE_RUNNER_AND_AGGREGATION_NOT_IN_PACKET;STATE_SCHEMA_DESCRIPTOR_ONLY;POSTRUN_ARTIFACT_INVENTORY_ABSENT;STRONGER_SPLIT_NOT_RELIABLY_DERIVABLE;USER_EVALUATOR_HELPER_SOURCE_MISSING;INJECTION_EVALUATOR_HELPER_SOURCE_MISSING,,符合设计，可作为重新draft前的锁定输入,/Users/gss/Downloads/revised_agent_benchmark_paper_package/experiments/agentdojo_full_v1.2.2_direct/case_packets/agentdojo/v1.2.2_workspace_user_task_16_injection_task_8/case_packet.md
v1.2.2:workspace:user_task_16:injection_task_9,workspace,user_task_16,injection_task_9,通过,通过,通过,通过,通过,通过,通过,通过,通过,通过,26,6,32,321400,OFFICIAL_SOURCE_CONTENT_NOT_MATERIALIZED;NATIVE_RUNNER_AND_AGGREGATION_NOT_IN_PACKET;STATE_SCHEMA_DESCRIPTOR_ONLY;POSTRUN_ARTIFACT_INVENTORY_ABSENT;STRONGER_SPLIT_NOT_RELIABLY_DERIVABLE;USER_EVALUATOR_HELPER_SOURCE_MISSING;INJECTION_EVALUATOR_HELPER_SOURCE_MISSING,,符合设计，可作为重新draft前的锁定输入,/Users/gss/Downloads/revised_agent_benchmark_paper_package/experiments/agentdojo_full_v1.2.2_direct/case_packets/agentdojo/v1.2.2_workspace_user_task_16_injection_task_9/case_packet.md
v1.2.2:workspace:user_task_16:injection_task_10,workspace,user_task_16,injection_task_10,通过,通过,通过,通过,通过,通过,通过,通过,通过,通过,26,6,32,319623,OFFICIAL_SOURCE_CONTENT_NOT_MATERIALIZED;NATIVE_RUNNER_AND_AGGREGATION_NOT_IN_PACKET;STATE_SCHEMA_DESCRIPTOR_ONLY;POSTRUN_ARTIFACT_INVENTORY_ABSENT;STRONGER_SPLIT_NOT_RELIABLY_DERIVABLE;USER_EVALUATOR_HELPER_SOURCE_MISSING,,符合设计，可作为重新draft前的锁定输入,/Users/gss/Downloads/revised_agent_benchmark_paper_package/experiments/agentdojo_full_v1.2.2_direct/case_packets/agentdojo/v1.2.2_workspace_user_task_16_injection_task_10/case_packet.md
v1.2.2:workspace:user_task_16:injection_task_11,workspace,user_task_16,injection_task_11,通过,通过,通过,通过,通过,通过,通过,通过,通过,通过,26,6,32,306929,OFFICIAL_SOURCE_CONTENT_NOT_MATERIALIZED;NATIVE_RUNNER_AND_AGGREGATION_NOT_IN_PACKET;STATE_SCHEMA_DESCRIPTOR_ONLY;POSTRUN_ARTIFACT_INVENTORY_ABSENT;STRONGER_SPLIT_NOT_RELIABLY_DERIVABLE;USER_EVALUATOR_HELPER_SOURCE_MISSING,,符合设计，可作为重新draft前的锁定输入,/Users/gss/Downloads/revised_agent_benchmark_paper_package/experiments/agentdojo_full_v1.2.2_direct/case_packets/agentdojo/v1.2.2_workspace_user_task_16_injection_task_11/case_packet.md
v1.2.2:workspace:user_task_16:injection_task_12,workspace,user_task_16,injection_task_12,通过,通过,通过,通过,通过,通过,通过,通过,通过,通过,26,6,32,307728,OFFICIAL_SOURCE_CONTENT_NOT_MATERIALIZED;NATIVE_RUNNER_AND_AGGREGATION_NOT_IN_PACKET;STATE_SCHEMA_DESCRIPTOR_ONLY;POSTRUN_ARTIFACT_INVENTORY_ABSENT;STRONGER_SPLIT_NOT_RELIABLY_DERIVABLE;USER_EVALUATOR_HELPER_SOURCE_MISSING,,符合设计，可作为重新draft前的锁定输入,/Users/gss/Downloads/revised_agent_benchmark_paper_package/experiments/agentdojo_full_v1.2.2_direct/case_packets/agentdojo/v1.2.2_workspace_user_task_16_injection_task_12/case_packet.md
v1.2.2:workspace:user_task_16:injection_task_13,workspace,user_task_16,injection_task_13,通过,通过,通过,通过,通过,通过,通过,通过,通过,通过,26,6,32,321723,OFFICIAL_SOURCE_CONTENT_NOT_MATERIALIZED;NATIVE_RUNNER_AND_AGGREGATION_NOT_IN_PACKET;STATE_SCHEMA_DESCRIPTOR_ONLY;POSTRUN_ARTIFACT_INVENTORY_ABSENT;STRONGER_SPLIT_NOT_RELIABLY_DERIVABLE;USER_EVALUATOR_HELPER_SOURCE_MISSING,,符合设计，可作为重新draft前的锁定输入,/Users/gss/Downloads/revised_agent_benchmark_paper_package/experiments/agentdojo_full_v1.2.2_direct/case_packets/agentdojo/v1.2.2_workspace_user_task_16_injection_task_13/case_packet.md
v1.2.2:workspace:user_task_17:injection_task_0,workspace,user_task_17,injection_task_0,通过,通过,通过,通过,通过,通过,通过,通过,通过,通过,26,6,32,320322,OFFICIAL_SOURCE_CONTENT_NOT_MATERIALIZED;NATIVE_RUNNER_AND_AGGREGATION_NOT_IN_PACKET;STATE_SCHEMA_DESCRIPTOR_ONLY;POSTRUN_ARTIFACT_INVENTORY_ABSENT;STRONGER_SPLIT_NOT_RELIABLY_DERIVABLE,,符合设计，可作为重新draft前的锁定输入,/Users/gss/Downloads/revised_agent_benchmark_paper_package/experiments/agentdojo_full_v1.2.2_direct/case_packets/agentdojo/v1.2.2_workspace_user_task_17_injection_task_0/case_packet.md
v1.2.2:workspace:user_task_17:injection_task_1,workspace,user_task_17,injection_task_1,通过,通过,通过,通过,通过,通过,通过,通过,通过,通过,26,6,32,319500,OFFICIAL_SOURCE_CONTENT_NOT_MATERIALIZED;NATIVE_RUNNER_AND_AGGREGATION_NOT_IN_PACKET;STATE_SCHEMA_DESCRIPTOR_ONLY;POSTRUN_ARTIFACT_INVENTORY_ABSENT;STRONGER_SPLIT_NOT_RELIABLY_DERIVABLE,,符合设计，可作为重新draft前的锁定输入,/Users/gss/Downloads/revised_agent_benchmark_paper_package/experiments/agentdojo_full_v1.2.2_direct/case_packets/agentdojo/v1.2.2_workspace_user_task_17_injection_task_1/case_packet.md
v1.2.2:workspace:user_task_17:injection_task_2,workspace,user_task_17,injection_task_2,通过,通过,通过,通过,通过,通过,通过,通过,通过,通过,26,6,32,320633,OFFICIAL_SOURCE_CONTENT_NOT_MATERIALIZED;NATIVE_RUNNER_AND_AGGREGATION_NOT_IN_PACKET;STATE_SCHEMA_DESCRIPTOR_ONLY;POSTRUN_ARTIFACT_INVENTORY_ABSENT;STRONGER_SPLIT_NOT_RELIABLY_DERIVABLE;INJECTION_EVALUATOR_HELPER_SOURCE_MISSING,,符合设计，可作为重新draft前的锁定输入,/Users/gss/Downloads/revised_agent_benchmark_paper_package/experiments/agentdojo_full_v1.2.2_direct/case_packets/agentdojo/v1.2.2_workspace_user_task_17_injection_task_2/case_packet.md
v1.2.2:workspace:user_task_17:injection_task_3,workspace,user_task_17,injection_task_3,通过,通过,通过,通过,通过,通过,通过,通过,通过,通过,26,6,32,328094,OFFICIAL_SOURCE_CONTENT_NOT_MATERIALIZED;NATIVE_RUNNER_AND_AGGREGATION_NOT_IN_PACKET;STATE_SCHEMA_DESCRIPTOR_ONLY;POSTRUN_ARTIFACT_INVENTORY_ABSENT;STRONGER_SPLIT_NOT_RELIABLY_DERIVABLE,,符合设计，可作为重新draft前的锁定输入,/Users/gss/Downloads/revised_agent_benchmark_paper_package/experiments/agentdojo_full_v1.2.2_direct/case_packets/agentdojo/v1.2.2_workspace_user_task_17_injection_task_3/case_packet.md
v1.2.2:workspace:user_task_17:injection_task_4,workspace,user_task_17,injection_task_4,通过,通过,通过,通过,通过,通过,通过,通过,通过,通过,26,6,32,321301,OFFICIAL_SOURCE_CONTENT_NOT_MATERIALIZED;NATIVE_RUNNER_AND_AGGREGATION_NOT_IN_PACKET;STATE_SCHEMA_DESCRIPTOR_ONLY;POSTRUN_ARTIFACT_INVENTORY_ABSENT;STRONGER_SPLIT_NOT_RELIABLY_DERIVABLE,,符合设计，可作为重新draft前的锁定输入,/Users/gss/Downloads/revised_agent_benchmark_paper_package/experiments/agentdojo_full_v1.2.2_direct/case_packets/agentdojo/v1.2.2_workspace_user_task_17_injection_task_4/case_packet.md
v1.2.2:workspace:user_task_17:injection_task_5,workspace,user_task_17,injection_task_5,通过,通过,通过,通过,通过,通过,通过,通过,通过,通过,26,6,32,321034,OFFICIAL_SOURCE_CONTENT_NOT_MATERIALIZED;NATIVE_RUNNER_AND_AGGREGATION_NOT_IN_PACKET;STATE_SCHEMA_DESCRIPTOR_ONLY;POSTRUN_ARTIFACT_INVENTORY_ABSENT;STRONGER_SPLIT_NOT_RELIABLY_DERIVABLE,,符合设计，可作为重新draft前的锁定输入,/Users/gss/Downloads/revised_agent_benchmark_paper_package/experiments/agentdojo_full_v1.2.2_direct/case_packets/agentdojo/v1.2.2_workspace_user_task_17_injection_task_5/case_packet.md
v1.2.2:workspace:user_task_17:injection_task_6,workspace,user_task_17,injection_task_6,通过,通过,通过,通过,通过,通过,通过,通过,通过,通过,26,6,32,327329,OFFICIAL_SOURCE_CONTENT_NOT_MATERIALIZED;NATIVE_RUNNER_AND_AGGREGATION_NOT_IN_PACKET;STATE_SCHEMA_DESCRIPTOR_ONLY;POSTRUN_ARTIFACT_INVENTORY_ABSENT;STRONGER_SPLIT_NOT_RELIABLY_DERIVABLE;INJECTION_EVALUATOR_HELPER_SOURCE_MISSING,,符合设计，可作为重新draft前的锁定输入,/Users/gss/Downloads/revised_agent_benchmark_paper_package/experiments/agentdojo_full_v1.2.2_direct/case_packets/agentdojo/v1.2.2_workspace_user_task_17_injection_task_6/case_packet.md
v1.2.2:workspace:user_task_17:injection_task_7,workspace,user_task_17,injection_task_7,通过,通过,通过,通过,通过,通过,通过,通过,通过,通过,26,6,32,327963,OFFICIAL_SOURCE_CONTENT_NOT_MATERIALIZED;NATIVE_RUNNER_AND_AGGREGATION_NOT_IN_PACKET;STATE_SCHEMA_DESCRIPTOR_ONLY;POSTRUN_ARTIFACT_INVENTORY_ABSENT;STRONGER_SPLIT_NOT_RELIABLY_DERIVABLE;INJECTION_EVALUATOR_HELPER_SOURCE_MISSING,,符合设计，可作为重新draft前的锁定输入,/Users/gss/Downloads/revised_agent_benchmark_paper_package/experiments/agentdojo_full_v1.2.2_direct/case_packets/agentdojo/v1.2.2_workspace_user_task_17_injection_task_7/case_packet.md
v1.2.2:workspace:user_task_17:injection_task_9,workspace,user_task_17,injection_task_9,通过,通过,通过,通过,通过,通过,通过,通过,通过,通过,26,6,32,328944,OFFICIAL_SOURCE_CONTENT_NOT_MATERIALIZED;NATIVE_RUNNER_AND_AGGREGATION_NOT_IN_PACKET;STATE_SCHEMA_DESCRIPTOR_ONLY;POSTRUN_ARTIFACT_INVENTORY_ABSENT;STRONGER_SPLIT_NOT_RELIABLY_DERIVABLE;INJECTION_EVALUATOR_HELPER_SOURCE_MISSING,,符合设计，可作为重新draft前的锁定输入,/Users/gss/Downloads/revised_agent_benchmark_paper_package/experiments/agentdojo_full_v1.2.2_direct/case_packets/agentdojo/v1.2.2_workspace_user_task_17_injection_task_9/case_packet.md
v1.2.2:workspace:user_task_17:injection_task_10,workspace,user_task_17,injection_task_10,通过,通过,通过,通过,通过,通过,通过,通过,通过,通过,26,6,32,327167,OFFICIAL_SOURCE_CONTENT_NOT_MATERIALIZED;NATIVE_RUNNER_AND_AGGREGATION_NOT_IN_PACKET;STATE_SCHEMA_DESCRIPTOR_ONLY;POSTRUN_ARTIFACT_INVENTORY_ABSENT;STRONGER_SPLIT_NOT_RELIABLY_DERIVABLE,,符合设计，可作为重新draft前的锁定输入,/Users/gss/Downloads/revised_agent_benchmark_paper_package/experiments/agentdojo_full_v1.2.2_direct/case_packets/agentdojo/v1.2.2_workspace_user_task_17_injection_task_10/case_packet.md
v1.2.2:workspace:user_task_17:injection_task_11,workspace,user_task_17,injection_task_11,通过,通过,通过,通过,通过,通过,通过,通过,通过,通过,26,6,32,314473,OFFICIAL_SOURCE_CONTENT_NOT_MATERIALIZED;NATIVE_RUNNER_AND_AGGREGATION_NOT_IN_PACKET;STATE_SCHEMA_DESCRIPTOR_ONLY;POSTRUN_ARTIFACT_INVENTORY_ABSENT;STRONGER_SPLIT_NOT_RELIABLY_DERIVABLE,,符合设计，可作为重新draft前的锁定输入,/Users/gss/Downloads/revised_agent_benchmark_paper_package/experiments/agentdojo_full_v1.2.2_direct/case_packets/agentdojo/v1.2.2_workspace_user_task_17_injection_task_11/case_packet.md
v1.2.2:workspace:user_task_17:injection_task_12,workspace,user_task_17,injection_task_12,通过,通过,通过,通过,通过,通过,通过,通过,通过,通过,26,6,32,315272,OFFICIAL_SOURCE_CONTENT_NOT_MATERIALIZED;NATIVE_RUNNER_AND_AGGREGATION_NOT_IN_PACKET;STATE_SCHEMA_DESCRIPTOR_ONLY;POSTRUN_ARTIFACT_INVENTORY_ABSENT;STRONGER_SPLIT_NOT_RELIABLY_DERIVABLE,,符合设计，可作为重新draft前的锁定输入,/Users/gss/Downloads/revised_agent_benchmark_paper_package/experiments/agentdojo_full_v1.2.2_direct/case_packets/agentdojo/v1.2.2_workspace_user_task_17_injection_task_12/case_packet.md
v1.2.2:workspace:user_task_17:injection_task_13,workspace,user_task_17,injection_task_13,通过,通过,通过,通过,通过,通过,通过,通过,通过,通过,26,6,32,329267,OFFICIAL_SOURCE_CONTENT_NOT_MATERIALIZED;NATIVE_RUNNER_AND_AGGREGATION_NOT_IN_PACKET;STATE_SCHEMA_DESCRIPTOR_ONLY;POSTRUN_ARTIFACT_INVENTORY_ABSENT;STRONGER_SPLIT_NOT_RELIABLY_DERIVABLE,,符合设计，可作为重新draft前的锁定输入,/Users/gss/Downloads/revised_agent_benchmark_paper_package/experiments/agentdojo_full_v1.2.2_direct/case_packets/agentdojo/v1.2.2_workspace_user_task_17_injection_task_13/case_packet.md
v1.2.2:workspace:user_task_22:injection_task_1,workspace,user_task_22,injection_task_1,通过,通过,通过,通过,通过,通过,通过,通过,通过,通过,26,6,32,318612,OFFICIAL_SOURCE_CONTENT_NOT_MATERIALIZED;NATIVE_RUNNER_AND_AGGREGATION_NOT_IN_PACKET;STATE_SCHEMA_DESCRIPTOR_ONLY;POSTRUN_ARTIFACT_INVENTORY_ABSENT;STRONGER_SPLIT_NOT_RELIABLY_DERIVABLE,,符合设计，可作为重新draft前的锁定输入,/Users/gss/Downloads/revised_agent_benchmark_paper_package/experiments/agentdojo_full_v1.2.2_direct/case_packets/agentdojo/v1.2.2_workspace_user_task_22_injection_task_1/case_packet.md
v1.2.2:workspace:user_task_22:injection_task_2,workspace,user_task_22,injection_task_2,通过,通过,通过,通过,通过,通过,通过,通过,通过,通过,26,6,32,319745,OFFICIAL_SOURCE_CONTENT_NOT_MATERIALIZED;NATIVE_RUNNER_AND_AGGREGATION_NOT_IN_PACKET;STATE_SCHEMA_DESCRIPTOR_ONLY;POSTRUN_ARTIFACT_INVENTORY_ABSENT;STRONGER_SPLIT_NOT_RELIABLY_DERIVABLE;INJECTION_EVALUATOR_HELPER_SOURCE_MISSING,,符合设计，可作为重新draft前的锁定输入,/Users/gss/Downloads/revised_agent_benchmark_paper_package/experiments/agentdojo_full_v1.2.2_direct/case_packets/agentdojo/v1.2.2_workspace_user_task_22_injection_task_2/case_packet.md
v1.2.2:workspace:user_task_22:injection_task_3,workspace,user_task_22,injection_task_3,通过,通过,通过,通过,通过,通过,通过,通过,通过,通过,26,6,32,327206,OFFICIAL_SOURCE_CONTENT_NOT_MATERIALIZED;NATIVE_RUNNER_AND_AGGREGATION_NOT_IN_PACKET;STATE_SCHEMA_DESCRIPTOR_ONLY;POSTRUN_ARTIFACT_INVENTORY_ABSENT;STRONGER_SPLIT_NOT_RELIABLY_DERIVABLE,,符合设计，可作为重新draft前的锁定输入,/Users/gss/Downloads/revised_agent_benchmark_paper_package/experiments/agentdojo_full_v1.2.2_direct/case_packets/agentdojo/v1.2.2_workspace_user_task_22_injection_task_3/case_packet.md
v1.2.2:workspace:user_task_22:injection_task_4,workspace,user_task_22,injection_task_4,通过,通过,通过,通过,通过,通过,通过,通过,通过,通过,26,6,32,320413,OFFICIAL_SOURCE_CONTENT_NOT_MATERIALIZED;NATIVE_RUNNER_AND_AGGREGATION_NOT_IN_PACKET;STATE_SCHEMA_DESCRIPTOR_ONLY;POSTRUN_ARTIFACT_INVENTORY_ABSENT;STRONGER_SPLIT_NOT_RELIABLY_DERIVABLE,,符合设计，可作为重新draft前的锁定输入,/Users/gss/Downloads/revised_agent_benchmark_paper_package/experiments/agentdojo_full_v1.2.2_direct/case_packets/agentdojo/v1.2.2_workspace_user_task_22_injection_task_4/case_packet.md
v1.2.2:workspace:user_task_22:injection_task_5,workspace,user_task_22,injection_task_5,通过,通过,通过,通过,通过,通过,通过,通过,通过,通过,26,6,32,320146,OFFICIAL_SOURCE_CONTENT_NOT_MATERIALIZED;NATIVE_RUNNER_AND_AGGREGATION_NOT_IN_PACKET;STATE_SCHEMA_DESCRIPTOR_ONLY;POSTRUN_ARTIFACT_INVENTORY_ABSENT;STRONGER_SPLIT_NOT_RELIABLY_DERIVABLE,,符合设计，可作为重新draft前的锁定输入,/Users/gss/Downloads/revised_agent_benchmark_paper_package/experiments/agentdojo_full_v1.2.2_direct/case_packets/agentdojo/v1.2.2_workspace_user_task_22_injection_task_5/case_packet.md
v1.2.2:workspace:user_task_22:injection_task_6,workspace,user_task_22,injection_task_6,通过,通过,通过,通过,通过,通过,通过,通过,通过,通过,26,6,32,326441,OFFICIAL_SOURCE_CONTENT_NOT_MATERIALIZED;NATIVE_RUNNER_AND_AGGREGATION_NOT_IN_PACKET;STATE_SCHEMA_DESCRIPTOR_ONLY;POSTRUN_ARTIFACT_INVENTORY_ABSENT;STRONGER_SPLIT_NOT_RELIABLY_DERIVABLE;INJECTION_EVALUATOR_HELPER_SOURCE_MISSING,,符合设计，可作为重新draft前的锁定输入,/Users/gss/Downloads/revised_agent_benchmark_paper_package/experiments/agentdojo_full_v1.2.2_direct/case_packets/agentdojo/v1.2.2_workspace_user_task_22_injection_task_6/case_packet.md
v1.2.2:workspace:user_task_22:injection_task_7,workspace,user_task_22,injection_task_7,通过,通过,通过,通过,通过,通过,通过,通过,通过,通过,26,6,32,327075,OFFICIAL_SOURCE_CONTENT_NOT_MATERIALIZED;NATIVE_RUNNER_AND_AGGREGATION_NOT_IN_PACKET;STATE_SCHEMA_DESCRIPTOR_ONLY;POSTRUN_ARTIFACT_INVENTORY_ABSENT;STRONGER_SPLIT_NOT_RELIABLY_DERIVABLE;INJECTION_EVALUATOR_HELPER_SOURCE_MISSING,,符合设计，可作为重新draft前的锁定输入,/Users/gss/Downloads/revised_agent_benchmark_paper_package/experiments/agentdojo_full_v1.2.2_direct/case_packets/agentdojo/v1.2.2_workspace_user_task_22_injection_task_7/case_packet.md
v1.2.2:workspace:user_task_22:injection_task_8,workspace,user_task_22,injection_task_8,通过,通过,通过,通过,通过,通过,通过,通过,通过,通过,26,6,32,327042,OFFICIAL_SOURCE_CONTENT_NOT_MATERIALIZED;NATIVE_RUNNER_AND_AGGREGATION_NOT_IN_PACKET;STATE_SCHEMA_DESCRIPTOR_ONLY;POSTRUN_ARTIFACT_INVENTORY_ABSENT;STRONGER_SPLIT_NOT_RELIABLY_DERIVABLE;INJECTION_EVALUATOR_HELPER_SOURCE_MISSING,,符合设计，可作为重新draft前的锁定输入,/Users/gss/Downloads/revised_agent_benchmark_paper_package/experiments/agentdojo_full_v1.2.2_direct/case_packets/agentdojo/v1.2.2_workspace_user_task_22_injection_task_8/case_packet.md
v1.2.2:workspace:user_task_22:injection_task_9,workspace,user_task_22,injection_task_9,通过,通过,通过,通过,通过,通过,通过,通过,通过,通过,26,6,32,328056,OFFICIAL_SOURCE_CONTENT_NOT_MATERIALIZED;NATIVE_RUNNER_AND_AGGREGATION_NOT_IN_PACKET;STATE_SCHEMA_DESCRIPTOR_ONLY;POSTRUN_ARTIFACT_INVENTORY_ABSENT;STRONGER_SPLIT_NOT_RELIABLY_DERIVABLE;INJECTION_EVALUATOR_HELPER_SOURCE_MISSING,,符合设计，可作为重新draft前的锁定输入,/Users/gss/Downloads/revised_agent_benchmark_paper_package/experiments/agentdojo_full_v1.2.2_direct/case_packets/agentdojo/v1.2.2_workspace_user_task_22_injection_task_9/case_packet.md
v1.2.2:workspace:user_task_22:injection_task_10,workspace,user_task_22,injection_task_10,通过,通过,通过,通过,通过,通过,通过,通过,通过,通过,26,6,32,326279,OFFICIAL_SOURCE_CONTENT_NOT_MATERIALIZED;NATIVE_RUNNER_AND_AGGREGATION_NOT_IN_PACKET;STATE_SCHEMA_DESCRIPTOR_ONLY;POSTRUN_ARTIFACT_INVENTORY_ABSENT;STRONGER_SPLIT_NOT_RELIABLY_DERIVABLE,,符合设计，可作为重新draft前的锁定输入,/Users/gss/Downloads/revised_agent_benchmark_paper_package/experiments/agentdojo_full_v1.2.2_direct/case_packets/agentdojo/v1.2.2_workspace_user_task_22_injection_task_10/case_packet.md
v1.2.2:workspace:user_task_22:injection_task_11,workspace,user_task_22,injection_task_11,通过,通过,通过,通过,通过,通过,通过,通过,通过,通过,26,6,32,313585,OFFICIAL_SOURCE_CONTENT_NOT_MATERIALIZED;NATIVE_RUNNER_AND_AGGREGATION_NOT_IN_PACKET;STATE_SCHEMA_DESCRIPTOR_ONLY;POSTRUN_ARTIFACT_INVENTORY_ABSENT;STRONGER_SPLIT_NOT_RELIABLY_DERIVABLE,,符合设计，可作为重新draft前的锁定输入,/Users/gss/Downloads/revised_agent_benchmark_paper_package/experiments/agentdojo_full_v1.2.2_direct/case_packets/agentdojo/v1.2.2_workspace_user_task_22_injection_task_11/case_packet.md
v1.2.2:workspace:user_task_22:injection_task_12,workspace,user_task_22,injection_task_12,通过,通过,通过,通过,通过,通过,通过,通过,通过,通过,26,6,32,314384,OFFICIAL_SOURCE_CONTENT_NOT_MATERIALIZED;NATIVE_RUNNER_AND_AGGREGATION_NOT_IN_PACKET;STATE_SCHEMA_DESCRIPTOR_ONLY;POSTRUN_ARTIFACT_INVENTORY_ABSENT;STRONGER_SPLIT_NOT_RELIABLY_DERIVABLE,,符合设计，可作为重新draft前的锁定输入,/Users/gss/Downloads/revised_agent_benchmark_paper_package/experiments/agentdojo_full_v1.2.2_direct/case_packets/agentdojo/v1.2.2_workspace_user_task_22_injection_task_12/case_packet.md
v1.2.2:workspace:user_task_22:injection_task_13,workspace,user_task_22,injection_task_13,通过,通过,通过,通过,通过,通过,通过,通过,通过,通过,26,6,32,328379,OFFICIAL_SOURCE_CONTENT_NOT_MATERIALIZED;NATIVE_RUNNER_AND_AGGREGATION_NOT_IN_PACKET;STATE_SCHEMA_DESCRIPTOR_ONLY;POSTRUN_ARTIFACT_INVENTORY_ABSENT;STRONGER_SPLIT_NOT_RELIABLY_DERIVABLE,,符合设计，可作为重新draft前的锁定输入,/Users/gss/Downloads/revised_agent_benchmark_paper_package/experiments/agentdojo_full_v1.2.2_direct/case_packets/agentdojo/v1.2.2_workspace_user_task_22_injection_task_13/case_packet.md
v1.2.2:workspace:user_task_24:injection_task_1,workspace,user_task_24,injection_task_1,通过,通过,通过,通过,通过,通过,通过,通过,通过,通过,25,6,31,309053,OFFICIAL_SOURCE_CONTENT_NOT_MATERIALIZED;NATIVE_RUNNER_AND_AGGREGATION_NOT_IN_PACKET;STATE_SCHEMA_DESCRIPTOR_ONLY;POSTRUN_ARTIFACT_INVENTORY_ABSENT;STRONGER_SPLIT_NOT_RELIABLY_DERIVABLE,,符合设计，可作为重新draft前的锁定输入,/Users/gss/Downloads/revised_agent_benchmark_paper_package/experiments/agentdojo_full_v1.2.2_direct/case_packets/agentdojo/v1.2.2_workspace_user_task_24_injection_task_1/case_packet.md
v1.2.2:workspace:user_task_24:injection_task_2,workspace,user_task_24,injection_task_2,通过,通过,通过,通过,通过,通过,通过,通过,通过,通过,25,6,31,310186,OFFICIAL_SOURCE_CONTENT_NOT_MATERIALIZED;NATIVE_RUNNER_AND_AGGREGATION_NOT_IN_PACKET;STATE_SCHEMA_DESCRIPTOR_ONLY;POSTRUN_ARTIFACT_INVENTORY_ABSENT;STRONGER_SPLIT_NOT_RELIABLY_DERIVABLE;INJECTION_EVALUATOR_HELPER_SOURCE_MISSING,,符合设计，可作为重新draft前的锁定输入,/Users/gss/Downloads/revised_agent_benchmark_paper_package/experiments/agentdojo_full_v1.2.2_direct/case_packets/agentdojo/v1.2.2_workspace_user_task_24_injection_task_2/case_packet.md
v1.2.2:workspace:user_task_24:injection_task_3,workspace,user_task_24,injection_task_3,通过,通过,通过,通过,通过,通过,通过,通过,通过,通过,25,6,31,317647,OFFICIAL_SOURCE_CONTENT_NOT_MATERIALIZED;NATIVE_RUNNER_AND_AGGREGATION_NOT_IN_PACKET;STATE_SCHEMA_DESCRIPTOR_ONLY;POSTRUN_ARTIFACT_INVENTORY_ABSENT;STRONGER_SPLIT_NOT_RELIABLY_DERIVABLE,,符合设计，可作为重新draft前的锁定输入,/Users/gss/Downloads/revised_agent_benchmark_paper_package/experiments/agentdojo_full_v1.2.2_direct/case_packets/agentdojo/v1.2.2_workspace_user_task_24_injection_task_3/case_packet.md
v1.2.2:workspace:user_task_24:injection_task_6,workspace,user_task_24,injection_task_6,通过,通过,通过,通过,通过,通过,通过,通过,通过,通过,25,6,31,316882,OFFICIAL_SOURCE_CONTENT_NOT_MATERIALIZED;NATIVE_RUNNER_AND_AGGREGATION_NOT_IN_PACKET;STATE_SCHEMA_DESCRIPTOR_ONLY;POSTRUN_ARTIFACT_INVENTORY_ABSENT;STRONGER_SPLIT_NOT_RELIABLY_DERIVABLE;INJECTION_EVALUATOR_HELPER_SOURCE_MISSING,,符合设计，可作为重新draft前的锁定输入,/Users/gss/Downloads/revised_agent_benchmark_paper_package/experiments/agentdojo_full_v1.2.2_direct/case_packets/agentdojo/v1.2.2_workspace_user_task_24_injection_task_6/case_packet.md
v1.2.2:workspace:user_task_24:injection_task_7,workspace,user_task_24,injection_task_7,通过,通过,通过,通过,通过,通过,通过,通过,通过,通过,25,6,31,317516,OFFICIAL_SOURCE_CONTENT_NOT_MATERIALIZED;NATIVE_RUNNER_AND_AGGREGATION_NOT_IN_PACKET;STATE_SCHEMA_DESCRIPTOR_ONLY;POSTRUN_ARTIFACT_INVENTORY_ABSENT;STRONGER_SPLIT_NOT_RELIABLY_DERIVABLE;INJECTION_EVALUATOR_HELPER_SOURCE_MISSING,,符合设计，可作为重新draft前的锁定输入,/Users/gss/Downloads/revised_agent_benchmark_paper_package/experiments/agentdojo_full_v1.2.2_direct/case_packets/agentdojo/v1.2.2_workspace_user_task_24_injection_task_7/case_packet.md
v1.2.2:workspace:user_task_24:injection_task_8,workspace,user_task_24,injection_task_8,通过,通过,通过,通过,通过,通过,通过,通过,通过,通过,25,6,31,317483,OFFICIAL_SOURCE_CONTENT_NOT_MATERIALIZED;NATIVE_RUNNER_AND_AGGREGATION_NOT_IN_PACKET;STATE_SCHEMA_DESCRIPTOR_ONLY;POSTRUN_ARTIFACT_INVENTORY_ABSENT;STRONGER_SPLIT_NOT_RELIABLY_DERIVABLE;INJECTION_EVALUATOR_HELPER_SOURCE_MISSING,,符合设计，可作为重新draft前的锁定输入,/Users/gss/Downloads/revised_agent_benchmark_paper_package/experiments/agentdojo_full_v1.2.2_direct/case_packets/agentdojo/v1.2.2_workspace_user_task_24_injection_task_8/case_packet.md
v1.2.2:workspace:user_task_24:injection_task_9,workspace,user_task_24,injection_task_9,通过,通过,通过,通过,通过,通过,通过,通过,通过,通过,25,6,31,318497,OFFICIAL_SOURCE_CONTENT_NOT_MATERIALIZED;NATIVE_RUNNER_AND_AGGREGATION_NOT_IN_PACKET;STATE_SCHEMA_DESCRIPTOR_ONLY;POSTRUN_ARTIFACT_INVENTORY_ABSENT;STRONGER_SPLIT_NOT_RELIABLY_DERIVABLE;INJECTION_EVALUATOR_HELPER_SOURCE_MISSING,,符合设计，可作为重新draft前的锁定输入,/Users/gss/Downloads/revised_agent_benchmark_paper_package/experiments/agentdojo_full_v1.2.2_direct/case_packets/agentdojo/v1.2.2_workspace_user_task_24_injection_task_9/case_packet.md
v1.2.2:workspace:user_task_24:injection_task_10,workspace,user_task_24,injection_task_10,通过,通过,通过,通过,通过,通过,通过,通过,通过,通过,25,6,31,316720,OFFICIAL_SOURCE_CONTENT_NOT_MATERIALIZED;NATIVE_RUNNER_AND_AGGREGATION_NOT_IN_PACKET;STATE_SCHEMA_DESCRIPTOR_ONLY;POSTRUN_ARTIFACT_INVENTORY_ABSENT;STRONGER_SPLIT_NOT_RELIABLY_DERIVABLE,,符合设计，可作为重新draft前的锁定输入,/Users/gss/Downloads/revised_agent_benchmark_paper_package/experiments/agentdojo_full_v1.2.2_direct/case_packets/agentdojo/v1.2.2_workspace_user_task_24_injection_task_10/case_packet.md
v1.2.2:workspace:user_task_24:injection_task_11,workspace,user_task_24,injection_task_11,通过,通过,通过,通过,通过,通过,通过,通过,通过,通过,25,6,31,304026,OFFICIAL_SOURCE_CONTENT_NOT_MATERIALIZED;NATIVE_RUNNER_AND_AGGREGATION_NOT_IN_PACKET;STATE_SCHEMA_DESCRIPTOR_ONLY;POSTRUN_ARTIFACT_INVENTORY_ABSENT;STRONGER_SPLIT_NOT_RELIABLY_DERIVABLE,,符合设计，可作为重新draft前的锁定输入,/Users/gss/Downloads/revised_agent_benchmark_paper_package/experiments/agentdojo_full_v1.2.2_direct/case_packets/agentdojo/v1.2.2_workspace_user_task_24_injection_task_11/case_packet.md
v1.2.2:workspace:user_task_24:injection_task_13,workspace,user_task_24,injection_task_13,通过,通过,通过,通过,通过,通过,通过,通过,通过,通过,25,6,31,318820,OFFICIAL_SOURCE_CONTENT_NOT_MATERIALIZED;NATIVE_RUNNER_AND_AGGREGATION_NOT_IN_PACKET;STATE_SCHEMA_DESCRIPTOR_ONLY;POSTRUN_ARTIFACT_INVENTORY_ABSENT;STRONGER_SPLIT_NOT_RELIABLY_DERIVABLE,,符合设计，可作为重新draft前的锁定输入,/Users/gss/Downloads/revised_agent_benchmark_paper_package/experiments/agentdojo_full_v1.2.2_direct/case_packets/agentdojo/v1.2.2_workspace_user_task_24_injection_task_13/case_packet.md
v1.2.2:workspace:user_task_26:injection_task_0,workspace,user_task_26,injection_task_0,通过,通过,通过,通过,通过,通过,通过,通过,通过,通过,25,6,31,309648,OFFICIAL_SOURCE_CONTENT_NOT_MATERIALIZED;NATIVE_RUNNER_AND_AGGREGATION_NOT_IN_PACKET;STATE_SCHEMA_DESCRIPTOR_ONLY;POSTRUN_ARTIFACT_INVENTORY_ABSENT;STRONGER_SPLIT_NOT_RELIABLY_DERIVABLE,,符合设计，可作为重新draft前的锁定输入,/Users/gss/Downloads/revised_agent_benchmark_paper_package/experiments/agentdojo_full_v1.2.2_direct/case_packets/agentdojo/v1.2.2_workspace_user_task_26_injection_task_0/case_packet.md
v1.2.2:workspace:user_task_26:injection_task_1,workspace,user_task_26,injection_task_1,通过,通过,通过,通过,通过,通过,通过,通过,通过,通过,25,6,31,308826,OFFICIAL_SOURCE_CONTENT_NOT_MATERIALIZED;NATIVE_RUNNER_AND_AGGREGATION_NOT_IN_PACKET;STATE_SCHEMA_DESCRIPTOR_ONLY;POSTRUN_ARTIFACT_INVENTORY_ABSENT;STRONGER_SPLIT_NOT_RELIABLY_DERIVABLE,,符合设计，可作为重新draft前的锁定输入,/Users/gss/Downloads/revised_agent_benchmark_paper_package/experiments/agentdojo_full_v1.2.2_direct/case_packets/agentdojo/v1.2.2_workspace_user_task_26_injection_task_1/case_packet.md
v1.2.2:workspace:user_task_26:injection_task_2,workspace,user_task_26,injection_task_2,通过,通过,通过,通过,通过,通过,通过,通过,通过,通过,25,6,31,309959,OFFICIAL_SOURCE_CONTENT_NOT_MATERIALIZED;NATIVE_RUNNER_AND_AGGREGATION_NOT_IN_PACKET;STATE_SCHEMA_DESCRIPTOR_ONLY;POSTRUN_ARTIFACT_INVENTORY_ABSENT;STRONGER_SPLIT_NOT_RELIABLY_DERIVABLE;INJECTION_EVALUATOR_HELPER_SOURCE_MISSING,,符合设计，可作为重新draft前的锁定输入,/Users/gss/Downloads/revised_agent_benchmark_paper_package/experiments/agentdojo_full_v1.2.2_direct/case_packets/agentdojo/v1.2.2_workspace_user_task_26_injection_task_2/case_packet.md
v1.2.2:workspace:user_task_26:injection_task_3,workspace,user_task_26,injection_task_3,通过,通过,通过,通过,通过,通过,通过,通过,通过,通过,25,6,31,317420,OFFICIAL_SOURCE_CONTENT_NOT_MATERIALIZED;NATIVE_RUNNER_AND_AGGREGATION_NOT_IN_PACKET;STATE_SCHEMA_DESCRIPTOR_ONLY;POSTRUN_ARTIFACT_INVENTORY_ABSENT;STRONGER_SPLIT_NOT_RELIABLY_DERIVABLE,,符合设计，可作为重新draft前的锁定输入,/Users/gss/Downloads/revised_agent_benchmark_paper_package/experiments/agentdojo_full_v1.2.2_direct/case_packets/agentdojo/v1.2.2_workspace_user_task_26_injection_task_3/case_packet.md
v1.2.2:workspace:user_task_26:injection_task_4,workspace,user_task_26,injection_task_4,通过,通过,通过,通过,通过,通过,通过,通过,通过,通过,25,6,31,310627,OFFICIAL_SOURCE_CONTENT_NOT_MATERIALIZED;NATIVE_RUNNER_AND_AGGREGATION_NOT_IN_PACKET;STATE_SCHEMA_DESCRIPTOR_ONLY;POSTRUN_ARTIFACT_INVENTORY_ABSENT;STRONGER_SPLIT_NOT_RELIABLY_DERIVABLE,,符合设计，可作为重新draft前的锁定输入,/Users/gss/Downloads/revised_agent_benchmark_paper_package/experiments/agentdojo_full_v1.2.2_direct/case_packets/agentdojo/v1.2.2_workspace_user_task_26_injection_task_4/case_packet.md
v1.2.2:workspace:user_task_26:injection_task_5,workspace,user_task_26,injection_task_5,通过,通过,通过,通过,通过,通过,通过,通过,通过,通过,25,6,31,310360,OFFICIAL_SOURCE_CONTENT_NOT_MATERIALIZED;NATIVE_RUNNER_AND_AGGREGATION_NOT_IN_PACKET;STATE_SCHEMA_DESCRIPTOR_ONLY;POSTRUN_ARTIFACT_INVENTORY_ABSENT;STRONGER_SPLIT_NOT_RELIABLY_DERIVABLE,,符合设计，可作为重新draft前的锁定输入,/Users/gss/Downloads/revised_agent_benchmark_paper_package/experiments/agentdojo_full_v1.2.2_direct/case_packets/agentdojo/v1.2.2_workspace_user_task_26_injection_task_5/case_packet.md
v1.2.2:workspace:user_task_26:injection_task_6,workspace,user_task_26,injection_task_6,通过,通过,通过,通过,通过,通过,通过,通过,通过,通过,25,6,31,316655,OFFICIAL_SOURCE_CONTENT_NOT_MATERIALIZED;NATIVE_RUNNER_AND_AGGREGATION_NOT_IN_PACKET;STATE_SCHEMA_DESCRIPTOR_ONLY;POSTRUN_ARTIFACT_INVENTORY_ABSENT;STRONGER_SPLIT_NOT_RELIABLY_DERIVABLE;INJECTION_EVALUATOR_HELPER_SOURCE_MISSING,,符合设计，可作为重新draft前的锁定输入,/Users/gss/Downloads/revised_agent_benchmark_paper_package/experiments/agentdojo_full_v1.2.2_direct/case_packets/agentdojo/v1.2.2_workspace_user_task_26_injection_task_6/case_packet.md
v1.2.2:workspace:user_task_26:injection_task_7,workspace,user_task_26,injection_task_7,通过,通过,通过,通过,通过,通过,通过,通过,通过,通过,25,6,31,317289,OFFICIAL_SOURCE_CONTENT_NOT_MATERIALIZED;NATIVE_RUNNER_AND_AGGREGATION_NOT_IN_PACKET;STATE_SCHEMA_DESCRIPTOR_ONLY;POSTRUN_ARTIFACT_INVENTORY_ABSENT;STRONGER_SPLIT_NOT_RELIABLY_DERIVABLE;INJECTION_EVALUATOR_HELPER_SOURCE_MISSING,,符合设计，可作为重新draft前的锁定输入,/Users/gss/Downloads/revised_agent_benchmark_paper_package/experiments/agentdojo_full_v1.2.2_direct/case_packets/agentdojo/v1.2.2_workspace_user_task_26_injection_task_7/case_packet.md
v1.2.2:workspace:user_task_26:injection_task_8,workspace,user_task_26,injection_task_8,通过,通过,通过,通过,通过,通过,通过,通过,通过,通过,25,6,31,317256,OFFICIAL_SOURCE_CONTENT_NOT_MATERIALIZED;NATIVE_RUNNER_AND_AGGREGATION_NOT_IN_PACKET;STATE_SCHEMA_DESCRIPTOR_ONLY;POSTRUN_ARTIFACT_INVENTORY_ABSENT;STRONGER_SPLIT_NOT_RELIABLY_DERIVABLE;INJECTION_EVALUATOR_HELPER_SOURCE_MISSING,,符合设计，可作为重新draft前的锁定输入,/Users/gss/Downloads/revised_agent_benchmark_paper_package/experiments/agentdojo_full_v1.2.2_direct/case_packets/agentdojo/v1.2.2_workspace_user_task_26_injection_task_8/case_packet.md
v1.2.2:workspace:user_task_26:injection_task_9,workspace,user_task_26,injection_task_9,通过,通过,通过,通过,通过,通过,通过,通过,通过,通过,25,6,31,318270,OFFICIAL_SOURCE_CONTENT_NOT_MATERIALIZED;NATIVE_RUNNER_AND_AGGREGATION_NOT_IN_PACKET;STATE_SCHEMA_DESCRIPTOR_ONLY;POSTRUN_ARTIFACT_INVENTORY_ABSENT;STRONGER_SPLIT_NOT_RELIABLY_DERIVABLE;INJECTION_EVALUATOR_HELPER_SOURCE_MISSING,,符合设计，可作为重新draft前的锁定输入,/Users/gss/Downloads/revised_agent_benchmark_paper_package/experiments/agentdojo_full_v1.2.2_direct/case_packets/agentdojo/v1.2.2_workspace_user_task_26_injection_task_9/case_packet.md
v1.2.2:workspace:user_task_26:injection_task_11,workspace,user_task_26,injection_task_11,通过,通过,通过,通过,通过,通过,通过,通过,通过,通过,25,6,31,303799,OFFICIAL_SOURCE_CONTENT_NOT_MATERIALIZED;NATIVE_RUNNER_AND_AGGREGATION_NOT_IN_PACKET;STATE_SCHEMA_DESCRIPTOR_ONLY;POSTRUN_ARTIFACT_INVENTORY_ABSENT;STRONGER_SPLIT_NOT_RELIABLY_DERIVABLE,,符合设计，可作为重新draft前的锁定输入,/Users/gss/Downloads/revised_agent_benchmark_paper_package/experiments/agentdojo_full_v1.2.2_direct/case_packets/agentdojo/v1.2.2_workspace_user_task_26_injection_task_11/case_packet.md
v1.2.2:workspace:user_task_26:injection_task_12,workspace,user_task_26,injection_task_12,通过,通过,通过,通过,通过,通过,通过,通过,通过,通过,25,6,31,304598,OFFICIAL_SOURCE_CONTENT_NOT_MATERIALIZED;NATIVE_RUNNER_AND_AGGREGATION_NOT_IN_PACKET;STATE_SCHEMA_DESCRIPTOR_ONLY;POSTRUN_ARTIFACT_INVENTORY_ABSENT;STRONGER_SPLIT_NOT_RELIABLY_DERIVABLE,,符合设计，可作为重新draft前的锁定输入,/Users/gss/Downloads/revised_agent_benchmark_paper_package/experiments/agentdojo_full_v1.2.2_direct/case_packets/agentdojo/v1.2.2_workspace_user_task_26_injection_task_12/case_packet.md
v1.2.2:workspace:user_task_26:injection_task_13,workspace,user_task_26,injection_task_13,通过,通过,通过,通过,通过,通过,通过,通过,通过,通过,25,6,31,318593,OFFICIAL_SOURCE_CONTENT_NOT_MATERIALIZED;NATIVE_RUNNER_AND_AGGREGATION_NOT_IN_PACKET;STATE_SCHEMA_DESCRIPTOR_ONLY;POSTRUN_ARTIFACT_INVENTORY_ABSENT;STRONGER_SPLIT_NOT_RELIABLY_DERIVABLE,,符合设计，可作为重新draft前的锁定输入,/Users/gss/Downloads/revised_agent_benchmark_paper_package/experiments/agentdojo_full_v1.2.2_direct/case_packets/agentdojo/v1.2.2_workspace_user_task_26_injection_task_13/case_packet.md
v1.2.2:workspace:user_task_27:injection_task_0,workspace,user_task_27,injection_task_0,通过,通过,通过,通过,通过,通过,通过,通过,通过,通过,25,6,31,309803,OFFICIAL_SOURCE_CONTENT_NOT_MATERIALIZED;NATIVE_RUNNER_AND_AGGREGATION_NOT_IN_PACKET;STATE_SCHEMA_DESCRIPTOR_ONLY;POSTRUN_ARTIFACT_INVENTORY_ABSENT;STRONGER_SPLIT_NOT_RELIABLY_DERIVABLE;USER_EVALUATOR_HELPER_SOURCE_MISSING,,符合设计，可作为重新draft前的锁定输入,/Users/gss/Downloads/revised_agent_benchmark_paper_package/experiments/agentdojo_full_v1.2.2_direct/case_packets/agentdojo/v1.2.2_workspace_user_task_27_injection_task_0/case_packet.md
v1.2.2:workspace:user_task_27:injection_task_1,workspace,user_task_27,injection_task_1,通过,通过,通过,通过,通过,通过,通过,通过,通过,通过,25,6,31,308981,OFFICIAL_SOURCE_CONTENT_NOT_MATERIALIZED;NATIVE_RUNNER_AND_AGGREGATION_NOT_IN_PACKET;STATE_SCHEMA_DESCRIPTOR_ONLY;POSTRUN_ARTIFACT_INVENTORY_ABSENT;STRONGER_SPLIT_NOT_RELIABLY_DERIVABLE;USER_EVALUATOR_HELPER_SOURCE_MISSING,,符合设计，可作为重新draft前的锁定输入,/Users/gss/Downloads/revised_agent_benchmark_paper_package/experiments/agentdojo_full_v1.2.2_direct/case_packets/agentdojo/v1.2.2_workspace_user_task_27_injection_task_1/case_packet.md
v1.2.2:workspace:user_task_27:injection_task_2,workspace,user_task_27,injection_task_2,通过,通过,通过,通过,通过,通过,通过,通过,通过,通过,25,6,31,310114,OFFICIAL_SOURCE_CONTENT_NOT_MATERIALIZED;NATIVE_RUNNER_AND_AGGREGATION_NOT_IN_PACKET;STATE_SCHEMA_DESCRIPTOR_ONLY;POSTRUN_ARTIFACT_INVENTORY_ABSENT;STRONGER_SPLIT_NOT_RELIABLY_DERIVABLE;USER_EVALUATOR_HELPER_SOURCE_MISSING;INJECTION_EVALUATOR_HELPER_SOURCE_MISSING,,符合设计，可作为重新draft前的锁定输入,/Users/gss/Downloads/revised_agent_benchmark_paper_package/experiments/agentdojo_full_v1.2.2_direct/case_packets/agentdojo/v1.2.2_workspace_user_task_27_injection_task_2/case_packet.md
v1.2.2:workspace:user_task_27:injection_task_3,workspace,user_task_27,injection_task_3,通过,通过,通过,通过,通过,通过,通过,通过,通过,通过,25,6,31,317575,OFFICIAL_SOURCE_CONTENT_NOT_MATERIALIZED;NATIVE_RUNNER_AND_AGGREGATION_NOT_IN_PACKET;STATE_SCHEMA_DESCRIPTOR_ONLY;POSTRUN_ARTIFACT_INVENTORY_ABSENT;STRONGER_SPLIT_NOT_RELIABLY_DERIVABLE;USER_EVALUATOR_HELPER_SOURCE_MISSING,,符合设计，可作为重新draft前的锁定输入,/Users/gss/Downloads/revised_agent_benchmark_paper_package/experiments/agentdojo_full_v1.2.2_direct/case_packets/agentdojo/v1.2.2_workspace_user_task_27_injection_task_3/case_packet.md
v1.2.2:workspace:user_task_27:injection_task_4,workspace,user_task_27,injection_task_4,通过,通过,通过,通过,通过,通过,通过,通过,通过,通过,25,6,31,310782,OFFICIAL_SOURCE_CONTENT_NOT_MATERIALIZED;NATIVE_RUNNER_AND_AGGREGATION_NOT_IN_PACKET;STATE_SCHEMA_DESCRIPTOR_ONLY;POSTRUN_ARTIFACT_INVENTORY_ABSENT;STRONGER_SPLIT_NOT_RELIABLY_DERIVABLE;USER_EVALUATOR_HELPER_SOURCE_MISSING,,符合设计，可作为重新draft前的锁定输入,/Users/gss/Downloads/revised_agent_benchmark_paper_package/experiments/agentdojo_full_v1.2.2_direct/case_packets/agentdojo/v1.2.2_workspace_user_task_27_injection_task_4/case_packet.md
v1.2.2:workspace:user_task_27:injection_task_5,workspace,user_task_27,injection_task_5,通过,通过,通过,通过,通过,通过,通过,通过,通过,通过,25,6,31,310515,OFFICIAL_SOURCE_CONTENT_NOT_MATERIALIZED;NATIVE_RUNNER_AND_AGGREGATION_NOT_IN_PACKET;STATE_SCHEMA_DESCRIPTOR_ONLY;POSTRUN_ARTIFACT_INVENTORY_ABSENT;STRONGER_SPLIT_NOT_RELIABLY_DERIVABLE;USER_EVALUATOR_HELPER_SOURCE_MISSING,,符合设计，可作为重新draft前的锁定输入,/Users/gss/Downloads/revised_agent_benchmark_paper_package/experiments/agentdojo_full_v1.2.2_direct/case_packets/agentdojo/v1.2.2_workspace_user_task_27_injection_task_5/case_packet.md
v1.2.2:workspace:user_task_27:injection_task_6,workspace,user_task_27,injection_task_6,通过,通过,通过,通过,通过,通过,通过,通过,通过,通过,25,6,31,316810,OFFICIAL_SOURCE_CONTENT_NOT_MATERIALIZED;NATIVE_RUNNER_AND_AGGREGATION_NOT_IN_PACKET;STATE_SCHEMA_DESCRIPTOR_ONLY;POSTRUN_ARTIFACT_INVENTORY_ABSENT;STRONGER_SPLIT_NOT_RELIABLY_DERIVABLE;USER_EVALUATOR_HELPER_SOURCE_MISSING;INJECTION_EVALUATOR_HELPER_SOURCE_MISSING,,符合设计，可作为重新draft前的锁定输入,/Users/gss/Downloads/revised_agent_benchmark_paper_package/experiments/agentdojo_full_v1.2.2_direct/case_packets/agentdojo/v1.2.2_workspace_user_task_27_injection_task_6/case_packet.md
v1.2.2:workspace:user_task_27:injection_task_7,workspace,user_task_27,injection_task_7,通过,通过,通过,通过,通过,通过,通过,通过,通过,通过,25,6,31,317444,OFFICIAL_SOURCE_CONTENT_NOT_MATERIALIZED;NATIVE_RUNNER_AND_AGGREGATION_NOT_IN_PACKET;STATE_SCHEMA_DESCRIPTOR_ONLY;POSTRUN_ARTIFACT_INVENTORY_ABSENT;STRONGER_SPLIT_NOT_RELIABLY_DERIVABLE;USER_EVALUATOR_HELPER_SOURCE_MISSING;INJECTION_EVALUATOR_HELPER_SOURCE_MISSING,,符合设计，可作为重新draft前的锁定输入,/Users/gss/Downloads/revised_agent_benchmark_paper_package/experiments/agentdojo_full_v1.2.2_direct/case_packets/agentdojo/v1.2.2_workspace_user_task_27_injection_task_7/case_packet.md
v1.2.2:workspace:user_task_27:injection_task_8,workspace,user_task_27,injection_task_8,通过,通过,通过,通过,通过,通过,通过,通过,通过,通过,25,6,31,317411,OFFICIAL_SOURCE_CONTENT_NOT_MATERIALIZED;NATIVE_RUNNER_AND_AGGREGATION_NOT_IN_PACKET;STATE_SCHEMA_DESCRIPTOR_ONLY;POSTRUN_ARTIFACT_INVENTORY_ABSENT;STRONGER_SPLIT_NOT_RELIABLY_DERIVABLE;USER_EVALUATOR_HELPER_SOURCE_MISSING;INJECTION_EVALUATOR_HELPER_SOURCE_MISSING,,符合设计，可作为重新draft前的锁定输入,/Users/gss/Downloads/revised_agent_benchmark_paper_package/experiments/agentdojo_full_v1.2.2_direct/case_packets/agentdojo/v1.2.2_workspace_user_task_27_injection_task_8/case_packet.md
v1.2.2:workspace:user_task_27:injection_task_9,workspace,user_task_27,injection_task_9,通过,通过,通过,通过,通过,通过,通过,通过,通过,通过,25,6,31,318425,OFFICIAL_SOURCE_CONTENT_NOT_MATERIALIZED;NATIVE_RUNNER_AND_AGGREGATION_NOT_IN_PACKET;STATE_SCHEMA_DESCRIPTOR_ONLY;POSTRUN_ARTIFACT_INVENTORY_ABSENT;STRONGER_SPLIT_NOT_RELIABLY_DERIVABLE;USER_EVALUATOR_HELPER_SOURCE_MISSING;INJECTION_EVALUATOR_HELPER_SOURCE_MISSING,,符合设计，可作为重新draft前的锁定输入,/Users/gss/Downloads/revised_agent_benchmark_paper_package/experiments/agentdojo_full_v1.2.2_direct/case_packets/agentdojo/v1.2.2_workspace_user_task_27_injection_task_9/case_packet.md
v1.2.2:workspace:user_task_27:injection_task_10,workspace,user_task_27,injection_task_10,通过,通过,通过,通过,通过,通过,通过,通过,通过,通过,25,6,31,316648,OFFICIAL_SOURCE_CONTENT_NOT_MATERIALIZED;NATIVE_RUNNER_AND_AGGREGATION_NOT_IN_PACKET;STATE_SCHEMA_DESCRIPTOR_ONLY;POSTRUN_ARTIFACT_INVENTORY_ABSENT;STRONGER_SPLIT_NOT_RELIABLY_DERIVABLE;USER_EVALUATOR_HELPER_SOURCE_MISSING,,符合设计，可作为重新draft前的锁定输入,/Users/gss/Downloads/revised_agent_benchmark_paper_package/experiments/agentdojo_full_v1.2.2_direct/case_packets/agentdojo/v1.2.2_workspace_user_task_27_injection_task_10/case_packet.md
v1.2.2:workspace:user_task_27:injection_task_11,workspace,user_task_27,injection_task_11,通过,通过,通过,通过,通过,通过,通过,通过,通过,通过,25,6,31,303954,OFFICIAL_SOURCE_CONTENT_NOT_MATERIALIZED;NATIVE_RUNNER_AND_AGGREGATION_NOT_IN_PACKET;STATE_SCHEMA_DESCRIPTOR_ONLY;POSTRUN_ARTIFACT_INVENTORY_ABSENT;STRONGER_SPLIT_NOT_RELIABLY_DERIVABLE;USER_EVALUATOR_HELPER_SOURCE_MISSING,,符合设计，可作为重新draft前的锁定输入,/Users/gss/Downloads/revised_agent_benchmark_paper_package/experiments/agentdojo_full_v1.2.2_direct/case_packets/agentdojo/v1.2.2_workspace_user_task_27_injection_task_11/case_packet.md
v1.2.2:workspace:user_task_27:injection_task_12,workspace,user_task_27,injection_task_12,通过,通过,通过,通过,通过,通过,通过,通过,通过,通过,25,6,31,304753,OFFICIAL_SOURCE_CONTENT_NOT_MATERIALIZED;NATIVE_RUNNER_AND_AGGREGATION_NOT_IN_PACKET;STATE_SCHEMA_DESCRIPTOR_ONLY;POSTRUN_ARTIFACT_INVENTORY_ABSENT;STRONGER_SPLIT_NOT_RELIABLY_DERIVABLE;USER_EVALUATOR_HELPER_SOURCE_MISSING,,符合设计，可作为重新draft前的锁定输入,/Users/gss/Downloads/revised_agent_benchmark_paper_package/experiments/agentdojo_full_v1.2.2_direct/case_packets/agentdojo/v1.2.2_workspace_user_task_27_injection_task_12/case_packet.md
v1.2.2:workspace:user_task_27:injection_task_13,workspace,user_task_27,injection_task_13,通过,通过,通过,通过,通过,通过,通过,通过,通过,通过,25,6,31,318748,OFFICIAL_SOURCE_CONTENT_NOT_MATERIALIZED;NATIVE_RUNNER_AND_AGGREGATION_NOT_IN_PACKET;STATE_SCHEMA_DESCRIPTOR_ONLY;POSTRUN_ARTIFACT_INVENTORY_ABSENT;STRONGER_SPLIT_NOT_RELIABLY_DERIVABLE;USER_EVALUATOR_HELPER_SOURCE_MISSING,,符合设计，可作为重新draft前的锁定输入,/Users/gss/Downloads/revised_agent_benchmark_paper_package/experiments/agentdojo_full_v1.2.2_direct/case_packets/agentdojo/v1.2.2_workspace_user_task_27_injection_task_13/case_packet.md
v1.2.2:workspace:user_task_28:injection_task_0,workspace,user_task_28,injection_task_0,通过,通过,通过,通过,通过,通过,通过,通过,通过,通过,25,6,31,310180,OFFICIAL_SOURCE_CONTENT_NOT_MATERIALIZED;NATIVE_RUNNER_AND_AGGREGATION_NOT_IN_PACKET;STATE_SCHEMA_DESCRIPTOR_ONLY;POSTRUN_ARTIFACT_INVENTORY_ABSENT;STRONGER_SPLIT_NOT_RELIABLY_DERIVABLE;USER_EVALUATOR_HELPER_SOURCE_MISSING,,符合设计，可作为重新draft前的锁定输入,/Users/gss/Downloads/revised_agent_benchmark_paper_package/experiments/agentdojo_full_v1.2.2_direct/case_packets/agentdojo/v1.2.2_workspace_user_task_28_injection_task_0/case_packet.md
v1.2.2:workspace:user_task_28:injection_task_1,workspace,user_task_28,injection_task_1,通过,通过,通过,通过,通过,通过,通过,通过,通过,通过,25,6,31,309358,OFFICIAL_SOURCE_CONTENT_NOT_MATERIALIZED;NATIVE_RUNNER_AND_AGGREGATION_NOT_IN_PACKET;STATE_SCHEMA_DESCRIPTOR_ONLY;POSTRUN_ARTIFACT_INVENTORY_ABSENT;STRONGER_SPLIT_NOT_RELIABLY_DERIVABLE;USER_EVALUATOR_HELPER_SOURCE_MISSING,,符合设计，可作为重新draft前的锁定输入,/Users/gss/Downloads/revised_agent_benchmark_paper_package/experiments/agentdojo_full_v1.2.2_direct/case_packets/agentdojo/v1.2.2_workspace_user_task_28_injection_task_1/case_packet.md
v1.2.2:workspace:user_task_28:injection_task_4,workspace,user_task_28,injection_task_4,通过,通过,通过,通过,通过,通过,通过,通过,通过,通过,25,6,31,311159,OFFICIAL_SOURCE_CONTENT_NOT_MATERIALIZED;NATIVE_RUNNER_AND_AGGREGATION_NOT_IN_PACKET;STATE_SCHEMA_DESCRIPTOR_ONLY;POSTRUN_ARTIFACT_INVENTORY_ABSENT;STRONGER_SPLIT_NOT_RELIABLY_DERIVABLE;USER_EVALUATOR_HELPER_SOURCE_MISSING,,符合设计，可作为重新draft前的锁定输入,/Users/gss/Downloads/revised_agent_benchmark_paper_package/experiments/agentdojo_full_v1.2.2_direct/case_packets/agentdojo/v1.2.2_workspace_user_task_28_injection_task_4/case_packet.md
v1.2.2:workspace:user_task_28:injection_task_5,workspace,user_task_28,injection_task_5,通过,通过,通过,通过,通过,通过,通过,通过,通过,通过,25,6,31,310892,OFFICIAL_SOURCE_CONTENT_NOT_MATERIALIZED;NATIVE_RUNNER_AND_AGGREGATION_NOT_IN_PACKET;STATE_SCHEMA_DESCRIPTOR_ONLY;POSTRUN_ARTIFACT_INVENTORY_ABSENT;STRONGER_SPLIT_NOT_RELIABLY_DERIVABLE;USER_EVALUATOR_HELPER_SOURCE_MISSING,,符合设计，可作为重新draft前的锁定输入,/Users/gss/Downloads/revised_agent_benchmark_paper_package/experiments/agentdojo_full_v1.2.2_direct/case_packets/agentdojo/v1.2.2_workspace_user_task_28_injection_task_5/case_packet.md
v1.2.2:workspace:user_task_28:injection_task_6,workspace,user_task_28,injection_task_6,通过,通过,通过,通过,通过,通过,通过,通过,通过,通过,25,6,31,317187,OFFICIAL_SOURCE_CONTENT_NOT_MATERIALIZED;NATIVE_RUNNER_AND_AGGREGATION_NOT_IN_PACKET;STATE_SCHEMA_DESCRIPTOR_ONLY;POSTRUN_ARTIFACT_INVENTORY_ABSENT;STRONGER_SPLIT_NOT_RELIABLY_DERIVABLE;USER_EVALUATOR_HELPER_SOURCE_MISSING;INJECTION_EVALUATOR_HELPER_SOURCE_MISSING,,符合设计，可作为重新draft前的锁定输入,/Users/gss/Downloads/revised_agent_benchmark_paper_package/experiments/agentdojo_full_v1.2.2_direct/case_packets/agentdojo/v1.2.2_workspace_user_task_28_injection_task_6/case_packet.md
v1.2.2:workspace:user_task_28:injection_task_7,workspace,user_task_28,injection_task_7,通过,通过,通过,通过,通过,通过,通过,通过,通过,通过,25,6,31,317821,OFFICIAL_SOURCE_CONTENT_NOT_MATERIALIZED;NATIVE_RUNNER_AND_AGGREGATION_NOT_IN_PACKET;STATE_SCHEMA_DESCRIPTOR_ONLY;POSTRUN_ARTIFACT_INVENTORY_ABSENT;STRONGER_SPLIT_NOT_RELIABLY_DERIVABLE;USER_EVALUATOR_HELPER_SOURCE_MISSING;INJECTION_EVALUATOR_HELPER_SOURCE_MISSING,,符合设计，可作为重新draft前的锁定输入,/Users/gss/Downloads/revised_agent_benchmark_paper_package/experiments/agentdojo_full_v1.2.2_direct/case_packets/agentdojo/v1.2.2_workspace_user_task_28_injection_task_7/case_packet.md
v1.2.2:workspace:user_task_28:injection_task_9,workspace,user_task_28,injection_task_9,通过,通过,通过,通过,通过,通过,通过,通过,通过,通过,25,6,31,318802,OFFICIAL_SOURCE_CONTENT_NOT_MATERIALIZED;NATIVE_RUNNER_AND_AGGREGATION_NOT_IN_PACKET;STATE_SCHEMA_DESCRIPTOR_ONLY;POSTRUN_ARTIFACT_INVENTORY_ABSENT;STRONGER_SPLIT_NOT_RELIABLY_DERIVABLE;USER_EVALUATOR_HELPER_SOURCE_MISSING;INJECTION_EVALUATOR_HELPER_SOURCE_MISSING,,符合设计，可作为重新draft前的锁定输入,/Users/gss/Downloads/revised_agent_benchmark_paper_package/experiments/agentdojo_full_v1.2.2_direct/case_packets/agentdojo/v1.2.2_workspace_user_task_28_injection_task_9/case_packet.md
v1.2.2:workspace:user_task_28:injection_task_10,workspace,user_task_28,injection_task_10,通过,通过,通过,通过,通过,通过,通过,通过,通过,通过,25,6,31,317025,OFFICIAL_SOURCE_CONTENT_NOT_MATERIALIZED;NATIVE_RUNNER_AND_AGGREGATION_NOT_IN_PACKET;STATE_SCHEMA_DESCRIPTOR_ONLY;POSTRUN_ARTIFACT_INVENTORY_ABSENT;STRONGER_SPLIT_NOT_RELIABLY_DERIVABLE;USER_EVALUATOR_HELPER_SOURCE_MISSING,,符合设计，可作为重新draft前的锁定输入,/Users/gss/Downloads/revised_agent_benchmark_paper_package/experiments/agentdojo_full_v1.2.2_direct/case_packets/agentdojo/v1.2.2_workspace_user_task_28_injection_task_10/case_packet.md
v1.2.2:workspace:user_task_28:injection_task_11,workspace,user_task_28,injection_task_11,通过,通过,通过,通过,通过,通过,通过,通过,通过,通过,25,6,31,304331,OFFICIAL_SOURCE_CONTENT_NOT_MATERIALIZED;NATIVE_RUNNER_AND_AGGREGATION_NOT_IN_PACKET;STATE_SCHEMA_DESCRIPTOR_ONLY;POSTRUN_ARTIFACT_INVENTORY_ABSENT;STRONGER_SPLIT_NOT_RELIABLY_DERIVABLE;USER_EVALUATOR_HELPER_SOURCE_MISSING,,符合设计，可作为重新draft前的锁定输入,/Users/gss/Downloads/revised_agent_benchmark_paper_package/experiments/agentdojo_full_v1.2.2_direct/case_packets/agentdojo/v1.2.2_workspace_user_task_28_injection_task_11/case_packet.md
v1.2.2:workspace:user_task_28:injection_task_12,workspace,user_task_28,injection_task_12,通过,通过,通过,通过,通过,通过,通过,通过,通过,通过,25,6,31,305130,OFFICIAL_SOURCE_CONTENT_NOT_MATERIALIZED;NATIVE_RUNNER_AND_AGGREGATION_NOT_IN_PACKET;STATE_SCHEMA_DESCRIPTOR_ONLY;POSTRUN_ARTIFACT_INVENTORY_ABSENT;STRONGER_SPLIT_NOT_RELIABLY_DERIVABLE;USER_EVALUATOR_HELPER_SOURCE_MISSING,,符合设计，可作为重新draft前的锁定输入,/Users/gss/Downloads/revised_agent_benchmark_paper_package/experiments/agentdojo_full_v1.2.2_direct/case_packets/agentdojo/v1.2.2_workspace_user_task_28_injection_task_12/case_packet.md
v1.2.2:workspace:user_task_28:injection_task_13,workspace,user_task_28,injection_task_13,通过,通过,通过,通过,通过,通过,通过,通过,通过,通过,25,6,31,319125,OFFICIAL_SOURCE_CONTENT_NOT_MATERIALIZED;NATIVE_RUNNER_AND_AGGREGATION_NOT_IN_PACKET;STATE_SCHEMA_DESCRIPTOR_ONLY;POSTRUN_ARTIFACT_INVENTORY_ABSENT;STRONGER_SPLIT_NOT_RELIABLY_DERIVABLE;USER_EVALUATOR_HELPER_SOURCE_MISSING,,符合设计，可作为重新draft前的锁定输入,/Users/gss/Downloads/revised_agent_benchmark_paper_package/experiments/agentdojo_full_v1.2.2_direct/case_packets/agentdojo/v1.2.2_workspace_user_task_28_injection_task_13/case_packet.md
v1.2.2:workspace:user_task_35:injection_task_1,workspace,user_task_35,injection_task_1,通过,通过,通过,通过,通过,通过,通过,通过,通过,通过,25,6,31,309077,OFFICIAL_SOURCE_CONTENT_NOT_MATERIALIZED;NATIVE_RUNNER_AND_AGGREGATION_NOT_IN_PACKET;STATE_SCHEMA_DESCRIPTOR_ONLY;POSTRUN_ARTIFACT_INVENTORY_ABSENT;STRONGER_SPLIT_NOT_RELIABLY_DERIVABLE,,符合设计，可作为重新draft前的锁定输入,/Users/gss/Downloads/revised_agent_benchmark_paper_package/experiments/agentdojo_full_v1.2.2_direct/case_packets/agentdojo/v1.2.2_workspace_user_task_35_injection_task_1/case_packet.md
v1.2.2:workspace:user_task_35:injection_task_3,workspace,user_task_35,injection_task_3,通过,通过,通过,通过,通过,通过,通过,通过,通过,通过,25,6,31,317671,OFFICIAL_SOURCE_CONTENT_NOT_MATERIALIZED;NATIVE_RUNNER_AND_AGGREGATION_NOT_IN_PACKET;STATE_SCHEMA_DESCRIPTOR_ONLY;POSTRUN_ARTIFACT_INVENTORY_ABSENT;STRONGER_SPLIT_NOT_RELIABLY_DERIVABLE,,符合设计，可作为重新draft前的锁定输入,/Users/gss/Downloads/revised_agent_benchmark_paper_package/experiments/agentdojo_full_v1.2.2_direct/case_packets/agentdojo/v1.2.2_workspace_user_task_35_injection_task_3/case_packet.md
v1.2.2:workspace:user_task_35:injection_task_4,workspace,user_task_35,injection_task_4,通过,通过,通过,通过,通过,通过,通过,通过,通过,通过,25,6,31,310878,OFFICIAL_SOURCE_CONTENT_NOT_MATERIALIZED;NATIVE_RUNNER_AND_AGGREGATION_NOT_IN_PACKET;STATE_SCHEMA_DESCRIPTOR_ONLY;POSTRUN_ARTIFACT_INVENTORY_ABSENT;STRONGER_SPLIT_NOT_RELIABLY_DERIVABLE,,符合设计，可作为重新draft前的锁定输入,/Users/gss/Downloads/revised_agent_benchmark_paper_package/experiments/agentdojo_full_v1.2.2_direct/case_packets/agentdojo/v1.2.2_workspace_user_task_35_injection_task_4/case_packet.md
v1.2.2:workspace:user_task_35:injection_task_5,workspace,user_task_35,injection_task_5,通过,通过,通过,通过,通过,通过,通过,通过,通过,通过,25,6,31,310611,OFFICIAL_SOURCE_CONTENT_NOT_MATERIALIZED;NATIVE_RUNNER_AND_AGGREGATION_NOT_IN_PACKET;STATE_SCHEMA_DESCRIPTOR_ONLY;POSTRUN_ARTIFACT_INVENTORY_ABSENT;STRONGER_SPLIT_NOT_RELIABLY_DERIVABLE,,符合设计，可作为重新draft前的锁定输入,/Users/gss/Downloads/revised_agent_benchmark_paper_package/experiments/agentdojo_full_v1.2.2_direct/case_packets/agentdojo/v1.2.2_workspace_user_task_35_injection_task_5/case_packet.md
v1.2.2:workspace:user_task_35:injection_task_6,workspace,user_task_35,injection_task_6,通过,通过,通过,通过,通过,通过,通过,通过,通过,通过,25,6,31,316906,OFFICIAL_SOURCE_CONTENT_NOT_MATERIALIZED;NATIVE_RUNNER_AND_AGGREGATION_NOT_IN_PACKET;STATE_SCHEMA_DESCRIPTOR_ONLY;POSTRUN_ARTIFACT_INVENTORY_ABSENT;STRONGER_SPLIT_NOT_RELIABLY_DERIVABLE;INJECTION_EVALUATOR_HELPER_SOURCE_MISSING,,符合设计，可作为重新draft前的锁定输入,/Users/gss/Downloads/revised_agent_benchmark_paper_package/experiments/agentdojo_full_v1.2.2_direct/case_packets/agentdojo/v1.2.2_workspace_user_task_35_injection_task_6/case_packet.md
v1.2.2:workspace:user_task_35:injection_task_7,workspace,user_task_35,injection_task_7,通过,通过,通过,通过,通过,通过,通过,通过,通过,通过,25,6,31,317540,OFFICIAL_SOURCE_CONTENT_NOT_MATERIALIZED;NATIVE_RUNNER_AND_AGGREGATION_NOT_IN_PACKET;STATE_SCHEMA_DESCRIPTOR_ONLY;POSTRUN_ARTIFACT_INVENTORY_ABSENT;STRONGER_SPLIT_NOT_RELIABLY_DERIVABLE;INJECTION_EVALUATOR_HELPER_SOURCE_MISSING,,符合设计，可作为重新draft前的锁定输入,/Users/gss/Downloads/revised_agent_benchmark_paper_package/experiments/agentdojo_full_v1.2.2_direct/case_packets/agentdojo/v1.2.2_workspace_user_task_35_injection_task_7/case_packet.md
v1.2.2:workspace:user_task_35:injection_task_9,workspace,user_task_35,injection_task_9,通过,通过,通过,通过,通过,通过,通过,通过,通过,通过,25,6,31,318521,OFFICIAL_SOURCE_CONTENT_NOT_MATERIALIZED;NATIVE_RUNNER_AND_AGGREGATION_NOT_IN_PACKET;STATE_SCHEMA_DESCRIPTOR_ONLY;POSTRUN_ARTIFACT_INVENTORY_ABSENT;STRONGER_SPLIT_NOT_RELIABLY_DERIVABLE;INJECTION_EVALUATOR_HELPER_SOURCE_MISSING,,符合设计，可作为重新draft前的锁定输入,/Users/gss/Downloads/revised_agent_benchmark_paper_package/experiments/agentdojo_full_v1.2.2_direct/case_packets/agentdojo/v1.2.2_workspace_user_task_35_injection_task_9/case_packet.md
v1.2.2:workspace:user_task_35:injection_task_10,workspace,user_task_35,injection_task_10,通过,通过,通过,通过,通过,通过,通过,通过,通过,通过,25,6,31,316744,OFFICIAL_SOURCE_CONTENT_NOT_MATERIALIZED;NATIVE_RUNNER_AND_AGGREGATION_NOT_IN_PACKET;STATE_SCHEMA_DESCRIPTOR_ONLY;POSTRUN_ARTIFACT_INVENTORY_ABSENT;STRONGER_SPLIT_NOT_RELIABLY_DERIVABLE,,符合设计，可作为重新draft前的锁定输入,/Users/gss/Downloads/revised_agent_benchmark_paper_package/experiments/agentdojo_full_v1.2.2_direct/case_packets/agentdojo/v1.2.2_workspace_user_task_35_injection_task_10/case_packet.md
v1.2.2:workspace:user_task_35:injection_task_11,workspace,user_task_35,injection_task_11,通过,通过,通过,通过,通过,通过,通过,通过,通过,通过,25,6,31,304050,OFFICIAL_SOURCE_CONTENT_NOT_MATERIALIZED;NATIVE_RUNNER_AND_AGGREGATION_NOT_IN_PACKET;STATE_SCHEMA_DESCRIPTOR_ONLY;POSTRUN_ARTIFACT_INVENTORY_ABSENT;STRONGER_SPLIT_NOT_RELIABLY_DERIVABLE,,符合设计，可作为重新draft前的锁定输入,/Users/gss/Downloads/revised_agent_benchmark_paper_package/experiments/agentdojo_full_v1.2.2_direct/case_packets/agentdojo/v1.2.2_workspace_user_task_35_injection_task_11/case_packet.md
v1.2.2:workspace:user_task_35:injection_task_12,workspace,user_task_35,injection_task_12,通过,通过,通过,通过,通过,通过,通过,通过,通过,通过,25,6,31,304849,OFFICIAL_SOURCE_CONTENT_NOT_MATERIALIZED;NATIVE_RUNNER_AND_AGGREGATION_NOT_IN_PACKET;STATE_SCHEMA_DESCRIPTOR_ONLY;POSTRUN_ARTIFACT_INVENTORY_ABSENT;STRONGER_SPLIT_NOT_RELIABLY_DERIVABLE,,符合设计，可作为重新draft前的锁定输入,/Users/gss/Downloads/revised_agent_benchmark_paper_package/experiments/agentdojo_full_v1.2.2_direct/case_packets/agentdojo/v1.2.2_workspace_user_task_35_injection_task_12/case_packet.md
v1.2.2:workspace:user_task_35:injection_task_13,workspace,user_task_35,injection_task_13,通过,通过,通过,通过,通过,通过,通过,通过,通过,通过,25,6,31,318844,OFFICIAL_SOURCE_CONTENT_NOT_MATERIALIZED;NATIVE_RUNNER_AND_AGGREGATION_NOT_IN_PACKET;STATE_SCHEMA_DESCRIPTOR_ONLY;POSTRUN_ARTIFACT_INVENTORY_ABSENT;STRONGER_SPLIT_NOT_RELIABLY_DERIVABLE,,符合设计，可作为重新draft前的锁定输入,/Users/gss/Downloads/revised_agent_benchmark_paper_package/experiments/agentdojo_full_v1.2.2_direct/case_packets/agentdojo/v1.2.2_workspace_user_task_35_injection_task_13/case_packet.md
v1.2.2:workspace:user_task_29:injection_task_0,workspace,user_task_29,injection_task_0,通过,通过,通过,通过,通过,通过,通过,通过,通过,通过,25,6,31,309886,OFFICIAL_SOURCE_CONTENT_NOT_MATERIALIZED;NATIVE_RUNNER_AND_AGGREGATION_NOT_IN_PACKET;STATE_SCHEMA_DESCRIPTOR_ONLY;POSTRUN_ARTIFACT_INVENTORY_ABSENT;STRONGER_SPLIT_NOT_RELIABLY_DERIVABLE;USER_EVALUATOR_HELPER_SOURCE_MISSING,,符合设计，可作为重新draft前的锁定输入,/Users/gss/Downloads/revised_agent_benchmark_paper_package/experiments/agentdojo_full_v1.2.2_direct/case_packets/agentdojo/v1.2.2_workspace_user_task_29_injection_task_0/case_packet.md
v1.2.2:workspace:user_task_29:injection_task_3,workspace,user_task_29,injection_task_3,通过,通过,通过,通过,通过,通过,通过,通过,通过,通过,25,6,31,317658,OFFICIAL_SOURCE_CONTENT_NOT_MATERIALIZED;NATIVE_RUNNER_AND_AGGREGATION_NOT_IN_PACKET;STATE_SCHEMA_DESCRIPTOR_ONLY;POSTRUN_ARTIFACT_INVENTORY_ABSENT;STRONGER_SPLIT_NOT_RELIABLY_DERIVABLE;USER_EVALUATOR_HELPER_SOURCE_MISSING,,符合设计，可作为重新draft前的锁定输入,/Users/gss/Downloads/revised_agent_benchmark_paper_package/experiments/agentdojo_full_v1.2.2_direct/case_packets/agentdojo/v1.2.2_workspace_user_task_29_injection_task_3/case_packet.md
v1.2.2:workspace:user_task_29:injection_task_4,workspace,user_task_29,injection_task_4,通过,通过,通过,通过,通过,通过,通过,通过,通过,通过,25,6,31,310865,OFFICIAL_SOURCE_CONTENT_NOT_MATERIALIZED;NATIVE_RUNNER_AND_AGGREGATION_NOT_IN_PACKET;STATE_SCHEMA_DESCRIPTOR_ONLY;POSTRUN_ARTIFACT_INVENTORY_ABSENT;STRONGER_SPLIT_NOT_RELIABLY_DERIVABLE;USER_EVALUATOR_HELPER_SOURCE_MISSING,,符合设计，可作为重新draft前的锁定输入,/Users/gss/Downloads/revised_agent_benchmark_paper_package/experiments/agentdojo_full_v1.2.2_direct/case_packets/agentdojo/v1.2.2_workspace_user_task_29_injection_task_4/case_packet.md
v1.2.2:workspace:user_task_29:injection_task_5,workspace,user_task_29,injection_task_5,通过,通过,通过,通过,通过,通过,通过,通过,通过,通过,25,6,31,310598,OFFICIAL_SOURCE_CONTENT_NOT_MATERIALIZED;NATIVE_RUNNER_AND_AGGREGATION_NOT_IN_PACKET;STATE_SCHEMA_DESCRIPTOR_ONLY;POSTRUN_ARTIFACT_INVENTORY_ABSENT;STRONGER_SPLIT_NOT_RELIABLY_DERIVABLE;USER_EVALUATOR_HELPER_SOURCE_MISSING,,符合设计，可作为重新draft前的锁定输入,/Users/gss/Downloads/revised_agent_benchmark_paper_package/experiments/agentdojo_full_v1.2.2_direct/case_packets/agentdojo/v1.2.2_workspace_user_task_29_injection_task_5/case_packet.md
v1.2.2:workspace:user_task_29:injection_task_6,workspace,user_task_29,injection_task_6,通过,通过,通过,通过,通过,通过,通过,通过,通过,通过,25,6,31,316893,OFFICIAL_SOURCE_CONTENT_NOT_MATERIALIZED;NATIVE_RUNNER_AND_AGGREGATION_NOT_IN_PACKET;STATE_SCHEMA_DESCRIPTOR_ONLY;POSTRUN_ARTIFACT_INVENTORY_ABSENT;STRONGER_SPLIT_NOT_RELIABLY_DERIVABLE;USER_EVALUATOR_HELPER_SOURCE_MISSING;INJECTION_EVALUATOR_HELPER_SOURCE_MISSING,,符合设计，可作为重新draft前的锁定输入,/Users/gss/Downloads/revised_agent_benchmark_paper_package/experiments/agentdojo_full_v1.2.2_direct/case_packets/agentdojo/v1.2.2_workspace_user_task_29_injection_task_6/case_packet.md
v1.2.2:workspace:user_task_29:injection_task_7,workspace,user_task_29,injection_task_7,通过,通过,通过,通过,通过,通过,通过,通过,通过,通过,25,6,31,317527,OFFICIAL_SOURCE_CONTENT_NOT_MATERIALIZED;NATIVE_RUNNER_AND_AGGREGATION_NOT_IN_PACKET;STATE_SCHEMA_DESCRIPTOR_ONLY;POSTRUN_ARTIFACT_INVENTORY_ABSENT;STRONGER_SPLIT_NOT_RELIABLY_DERIVABLE;USER_EVALUATOR_HELPER_SOURCE_MISSING;INJECTION_EVALUATOR_HELPER_SOURCE_MISSING,,符合设计，可作为重新draft前的锁定输入,/Users/gss/Downloads/revised_agent_benchmark_paper_package/experiments/agentdojo_full_v1.2.2_direct/case_packets/agentdojo/v1.2.2_workspace_user_task_29_injection_task_7/case_packet.md
v1.2.2:workspace:user_task_29:injection_task_8,workspace,user_task_29,injection_task_8,通过,通过,通过,通过,通过,通过,通过,通过,通过,通过,25,6,31,317494,OFFICIAL_SOURCE_CONTENT_NOT_MATERIALIZED;NATIVE_RUNNER_AND_AGGREGATION_NOT_IN_PACKET;STATE_SCHEMA_DESCRIPTOR_ONLY;POSTRUN_ARTIFACT_INVENTORY_ABSENT;STRONGER_SPLIT_NOT_RELIABLY_DERIVABLE;USER_EVALUATOR_HELPER_SOURCE_MISSING;INJECTION_EVALUATOR_HELPER_SOURCE_MISSING,,符合设计，可作为重新draft前的锁定输入,/Users/gss/Downloads/revised_agent_benchmark_paper_package/experiments/agentdojo_full_v1.2.2_direct/case_packets/agentdojo/v1.2.2_workspace_user_task_29_injection_task_8/case_packet.md
v1.2.2:workspace:user_task_29:injection_task_9,workspace,user_task_29,injection_task_9,通过,通过,通过,通过,通过,通过,通过,通过,通过,通过,25,6,31,318508,OFFICIAL_SOURCE_CONTENT_NOT_MATERIALIZED;NATIVE_RUNNER_AND_AGGREGATION_NOT_IN_PACKET;STATE_SCHEMA_DESCRIPTOR_ONLY;POSTRUN_ARTIFACT_INVENTORY_ABSENT;STRONGER_SPLIT_NOT_RELIABLY_DERIVABLE;USER_EVALUATOR_HELPER_SOURCE_MISSING;INJECTION_EVALUATOR_HELPER_SOURCE_MISSING,,符合设计，可作为重新draft前的锁定输入,/Users/gss/Downloads/revised_agent_benchmark_paper_package/experiments/agentdojo_full_v1.2.2_direct/case_packets/agentdojo/v1.2.2_workspace_user_task_29_injection_task_9/case_packet.md
v1.2.2:workspace:user_task_29:injection_task_11,workspace,user_task_29,injection_task_11,通过,通过,通过,通过,通过,通过,通过,通过,通过,通过,25,6,31,304037,OFFICIAL_SOURCE_CONTENT_NOT_MATERIALIZED;NATIVE_RUNNER_AND_AGGREGATION_NOT_IN_PACKET;STATE_SCHEMA_DESCRIPTOR_ONLY;POSTRUN_ARTIFACT_INVENTORY_ABSENT;STRONGER_SPLIT_NOT_RELIABLY_DERIVABLE;USER_EVALUATOR_HELPER_SOURCE_MISSING,,符合设计，可作为重新draft前的锁定输入,/Users/gss/Downloads/revised_agent_benchmark_paper_package/experiments/agentdojo_full_v1.2.2_direct/case_packets/agentdojo/v1.2.2_workspace_user_task_29_injection_task_11/case_packet.md
v1.2.2:workspace:user_task_29:injection_task_12,workspace,user_task_29,injection_task_12,通过,通过,通过,通过,通过,通过,通过,通过,通过,通过,25,6,31,304836,OFFICIAL_SOURCE_CONTENT_NOT_MATERIALIZED;NATIVE_RUNNER_AND_AGGREGATION_NOT_IN_PACKET;STATE_SCHEMA_DESCRIPTOR_ONLY;POSTRUN_ARTIFACT_INVENTORY_ABSENT;STRONGER_SPLIT_NOT_RELIABLY_DERIVABLE;USER_EVALUATOR_HELPER_SOURCE_MISSING,,符合设计，可作为重新draft前的锁定输入,/Users/gss/Downloads/revised_agent_benchmark_paper_package/experiments/agentdojo_full_v1.2.2_direct/case_packets/agentdojo/v1.2.2_workspace_user_task_29_injection_task_12/case_packet.md
v1.2.2:workspace:user_task_29:injection_task_13,workspace,user_task_29,injection_task_13,通过,通过,通过,通过,通过,通过,通过,通过,通过,通过,25,6,31,318831,OFFICIAL_SOURCE_CONTENT_NOT_MATERIALIZED;NATIVE_RUNNER_AND_AGGREGATION_NOT_IN_PACKET;STATE_SCHEMA_DESCRIPTOR_ONLY;POSTRUN_ARTIFACT_INVENTORY_ABSENT;STRONGER_SPLIT_NOT_RELIABLY_DERIVABLE;USER_EVALUATOR_HELPER_SOURCE_MISSING,,符合设计，可作为重新draft前的锁定输入,/Users/gss/Downloads/revised_agent_benchmark_paper_package/experiments/agentdojo_full_v1.2.2_direct/case_packets/agentdojo/v1.2.2_workspace_user_task_29_injection_task_13/case_packet.md
v1.2.2:workspace:user_task_30:injection_task_0,workspace,user_task_30,injection_task_0,通过,通过,通过,通过,通过,通过,通过,通过,通过,通过,25,6,31,309759,OFFICIAL_SOURCE_CONTENT_NOT_MATERIALIZED;NATIVE_RUNNER_AND_AGGREGATION_NOT_IN_PACKET;STATE_SCHEMA_DESCRIPTOR_ONLY;POSTRUN_ARTIFACT_INVENTORY_ABSENT;STRONGER_SPLIT_NOT_RELIABLY_DERIVABLE,,符合设计，可作为重新draft前的锁定输入,/Users/gss/Downloads/revised_agent_benchmark_paper_package/experiments/agentdojo_full_v1.2.2_direct/case_packets/agentdojo/v1.2.2_workspace_user_task_30_injection_task_0/case_packet.md
v1.2.2:workspace:user_task_30:injection_task_1,workspace,user_task_30,injection_task_1,通过,通过,通过,通过,通过,通过,通过,通过,通过,通过,25,6,31,308937,OFFICIAL_SOURCE_CONTENT_NOT_MATERIALIZED;NATIVE_RUNNER_AND_AGGREGATION_NOT_IN_PACKET;STATE_SCHEMA_DESCRIPTOR_ONLY;POSTRUN_ARTIFACT_INVENTORY_ABSENT;STRONGER_SPLIT_NOT_RELIABLY_DERIVABLE,,符合设计，可作为重新draft前的锁定输入,/Users/gss/Downloads/revised_agent_benchmark_paper_package/experiments/agentdojo_full_v1.2.2_direct/case_packets/agentdojo/v1.2.2_workspace_user_task_30_injection_task_1/case_packet.md
v1.2.2:workspace:user_task_30:injection_task_2,workspace,user_task_30,injection_task_2,通过,通过,通过,通过,通过,通过,通过,通过,通过,通过,25,6,31,310070,OFFICIAL_SOURCE_CONTENT_NOT_MATERIALIZED;NATIVE_RUNNER_AND_AGGREGATION_NOT_IN_PACKET;STATE_SCHEMA_DESCRIPTOR_ONLY;POSTRUN_ARTIFACT_INVENTORY_ABSENT;STRONGER_SPLIT_NOT_RELIABLY_DERIVABLE;INJECTION_EVALUATOR_HELPER_SOURCE_MISSING,,符合设计，可作为重新draft前的锁定输入,/Users/gss/Downloads/revised_agent_benchmark_paper_package/experiments/agentdojo_full_v1.2.2_direct/case_packets/agentdojo/v1.2.2_workspace_user_task_30_injection_task_2/case_packet.md
v1.2.2:workspace:user_task_30:injection_task_4,workspace,user_task_30,injection_task_4,通过,通过,通过,通过,通过,通过,通过,通过,通过,通过,25,6,31,310738,OFFICIAL_SOURCE_CONTENT_NOT_MATERIALIZED;NATIVE_RUNNER_AND_AGGREGATION_NOT_IN_PACKET;STATE_SCHEMA_DESCRIPTOR_ONLY;POSTRUN_ARTIFACT_INVENTORY_ABSENT;STRONGER_SPLIT_NOT_RELIABLY_DERIVABLE,,符合设计，可作为重新draft前的锁定输入,/Users/gss/Downloads/revised_agent_benchmark_paper_package/experiments/agentdojo_full_v1.2.2_direct/case_packets/agentdojo/v1.2.2_workspace_user_task_30_injection_task_4/case_packet.md
v1.2.2:workspace:user_task_30:injection_task_5,workspace,user_task_30,injection_task_5,通过,通过,通过,通过,通过,通过,通过,通过,通过,通过,25,6,31,310471,OFFICIAL_SOURCE_CONTENT_NOT_MATERIALIZED;NATIVE_RUNNER_AND_AGGREGATION_NOT_IN_PACKET;STATE_SCHEMA_DESCRIPTOR_ONLY;POSTRUN_ARTIFACT_INVENTORY_ABSENT;STRONGER_SPLIT_NOT_RELIABLY_DERIVABLE,,符合设计，可作为重新draft前的锁定输入,/Users/gss/Downloads/revised_agent_benchmark_paper_package/experiments/agentdojo_full_v1.2.2_direct/case_packets/agentdojo/v1.2.2_workspace_user_task_30_injection_task_5/case_packet.md
v1.2.2:workspace:user_task_30:injection_task_6,workspace,user_task_30,injection_task_6,通过,通过,通过,通过,通过,通过,通过,通过,通过,通过,25,6,31,316766,OFFICIAL_SOURCE_CONTENT_NOT_MATERIALIZED;NATIVE_RUNNER_AND_AGGREGATION_NOT_IN_PACKET;STATE_SCHEMA_DESCRIPTOR_ONLY;POSTRUN_ARTIFACT_INVENTORY_ABSENT;STRONGER_SPLIT_NOT_RELIABLY_DERIVABLE;INJECTION_EVALUATOR_HELPER_SOURCE_MISSING,,符合设计，可作为重新draft前的锁定输入,/Users/gss/Downloads/revised_agent_benchmark_paper_package/experiments/agentdojo_full_v1.2.2_direct/case_packets/agentdojo/v1.2.2_workspace_user_task_30_injection_task_6/case_packet.md
v1.2.2:workspace:user_task_30:injection_task_8,workspace,user_task_30,injection_task_8,通过,通过,通过,通过,通过,通过,通过,通过,通过,通过,25,6,31,317367,OFFICIAL_SOURCE_CONTENT_NOT_MATERIALIZED;NATIVE_RUNNER_AND_AGGREGATION_NOT_IN_PACKET;STATE_SCHEMA_DESCRIPTOR_ONLY;POSTRUN_ARTIFACT_INVENTORY_ABSENT;STRONGER_SPLIT_NOT_RELIABLY_DERIVABLE;INJECTION_EVALUATOR_HELPER_SOURCE_MISSING,,符合设计，可作为重新draft前的锁定输入,/Users/gss/Downloads/revised_agent_benchmark_paper_package/experiments/agentdojo_full_v1.2.2_direct/case_packets/agentdojo/v1.2.2_workspace_user_task_30_injection_task_8/case_packet.md
v1.2.2:workspace:user_task_30:injection_task_9,workspace,user_task_30,injection_task_9,通过,通过,通过,通过,通过,通过,通过,通过,通过,通过,25,6,31,318381,OFFICIAL_SOURCE_CONTENT_NOT_MATERIALIZED;NATIVE_RUNNER_AND_AGGREGATION_NOT_IN_PACKET;STATE_SCHEMA_DESCRIPTOR_ONLY;POSTRUN_ARTIFACT_INVENTORY_ABSENT;STRONGER_SPLIT_NOT_RELIABLY_DERIVABLE;INJECTION_EVALUATOR_HELPER_SOURCE_MISSING,,符合设计，可作为重新draft前的锁定输入,/Users/gss/Downloads/revised_agent_benchmark_paper_package/experiments/agentdojo_full_v1.2.2_direct/case_packets/agentdojo/v1.2.2_workspace_user_task_30_injection_task_9/case_packet.md
v1.2.2:workspace:user_task_30:injection_task_10,workspace,user_task_30,injection_task_10,通过,通过,通过,通过,通过,通过,通过,通过,通过,通过,25,6,31,316604,OFFICIAL_SOURCE_CONTENT_NOT_MATERIALIZED;NATIVE_RUNNER_AND_AGGREGATION_NOT_IN_PACKET;STATE_SCHEMA_DESCRIPTOR_ONLY;POSTRUN_ARTIFACT_INVENTORY_ABSENT;STRONGER_SPLIT_NOT_RELIABLY_DERIVABLE,,符合设计，可作为重新draft前的锁定输入,/Users/gss/Downloads/revised_agent_benchmark_paper_package/experiments/agentdojo_full_v1.2.2_direct/case_packets/agentdojo/v1.2.2_workspace_user_task_30_injection_task_10/case_packet.md
v1.2.2:workspace:user_task_30:injection_task_11,workspace,user_task_30,injection_task_11,通过,通过,通过,通过,通过,通过,通过,通过,通过,通过,25,6,31,303910,OFFICIAL_SOURCE_CONTENT_NOT_MATERIALIZED;NATIVE_RUNNER_AND_AGGREGATION_NOT_IN_PACKET;STATE_SCHEMA_DESCRIPTOR_ONLY;POSTRUN_ARTIFACT_INVENTORY_ABSENT;STRONGER_SPLIT_NOT_RELIABLY_DERIVABLE,,符合设计，可作为重新draft前的锁定输入,/Users/gss/Downloads/revised_agent_benchmark_paper_package/experiments/agentdojo_full_v1.2.2_direct/case_packets/agentdojo/v1.2.2_workspace_user_task_30_injection_task_11/case_packet.md
v1.2.2:workspace:user_task_30:injection_task_12,workspace,user_task_30,injection_task_12,通过,通过,通过,通过,通过,通过,通过,通过,通过,通过,25,6,31,304709,OFFICIAL_SOURCE_CONTENT_NOT_MATERIALIZED;NATIVE_RUNNER_AND_AGGREGATION_NOT_IN_PACKET;STATE_SCHEMA_DESCRIPTOR_ONLY;POSTRUN_ARTIFACT_INVENTORY_ABSENT;STRONGER_SPLIT_NOT_RELIABLY_DERIVABLE,,符合设计，可作为重新draft前的锁定输入,/Users/gss/Downloads/revised_agent_benchmark_paper_package/experiments/agentdojo_full_v1.2.2_direct/case_packets/agentdojo/v1.2.2_workspace_user_task_30_injection_task_12/case_packet.md
v1.2.2:workspace:user_task_30:injection_task_13,workspace,user_task_30,injection_task_13,通过,通过,通过,通过,通过,通过,通过,通过,通过,通过,25,6,31,318704,OFFICIAL_SOURCE_CONTENT_NOT_MATERIALIZED;NATIVE_RUNNER_AND_AGGREGATION_NOT_IN_PACKET;STATE_SCHEMA_DESCRIPTOR_ONLY;POSTRUN_ARTIFACT_INVENTORY_ABSENT;STRONGER_SPLIT_NOT_RELIABLY_DERIVABLE,,符合设计，可作为重新draft前的锁定输入,/Users/gss/Downloads/revised_agent_benchmark_paper_package/experiments/agentdojo_full_v1.2.2_direct/case_packets/agentdojo/v1.2.2_workspace_user_task_30_injection_task_13/case_packet.md
v1.2.2:workspace:user_task_31:injection_task_0,workspace,user_task_31,injection_task_0,通过,通过,通过,通过,通过,通过,通过,通过,通过,通过,26,6,32,320861,OFFICIAL_SOURCE_CONTENT_NOT_MATERIALIZED;NATIVE_RUNNER_AND_AGGREGATION_NOT_IN_PACKET;STATE_SCHEMA_DESCRIPTOR_ONLY;POSTRUN_ARTIFACT_INVENTORY_ABSENT;STRONGER_SPLIT_NOT_RELIABLY_DERIVABLE;USER_EVALUATOR_HELPER_SOURCE_MISSING,,符合设计，可作为重新draft前的锁定输入,/Users/gss/Downloads/revised_agent_benchmark_paper_package/experiments/agentdojo_full_v1.2.2_direct/case_packets/agentdojo/v1.2.2_workspace_user_task_31_injection_task_0/case_packet.md
v1.2.2:workspace:user_task_31:injection_task_1,workspace,user_task_31,injection_task_1,通过,通过,通过,通过,通过,通过,通过,通过,通过,通过,26,6,32,320039,OFFICIAL_SOURCE_CONTENT_NOT_MATERIALIZED;NATIVE_RUNNER_AND_AGGREGATION_NOT_IN_PACKET;STATE_SCHEMA_DESCRIPTOR_ONLY;POSTRUN_ARTIFACT_INVENTORY_ABSENT;STRONGER_SPLIT_NOT_RELIABLY_DERIVABLE;USER_EVALUATOR_HELPER_SOURCE_MISSING,,符合设计，可作为重新draft前的锁定输入,/Users/gss/Downloads/revised_agent_benchmark_paper_package/experiments/agentdojo_full_v1.2.2_direct/case_packets/agentdojo/v1.2.2_workspace_user_task_31_injection_task_1/case_packet.md
v1.2.2:workspace:user_task_31:injection_task_2,workspace,user_task_31,injection_task_2,通过,通过,通过,通过,通过,通过,通过,通过,通过,通过,26,6,32,321172,OFFICIAL_SOURCE_CONTENT_NOT_MATERIALIZED;NATIVE_RUNNER_AND_AGGREGATION_NOT_IN_PACKET;STATE_SCHEMA_DESCRIPTOR_ONLY;POSTRUN_ARTIFACT_INVENTORY_ABSENT;STRONGER_SPLIT_NOT_RELIABLY_DERIVABLE;USER_EVALUATOR_HELPER_SOURCE_MISSING;INJECTION_EVALUATOR_HELPER_SOURCE_MISSING,,符合设计，可作为重新draft前的锁定输入,/Users/gss/Downloads/revised_agent_benchmark_paper_package/experiments/agentdojo_full_v1.2.2_direct/case_packets/agentdojo/v1.2.2_workspace_user_task_31_injection_task_2/case_packet.md
v1.2.2:workspace:user_task_31:injection_task_4,workspace,user_task_31,injection_task_4,通过,通过,通过,通过,通过,通过,通过,通过,通过,通过,26,6,32,321840,OFFICIAL_SOURCE_CONTENT_NOT_MATERIALIZED;NATIVE_RUNNER_AND_AGGREGATION_NOT_IN_PACKET;STATE_SCHEMA_DESCRIPTOR_ONLY;POSTRUN_ARTIFACT_INVENTORY_ABSENT;STRONGER_SPLIT_NOT_RELIABLY_DERIVABLE;USER_EVALUATOR_HELPER_SOURCE_MISSING,,符合设计，可作为重新draft前的锁定输入,/Users/gss/Downloads/revised_agent_benchmark_paper_package/experiments/agentdojo_full_v1.2.2_direct/case_packets/agentdojo/v1.2.2_workspace_user_task_31_injection_task_4/case_packet.md
v1.2.2:workspace:user_task_31:injection_task_5,workspace,user_task_31,injection_task_5,通过,通过,通过,通过,通过,通过,通过,通过,通过,通过,26,6,32,321573,OFFICIAL_SOURCE_CONTENT_NOT_MATERIALIZED;NATIVE_RUNNER_AND_AGGREGATION_NOT_IN_PACKET;STATE_SCHEMA_DESCRIPTOR_ONLY;POSTRUN_ARTIFACT_INVENTORY_ABSENT;STRONGER_SPLIT_NOT_RELIABLY_DERIVABLE;USER_EVALUATOR_HELPER_SOURCE_MISSING,,符合设计，可作为重新draft前的锁定输入,/Users/gss/Downloads/revised_agent_benchmark_paper_package/experiments/agentdojo_full_v1.2.2_direct/case_packets/agentdojo/v1.2.2_workspace_user_task_31_injection_task_5/case_packet.md
v1.2.2:workspace:user_task_31:injection_task_6,workspace,user_task_31,injection_task_6,通过,通过,通过,通过,通过,通过,通过,通过,通过,通过,26,6,32,327868,OFFICIAL_SOURCE_CONTENT_NOT_MATERIALIZED;NATIVE_RUNNER_AND_AGGREGATION_NOT_IN_PACKET;STATE_SCHEMA_DESCRIPTOR_ONLY;POSTRUN_ARTIFACT_INVENTORY_ABSENT;STRONGER_SPLIT_NOT_RELIABLY_DERIVABLE;USER_EVALUATOR_HELPER_SOURCE_MISSING;INJECTION_EVALUATOR_HELPER_SOURCE_MISSING,,符合设计，可作为重新draft前的锁定输入,/Users/gss/Downloads/revised_agent_benchmark_paper_package/experiments/agentdojo_full_v1.2.2_direct/case_packets/agentdojo/v1.2.2_workspace_user_task_31_injection_task_6/case_packet.md
v1.2.2:workspace:user_task_31:injection_task_7,workspace,user_task_31,injection_task_7,通过,通过,通过,通过,通过,通过,通过,通过,通过,通过,26,6,32,328502,OFFICIAL_SOURCE_CONTENT_NOT_MATERIALIZED;NATIVE_RUNNER_AND_AGGREGATION_NOT_IN_PACKET;STATE_SCHEMA_DESCRIPTOR_ONLY;POSTRUN_ARTIFACT_INVENTORY_ABSENT;STRONGER_SPLIT_NOT_RELIABLY_DERIVABLE;USER_EVALUATOR_HELPER_SOURCE_MISSING;INJECTION_EVALUATOR_HELPER_SOURCE_MISSING,,符合设计，可作为重新draft前的锁定输入,/Users/gss/Downloads/revised_agent_benchmark_paper_package/experiments/agentdojo_full_v1.2.2_direct/case_packets/agentdojo/v1.2.2_workspace_user_task_31_injection_task_7/case_packet.md
v1.2.2:workspace:user_task_31:injection_task_8,workspace,user_task_31,injection_task_8,通过,通过,通过,通过,通过,通过,通过,通过,通过,通过,26,6,32,328469,OFFICIAL_SOURCE_CONTENT_NOT_MATERIALIZED;NATIVE_RUNNER_AND_AGGREGATION_NOT_IN_PACKET;STATE_SCHEMA_DESCRIPTOR_ONLY;POSTRUN_ARTIFACT_INVENTORY_ABSENT;STRONGER_SPLIT_NOT_RELIABLY_DERIVABLE;USER_EVALUATOR_HELPER_SOURCE_MISSING;INJECTION_EVALUATOR_HELPER_SOURCE_MISSING,,符合设计，可作为重新draft前的锁定输入,/Users/gss/Downloads/revised_agent_benchmark_paper_package/experiments/agentdojo_full_v1.2.2_direct/case_packets/agentdojo/v1.2.2_workspace_user_task_31_injection_task_8/case_packet.md
v1.2.2:workspace:user_task_31:injection_task_9,workspace,user_task_31,injection_task_9,通过,通过,通过,通过,通过,通过,通过,通过,通过,通过,26,6,32,329483,OFFICIAL_SOURCE_CONTENT_NOT_MATERIALIZED;NATIVE_RUNNER_AND_AGGREGATION_NOT_IN_PACKET;STATE_SCHEMA_DESCRIPTOR_ONLY;POSTRUN_ARTIFACT_INVENTORY_ABSENT;STRONGER_SPLIT_NOT_RELIABLY_DERIVABLE;USER_EVALUATOR_HELPER_SOURCE_MISSING;INJECTION_EVALUATOR_HELPER_SOURCE_MISSING,,符合设计，可作为重新draft前的锁定输入,/Users/gss/Downloads/revised_agent_benchmark_paper_package/experiments/agentdojo_full_v1.2.2_direct/case_packets/agentdojo/v1.2.2_workspace_user_task_31_injection_task_9/case_packet.md
v1.2.2:workspace:user_task_31:injection_task_10,workspace,user_task_31,injection_task_10,通过,通过,通过,通过,通过,通过,通过,通过,通过,通过,26,6,32,327706,OFFICIAL_SOURCE_CONTENT_NOT_MATERIALIZED;NATIVE_RUNNER_AND_AGGREGATION_NOT_IN_PACKET;STATE_SCHEMA_DESCRIPTOR_ONLY;POSTRUN_ARTIFACT_INVENTORY_ABSENT;STRONGER_SPLIT_NOT_RELIABLY_DERIVABLE;USER_EVALUATOR_HELPER_SOURCE_MISSING,,符合设计，可作为重新draft前的锁定输入,/Users/gss/Downloads/revised_agent_benchmark_paper_package/experiments/agentdojo_full_v1.2.2_direct/case_packets/agentdojo/v1.2.2_workspace_user_task_31_injection_task_10/case_packet.md
v1.2.2:workspace:user_task_31:injection_task_11,workspace,user_task_31,injection_task_11,通过,通过,通过,通过,通过,通过,通过,通过,通过,通过,26,6,32,315012,OFFICIAL_SOURCE_CONTENT_NOT_MATERIALIZED;NATIVE_RUNNER_AND_AGGREGATION_NOT_IN_PACKET;STATE_SCHEMA_DESCRIPTOR_ONLY;POSTRUN_ARTIFACT_INVENTORY_ABSENT;STRONGER_SPLIT_NOT_RELIABLY_DERIVABLE;USER_EVALUATOR_HELPER_SOURCE_MISSING,,符合设计，可作为重新draft前的锁定输入,/Users/gss/Downloads/revised_agent_benchmark_paper_package/experiments/agentdojo_full_v1.2.2_direct/case_packets/agentdojo/v1.2.2_workspace_user_task_31_injection_task_11/case_packet.md
v1.2.2:workspace:user_task_31:injection_task_12,workspace,user_task_31,injection_task_12,通过,通过,通过,通过,通过,通过,通过,通过,通过,通过,26,6,32,315811,OFFICIAL_SOURCE_CONTENT_NOT_MATERIALIZED;NATIVE_RUNNER_AND_AGGREGATION_NOT_IN_PACKET;STATE_SCHEMA_DESCRIPTOR_ONLY;POSTRUN_ARTIFACT_INVENTORY_ABSENT;STRONGER_SPLIT_NOT_RELIABLY_DERIVABLE;USER_EVALUATOR_HELPER_SOURCE_MISSING,,符合设计，可作为重新draft前的锁定输入,/Users/gss/Downloads/revised_agent_benchmark_paper_package/experiments/agentdojo_full_v1.2.2_direct/case_packets/agentdojo/v1.2.2_workspace_user_task_31_injection_task_12/case_packet.md
v1.2.2:workspace:user_task_31:injection_task_13,workspace,user_task_31,injection_task_13,通过,通过,通过,通过,通过,通过,通过,通过,通过,通过,26,6,32,329806,OFFICIAL_SOURCE_CONTENT_NOT_MATERIALIZED;NATIVE_RUNNER_AND_AGGREGATION_NOT_IN_PACKET;STATE_SCHEMA_DESCRIPTOR_ONLY;POSTRUN_ARTIFACT_INVENTORY_ABSENT;STRONGER_SPLIT_NOT_RELIABLY_DERIVABLE;USER_EVALUATOR_HELPER_SOURCE_MISSING,,符合设计，可作为重新draft前的锁定输入,/Users/gss/Downloads/revised_agent_benchmark_paper_package/experiments/agentdojo_full_v1.2.2_direct/case_packets/agentdojo/v1.2.2_workspace_user_task_31_injection_task_13/case_packet.md
v1.2.2:workspace:user_task_32:injection_task_0,workspace,user_task_32,injection_task_0,通过,通过,通过,通过,通过,通过,通过,通过,通过,通过,26,6,32,321609,OFFICIAL_SOURCE_CONTENT_NOT_MATERIALIZED;NATIVE_RUNNER_AND_AGGREGATION_NOT_IN_PACKET;STATE_SCHEMA_DESCRIPTOR_ONLY;POSTRUN_ARTIFACT_INVENTORY_ABSENT;STRONGER_SPLIT_NOT_RELIABLY_DERIVABLE;USER_EVALUATOR_HELPER_SOURCE_MISSING,,符合设计，可作为重新draft前的锁定输入,/Users/gss/Downloads/revised_agent_benchmark_paper_package/experiments/agentdojo_full_v1.2.2_direct/case_packets/agentdojo/v1.2.2_workspace_user_task_32_injection_task_0/case_packet.md
v1.2.2:workspace:user_task_32:injection_task_1,workspace,user_task_32,injection_task_1,通过,通过,通过,通过,通过,通过,通过,通过,通过,通过,26,6,32,320787,OFFICIAL_SOURCE_CONTENT_NOT_MATERIALIZED;NATIVE_RUNNER_AND_AGGREGATION_NOT_IN_PACKET;STATE_SCHEMA_DESCRIPTOR_ONLY;POSTRUN_ARTIFACT_INVENTORY_ABSENT;STRONGER_SPLIT_NOT_RELIABLY_DERIVABLE;USER_EVALUATOR_HELPER_SOURCE_MISSING,,符合设计，可作为重新draft前的锁定输入,/Users/gss/Downloads/revised_agent_benchmark_paper_package/experiments/agentdojo_full_v1.2.2_direct/case_packets/agentdojo/v1.2.2_workspace_user_task_32_injection_task_1/case_packet.md
v1.2.2:workspace:user_task_32:injection_task_3,workspace,user_task_32,injection_task_3,通过,通过,通过,通过,通过,通过,通过,通过,通过,通过,26,6,32,329381,OFFICIAL_SOURCE_CONTENT_NOT_MATERIALIZED;NATIVE_RUNNER_AND_AGGREGATION_NOT_IN_PACKET;STATE_SCHEMA_DESCRIPTOR_ONLY;POSTRUN_ARTIFACT_INVENTORY_ABSENT;STRONGER_SPLIT_NOT_RELIABLY_DERIVABLE;USER_EVALUATOR_HELPER_SOURCE_MISSING,,符合设计，可作为重新draft前的锁定输入,/Users/gss/Downloads/revised_agent_benchmark_paper_package/experiments/agentdojo_full_v1.2.2_direct/case_packets/agentdojo/v1.2.2_workspace_user_task_32_injection_task_3/case_packet.md
v1.2.2:workspace:user_task_32:injection_task_4,workspace,user_task_32,injection_task_4,通过,通过,通过,通过,通过,通过,通过,通过,通过,通过,26,6,32,322588,OFFICIAL_SOURCE_CONTENT_NOT_MATERIALIZED;NATIVE_RUNNER_AND_AGGREGATION_NOT_IN_PACKET;STATE_SCHEMA_DESCRIPTOR_ONLY;POSTRUN_ARTIFACT_INVENTORY_ABSENT;STRONGER_SPLIT_NOT_RELIABLY_DERIVABLE;USER_EVALUATOR_HELPER_SOURCE_MISSING,,符合设计，可作为重新draft前的锁定输入,/Users/gss/Downloads/revised_agent_benchmark_paper_package/experiments/agentdojo_full_v1.2.2_direct/case_packets/agentdojo/v1.2.2_workspace_user_task_32_injection_task_4/case_packet.md
v1.2.2:workspace:user_task_32:injection_task_5,workspace,user_task_32,injection_task_5,通过,通过,通过,通过,通过,通过,通过,通过,通过,通过,26,6,32,322321,OFFICIAL_SOURCE_CONTENT_NOT_MATERIALIZED;NATIVE_RUNNER_AND_AGGREGATION_NOT_IN_PACKET;STATE_SCHEMA_DESCRIPTOR_ONLY;POSTRUN_ARTIFACT_INVENTORY_ABSENT;STRONGER_SPLIT_NOT_RELIABLY_DERIVABLE;USER_EVALUATOR_HELPER_SOURCE_MISSING,,符合设计，可作为重新draft前的锁定输入,/Users/gss/Downloads/revised_agent_benchmark_paper_package/experiments/agentdojo_full_v1.2.2_direct/case_packets/agentdojo/v1.2.2_workspace_user_task_32_injection_task_5/case_packet.md
v1.2.2:workspace:user_task_32:injection_task_6,workspace,user_task_32,injection_task_6,通过,通过,通过,通过,通过,通过,通过,通过,通过,通过,26,6,32,328616,OFFICIAL_SOURCE_CONTENT_NOT_MATERIALIZED;NATIVE_RUNNER_AND_AGGREGATION_NOT_IN_PACKET;STATE_SCHEMA_DESCRIPTOR_ONLY;POSTRUN_ARTIFACT_INVENTORY_ABSENT;STRONGER_SPLIT_NOT_RELIABLY_DERIVABLE;USER_EVALUATOR_HELPER_SOURCE_MISSING;INJECTION_EVALUATOR_HELPER_SOURCE_MISSING,,符合设计，可作为重新draft前的锁定输入,/Users/gss/Downloads/revised_agent_benchmark_paper_package/experiments/agentdojo_full_v1.2.2_direct/case_packets/agentdojo/v1.2.2_workspace_user_task_32_injection_task_6/case_packet.md
v1.2.2:workspace:user_task_32:injection_task_7,workspace,user_task_32,injection_task_7,通过,通过,通过,通过,通过,通过,通过,通过,通过,通过,26,6,32,329250,OFFICIAL_SOURCE_CONTENT_NOT_MATERIALIZED;NATIVE_RUNNER_AND_AGGREGATION_NOT_IN_PACKET;STATE_SCHEMA_DESCRIPTOR_ONLY;POSTRUN_ARTIFACT_INVENTORY_ABSENT;STRONGER_SPLIT_NOT_RELIABLY_DERIVABLE;USER_EVALUATOR_HELPER_SOURCE_MISSING;INJECTION_EVALUATOR_HELPER_SOURCE_MISSING,,符合设计，可作为重新draft前的锁定输入,/Users/gss/Downloads/revised_agent_benchmark_paper_package/experiments/agentdojo_full_v1.2.2_direct/case_packets/agentdojo/v1.2.2_workspace_user_task_32_injection_task_7/case_packet.md
v1.2.2:workspace:user_task_32:injection_task_8,workspace,user_task_32,injection_task_8,通过,通过,通过,通过,通过,通过,通过,通过,通过,通过,26,6,32,329217,OFFICIAL_SOURCE_CONTENT_NOT_MATERIALIZED;NATIVE_RUNNER_AND_AGGREGATION_NOT_IN_PACKET;STATE_SCHEMA_DESCRIPTOR_ONLY;POSTRUN_ARTIFACT_INVENTORY_ABSENT;STRONGER_SPLIT_NOT_RELIABLY_DERIVABLE;USER_EVALUATOR_HELPER_SOURCE_MISSING;INJECTION_EVALUATOR_HELPER_SOURCE_MISSING,,符合设计，可作为重新draft前的锁定输入,/Users/gss/Downloads/revised_agent_benchmark_paper_package/experiments/agentdojo_full_v1.2.2_direct/case_packets/agentdojo/v1.2.2_workspace_user_task_32_injection_task_8/case_packet.md
v1.2.2:workspace:user_task_32:injection_task_9,workspace,user_task_32,injection_task_9,通过,通过,通过,通过,通过,通过,通过,通过,通过,通过,26,6,32,330231,OFFICIAL_SOURCE_CONTENT_NOT_MATERIALIZED;NATIVE_RUNNER_AND_AGGREGATION_NOT_IN_PACKET;STATE_SCHEMA_DESCRIPTOR_ONLY;POSTRUN_ARTIFACT_INVENTORY_ABSENT;STRONGER_SPLIT_NOT_RELIABLY_DERIVABLE;USER_EVALUATOR_HELPER_SOURCE_MISSING;INJECTION_EVALUATOR_HELPER_SOURCE_MISSING,,符合设计，可作为重新draft前的锁定输入,/Users/gss/Downloads/revised_agent_benchmark_paper_package/experiments/agentdojo_full_v1.2.2_direct/case_packets/agentdojo/v1.2.2_workspace_user_task_32_injection_task_9/case_packet.md
v1.2.2:workspace:user_task_32:injection_task_10,workspace,user_task_32,injection_task_10,通过,通过,通过,通过,通过,通过,通过,通过,通过,通过,26,6,32,328454,OFFICIAL_SOURCE_CONTENT_NOT_MATERIALIZED;NATIVE_RUNNER_AND_AGGREGATION_NOT_IN_PACKET;STATE_SCHEMA_DESCRIPTOR_ONLY;POSTRUN_ARTIFACT_INVENTORY_ABSENT;STRONGER_SPLIT_NOT_RELIABLY_DERIVABLE;USER_EVALUATOR_HELPER_SOURCE_MISSING,,符合设计，可作为重新draft前的锁定输入,/Users/gss/Downloads/revised_agent_benchmark_paper_package/experiments/agentdojo_full_v1.2.2_direct/case_packets/agentdojo/v1.2.2_workspace_user_task_32_injection_task_10/case_packet.md
v1.2.2:workspace:user_task_32:injection_task_11,workspace,user_task_32,injection_task_11,通过,通过,通过,通过,通过,通过,通过,通过,通过,通过,26,6,32,315760,OFFICIAL_SOURCE_CONTENT_NOT_MATERIALIZED;NATIVE_RUNNER_AND_AGGREGATION_NOT_IN_PACKET;STATE_SCHEMA_DESCRIPTOR_ONLY;POSTRUN_ARTIFACT_INVENTORY_ABSENT;STRONGER_SPLIT_NOT_RELIABLY_DERIVABLE;USER_EVALUATOR_HELPER_SOURCE_MISSING,,符合设计，可作为重新draft前的锁定输入,/Users/gss/Downloads/revised_agent_benchmark_paper_package/experiments/agentdojo_full_v1.2.2_direct/case_packets/agentdojo/v1.2.2_workspace_user_task_32_injection_task_11/case_packet.md
v1.2.2:workspace:user_task_32:injection_task_12,workspace,user_task_32,injection_task_12,通过,通过,通过,通过,通过,通过,通过,通过,通过,通过,26,6,32,316559,OFFICIAL_SOURCE_CONTENT_NOT_MATERIALIZED;NATIVE_RUNNER_AND_AGGREGATION_NOT_IN_PACKET;STATE_SCHEMA_DESCRIPTOR_ONLY;POSTRUN_ARTIFACT_INVENTORY_ABSENT;STRONGER_SPLIT_NOT_RELIABLY_DERIVABLE;USER_EVALUATOR_HELPER_SOURCE_MISSING,,符合设计，可作为重新draft前的锁定输入,/Users/gss/Downloads/revised_agent_benchmark_paper_package/experiments/agentdojo_full_v1.2.2_direct/case_packets/agentdojo/v1.2.2_workspace_user_task_32_injection_task_12/case_packet.md
v1.2.2:workspace:user_task_32:injection_task_13,workspace,user_task_32,injection_task_13,通过,通过,通过,通过,通过,通过,通过,通过,通过,通过,26,6,32,330554,OFFICIAL_SOURCE_CONTENT_NOT_MATERIALIZED;NATIVE_RUNNER_AND_AGGREGATION_NOT_IN_PACKET;STATE_SCHEMA_DESCRIPTOR_ONLY;POSTRUN_ARTIFACT_INVENTORY_ABSENT;STRONGER_SPLIT_NOT_RELIABLY_DERIVABLE;USER_EVALUATOR_HELPER_SOURCE_MISSING,,符合设计，可作为重新draft前的锁定输入,/Users/gss/Downloads/revised_agent_benchmark_paper_package/experiments/agentdojo_full_v1.2.2_direct/case_packets/agentdojo/v1.2.2_workspace_user_task_32_injection_task_13/case_packet.md
v1.2.2:workspace:user_task_15:injection_task_0,workspace,user_task_15,injection_task_0,通过,通过,通过,通过,通过,通过,通过,通过,通过,通过,25,6,31,310610,OFFICIAL_SOURCE_CONTENT_NOT_MATERIALIZED;NATIVE_RUNNER_AND_AGGREGATION_NOT_IN_PACKET;STATE_SCHEMA_DESCRIPTOR_ONLY;POSTRUN_ARTIFACT_INVENTORY_ABSENT;STRONGER_SPLIT_NOT_RELIABLY_DERIVABLE;USER_EVALUATOR_HELPER_SOURCE_MISSING,,符合设计，可作为重新draft前的锁定输入,/Users/gss/Downloads/revised_agent_benchmark_paper_package/experiments/agentdojo_full_v1.2.2_direct/case_packets/agentdojo/v1.2.2_workspace_user_task_15_injection_task_0/case_packet.md
v1.2.2:workspace:user_task_15:injection_task_1,workspace,user_task_15,injection_task_1,通过,通过,通过,通过,通过,通过,通过,通过,通过,通过,25,6,31,309788,OFFICIAL_SOURCE_CONTENT_NOT_MATERIALIZED;NATIVE_RUNNER_AND_AGGREGATION_NOT_IN_PACKET;STATE_SCHEMA_DESCRIPTOR_ONLY;POSTRUN_ARTIFACT_INVENTORY_ABSENT;STRONGER_SPLIT_NOT_RELIABLY_DERIVABLE;USER_EVALUATOR_HELPER_SOURCE_MISSING,,符合设计，可作为重新draft前的锁定输入,/Users/gss/Downloads/revised_agent_benchmark_paper_package/experiments/agentdojo_full_v1.2.2_direct/case_packets/agentdojo/v1.2.2_workspace_user_task_15_injection_task_1/case_packet.md
v1.2.2:workspace:user_task_15:injection_task_4,workspace,user_task_15,injection_task_4,通过,通过,通过,通过,通过,通过,通过,通过,通过,通过,25,6,31,311589,OFFICIAL_SOURCE_CONTENT_NOT_MATERIALIZED;NATIVE_RUNNER_AND_AGGREGATION_NOT_IN_PACKET;STATE_SCHEMA_DESCRIPTOR_ONLY;POSTRUN_ARTIFACT_INVENTORY_ABSENT;STRONGER_SPLIT_NOT_RELIABLY_DERIVABLE;USER_EVALUATOR_HELPER_SOURCE_MISSING,,符合设计，可作为重新draft前的锁定输入,/Users/gss/Downloads/revised_agent_benchmark_paper_package/experiments/agentdojo_full_v1.2.2_direct/case_packets/agentdojo/v1.2.2_workspace_user_task_15_injection_task_4/case_packet.md
v1.2.2:workspace:user_task_15:injection_task_5,workspace,user_task_15,injection_task_5,通过,通过,通过,通过,通过,通过,通过,通过,通过,通过,25,6,31,311322,OFFICIAL_SOURCE_CONTENT_NOT_MATERIALIZED;NATIVE_RUNNER_AND_AGGREGATION_NOT_IN_PACKET;STATE_SCHEMA_DESCRIPTOR_ONLY;POSTRUN_ARTIFACT_INVENTORY_ABSENT;STRONGER_SPLIT_NOT_RELIABLY_DERIVABLE;USER_EVALUATOR_HELPER_SOURCE_MISSING,,符合设计，可作为重新draft前的锁定输入,/Users/gss/Downloads/revised_agent_benchmark_paper_package/experiments/agentdojo_full_v1.2.2_direct/case_packets/agentdojo/v1.2.2_workspace_user_task_15_injection_task_5/case_packet.md
v1.2.2:workspace:user_task_15:injection_task_6,workspace,user_task_15,injection_task_6,通过,通过,通过,通过,通过,通过,通过,通过,通过,通过,25,6,31,317617,OFFICIAL_SOURCE_CONTENT_NOT_MATERIALIZED;NATIVE_RUNNER_AND_AGGREGATION_NOT_IN_PACKET;STATE_SCHEMA_DESCRIPTOR_ONLY;POSTRUN_ARTIFACT_INVENTORY_ABSENT;STRONGER_SPLIT_NOT_RELIABLY_DERIVABLE;USER_EVALUATOR_HELPER_SOURCE_MISSING;INJECTION_EVALUATOR_HELPER_SOURCE_MISSING,,符合设计，可作为重新draft前的锁定输入,/Users/gss/Downloads/revised_agent_benchmark_paper_package/experiments/agentdojo_full_v1.2.2_direct/case_packets/agentdojo/v1.2.2_workspace_user_task_15_injection_task_6/case_packet.md
v1.2.2:workspace:user_task_15:injection_task_7,workspace,user_task_15,injection_task_7,通过,通过,通过,通过,通过,通过,通过,通过,通过,通过,25,6,31,318251,OFFICIAL_SOURCE_CONTENT_NOT_MATERIALIZED;NATIVE_RUNNER_AND_AGGREGATION_NOT_IN_PACKET;STATE_SCHEMA_DESCRIPTOR_ONLY;POSTRUN_ARTIFACT_INVENTORY_ABSENT;STRONGER_SPLIT_NOT_RELIABLY_DERIVABLE;USER_EVALUATOR_HELPER_SOURCE_MISSING;INJECTION_EVALUATOR_HELPER_SOURCE_MISSING,,符合设计，可作为重新draft前的锁定输入,/Users/gss/Downloads/revised_agent_benchmark_paper_package/experiments/agentdojo_full_v1.2.2_direct/case_packets/agentdojo/v1.2.2_workspace_user_task_15_injection_task_7/case_packet.md
v1.2.2:workspace:user_task_15:injection_task_8,workspace,user_task_15,injection_task_8,通过,通过,通过,通过,通过,通过,通过,通过,通过,通过,25,6,31,318218,OFFICIAL_SOURCE_CONTENT_NOT_MATERIALIZED;NATIVE_RUNNER_AND_AGGREGATION_NOT_IN_PACKET;STATE_SCHEMA_DESCRIPTOR_ONLY;POSTRUN_ARTIFACT_INVENTORY_ABSENT;STRONGER_SPLIT_NOT_RELIABLY_DERIVABLE;USER_EVALUATOR_HELPER_SOURCE_MISSING;INJECTION_EVALUATOR_HELPER_SOURCE_MISSING,,符合设计，可作为重新draft前的锁定输入,/Users/gss/Downloads/revised_agent_benchmark_paper_package/experiments/agentdojo_full_v1.2.2_direct/case_packets/agentdojo/v1.2.2_workspace_user_task_15_injection_task_8/case_packet.md
v1.2.2:workspace:user_task_15:injection_task_9,workspace,user_task_15,injection_task_9,通过,通过,通过,通过,通过,通过,通过,通过,通过,通过,25,6,31,319232,OFFICIAL_SOURCE_CONTENT_NOT_MATERIALIZED;NATIVE_RUNNER_AND_AGGREGATION_NOT_IN_PACKET;STATE_SCHEMA_DESCRIPTOR_ONLY;POSTRUN_ARTIFACT_INVENTORY_ABSENT;STRONGER_SPLIT_NOT_RELIABLY_DERIVABLE;USER_EVALUATOR_HELPER_SOURCE_MISSING;INJECTION_EVALUATOR_HELPER_SOURCE_MISSING,,符合设计，可作为重新draft前的锁定输入,/Users/gss/Downloads/revised_agent_benchmark_paper_package/experiments/agentdojo_full_v1.2.2_direct/case_packets/agentdojo/v1.2.2_workspace_user_task_15_injection_task_9/case_packet.md
v1.2.2:workspace:user_task_15:injection_task_10,workspace,user_task_15,injection_task_10,通过,通过,通过,通过,通过,通过,通过,通过,通过,通过,25,6,31,317455,OFFICIAL_SOURCE_CONTENT_NOT_MATERIALIZED;NATIVE_RUNNER_AND_AGGREGATION_NOT_IN_PACKET;STATE_SCHEMA_DESCRIPTOR_ONLY;POSTRUN_ARTIFACT_INVENTORY_ABSENT;STRONGER_SPLIT_NOT_RELIABLY_DERIVABLE;USER_EVALUATOR_HELPER_SOURCE_MISSING,,符合设计，可作为重新draft前的锁定输入,/Users/gss/Downloads/revised_agent_benchmark_paper_package/experiments/agentdojo_full_v1.2.2_direct/case_packets/agentdojo/v1.2.2_workspace_user_task_15_injection_task_10/case_packet.md
v1.2.2:workspace:user_task_15:injection_task_11,workspace,user_task_15,injection_task_11,通过,通过,通过,通过,通过,通过,通过,通过,通过,通过,25,6,31,304761,OFFICIAL_SOURCE_CONTENT_NOT_MATERIALIZED;NATIVE_RUNNER_AND_AGGREGATION_NOT_IN_PACKET;STATE_SCHEMA_DESCRIPTOR_ONLY;POSTRUN_ARTIFACT_INVENTORY_ABSENT;STRONGER_SPLIT_NOT_RELIABLY_DERIVABLE;USER_EVALUATOR_HELPER_SOURCE_MISSING,,符合设计，可作为重新draft前的锁定输入,/Users/gss/Downloads/revised_agent_benchmark_paper_package/experiments/agentdojo_full_v1.2.2_direct/case_packets/agentdojo/v1.2.2_workspace_user_task_15_injection_task_11/case_packet.md
v1.2.2:workspace:user_task_15:injection_task_12,workspace,user_task_15,injection_task_12,通过,通过,通过,通过,通过,通过,通过,通过,通过,通过,25,6,31,305560,OFFICIAL_SOURCE_CONTENT_NOT_MATERIALIZED;NATIVE_RUNNER_AND_AGGREGATION_NOT_IN_PACKET;STATE_SCHEMA_DESCRIPTOR_ONLY;POSTRUN_ARTIFACT_INVENTORY_ABSENT;STRONGER_SPLIT_NOT_RELIABLY_DERIVABLE;USER_EVALUATOR_HELPER_SOURCE_MISSING,,符合设计，可作为重新draft前的锁定输入,/Users/gss/Downloads/revised_agent_benchmark_paper_package/experiments/agentdojo_full_v1.2.2_direct/case_packets/agentdojo/v1.2.2_workspace_user_task_15_injection_task_12/case_packet.md
v1.2.2:workspace:user_task_15:injection_task_13,workspace,user_task_15,injection_task_13,通过,通过,通过,通过,通过,通过,通过,通过,通过,通过,25,6,31,319555,OFFICIAL_SOURCE_CONTENT_NOT_MATERIALIZED;NATIVE_RUNNER_AND_AGGREGATION_NOT_IN_PACKET;STATE_SCHEMA_DESCRIPTOR_ONLY;POSTRUN_ARTIFACT_INVENTORY_ABSENT;STRONGER_SPLIT_NOT_RELIABLY_DERIVABLE;USER_EVALUATOR_HELPER_SOURCE_MISSING,,符合设计，可作为重新draft前的锁定输入,/Users/gss/Downloads/revised_agent_benchmark_paper_package/experiments/agentdojo_full_v1.2.2_direct/case_packets/agentdojo/v1.2.2_workspace_user_task_15_injection_task_13/case_packet.md
v1.2.2:workspace:user_task_18:injection_task_0,workspace,user_task_18,injection_task_0,通过,通过,通过,通过,通过,通过,通过,通过,通过,通过,26,6,32,321295,OFFICIAL_SOURCE_CONTENT_NOT_MATERIALIZED;NATIVE_RUNNER_AND_AGGREGATION_NOT_IN_PACKET;STATE_SCHEMA_DESCRIPTOR_ONLY;POSTRUN_ARTIFACT_INVENTORY_ABSENT;STRONGER_SPLIT_NOT_RELIABLY_DERIVABLE;USER_EVALUATOR_HELPER_SOURCE_MISSING,,符合设计，可作为重新draft前的锁定输入,/Users/gss/Downloads/revised_agent_benchmark_paper_package/experiments/agentdojo_full_v1.2.2_direct/case_packets/agentdojo/v1.2.2_workspace_user_task_18_injection_task_0/case_packet.md
v1.2.2:workspace:user_task_18:injection_task_1,workspace,user_task_18,injection_task_1,通过,通过,通过,通过,通过,通过,通过,通过,通过,通过,26,6,32,320473,OFFICIAL_SOURCE_CONTENT_NOT_MATERIALIZED;NATIVE_RUNNER_AND_AGGREGATION_NOT_IN_PACKET;STATE_SCHEMA_DESCRIPTOR_ONLY;POSTRUN_ARTIFACT_INVENTORY_ABSENT;STRONGER_SPLIT_NOT_RELIABLY_DERIVABLE;USER_EVALUATOR_HELPER_SOURCE_MISSING,,符合设计，可作为重新draft前的锁定输入,/Users/gss/Downloads/revised_agent_benchmark_paper_package/experiments/agentdojo_full_v1.2.2_direct/case_packets/agentdojo/v1.2.2_workspace_user_task_18_injection_task_1/case_packet.md
v1.2.2:workspace:user_task_18:injection_task_2,workspace,user_task_18,injection_task_2,通过,通过,通过,通过,通过,通过,通过,通过,通过,通过,26,6,32,321606,OFFICIAL_SOURCE_CONTENT_NOT_MATERIALIZED;NATIVE_RUNNER_AND_AGGREGATION_NOT_IN_PACKET;STATE_SCHEMA_DESCRIPTOR_ONLY;POSTRUN_ARTIFACT_INVENTORY_ABSENT;STRONGER_SPLIT_NOT_RELIABLY_DERIVABLE;USER_EVALUATOR_HELPER_SOURCE_MISSING;INJECTION_EVALUATOR_HELPER_SOURCE_MISSING,,符合设计，可作为重新draft前的锁定输入,/Users/gss/Downloads/revised_agent_benchmark_paper_package/experiments/agentdojo_full_v1.2.2_direct/case_packets/agentdojo/v1.2.2_workspace_user_task_18_injection_task_2/case_packet.md
v1.2.2:workspace:user_task_18:injection_task_3,workspace,user_task_18,injection_task_3,通过,通过,通过,通过,通过,通过,通过,通过,通过,通过,26,6,32,329067,OFFICIAL_SOURCE_CONTENT_NOT_MATERIALIZED;NATIVE_RUNNER_AND_AGGREGATION_NOT_IN_PACKET;STATE_SCHEMA_DESCRIPTOR_ONLY;POSTRUN_ARTIFACT_INVENTORY_ABSENT;STRONGER_SPLIT_NOT_RELIABLY_DERIVABLE;USER_EVALUATOR_HELPER_SOURCE_MISSING,,符合设计，可作为重新draft前的锁定输入,/Users/gss/Downloads/revised_agent_benchmark_paper_package/experiments/agentdojo_full_v1.2.2_direct/case_packets/agentdojo/v1.2.2_workspace_user_task_18_injection_task_3/case_packet.md
v1.2.2:workspace:user_task_18:injection_task_4,workspace,user_task_18,injection_task_4,通过,通过,通过,通过,通过,通过,通过,通过,通过,通过,26,6,32,322274,OFFICIAL_SOURCE_CONTENT_NOT_MATERIALIZED;NATIVE_RUNNER_AND_AGGREGATION_NOT_IN_PACKET;STATE_SCHEMA_DESCRIPTOR_ONLY;POSTRUN_ARTIFACT_INVENTORY_ABSENT;STRONGER_SPLIT_NOT_RELIABLY_DERIVABLE;USER_EVALUATOR_HELPER_SOURCE_MISSING,,符合设计，可作为重新draft前的锁定输入,/Users/gss/Downloads/revised_agent_benchmark_paper_package/experiments/agentdojo_full_v1.2.2_direct/case_packets/agentdojo/v1.2.2_workspace_user_task_18_injection_task_4/case_packet.md
v1.2.2:workspace:user_task_18:injection_task_6,workspace,user_task_18,injection_task_6,通过,通过,通过,通过,通过,通过,通过,通过,通过,通过,26,6,32,328302,OFFICIAL_SOURCE_CONTENT_NOT_MATERIALIZED;NATIVE_RUNNER_AND_AGGREGATION_NOT_IN_PACKET;STATE_SCHEMA_DESCRIPTOR_ONLY;POSTRUN_ARTIFACT_INVENTORY_ABSENT;STRONGER_SPLIT_NOT_RELIABLY_DERIVABLE;USER_EVALUATOR_HELPER_SOURCE_MISSING;INJECTION_EVALUATOR_HELPER_SOURCE_MISSING,,符合设计，可作为重新draft前的锁定输入,/Users/gss/Downloads/revised_agent_benchmark_paper_package/experiments/agentdojo_full_v1.2.2_direct/case_packets/agentdojo/v1.2.2_workspace_user_task_18_injection_task_6/case_packet.md
v1.2.2:workspace:user_task_18:injection_task_7,workspace,user_task_18,injection_task_7,通过,通过,通过,通过,通过,通过,通过,通过,通过,通过,26,6,32,328936,OFFICIAL_SOURCE_CONTENT_NOT_MATERIALIZED;NATIVE_RUNNER_AND_AGGREGATION_NOT_IN_PACKET;STATE_SCHEMA_DESCRIPTOR_ONLY;POSTRUN_ARTIFACT_INVENTORY_ABSENT;STRONGER_SPLIT_NOT_RELIABLY_DERIVABLE;USER_EVALUATOR_HELPER_SOURCE_MISSING;INJECTION_EVALUATOR_HELPER_SOURCE_MISSING,,符合设计，可作为重新draft前的锁定输入,/Users/gss/Downloads/revised_agent_benchmark_paper_package/experiments/agentdojo_full_v1.2.2_direct/case_packets/agentdojo/v1.2.2_workspace_user_task_18_injection_task_7/case_packet.md
v1.2.2:workspace:user_task_18:injection_task_8,workspace,user_task_18,injection_task_8,通过,通过,通过,通过,通过,通过,通过,通过,通过,通过,26,6,32,328903,OFFICIAL_SOURCE_CONTENT_NOT_MATERIALIZED;NATIVE_RUNNER_AND_AGGREGATION_NOT_IN_PACKET;STATE_SCHEMA_DESCRIPTOR_ONLY;POSTRUN_ARTIFACT_INVENTORY_ABSENT;STRONGER_SPLIT_NOT_RELIABLY_DERIVABLE;USER_EVALUATOR_HELPER_SOURCE_MISSING;INJECTION_EVALUATOR_HELPER_SOURCE_MISSING,,符合设计，可作为重新draft前的锁定输入,/Users/gss/Downloads/revised_agent_benchmark_paper_package/experiments/agentdojo_full_v1.2.2_direct/case_packets/agentdojo/v1.2.2_workspace_user_task_18_injection_task_8/case_packet.md
v1.2.2:workspace:user_task_18:injection_task_9,workspace,user_task_18,injection_task_9,通过,通过,通过,通过,通过,通过,通过,通过,通过,通过,26,6,32,329917,OFFICIAL_SOURCE_CONTENT_NOT_MATERIALIZED;NATIVE_RUNNER_AND_AGGREGATION_NOT_IN_PACKET;STATE_SCHEMA_DESCRIPTOR_ONLY;POSTRUN_ARTIFACT_INVENTORY_ABSENT;STRONGER_SPLIT_NOT_RELIABLY_DERIVABLE;USER_EVALUATOR_HELPER_SOURCE_MISSING;INJECTION_EVALUATOR_HELPER_SOURCE_MISSING,,符合设计，可作为重新draft前的锁定输入,/Users/gss/Downloads/revised_agent_benchmark_paper_package/experiments/agentdojo_full_v1.2.2_direct/case_packets/agentdojo/v1.2.2_workspace_user_task_18_injection_task_9/case_packet.md
v1.2.2:workspace:user_task_18:injection_task_10,workspace,user_task_18,injection_task_10,通过,通过,通过,通过,通过,通过,通过,通过,通过,通过,26,6,32,328140,OFFICIAL_SOURCE_CONTENT_NOT_MATERIALIZED;NATIVE_RUNNER_AND_AGGREGATION_NOT_IN_PACKET;STATE_SCHEMA_DESCRIPTOR_ONLY;POSTRUN_ARTIFACT_INVENTORY_ABSENT;STRONGER_SPLIT_NOT_RELIABLY_DERIVABLE;USER_EVALUATOR_HELPER_SOURCE_MISSING,,符合设计，可作为重新draft前的锁定输入,/Users/gss/Downloads/revised_agent_benchmark_paper_package/experiments/agentdojo_full_v1.2.2_direct/case_packets/agentdojo/v1.2.2_workspace_user_task_18_injection_task_10/case_packet.md
v1.2.2:workspace:user_task_18:injection_task_11,workspace,user_task_18,injection_task_11,通过,通过,通过,通过,通过,通过,通过,通过,通过,通过,26,6,32,315446,OFFICIAL_SOURCE_CONTENT_NOT_MATERIALIZED;NATIVE_RUNNER_AND_AGGREGATION_NOT_IN_PACKET;STATE_SCHEMA_DESCRIPTOR_ONLY;POSTRUN_ARTIFACT_INVENTORY_ABSENT;STRONGER_SPLIT_NOT_RELIABLY_DERIVABLE;USER_EVALUATOR_HELPER_SOURCE_MISSING,,符合设计，可作为重新draft前的锁定输入,/Users/gss/Downloads/revised_agent_benchmark_paper_package/experiments/agentdojo_full_v1.2.2_direct/case_packets/agentdojo/v1.2.2_workspace_user_task_18_injection_task_11/case_packet.md
v1.2.2:workspace:user_task_18:injection_task_12,workspace,user_task_18,injection_task_12,通过,通过,通过,通过,通过,通过,通过,通过,通过,通过,26,6,32,316245,OFFICIAL_SOURCE_CONTENT_NOT_MATERIALIZED;NATIVE_RUNNER_AND_AGGREGATION_NOT_IN_PACKET;STATE_SCHEMA_DESCRIPTOR_ONLY;POSTRUN_ARTIFACT_INVENTORY_ABSENT;STRONGER_SPLIT_NOT_RELIABLY_DERIVABLE;USER_EVALUATOR_HELPER_SOURCE_MISSING,,符合设计，可作为重新draft前的锁定输入,/Users/gss/Downloads/revised_agent_benchmark_paper_package/experiments/agentdojo_full_v1.2.2_direct/case_packets/agentdojo/v1.2.2_workspace_user_task_18_injection_task_12/case_packet.md
v1.2.2:workspace:user_task_18:injection_task_13,workspace,user_task_18,injection_task_13,通过,通过,通过,通过,通过,通过,通过,通过,通过,通过,26,6,32,330240,OFFICIAL_SOURCE_CONTENT_NOT_MATERIALIZED;NATIVE_RUNNER_AND_AGGREGATION_NOT_IN_PACKET;STATE_SCHEMA_DESCRIPTOR_ONLY;POSTRUN_ARTIFACT_INVENTORY_ABSENT;STRONGER_SPLIT_NOT_RELIABLY_DERIVABLE;USER_EVALUATOR_HELPER_SOURCE_MISSING,,符合设计，可作为重新draft前的锁定输入,/Users/gss/Downloads/revised_agent_benchmark_paper_package/experiments/agentdojo_full_v1.2.2_direct/case_packets/agentdojo/v1.2.2_workspace_user_task_18_injection_task_13/case_packet.md
v1.2.2:workspace:user_task_34:injection_task_0,workspace,user_task_34,injection_task_0,通过,通过,通过,通过,通过,通过,通过,通过,通过,通过,25,6,31,310750,OFFICIAL_SOURCE_CONTENT_NOT_MATERIALIZED;NATIVE_RUNNER_AND_AGGREGATION_NOT_IN_PACKET;STATE_SCHEMA_DESCRIPTOR_ONLY;POSTRUN_ARTIFACT_INVENTORY_ABSENT;STRONGER_SPLIT_NOT_RELIABLY_DERIVABLE;USER_EVALUATOR_HELPER_SOURCE_MISSING,,符合设计，可作为重新draft前的锁定输入,/Users/gss/Downloads/revised_agent_benchmark_paper_package/experiments/agentdojo_full_v1.2.2_direct/case_packets/agentdojo/v1.2.2_workspace_user_task_34_injection_task_0/case_packet.md
v1.2.2:workspace:user_task_34:injection_task_1,workspace,user_task_34,injection_task_1,通过,通过,通过,通过,通过,通过,通过,通过,通过,通过,25,6,31,309928,OFFICIAL_SOURCE_CONTENT_NOT_MATERIALIZED;NATIVE_RUNNER_AND_AGGREGATION_NOT_IN_PACKET;STATE_SCHEMA_DESCRIPTOR_ONLY;POSTRUN_ARTIFACT_INVENTORY_ABSENT;STRONGER_SPLIT_NOT_RELIABLY_DERIVABLE;USER_EVALUATOR_HELPER_SOURCE_MISSING,,符合设计，可作为重新draft前的锁定输入,/Users/gss/Downloads/revised_agent_benchmark_paper_package/experiments/agentdojo_full_v1.2.2_direct/case_packets/agentdojo/v1.2.2_workspace_user_task_34_injection_task_1/case_packet.md
v1.2.2:workspace:user_task_34:injection_task_2,workspace,user_task_34,injection_task_2,通过,通过,通过,通过,通过,通过,通过,通过,通过,通过,25,6,31,311061,OFFICIAL_SOURCE_CONTENT_NOT_MATERIALIZED;NATIVE_RUNNER_AND_AGGREGATION_NOT_IN_PACKET;STATE_SCHEMA_DESCRIPTOR_ONLY;POSTRUN_ARTIFACT_INVENTORY_ABSENT;STRONGER_SPLIT_NOT_RELIABLY_DERIVABLE;USER_EVALUATOR_HELPER_SOURCE_MISSING;INJECTION_EVALUATOR_HELPER_SOURCE_MISSING,,符合设计，可作为重新draft前的锁定输入,/Users/gss/Downloads/revised_agent_benchmark_paper_package/experiments/agentdojo_full_v1.2.2_direct/case_packets/agentdojo/v1.2.2_workspace_user_task_34_injection_task_2/case_packet.md
v1.2.2:workspace:user_task_34:injection_task_3,workspace,user_task_34,injection_task_3,通过,通过,通过,通过,通过,通过,通过,通过,通过,通过,25,6,31,318522,OFFICIAL_SOURCE_CONTENT_NOT_MATERIALIZED;NATIVE_RUNNER_AND_AGGREGATION_NOT_IN_PACKET;STATE_SCHEMA_DESCRIPTOR_ONLY;POSTRUN_ARTIFACT_INVENTORY_ABSENT;STRONGER_SPLIT_NOT_RELIABLY_DERIVABLE;USER_EVALUATOR_HELPER_SOURCE_MISSING,,符合设计，可作为重新draft前的锁定输入,/Users/gss/Downloads/revised_agent_benchmark_paper_package/experiments/agentdojo_full_v1.2.2_direct/case_packets/agentdojo/v1.2.2_workspace_user_task_34_injection_task_3/case_packet.md
v1.2.2:workspace:user_task_34:injection_task_5,workspace,user_task_34,injection_task_5,通过,通过,通过,通过,通过,通过,通过,通过,通过,通过,25,6,31,311462,OFFICIAL_SOURCE_CONTENT_NOT_MATERIALIZED;NATIVE_RUNNER_AND_AGGREGATION_NOT_IN_PACKET;STATE_SCHEMA_DESCRIPTOR_ONLY;POSTRUN_ARTIFACT_INVENTORY_ABSENT;STRONGER_SPLIT_NOT_RELIABLY_DERIVABLE;USER_EVALUATOR_HELPER_SOURCE_MISSING,,符合设计，可作为重新draft前的锁定输入,/Users/gss/Downloads/revised_agent_benchmark_paper_package/experiments/agentdojo_full_v1.2.2_direct/case_packets/agentdojo/v1.2.2_workspace_user_task_34_injection_task_5/case_packet.md
v1.2.2:workspace:user_task_34:injection_task_6,workspace,user_task_34,injection_task_6,通过,通过,通过,通过,通过,通过,通过,通过,通过,通过,25,6,31,317757,OFFICIAL_SOURCE_CONTENT_NOT_MATERIALIZED;NATIVE_RUNNER_AND_AGGREGATION_NOT_IN_PACKET;STATE_SCHEMA_DESCRIPTOR_ONLY;POSTRUN_ARTIFACT_INVENTORY_ABSENT;STRONGER_SPLIT_NOT_RELIABLY_DERIVABLE;USER_EVALUATOR_HELPER_SOURCE_MISSING;INJECTION_EVALUATOR_HELPER_SOURCE_MISSING,,符合设计，可作为重新draft前的锁定输入,/Users/gss/Downloads/revised_agent_benchmark_paper_package/experiments/agentdojo_full_v1.2.2_direct/case_packets/agentdojo/v1.2.2_workspace_user_task_34_injection_task_6/case_packet.md
v1.2.2:workspace:user_task_34:injection_task_7,workspace,user_task_34,injection_task_7,通过,通过,通过,通过,通过,通过,通过,通过,通过,通过,25,6,31,318391,OFFICIAL_SOURCE_CONTENT_NOT_MATERIALIZED;NATIVE_RUNNER_AND_AGGREGATION_NOT_IN_PACKET;STATE_SCHEMA_DESCRIPTOR_ONLY;POSTRUN_ARTIFACT_INVENTORY_ABSENT;STRONGER_SPLIT_NOT_RELIABLY_DERIVABLE;USER_EVALUATOR_HELPER_SOURCE_MISSING;INJECTION_EVALUATOR_HELPER_SOURCE_MISSING,,符合设计，可作为重新draft前的锁定输入,/Users/gss/Downloads/revised_agent_benchmark_paper_package/experiments/agentdojo_full_v1.2.2_direct/case_packets/agentdojo/v1.2.2_workspace_user_task_34_injection_task_7/case_packet.md
v1.2.2:workspace:user_task_34:injection_task_8,workspace,user_task_34,injection_task_8,通过,通过,通过,通过,通过,通过,通过,通过,通过,通过,25,6,31,318358,OFFICIAL_SOURCE_CONTENT_NOT_MATERIALIZED;NATIVE_RUNNER_AND_AGGREGATION_NOT_IN_PACKET;STATE_SCHEMA_DESCRIPTOR_ONLY;POSTRUN_ARTIFACT_INVENTORY_ABSENT;STRONGER_SPLIT_NOT_RELIABLY_DERIVABLE;USER_EVALUATOR_HELPER_SOURCE_MISSING;INJECTION_EVALUATOR_HELPER_SOURCE_MISSING,,符合设计，可作为重新draft前的锁定输入,/Users/gss/Downloads/revised_agent_benchmark_paper_package/experiments/agentdojo_full_v1.2.2_direct/case_packets/agentdojo/v1.2.2_workspace_user_task_34_injection_task_8/case_packet.md
v1.2.2:workspace:user_task_34:injection_task_9,workspace,user_task_34,injection_task_9,通过,通过,通过,通过,通过,通过,通过,通过,通过,通过,25,6,31,319372,OFFICIAL_SOURCE_CONTENT_NOT_MATERIALIZED;NATIVE_RUNNER_AND_AGGREGATION_NOT_IN_PACKET;STATE_SCHEMA_DESCRIPTOR_ONLY;POSTRUN_ARTIFACT_INVENTORY_ABSENT;STRONGER_SPLIT_NOT_RELIABLY_DERIVABLE;USER_EVALUATOR_HELPER_SOURCE_MISSING;INJECTION_EVALUATOR_HELPER_SOURCE_MISSING,,符合设计，可作为重新draft前的锁定输入,/Users/gss/Downloads/revised_agent_benchmark_paper_package/experiments/agentdojo_full_v1.2.2_direct/case_packets/agentdojo/v1.2.2_workspace_user_task_34_injection_task_9/case_packet.md
v1.2.2:workspace:user_task_34:injection_task_10,workspace,user_task_34,injection_task_10,通过,通过,通过,通过,通过,通过,通过,通过,通过,通过,25,6,31,317595,OFFICIAL_SOURCE_CONTENT_NOT_MATERIALIZED;NATIVE_RUNNER_AND_AGGREGATION_NOT_IN_PACKET;STATE_SCHEMA_DESCRIPTOR_ONLY;POSTRUN_ARTIFACT_INVENTORY_ABSENT;STRONGER_SPLIT_NOT_RELIABLY_DERIVABLE;USER_EVALUATOR_HELPER_SOURCE_MISSING,,符合设计，可作为重新draft前的锁定输入,/Users/gss/Downloads/revised_agent_benchmark_paper_package/experiments/agentdojo_full_v1.2.2_direct/case_packets/agentdojo/v1.2.2_workspace_user_task_34_injection_task_10/case_packet.md
v1.2.2:workspace:user_task_34:injection_task_12,workspace,user_task_34,injection_task_12,通过,通过,通过,通过,通过,通过,通过,通过,通过,通过,25,6,31,305700,OFFICIAL_SOURCE_CONTENT_NOT_MATERIALIZED;NATIVE_RUNNER_AND_AGGREGATION_NOT_IN_PACKET;STATE_SCHEMA_DESCRIPTOR_ONLY;POSTRUN_ARTIFACT_INVENTORY_ABSENT;STRONGER_SPLIT_NOT_RELIABLY_DERIVABLE;USER_EVALUATOR_HELPER_SOURCE_MISSING,,符合设计，可作为重新draft前的锁定输入,/Users/gss/Downloads/revised_agent_benchmark_paper_package/experiments/agentdojo_full_v1.2.2_direct/case_packets/agentdojo/v1.2.2_workspace_user_task_34_injection_task_12/case_packet.md
v1.2.2:workspace:user_task_34:injection_task_13,workspace,user_task_34,injection_task_13,通过,通过,通过,通过,通过,通过,通过,通过,通过,通过,25,6,31,319695,OFFICIAL_SOURCE_CONTENT_NOT_MATERIALIZED;NATIVE_RUNNER_AND_AGGREGATION_NOT_IN_PACKET;STATE_SCHEMA_DESCRIPTOR_ONLY;POSTRUN_ARTIFACT_INVENTORY_ABSENT;STRONGER_SPLIT_NOT_RELIABLY_DERIVABLE;USER_EVALUATOR_HELPER_SOURCE_MISSING,,符合设计，可作为重新draft前的锁定输入,/Users/gss/Downloads/revised_agent_benchmark_paper_package/experiments/agentdojo_full_v1.2.2_direct/case_packets/agentdojo/v1.2.2_workspace_user_task_34_injection_task_13/case_packet.md
v1.2.2:workspace:user_task_20:injection_task_0,workspace,user_task_20,injection_task_0,通过,通过,通过,通过,通过,通过,通过,通过,通过,通过,26,6,32,320616,OFFICIAL_SOURCE_CONTENT_NOT_MATERIALIZED;NATIVE_RUNNER_AND_AGGREGATION_NOT_IN_PACKET;STATE_SCHEMA_DESCRIPTOR_ONLY;POSTRUN_ARTIFACT_INVENTORY_ABSENT;STRONGER_SPLIT_NOT_RELIABLY_DERIVABLE;USER_EVALUATOR_HELPER_SOURCE_MISSING,,符合设计，可作为重新draft前的锁定输入,/Users/gss/Downloads/revised_agent_benchmark_paper_package/experiments/agentdojo_full_v1.2.2_direct/case_packets/agentdojo/v1.2.2_workspace_user_task_20_injection_task_0/case_packet.md
v1.2.2:workspace:user_task_20:injection_task_1,workspace,user_task_20,injection_task_1,通过,通过,通过,通过,通过,通过,通过,通过,通过,通过,26,6,32,319794,OFFICIAL_SOURCE_CONTENT_NOT_MATERIALIZED;NATIVE_RUNNER_AND_AGGREGATION_NOT_IN_PACKET;STATE_SCHEMA_DESCRIPTOR_ONLY;POSTRUN_ARTIFACT_INVENTORY_ABSENT;STRONGER_SPLIT_NOT_RELIABLY_DERIVABLE;USER_EVALUATOR_HELPER_SOURCE_MISSING,,符合设计，可作为重新draft前的锁定输入,/Users/gss/Downloads/revised_agent_benchmark_paper_package/experiments/agentdojo_full_v1.2.2_direct/case_packets/agentdojo/v1.2.2_workspace_user_task_20_injection_task_1/case_packet.md
v1.2.2:workspace:user_task_20:injection_task_2,workspace,user_task_20,injection_task_2,通过,通过,通过,通过,通过,通过,通过,通过,通过,通过,26,6,32,320927,OFFICIAL_SOURCE_CONTENT_NOT_MATERIALIZED;NATIVE_RUNNER_AND_AGGREGATION_NOT_IN_PACKET;STATE_SCHEMA_DESCRIPTOR_ONLY;POSTRUN_ARTIFACT_INVENTORY_ABSENT;STRONGER_SPLIT_NOT_RELIABLY_DERIVABLE;USER_EVALUATOR_HELPER_SOURCE_MISSING;INJECTION_EVALUATOR_HELPER_SOURCE_MISSING,,符合设计，可作为重新draft前的锁定输入,/Users/gss/Downloads/revised_agent_benchmark_paper_package/experiments/agentdojo_full_v1.2.2_direct/case_packets/agentdojo/v1.2.2_workspace_user_task_20_injection_task_2/case_packet.md
v1.2.2:workspace:user_task_20:injection_task_3,workspace,user_task_20,injection_task_3,通过,通过,通过,通过,通过,通过,通过,通过,通过,通过,26,6,32,328388,OFFICIAL_SOURCE_CONTENT_NOT_MATERIALIZED;NATIVE_RUNNER_AND_AGGREGATION_NOT_IN_PACKET;STATE_SCHEMA_DESCRIPTOR_ONLY;POSTRUN_ARTIFACT_INVENTORY_ABSENT;STRONGER_SPLIT_NOT_RELIABLY_DERIVABLE;USER_EVALUATOR_HELPER_SOURCE_MISSING,,符合设计，可作为重新draft前的锁定输入,/Users/gss/Downloads/revised_agent_benchmark_paper_package/experiments/agentdojo_full_v1.2.2_direct/case_packets/agentdojo/v1.2.2_workspace_user_task_20_injection_task_3/case_packet.md
v1.2.2:workspace:user_task_20:injection_task_4,workspace,user_task_20,injection_task_4,通过,通过,通过,通过,通过,通过,通过,通过,通过,通过,26,6,32,321595,OFFICIAL_SOURCE_CONTENT_NOT_MATERIALIZED;NATIVE_RUNNER_AND_AGGREGATION_NOT_IN_PACKET;STATE_SCHEMA_DESCRIPTOR_ONLY;POSTRUN_ARTIFACT_INVENTORY_ABSENT;STRONGER_SPLIT_NOT_RELIABLY_DERIVABLE;USER_EVALUATOR_HELPER_SOURCE_MISSING,,符合设计，可作为重新draft前的锁定输入,/Users/gss/Downloads/revised_agent_benchmark_paper_package/experiments/agentdojo_full_v1.2.2_direct/case_packets/agentdojo/v1.2.2_workspace_user_task_20_injection_task_4/case_packet.md
v1.2.2:workspace:user_task_20:injection_task_5,workspace,user_task_20,injection_task_5,通过,通过,通过,通过,通过,通过,通过,通过,通过,通过,26,6,32,321328,OFFICIAL_SOURCE_CONTENT_NOT_MATERIALIZED;NATIVE_RUNNER_AND_AGGREGATION_NOT_IN_PACKET;STATE_SCHEMA_DESCRIPTOR_ONLY;POSTRUN_ARTIFACT_INVENTORY_ABSENT;STRONGER_SPLIT_NOT_RELIABLY_DERIVABLE;USER_EVALUATOR_HELPER_SOURCE_MISSING,,符合设计，可作为重新draft前的锁定输入,/Users/gss/Downloads/revised_agent_benchmark_paper_package/experiments/agentdojo_full_v1.2.2_direct/case_packets/agentdojo/v1.2.2_workspace_user_task_20_injection_task_5/case_packet.md
v1.2.2:workspace:user_task_20:injection_task_6,workspace,user_task_20,injection_task_6,通过,通过,通过,通过,通过,通过,通过,通过,通过,通过,26,6,32,327623,OFFICIAL_SOURCE_CONTENT_NOT_MATERIALIZED;NATIVE_RUNNER_AND_AGGREGATION_NOT_IN_PACKET;STATE_SCHEMA_DESCRIPTOR_ONLY;POSTRUN_ARTIFACT_INVENTORY_ABSENT;STRONGER_SPLIT_NOT_RELIABLY_DERIVABLE;USER_EVALUATOR_HELPER_SOURCE_MISSING;INJECTION_EVALUATOR_HELPER_SOURCE_MISSING,,符合设计，可作为重新draft前的锁定输入,/Users/gss/Downloads/revised_agent_benchmark_paper_package/experiments/agentdojo_full_v1.2.2_direct/case_packets/agentdojo/v1.2.2_workspace_user_task_20_injection_task_6/case_packet.md
v1.2.2:workspace:user_task_20:injection_task_7,workspace,user_task_20,injection_task_7,通过,通过,通过,通过,通过,通过,通过,通过,通过,通过,26,6,32,328257,OFFICIAL_SOURCE_CONTENT_NOT_MATERIALIZED;NATIVE_RUNNER_AND_AGGREGATION_NOT_IN_PACKET;STATE_SCHEMA_DESCRIPTOR_ONLY;POSTRUN_ARTIFACT_INVENTORY_ABSENT;STRONGER_SPLIT_NOT_RELIABLY_DERIVABLE;USER_EVALUATOR_HELPER_SOURCE_MISSING;INJECTION_EVALUATOR_HELPER_SOURCE_MISSING,,符合设计，可作为重新draft前的锁定输入,/Users/gss/Downloads/revised_agent_benchmark_paper_package/experiments/agentdojo_full_v1.2.2_direct/case_packets/agentdojo/v1.2.2_workspace_user_task_20_injection_task_7/case_packet.md
v1.2.2:workspace:user_task_20:injection_task_8,workspace,user_task_20,injection_task_8,通过,通过,通过,通过,通过,通过,通过,通过,通过,通过,26,6,32,328224,OFFICIAL_SOURCE_CONTENT_NOT_MATERIALIZED;NATIVE_RUNNER_AND_AGGREGATION_NOT_IN_PACKET;STATE_SCHEMA_DESCRIPTOR_ONLY;POSTRUN_ARTIFACT_INVENTORY_ABSENT;STRONGER_SPLIT_NOT_RELIABLY_DERIVABLE;USER_EVALUATOR_HELPER_SOURCE_MISSING;INJECTION_EVALUATOR_HELPER_SOURCE_MISSING,,符合设计，可作为重新draft前的锁定输入,/Users/gss/Downloads/revised_agent_benchmark_paper_package/experiments/agentdojo_full_v1.2.2_direct/case_packets/agentdojo/v1.2.2_workspace_user_task_20_injection_task_8/case_packet.md
v1.2.2:workspace:user_task_20:injection_task_9,workspace,user_task_20,injection_task_9,通过,通过,通过,通过,通过,通过,通过,通过,通过,通过,26,6,32,329238,OFFICIAL_SOURCE_CONTENT_NOT_MATERIALIZED;NATIVE_RUNNER_AND_AGGREGATION_NOT_IN_PACKET;STATE_SCHEMA_DESCRIPTOR_ONLY;POSTRUN_ARTIFACT_INVENTORY_ABSENT;STRONGER_SPLIT_NOT_RELIABLY_DERIVABLE;USER_EVALUATOR_HELPER_SOURCE_MISSING;INJECTION_EVALUATOR_HELPER_SOURCE_MISSING,,符合设计，可作为重新draft前的锁定输入,/Users/gss/Downloads/revised_agent_benchmark_paper_package/experiments/agentdojo_full_v1.2.2_direct/case_packets/agentdojo/v1.2.2_workspace_user_task_20_injection_task_9/case_packet.md
v1.2.2:workspace:user_task_20:injection_task_10,workspace,user_task_20,injection_task_10,通过,通过,通过,通过,通过,通过,通过,通过,通过,通过,26,6,32,327461,OFFICIAL_SOURCE_CONTENT_NOT_MATERIALIZED;NATIVE_RUNNER_AND_AGGREGATION_NOT_IN_PACKET;STATE_SCHEMA_DESCRIPTOR_ONLY;POSTRUN_ARTIFACT_INVENTORY_ABSENT;STRONGER_SPLIT_NOT_RELIABLY_DERIVABLE;USER_EVALUATOR_HELPER_SOURCE_MISSING,,符合设计，可作为重新draft前的锁定输入,/Users/gss/Downloads/revised_agent_benchmark_paper_package/experiments/agentdojo_full_v1.2.2_direct/case_packets/agentdojo/v1.2.2_workspace_user_task_20_injection_task_10/case_packet.md
v1.2.2:workspace:user_task_20:injection_task_11,workspace,user_task_20,injection_task_11,通过,通过,通过,通过,通过,通过,通过,通过,通过,通过,26,6,32,314767,OFFICIAL_SOURCE_CONTENT_NOT_MATERIALIZED;NATIVE_RUNNER_AND_AGGREGATION_NOT_IN_PACKET;STATE_SCHEMA_DESCRIPTOR_ONLY;POSTRUN_ARTIFACT_INVENTORY_ABSENT;STRONGER_SPLIT_NOT_RELIABLY_DERIVABLE;USER_EVALUATOR_HELPER_SOURCE_MISSING,,符合设计，可作为重新draft前的锁定输入,/Users/gss/Downloads/revised_agent_benchmark_paper_package/experiments/agentdojo_full_v1.2.2_direct/case_packets/agentdojo/v1.2.2_workspace_user_task_20_injection_task_11/case_packet.md
v1.2.2:workspace:user_task_20:injection_task_12,workspace,user_task_20,injection_task_12,通过,通过,通过,通过,通过,通过,通过,通过,通过,通过,26,6,32,315566,OFFICIAL_SOURCE_CONTENT_NOT_MATERIALIZED;NATIVE_RUNNER_AND_AGGREGATION_NOT_IN_PACKET;STATE_SCHEMA_DESCRIPTOR_ONLY;POSTRUN_ARTIFACT_INVENTORY_ABSENT;STRONGER_SPLIT_NOT_RELIABLY_DERIVABLE;USER_EVALUATOR_HELPER_SOURCE_MISSING,,符合设计，可作为重新draft前的锁定输入,/Users/gss/Downloads/revised_agent_benchmark_paper_package/experiments/agentdojo_full_v1.2.2_direct/case_packets/agentdojo/v1.2.2_workspace_user_task_20_injection_task_12/case_packet.md
v1.2.2:workspace:user_task_20:injection_task_13,workspace,user_task_20,injection_task_13,通过,通过,通过,通过,通过,通过,通过,通过,通过,通过,26,6,32,329561,OFFICIAL_SOURCE_CONTENT_NOT_MATERIALIZED;NATIVE_RUNNER_AND_AGGREGATION_NOT_IN_PACKET;STATE_SCHEMA_DESCRIPTOR_ONLY;POSTRUN_ARTIFACT_INVENTORY_ABSENT;STRONGER_SPLIT_NOT_RELIABLY_DERIVABLE;USER_EVALUATOR_HELPER_SOURCE_MISSING,,符合设计，可作为重新draft前的锁定输入,/Users/gss/Downloads/revised_agent_benchmark_paper_package/experiments/agentdojo_full_v1.2.2_direct/case_packets/agentdojo/v1.2.2_workspace_user_task_20_injection_task_13/case_packet.md
v1.2.2:workspace:user_task_33:injection_task_0,workspace,user_task_33,injection_task_0,通过,通过,通过,通过,通过,通过,通过,通过,通过,通过,25,6,31,310835,OFFICIAL_SOURCE_CONTENT_NOT_MATERIALIZED;NATIVE_RUNNER_AND_AGGREGATION_NOT_IN_PACKET;STATE_SCHEMA_DESCRIPTOR_ONLY;POSTRUN_ARTIFACT_INVENTORY_ABSENT;STRONGER_SPLIT_NOT_RELIABLY_DERIVABLE;USER_EVALUATOR_HELPER_SOURCE_MISSING,,符合设计，可作为重新draft前的锁定输入,/Users/gss/Downloads/revised_agent_benchmark_paper_package/experiments/agentdojo_full_v1.2.2_direct/case_packets/agentdojo/v1.2.2_workspace_user_task_33_injection_task_0/case_packet.md
v1.2.2:workspace:user_task_33:injection_task_1,workspace,user_task_33,injection_task_1,通过,通过,通过,通过,通过,通过,通过,通过,通过,通过,25,6,31,310013,OFFICIAL_SOURCE_CONTENT_NOT_MATERIALIZED;NATIVE_RUNNER_AND_AGGREGATION_NOT_IN_PACKET;STATE_SCHEMA_DESCRIPTOR_ONLY;POSTRUN_ARTIFACT_INVENTORY_ABSENT;STRONGER_SPLIT_NOT_RELIABLY_DERIVABLE;USER_EVALUATOR_HELPER_SOURCE_MISSING,,符合设计，可作为重新draft前的锁定输入,/Users/gss/Downloads/revised_agent_benchmark_paper_package/experiments/agentdojo_full_v1.2.2_direct/case_packets/agentdojo/v1.2.2_workspace_user_task_33_injection_task_1/case_packet.md
v1.2.2:workspace:user_task_33:injection_task_2,workspace,user_task_33,injection_task_2,通过,通过,通过,通过,通过,通过,通过,通过,通过,通过,25,6,31,311146,OFFICIAL_SOURCE_CONTENT_NOT_MATERIALIZED;NATIVE_RUNNER_AND_AGGREGATION_NOT_IN_PACKET;STATE_SCHEMA_DESCRIPTOR_ONLY;POSTRUN_ARTIFACT_INVENTORY_ABSENT;STRONGER_SPLIT_NOT_RELIABLY_DERIVABLE;USER_EVALUATOR_HELPER_SOURCE_MISSING;INJECTION_EVALUATOR_HELPER_SOURCE_MISSING,,符合设计，可作为重新draft前的锁定输入,/Users/gss/Downloads/revised_agent_benchmark_paper_package/experiments/agentdojo_full_v1.2.2_direct/case_packets/agentdojo/v1.2.2_workspace_user_task_33_injection_task_2/case_packet.md
v1.2.2:workspace:user_task_33:injection_task_4,workspace,user_task_33,injection_task_4,通过,通过,通过,通过,通过,通过,通过,通过,通过,通过,25,6,31,311814,OFFICIAL_SOURCE_CONTENT_NOT_MATERIALIZED;NATIVE_RUNNER_AND_AGGREGATION_NOT_IN_PACKET;STATE_SCHEMA_DESCRIPTOR_ONLY;POSTRUN_ARTIFACT_INVENTORY_ABSENT;STRONGER_SPLIT_NOT_RELIABLY_DERIVABLE;USER_EVALUATOR_HELPER_SOURCE_MISSING,,符合设计，可作为重新draft前的锁定输入,/Users/gss/Downloads/revised_agent_benchmark_paper_package/experiments/agentdojo_full_v1.2.2_direct/case_packets/agentdojo/v1.2.2_workspace_user_task_33_injection_task_4/case_packet.md
v1.2.2:workspace:user_task_33:injection_task_5,workspace,user_task_33,injection_task_5,通过,通过,通过,通过,通过,通过,通过,通过,通过,通过,25,6,31,311547,OFFICIAL_SOURCE_CONTENT_NOT_MATERIALIZED;NATIVE_RUNNER_AND_AGGREGATION_NOT_IN_PACKET;STATE_SCHEMA_DESCRIPTOR_ONLY;POSTRUN_ARTIFACT_INVENTORY_ABSENT;STRONGER_SPLIT_NOT_RELIABLY_DERIVABLE;USER_EVALUATOR_HELPER_SOURCE_MISSING,,符合设计，可作为重新draft前的锁定输入,/Users/gss/Downloads/revised_agent_benchmark_paper_package/experiments/agentdojo_full_v1.2.2_direct/case_packets/agentdojo/v1.2.2_workspace_user_task_33_injection_task_5/case_packet.md
v1.2.2:workspace:user_task_33:injection_task_6,workspace,user_task_33,injection_task_6,通过,通过,通过,通过,通过,通过,通过,通过,通过,通过,25,6,31,317842,OFFICIAL_SOURCE_CONTENT_NOT_MATERIALIZED;NATIVE_RUNNER_AND_AGGREGATION_NOT_IN_PACKET;STATE_SCHEMA_DESCRIPTOR_ONLY;POSTRUN_ARTIFACT_INVENTORY_ABSENT;STRONGER_SPLIT_NOT_RELIABLY_DERIVABLE;USER_EVALUATOR_HELPER_SOURCE_MISSING;INJECTION_EVALUATOR_HELPER_SOURCE_MISSING,,符合设计，可作为重新draft前的锁定输入,/Users/gss/Downloads/revised_agent_benchmark_paper_package/experiments/agentdojo_full_v1.2.2_direct/case_packets/agentdojo/v1.2.2_workspace_user_task_33_injection_task_6/case_packet.md
v1.2.2:workspace:user_task_33:injection_task_7,workspace,user_task_33,injection_task_7,通过,通过,通过,通过,通过,通过,通过,通过,通过,通过,25,6,31,318476,OFFICIAL_SOURCE_CONTENT_NOT_MATERIALIZED;NATIVE_RUNNER_AND_AGGREGATION_NOT_IN_PACKET;STATE_SCHEMA_DESCRIPTOR_ONLY;POSTRUN_ARTIFACT_INVENTORY_ABSENT;STRONGER_SPLIT_NOT_RELIABLY_DERIVABLE;USER_EVALUATOR_HELPER_SOURCE_MISSING;INJECTION_EVALUATOR_HELPER_SOURCE_MISSING,,符合设计，可作为重新draft前的锁定输入,/Users/gss/Downloads/revised_agent_benchmark_paper_package/experiments/agentdojo_full_v1.2.2_direct/case_packets/agentdojo/v1.2.2_workspace_user_task_33_injection_task_7/case_packet.md
v1.2.2:workspace:user_task_33:injection_task_8,workspace,user_task_33,injection_task_8,通过,通过,通过,通过,通过,通过,通过,通过,通过,通过,25,6,31,318443,OFFICIAL_SOURCE_CONTENT_NOT_MATERIALIZED;NATIVE_RUNNER_AND_AGGREGATION_NOT_IN_PACKET;STATE_SCHEMA_DESCRIPTOR_ONLY;POSTRUN_ARTIFACT_INVENTORY_ABSENT;STRONGER_SPLIT_NOT_RELIABLY_DERIVABLE;USER_EVALUATOR_HELPER_SOURCE_MISSING;INJECTION_EVALUATOR_HELPER_SOURCE_MISSING,,符合设计，可作为重新draft前的锁定输入,/Users/gss/Downloads/revised_agent_benchmark_paper_package/experiments/agentdojo_full_v1.2.2_direct/case_packets/agentdojo/v1.2.2_workspace_user_task_33_injection_task_8/case_packet.md
v1.2.2:workspace:user_task_33:injection_task_9,workspace,user_task_33,injection_task_9,通过,通过,通过,通过,通过,通过,通过,通过,通过,通过,25,6,31,319457,OFFICIAL_SOURCE_CONTENT_NOT_MATERIALIZED;NATIVE_RUNNER_AND_AGGREGATION_NOT_IN_PACKET;STATE_SCHEMA_DESCRIPTOR_ONLY;POSTRUN_ARTIFACT_INVENTORY_ABSENT;STRONGER_SPLIT_NOT_RELIABLY_DERIVABLE;USER_EVALUATOR_HELPER_SOURCE_MISSING;INJECTION_EVALUATOR_HELPER_SOURCE_MISSING,,符合设计，可作为重新draft前的锁定输入,/Users/gss/Downloads/revised_agent_benchmark_paper_package/experiments/agentdojo_full_v1.2.2_direct/case_packets/agentdojo/v1.2.2_workspace_user_task_33_injection_task_9/case_packet.md
v1.2.2:workspace:user_task_33:injection_task_10,workspace,user_task_33,injection_task_10,通过,通过,通过,通过,通过,通过,通过,通过,通过,通过,25,6,31,317680,OFFICIAL_SOURCE_CONTENT_NOT_MATERIALIZED;NATIVE_RUNNER_AND_AGGREGATION_NOT_IN_PACKET;STATE_SCHEMA_DESCRIPTOR_ONLY;POSTRUN_ARTIFACT_INVENTORY_ABSENT;STRONGER_SPLIT_NOT_RELIABLY_DERIVABLE;USER_EVALUATOR_HELPER_SOURCE_MISSING,,符合设计，可作为重新draft前的锁定输入,/Users/gss/Downloads/revised_agent_benchmark_paper_package/experiments/agentdojo_full_v1.2.2_direct/case_packets/agentdojo/v1.2.2_workspace_user_task_33_injection_task_10/case_packet.md
v1.2.2:workspace:user_task_33:injection_task_11,workspace,user_task_33,injection_task_11,通过,通过,通过,通过,通过,通过,通过,通过,通过,通过,25,6,31,304986,OFFICIAL_SOURCE_CONTENT_NOT_MATERIALIZED;NATIVE_RUNNER_AND_AGGREGATION_NOT_IN_PACKET;STATE_SCHEMA_DESCRIPTOR_ONLY;POSTRUN_ARTIFACT_INVENTORY_ABSENT;STRONGER_SPLIT_NOT_RELIABLY_DERIVABLE;USER_EVALUATOR_HELPER_SOURCE_MISSING,,符合设计，可作为重新draft前的锁定输入,/Users/gss/Downloads/revised_agent_benchmark_paper_package/experiments/agentdojo_full_v1.2.2_direct/case_packets/agentdojo/v1.2.2_workspace_user_task_33_injection_task_11/case_packet.md
v1.2.2:workspace:user_task_33:injection_task_12,workspace,user_task_33,injection_task_12,通过,通过,通过,通过,通过,通过,通过,通过,通过,通过,25,6,31,305785,OFFICIAL_SOURCE_CONTENT_NOT_MATERIALIZED;NATIVE_RUNNER_AND_AGGREGATION_NOT_IN_PACKET;STATE_SCHEMA_DESCRIPTOR_ONLY;POSTRUN_ARTIFACT_INVENTORY_ABSENT;STRONGER_SPLIT_NOT_RELIABLY_DERIVABLE;USER_EVALUATOR_HELPER_SOURCE_MISSING,,符合设计，可作为重新draft前的锁定输入,/Users/gss/Downloads/revised_agent_benchmark_paper_package/experiments/agentdojo_full_v1.2.2_direct/case_packets/agentdojo/v1.2.2_workspace_user_task_33_injection_task_12/case_packet.md
v1.2.2:workspace:user_task_33:injection_task_13,workspace,user_task_33,injection_task_13,通过,通过,通过,通过,通过,通过,通过,通过,通过,通过,25,6,31,319780,OFFICIAL_SOURCE_CONTENT_NOT_MATERIALIZED;NATIVE_RUNNER_AND_AGGREGATION_NOT_IN_PACKET;STATE_SCHEMA_DESCRIPTOR_ONLY;POSTRUN_ARTIFACT_INVENTORY_ABSENT;STRONGER_SPLIT_NOT_RELIABLY_DERIVABLE;USER_EVALUATOR_HELPER_SOURCE_MISSING,,符合设计，可作为重新draft前的锁定输入,/Users/gss/Downloads/revised_agent_benchmark_paper_package/experiments/agentdojo_full_v1.2.2_direct/case_packets/agentdojo/v1.2.2_workspace_user_task_33_injection_task_13/case_packet.md
v1.2.2:workspace:user_task_25:injection_task_0,workspace,user_task_25,injection_task_0,通过,通过,通过,通过,通过,通过,通过,通过,通过,通过,25,6,31,312205,OFFICIAL_SOURCE_CONTENT_NOT_MATERIALIZED;NATIVE_RUNNER_AND_AGGREGATION_NOT_IN_PACKET;STATE_SCHEMA_DESCRIPTOR_ONLY;POSTRUN_ARTIFACT_INVENTORY_ABSENT;STRONGER_SPLIT_NOT_RELIABLY_DERIVABLE,,符合设计，可作为重新draft前的锁定输入,/Users/gss/Downloads/revised_agent_benchmark_paper_package/experiments/agentdojo_full_v1.2.2_direct/case_packets/agentdojo/v1.2.2_workspace_user_task_25_injection_task_0/case_packet.md
v1.2.2:workspace:user_task_25:injection_task_1,workspace,user_task_25,injection_task_1,通过,通过,通过,通过,通过,通过,通过,通过,通过,通过,25,6,31,311383,OFFICIAL_SOURCE_CONTENT_NOT_MATERIALIZED;NATIVE_RUNNER_AND_AGGREGATION_NOT_IN_PACKET;STATE_SCHEMA_DESCRIPTOR_ONLY;POSTRUN_ARTIFACT_INVENTORY_ABSENT;STRONGER_SPLIT_NOT_RELIABLY_DERIVABLE,,符合设计，可作为重新draft前的锁定输入,/Users/gss/Downloads/revised_agent_benchmark_paper_package/experiments/agentdojo_full_v1.2.2_direct/case_packets/agentdojo/v1.2.2_workspace_user_task_25_injection_task_1/case_packet.md
v1.2.2:workspace:user_task_25:injection_task_2,workspace,user_task_25,injection_task_2,通过,通过,通过,通过,通过,通过,通过,通过,通过,通过,25,6,31,312516,OFFICIAL_SOURCE_CONTENT_NOT_MATERIALIZED;NATIVE_RUNNER_AND_AGGREGATION_NOT_IN_PACKET;STATE_SCHEMA_DESCRIPTOR_ONLY;POSTRUN_ARTIFACT_INVENTORY_ABSENT;STRONGER_SPLIT_NOT_RELIABLY_DERIVABLE;INJECTION_EVALUATOR_HELPER_SOURCE_MISSING,,符合设计，可作为重新draft前的锁定输入,/Users/gss/Downloads/revised_agent_benchmark_paper_package/experiments/agentdojo_full_v1.2.2_direct/case_packets/agentdojo/v1.2.2_workspace_user_task_25_injection_task_2/case_packet.md
v1.2.2:workspace:user_task_25:injection_task_3,workspace,user_task_25,injection_task_3,通过,通过,通过,通过,通过,通过,通过,通过,通过,通过,25,6,31,319977,OFFICIAL_SOURCE_CONTENT_NOT_MATERIALIZED;NATIVE_RUNNER_AND_AGGREGATION_NOT_IN_PACKET;STATE_SCHEMA_DESCRIPTOR_ONLY;POSTRUN_ARTIFACT_INVENTORY_ABSENT;STRONGER_SPLIT_NOT_RELIABLY_DERIVABLE,,符合设计，可作为重新draft前的锁定输入,/Users/gss/Downloads/revised_agent_benchmark_paper_package/experiments/agentdojo_full_v1.2.2_direct/case_packets/agentdojo/v1.2.2_workspace_user_task_25_injection_task_3/case_packet.md
v1.2.2:workspace:user_task_25:injection_task_4,workspace,user_task_25,injection_task_4,通过,通过,通过,通过,通过,通过,通过,通过,通过,通过,25,6,31,313184,OFFICIAL_SOURCE_CONTENT_NOT_MATERIALIZED;NATIVE_RUNNER_AND_AGGREGATION_NOT_IN_PACKET;STATE_SCHEMA_DESCRIPTOR_ONLY;POSTRUN_ARTIFACT_INVENTORY_ABSENT;STRONGER_SPLIT_NOT_RELIABLY_DERIVABLE,,符合设计，可作为重新draft前的锁定输入,/Users/gss/Downloads/revised_agent_benchmark_paper_package/experiments/agentdojo_full_v1.2.2_direct/case_packets/agentdojo/v1.2.2_workspace_user_task_25_injection_task_4/case_packet.md
v1.2.2:workspace:user_task_25:injection_task_5,workspace,user_task_25,injection_task_5,通过,通过,通过,通过,通过,通过,通过,通过,通过,通过,25,6,31,312917,OFFICIAL_SOURCE_CONTENT_NOT_MATERIALIZED;NATIVE_RUNNER_AND_AGGREGATION_NOT_IN_PACKET;STATE_SCHEMA_DESCRIPTOR_ONLY;POSTRUN_ARTIFACT_INVENTORY_ABSENT;STRONGER_SPLIT_NOT_RELIABLY_DERIVABLE,,符合设计，可作为重新draft前的锁定输入,/Users/gss/Downloads/revised_agent_benchmark_paper_package/experiments/agentdojo_full_v1.2.2_direct/case_packets/agentdojo/v1.2.2_workspace_user_task_25_injection_task_5/case_packet.md
v1.2.2:workspace:user_task_25:injection_task_6,workspace,user_task_25,injection_task_6,通过,通过,通过,通过,通过,通过,通过,通过,通过,通过,25,6,31,319212,OFFICIAL_SOURCE_CONTENT_NOT_MATERIALIZED;NATIVE_RUNNER_AND_AGGREGATION_NOT_IN_PACKET;STATE_SCHEMA_DESCRIPTOR_ONLY;POSTRUN_ARTIFACT_INVENTORY_ABSENT;STRONGER_SPLIT_NOT_RELIABLY_DERIVABLE;INJECTION_EVALUATOR_HELPER_SOURCE_MISSING,,符合设计，可作为重新draft前的锁定输入,/Users/gss/Downloads/revised_agent_benchmark_paper_package/experiments/agentdojo_full_v1.2.2_direct/case_packets/agentdojo/v1.2.2_workspace_user_task_25_injection_task_6/case_packet.md
v1.2.2:workspace:user_task_25:injection_task_7,workspace,user_task_25,injection_task_7,通过,通过,通过,通过,通过,通过,通过,通过,通过,通过,25,6,31,319846,OFFICIAL_SOURCE_CONTENT_NOT_MATERIALIZED;NATIVE_RUNNER_AND_AGGREGATION_NOT_IN_PACKET;STATE_SCHEMA_DESCRIPTOR_ONLY;POSTRUN_ARTIFACT_INVENTORY_ABSENT;STRONGER_SPLIT_NOT_RELIABLY_DERIVABLE;INJECTION_EVALUATOR_HELPER_SOURCE_MISSING,,符合设计，可作为重新draft前的锁定输入,/Users/gss/Downloads/revised_agent_benchmark_paper_package/experiments/agentdojo_full_v1.2.2_direct/case_packets/agentdojo/v1.2.2_workspace_user_task_25_injection_task_7/case_packet.md
v1.2.2:workspace:user_task_25:injection_task_8,workspace,user_task_25,injection_task_8,通过,通过,通过,通过,通过,通过,通过,通过,通过,通过,25,6,31,319813,OFFICIAL_SOURCE_CONTENT_NOT_MATERIALIZED;NATIVE_RUNNER_AND_AGGREGATION_NOT_IN_PACKET;STATE_SCHEMA_DESCRIPTOR_ONLY;POSTRUN_ARTIFACT_INVENTORY_ABSENT;STRONGER_SPLIT_NOT_RELIABLY_DERIVABLE;INJECTION_EVALUATOR_HELPER_SOURCE_MISSING,,符合设计，可作为重新draft前的锁定输入,/Users/gss/Downloads/revised_agent_benchmark_paper_package/experiments/agentdojo_full_v1.2.2_direct/case_packets/agentdojo/v1.2.2_workspace_user_task_25_injection_task_8/case_packet.md
v1.2.2:workspace:user_task_25:injection_task_9,workspace,user_task_25,injection_task_9,通过,通过,通过,通过,通过,通过,通过,通过,通过,通过,25,6,31,320827,OFFICIAL_SOURCE_CONTENT_NOT_MATERIALIZED;NATIVE_RUNNER_AND_AGGREGATION_NOT_IN_PACKET;STATE_SCHEMA_DESCRIPTOR_ONLY;POSTRUN_ARTIFACT_INVENTORY_ABSENT;STRONGER_SPLIT_NOT_RELIABLY_DERIVABLE;INJECTION_EVALUATOR_HELPER_SOURCE_MISSING,,符合设计，可作为重新draft前的锁定输入,/Users/gss/Downloads/revised_agent_benchmark_paper_package/experiments/agentdojo_full_v1.2.2_direct/case_packets/agentdojo/v1.2.2_workspace_user_task_25_injection_task_9/case_packet.md
v1.2.2:workspace:user_task_25:injection_task_10,workspace,user_task_25,injection_task_10,通过,通过,通过,通过,通过,通过,通过,通过,通过,通过,25,6,31,319050,OFFICIAL_SOURCE_CONTENT_NOT_MATERIALIZED;NATIVE_RUNNER_AND_AGGREGATION_NOT_IN_PACKET;STATE_SCHEMA_DESCRIPTOR_ONLY;POSTRUN_ARTIFACT_INVENTORY_ABSENT;STRONGER_SPLIT_NOT_RELIABLY_DERIVABLE,,符合设计，可作为重新draft前的锁定输入,/Users/gss/Downloads/revised_agent_benchmark_paper_package/experiments/agentdojo_full_v1.2.2_direct/case_packets/agentdojo/v1.2.2_workspace_user_task_25_injection_task_10/case_packet.md
v1.2.2:workspace:user_task_25:injection_task_11,workspace,user_task_25,injection_task_11,通过,通过,通过,通过,通过,通过,通过,通过,通过,通过,25,6,31,306356,OFFICIAL_SOURCE_CONTENT_NOT_MATERIALIZED;NATIVE_RUNNER_AND_AGGREGATION_NOT_IN_PACKET;STATE_SCHEMA_DESCRIPTOR_ONLY;POSTRUN_ARTIFACT_INVENTORY_ABSENT;STRONGER_SPLIT_NOT_RELIABLY_DERIVABLE,,符合设计，可作为重新draft前的锁定输入,/Users/gss/Downloads/revised_agent_benchmark_paper_package/experiments/agentdojo_full_v1.2.2_direct/case_packets/agentdojo/v1.2.2_workspace_user_task_25_injection_task_11/case_packet.md
v1.2.2:workspace:user_task_25:injection_task_12,workspace,user_task_25,injection_task_12,通过,通过,通过,通过,通过,通过,通过,通过,通过,通过,25,6,31,307155,OFFICIAL_SOURCE_CONTENT_NOT_MATERIALIZED;NATIVE_RUNNER_AND_AGGREGATION_NOT_IN_PACKET;STATE_SCHEMA_DESCRIPTOR_ONLY;POSTRUN_ARTIFACT_INVENTORY_ABSENT;STRONGER_SPLIT_NOT_RELIABLY_DERIVABLE,,符合设计，可作为重新draft前的锁定输入,/Users/gss/Downloads/revised_agent_benchmark_paper_package/experiments/agentdojo_full_v1.2.2_direct/case_packets/agentdojo/v1.2.2_workspace_user_task_25_injection_task_12/case_packet.md
v1.2.2:workspace:user_task_25:injection_task_13,workspace,user_task_25,injection_task_13,通过,通过,通过,通过,通过,通过,通过,通过,通过,通过,25,6,31,321150,OFFICIAL_SOURCE_CONTENT_NOT_MATERIALIZED;NATIVE_RUNNER_AND_AGGREGATION_NOT_IN_PACKET;STATE_SCHEMA_DESCRIPTOR_ONLY;POSTRUN_ARTIFACT_INVENTORY_ABSENT;STRONGER_SPLIT_NOT_RELIABLY_DERIVABLE,,符合设计，可作为重新draft前的锁定输入,/Users/gss/Downloads/revised_agent_benchmark_paper_package/experiments/agentdojo_full_v1.2.2_direct/case_packets/agentdojo/v1.2.2_workspace_user_task_25_injection_task_13/case_packet.md
v1.2.2:workspace:user_task_13:injection_task_0,workspace,user_task_13,injection_task_0,通过,通过,通过,通过,通过,通过,通过,通过,通过,通过,25,6,31,312044,OFFICIAL_SOURCE_CONTENT_NOT_MATERIALIZED;NATIVE_RUNNER_AND_AGGREGATION_NOT_IN_PACKET;STATE_SCHEMA_DESCRIPTOR_ONLY;POSTRUN_ARTIFACT_INVENTORY_ABSENT;STRONGER_SPLIT_NOT_RELIABLY_DERIVABLE;USER_EVALUATOR_HELPER_SOURCE_MISSING,,符合设计，可作为重新draft前的锁定输入,/Users/gss/Downloads/revised_agent_benchmark_paper_package/experiments/agentdojo_full_v1.2.2_direct/case_packets/agentdojo/v1.2.2_workspace_user_task_13_injection_task_0/case_packet.md
v1.2.2:workspace:user_task_13:injection_task_1,workspace,user_task_13,injection_task_1,通过,通过,通过,通过,通过,通过,通过,通过,通过,通过,25,6,31,311222,OFFICIAL_SOURCE_CONTENT_NOT_MATERIALIZED;NATIVE_RUNNER_AND_AGGREGATION_NOT_IN_PACKET;STATE_SCHEMA_DESCRIPTOR_ONLY;POSTRUN_ARTIFACT_INVENTORY_ABSENT;STRONGER_SPLIT_NOT_RELIABLY_DERIVABLE;USER_EVALUATOR_HELPER_SOURCE_MISSING,,符合设计，可作为重新draft前的锁定输入,/Users/gss/Downloads/revised_agent_benchmark_paper_package/experiments/agentdojo_full_v1.2.2_direct/case_packets/agentdojo/v1.2.2_workspace_user_task_13_injection_task_1/case_packet.md
v1.2.2:workspace:user_task_13:injection_task_2,workspace,user_task_13,injection_task_2,通过,通过,通过,通过,通过,通过,通过,通过,通过,通过,25,6,31,312355,OFFICIAL_SOURCE_CONTENT_NOT_MATERIALIZED;NATIVE_RUNNER_AND_AGGREGATION_NOT_IN_PACKET;STATE_SCHEMA_DESCRIPTOR_ONLY;POSTRUN_ARTIFACT_INVENTORY_ABSENT;STRONGER_SPLIT_NOT_RELIABLY_DERIVABLE;USER_EVALUATOR_HELPER_SOURCE_MISSING;INJECTION_EVALUATOR_HELPER_SOURCE_MISSING,,符合设计，可作为重新draft前的锁定输入,/Users/gss/Downloads/revised_agent_benchmark_paper_package/experiments/agentdojo_full_v1.2.2_direct/case_packets/agentdojo/v1.2.2_workspace_user_task_13_injection_task_2/case_packet.md
v1.2.2:workspace:user_task_13:injection_task_3,workspace,user_task_13,injection_task_3,通过,通过,通过,通过,通过,通过,通过,通过,通过,通过,25,6,31,319816,OFFICIAL_SOURCE_CONTENT_NOT_MATERIALIZED;NATIVE_RUNNER_AND_AGGREGATION_NOT_IN_PACKET;STATE_SCHEMA_DESCRIPTOR_ONLY;POSTRUN_ARTIFACT_INVENTORY_ABSENT;STRONGER_SPLIT_NOT_RELIABLY_DERIVABLE;USER_EVALUATOR_HELPER_SOURCE_MISSING,,符合设计，可作为重新draft前的锁定输入,/Users/gss/Downloads/revised_agent_benchmark_paper_package/experiments/agentdojo_full_v1.2.2_direct/case_packets/agentdojo/v1.2.2_workspace_user_task_13_injection_task_3/case_packet.md
v1.2.2:workspace:user_task_13:injection_task_4,workspace,user_task_13,injection_task_4,通过,通过,通过,通过,通过,通过,通过,通过,通过,通过,25,6,31,313023,OFFICIAL_SOURCE_CONTENT_NOT_MATERIALIZED;NATIVE_RUNNER_AND_AGGREGATION_NOT_IN_PACKET;STATE_SCHEMA_DESCRIPTOR_ONLY;POSTRUN_ARTIFACT_INVENTORY_ABSENT;STRONGER_SPLIT_NOT_RELIABLY_DERIVABLE;USER_EVALUATOR_HELPER_SOURCE_MISSING,,符合设计，可作为重新draft前的锁定输入,/Users/gss/Downloads/revised_agent_benchmark_paper_package/experiments/agentdojo_full_v1.2.2_direct/case_packets/agentdojo/v1.2.2_workspace_user_task_13_injection_task_4/case_packet.md
v1.2.2:workspace:user_task_13:injection_task_5,workspace,user_task_13,injection_task_5,通过,通过,通过,通过,通过,通过,通过,通过,通过,通过,25,6,31,312756,OFFICIAL_SOURCE_CONTENT_NOT_MATERIALIZED;NATIVE_RUNNER_AND_AGGREGATION_NOT_IN_PACKET;STATE_SCHEMA_DESCRIPTOR_ONLY;POSTRUN_ARTIFACT_INVENTORY_ABSENT;STRONGER_SPLIT_NOT_RELIABLY_DERIVABLE;USER_EVALUATOR_HELPER_SOURCE_MISSING,,符合设计，可作为重新draft前的锁定输入,/Users/gss/Downloads/revised_agent_benchmark_paper_package/experiments/agentdojo_full_v1.2.2_direct/case_packets/agentdojo/v1.2.2_workspace_user_task_13_injection_task_5/case_packet.md
v1.2.2:workspace:user_task_13:injection_task_6,workspace,user_task_13,injection_task_6,通过,通过,通过,通过,通过,通过,通过,通过,通过,通过,25,6,31,319051,OFFICIAL_SOURCE_CONTENT_NOT_MATERIALIZED;NATIVE_RUNNER_AND_AGGREGATION_NOT_IN_PACKET;STATE_SCHEMA_DESCRIPTOR_ONLY;POSTRUN_ARTIFACT_INVENTORY_ABSENT;STRONGER_SPLIT_NOT_RELIABLY_DERIVABLE;USER_EVALUATOR_HELPER_SOURCE_MISSING;INJECTION_EVALUATOR_HELPER_SOURCE_MISSING,,符合设计，可作为重新draft前的锁定输入,/Users/gss/Downloads/revised_agent_benchmark_paper_package/experiments/agentdojo_full_v1.2.2_direct/case_packets/agentdojo/v1.2.2_workspace_user_task_13_injection_task_6/case_packet.md
v1.2.2:workspace:user_task_13:injection_task_7,workspace,user_task_13,injection_task_7,通过,通过,通过,通过,通过,通过,通过,通过,通过,通过,25,6,31,319685,OFFICIAL_SOURCE_CONTENT_NOT_MATERIALIZED;NATIVE_RUNNER_AND_AGGREGATION_NOT_IN_PACKET;STATE_SCHEMA_DESCRIPTOR_ONLY;POSTRUN_ARTIFACT_INVENTORY_ABSENT;STRONGER_SPLIT_NOT_RELIABLY_DERIVABLE;USER_EVALUATOR_HELPER_SOURCE_MISSING;INJECTION_EVALUATOR_HELPER_SOURCE_MISSING,,符合设计，可作为重新draft前的锁定输入,/Users/gss/Downloads/revised_agent_benchmark_paper_package/experiments/agentdojo_full_v1.2.2_direct/case_packets/agentdojo/v1.2.2_workspace_user_task_13_injection_task_7/case_packet.md
v1.2.2:workspace:user_task_13:injection_task_8,workspace,user_task_13,injection_task_8,通过,通过,通过,通过,通过,通过,通过,通过,通过,通过,25,6,31,319652,OFFICIAL_SOURCE_CONTENT_NOT_MATERIALIZED;NATIVE_RUNNER_AND_AGGREGATION_NOT_IN_PACKET;STATE_SCHEMA_DESCRIPTOR_ONLY;POSTRUN_ARTIFACT_INVENTORY_ABSENT;STRONGER_SPLIT_NOT_RELIABLY_DERIVABLE;USER_EVALUATOR_HELPER_SOURCE_MISSING;INJECTION_EVALUATOR_HELPER_SOURCE_MISSING,,符合设计，可作为重新draft前的锁定输入,/Users/gss/Downloads/revised_agent_benchmark_paper_package/experiments/agentdojo_full_v1.2.2_direct/case_packets/agentdojo/v1.2.2_workspace_user_task_13_injection_task_8/case_packet.md
v1.2.2:workspace:user_task_13:injection_task_9,workspace,user_task_13,injection_task_9,通过,通过,通过,通过,通过,通过,通过,通过,通过,通过,25,6,31,320666,OFFICIAL_SOURCE_CONTENT_NOT_MATERIALIZED;NATIVE_RUNNER_AND_AGGREGATION_NOT_IN_PACKET;STATE_SCHEMA_DESCRIPTOR_ONLY;POSTRUN_ARTIFACT_INVENTORY_ABSENT;STRONGER_SPLIT_NOT_RELIABLY_DERIVABLE;USER_EVALUATOR_HELPER_SOURCE_MISSING;INJECTION_EVALUATOR_HELPER_SOURCE_MISSING,,符合设计，可作为重新draft前的锁定输入,/Users/gss/Downloads/revised_agent_benchmark_paper_package/experiments/agentdojo_full_v1.2.2_direct/case_packets/agentdojo/v1.2.2_workspace_user_task_13_injection_task_9/case_packet.md
v1.2.2:workspace:user_task_13:injection_task_10,workspace,user_task_13,injection_task_10,通过,通过,通过,通过,通过,通过,通过,通过,通过,通过,25,6,31,318889,OFFICIAL_SOURCE_CONTENT_NOT_MATERIALIZED;NATIVE_RUNNER_AND_AGGREGATION_NOT_IN_PACKET;STATE_SCHEMA_DESCRIPTOR_ONLY;POSTRUN_ARTIFACT_INVENTORY_ABSENT;STRONGER_SPLIT_NOT_RELIABLY_DERIVABLE;USER_EVALUATOR_HELPER_SOURCE_MISSING,,符合设计，可作为重新draft前的锁定输入,/Users/gss/Downloads/revised_agent_benchmark_paper_package/experiments/agentdojo_full_v1.2.2_direct/case_packets/agentdojo/v1.2.2_workspace_user_task_13_injection_task_10/case_packet.md
v1.2.2:workspace:user_task_13:injection_task_11,workspace,user_task_13,injection_task_11,通过,通过,通过,通过,通过,通过,通过,通过,通过,通过,25,6,31,306195,OFFICIAL_SOURCE_CONTENT_NOT_MATERIALIZED;NATIVE_RUNNER_AND_AGGREGATION_NOT_IN_PACKET;STATE_SCHEMA_DESCRIPTOR_ONLY;POSTRUN_ARTIFACT_INVENTORY_ABSENT;STRONGER_SPLIT_NOT_RELIABLY_DERIVABLE;USER_EVALUATOR_HELPER_SOURCE_MISSING,,符合设计，可作为重新draft前的锁定输入,/Users/gss/Downloads/revised_agent_benchmark_paper_package/experiments/agentdojo_full_v1.2.2_direct/case_packets/agentdojo/v1.2.2_workspace_user_task_13_injection_task_11/case_packet.md
v1.2.2:workspace:user_task_13:injection_task_12,workspace,user_task_13,injection_task_12,通过,通过,通过,通过,通过,通过,通过,通过,通过,通过,25,6,31,306994,OFFICIAL_SOURCE_CONTENT_NOT_MATERIALIZED;NATIVE_RUNNER_AND_AGGREGATION_NOT_IN_PACKET;STATE_SCHEMA_DESCRIPTOR_ONLY;POSTRUN_ARTIFACT_INVENTORY_ABSENT;STRONGER_SPLIT_NOT_RELIABLY_DERIVABLE;USER_EVALUATOR_HELPER_SOURCE_MISSING,,符合设计，可作为重新draft前的锁定输入,/Users/gss/Downloads/revised_agent_benchmark_paper_package/experiments/agentdojo_full_v1.2.2_direct/case_packets/agentdojo/v1.2.2_workspace_user_task_13_injection_task_12/case_packet.md
v1.2.2:workspace:user_task_13:injection_task_13,workspace,user_task_13,injection_task_13,通过,通过,通过,通过,通过,通过,通过,通过,通过,通过,25,6,31,320989,OFFICIAL_SOURCE_CONTENT_NOT_MATERIALIZED;NATIVE_RUNNER_AND_AGGREGATION_NOT_IN_PACKET;STATE_SCHEMA_DESCRIPTOR_ONLY;POSTRUN_ARTIFACT_INVENTORY_ABSENT;STRONGER_SPLIT_NOT_RELIABLY_DERIVABLE;USER_EVALUATOR_HELPER_SOURCE_MISSING,,符合设计，可作为重新draft前的锁定输入,/Users/gss/Downloads/revised_agent_benchmark_paper_package/experiments/agentdojo_full_v1.2.2_direct/case_packets/agentdojo/v1.2.2_workspace_user_task_13_injection_task_13/case_packet.md
v1.2.2:workspace:user_task_23:injection_task_1,workspace,user_task_23,injection_task_1,通过,通过,通过,通过,通过,通过,通过,通过,通过,通过,26,6,32,319755,OFFICIAL_SOURCE_CONTENT_NOT_MATERIALIZED;NATIVE_RUNNER_AND_AGGREGATION_NOT_IN_PACKET;STATE_SCHEMA_DESCRIPTOR_ONLY;POSTRUN_ARTIFACT_INVENTORY_ABSENT;STRONGER_SPLIT_NOT_RELIABLY_DERIVABLE;USER_COMBINED_TASK_DEPENDENCIES_MISSING;USER_UTILITY_FROM_TRACES_SOURCE_MISSING,,符合设计，可作为重新draft前的锁定输入,/Users/gss/Downloads/revised_agent_benchmark_paper_package/experiments/agentdojo_full_v1.2.2_direct/case_packets/agentdojo/v1.2.2_workspace_user_task_23_injection_task_1/case_packet.md
v1.2.2:workspace:user_task_23:injection_task_2,workspace,user_task_23,injection_task_2,通过,通过,通过,通过,通过,通过,通过,通过,通过,通过,26,6,32,320888,OFFICIAL_SOURCE_CONTENT_NOT_MATERIALIZED;NATIVE_RUNNER_AND_AGGREGATION_NOT_IN_PACKET;STATE_SCHEMA_DESCRIPTOR_ONLY;POSTRUN_ARTIFACT_INVENTORY_ABSENT;STRONGER_SPLIT_NOT_RELIABLY_DERIVABLE;USER_COMBINED_TASK_DEPENDENCIES_MISSING;USER_UTILITY_FROM_TRACES_SOURCE_MISSING;INJECTION_EVALUATOR_HELPER_SOURCE_MISSING,,符合设计，可作为重新draft前的锁定输入,/Users/gss/Downloads/revised_agent_benchmark_paper_package/experiments/agentdojo_full_v1.2.2_direct/case_packets/agentdojo/v1.2.2_workspace_user_task_23_injection_task_2/case_packet.md
v1.2.2:workspace:user_task_23:injection_task_3,workspace,user_task_23,injection_task_3,通过,通过,通过,通过,通过,通过,通过,通过,通过,通过,26,6,32,328349,OFFICIAL_SOURCE_CONTENT_NOT_MATERIALIZED;NATIVE_RUNNER_AND_AGGREGATION_NOT_IN_PACKET;STATE_SCHEMA_DESCRIPTOR_ONLY;POSTRUN_ARTIFACT_INVENTORY_ABSENT;STRONGER_SPLIT_NOT_RELIABLY_DERIVABLE;USER_COMBINED_TASK_DEPENDENCIES_MISSING;USER_UTILITY_FROM_TRACES_SOURCE_MISSING,,符合设计，可作为重新draft前的锁定输入,/Users/gss/Downloads/revised_agent_benchmark_paper_package/experiments/agentdojo_full_v1.2.2_direct/case_packets/agentdojo/v1.2.2_workspace_user_task_23_injection_task_3/case_packet.md
v1.2.2:workspace:user_task_23:injection_task_4,workspace,user_task_23,injection_task_4,通过,通过,通过,通过,通过,通过,通过,通过,通过,通过,26,6,32,321556,OFFICIAL_SOURCE_CONTENT_NOT_MATERIALIZED;NATIVE_RUNNER_AND_AGGREGATION_NOT_IN_PACKET;STATE_SCHEMA_DESCRIPTOR_ONLY;POSTRUN_ARTIFACT_INVENTORY_ABSENT;STRONGER_SPLIT_NOT_RELIABLY_DERIVABLE;USER_COMBINED_TASK_DEPENDENCIES_MISSING;USER_UTILITY_FROM_TRACES_SOURCE_MISSING,,符合设计，可作为重新draft前的锁定输入,/Users/gss/Downloads/revised_agent_benchmark_paper_package/experiments/agentdojo_full_v1.2.2_direct/case_packets/agentdojo/v1.2.2_workspace_user_task_23_injection_task_4/case_packet.md
v1.2.2:workspace:user_task_23:injection_task_5,workspace,user_task_23,injection_task_5,通过,通过,通过,通过,通过,通过,通过,通过,通过,通过,26,6,32,321289,OFFICIAL_SOURCE_CONTENT_NOT_MATERIALIZED;NATIVE_RUNNER_AND_AGGREGATION_NOT_IN_PACKET;STATE_SCHEMA_DESCRIPTOR_ONLY;POSTRUN_ARTIFACT_INVENTORY_ABSENT;STRONGER_SPLIT_NOT_RELIABLY_DERIVABLE;USER_COMBINED_TASK_DEPENDENCIES_MISSING;USER_UTILITY_FROM_TRACES_SOURCE_MISSING,,符合设计，可作为重新draft前的锁定输入,/Users/gss/Downloads/revised_agent_benchmark_paper_package/experiments/agentdojo_full_v1.2.2_direct/case_packets/agentdojo/v1.2.2_workspace_user_task_23_injection_task_5/case_packet.md
v1.2.2:workspace:user_task_23:injection_task_6,workspace,user_task_23,injection_task_6,通过,通过,通过,通过,通过,通过,通过,通过,通过,通过,26,6,32,327584,OFFICIAL_SOURCE_CONTENT_NOT_MATERIALIZED;NATIVE_RUNNER_AND_AGGREGATION_NOT_IN_PACKET;STATE_SCHEMA_DESCRIPTOR_ONLY;POSTRUN_ARTIFACT_INVENTORY_ABSENT;STRONGER_SPLIT_NOT_RELIABLY_DERIVABLE;USER_COMBINED_TASK_DEPENDENCIES_MISSING;USER_UTILITY_FROM_TRACES_SOURCE_MISSING;INJECTION_EVALUATOR_HELPER_SOURCE_MISSING,,符合设计，可作为重新draft前的锁定输入,/Users/gss/Downloads/revised_agent_benchmark_paper_package/experiments/agentdojo_full_v1.2.2_direct/case_packets/agentdojo/v1.2.2_workspace_user_task_23_injection_task_6/case_packet.md
v1.2.2:workspace:user_task_23:injection_task_7,workspace,user_task_23,injection_task_7,通过,通过,通过,通过,通过,通过,通过,通过,通过,通过,26,6,32,328218,OFFICIAL_SOURCE_CONTENT_NOT_MATERIALIZED;NATIVE_RUNNER_AND_AGGREGATION_NOT_IN_PACKET;STATE_SCHEMA_DESCRIPTOR_ONLY;POSTRUN_ARTIFACT_INVENTORY_ABSENT;STRONGER_SPLIT_NOT_RELIABLY_DERIVABLE;USER_COMBINED_TASK_DEPENDENCIES_MISSING;USER_UTILITY_FROM_TRACES_SOURCE_MISSING;INJECTION_EVALUATOR_HELPER_SOURCE_MISSING,,符合设计，可作为重新draft前的锁定输入,/Users/gss/Downloads/revised_agent_benchmark_paper_package/experiments/agentdojo_full_v1.2.2_direct/case_packets/agentdojo/v1.2.2_workspace_user_task_23_injection_task_7/case_packet.md
v1.2.2:workspace:user_task_23:injection_task_8,workspace,user_task_23,injection_task_8,通过,通过,通过,通过,通过,通过,通过,通过,通过,通过,26,6,32,328185,OFFICIAL_SOURCE_CONTENT_NOT_MATERIALIZED;NATIVE_RUNNER_AND_AGGREGATION_NOT_IN_PACKET;STATE_SCHEMA_DESCRIPTOR_ONLY;POSTRUN_ARTIFACT_INVENTORY_ABSENT;STRONGER_SPLIT_NOT_RELIABLY_DERIVABLE;USER_COMBINED_TASK_DEPENDENCIES_MISSING;USER_UTILITY_FROM_TRACES_SOURCE_MISSING;INJECTION_EVALUATOR_HELPER_SOURCE_MISSING,,符合设计，可作为重新draft前的锁定输入,/Users/gss/Downloads/revised_agent_benchmark_paper_package/experiments/agentdojo_full_v1.2.2_direct/case_packets/agentdojo/v1.2.2_workspace_user_task_23_injection_task_8/case_packet.md
v1.2.2:workspace:user_task_23:injection_task_9,workspace,user_task_23,injection_task_9,通过,通过,通过,通过,通过,通过,通过,通过,通过,通过,26,6,32,329199,OFFICIAL_SOURCE_CONTENT_NOT_MATERIALIZED;NATIVE_RUNNER_AND_AGGREGATION_NOT_IN_PACKET;STATE_SCHEMA_DESCRIPTOR_ONLY;POSTRUN_ARTIFACT_INVENTORY_ABSENT;STRONGER_SPLIT_NOT_RELIABLY_DERIVABLE;USER_COMBINED_TASK_DEPENDENCIES_MISSING;USER_UTILITY_FROM_TRACES_SOURCE_MISSING;INJECTION_EVALUATOR_HELPER_SOURCE_MISSING,,符合设计，可作为重新draft前的锁定输入,/Users/gss/Downloads/revised_agent_benchmark_paper_package/experiments/agentdojo_full_v1.2.2_direct/case_packets/agentdojo/v1.2.2_workspace_user_task_23_injection_task_9/case_packet.md
v1.2.2:workspace:user_task_23:injection_task_10,workspace,user_task_23,injection_task_10,通过,通过,通过,通过,通过,通过,通过,通过,通过,通过,26,6,32,327422,OFFICIAL_SOURCE_CONTENT_NOT_MATERIALIZED;NATIVE_RUNNER_AND_AGGREGATION_NOT_IN_PACKET;STATE_SCHEMA_DESCRIPTOR_ONLY;POSTRUN_ARTIFACT_INVENTORY_ABSENT;STRONGER_SPLIT_NOT_RELIABLY_DERIVABLE;USER_COMBINED_TASK_DEPENDENCIES_MISSING;USER_UTILITY_FROM_TRACES_SOURCE_MISSING,,符合设计，可作为重新draft前的锁定输入,/Users/gss/Downloads/revised_agent_benchmark_paper_package/experiments/agentdojo_full_v1.2.2_direct/case_packets/agentdojo/v1.2.2_workspace_user_task_23_injection_task_10/case_packet.md
v1.2.2:workspace:user_task_23:injection_task_11,workspace,user_task_23,injection_task_11,通过,通过,通过,通过,通过,通过,通过,通过,通过,通过,26,6,32,314728,OFFICIAL_SOURCE_CONTENT_NOT_MATERIALIZED;NATIVE_RUNNER_AND_AGGREGATION_NOT_IN_PACKET;STATE_SCHEMA_DESCRIPTOR_ONLY;POSTRUN_ARTIFACT_INVENTORY_ABSENT;STRONGER_SPLIT_NOT_RELIABLY_DERIVABLE;USER_COMBINED_TASK_DEPENDENCIES_MISSING;USER_UTILITY_FROM_TRACES_SOURCE_MISSING,,符合设计，可作为重新draft前的锁定输入,/Users/gss/Downloads/revised_agent_benchmark_paper_package/experiments/agentdojo_full_v1.2.2_direct/case_packets/agentdojo/v1.2.2_workspace_user_task_23_injection_task_11/case_packet.md
v1.2.2:workspace:user_task_23:injection_task_12,workspace,user_task_23,injection_task_12,通过,通过,通过,通过,通过,通过,通过,通过,通过,通过,26,6,32,315527,OFFICIAL_SOURCE_CONTENT_NOT_MATERIALIZED;NATIVE_RUNNER_AND_AGGREGATION_NOT_IN_PACKET;STATE_SCHEMA_DESCRIPTOR_ONLY;POSTRUN_ARTIFACT_INVENTORY_ABSENT;STRONGER_SPLIT_NOT_RELIABLY_DERIVABLE;USER_COMBINED_TASK_DEPENDENCIES_MISSING;USER_UTILITY_FROM_TRACES_SOURCE_MISSING,,符合设计，可作为重新draft前的锁定输入,/Users/gss/Downloads/revised_agent_benchmark_paper_package/experiments/agentdojo_full_v1.2.2_direct/case_packets/agentdojo/v1.2.2_workspace_user_task_23_injection_task_12/case_packet.md
v1.2.2:workspace:user_task_23:injection_task_13,workspace,user_task_23,injection_task_13,通过,通过,通过,通过,通过,通过,通过,通过,通过,通过,26,6,32,329522,OFFICIAL_SOURCE_CONTENT_NOT_MATERIALIZED;NATIVE_RUNNER_AND_AGGREGATION_NOT_IN_PACKET;STATE_SCHEMA_DESCRIPTOR_ONLY;POSTRUN_ARTIFACT_INVENTORY_ABSENT;STRONGER_SPLIT_NOT_RELIABLY_DERIVABLE;USER_COMBINED_TASK_DEPENDENCIES_MISSING;USER_UTILITY_FROM_TRACES_SOURCE_MISSING,,符合设计，可作为重新draft前的锁定输入,/Users/gss/Downloads/revised_agent_benchmark_paper_package/experiments/agentdojo_full_v1.2.2_direct/case_packets/agentdojo/v1.2.2_workspace_user_task_23_injection_task_13/case_packet.md
v1.2.2:workspace:user_task_4:injection_task_0,workspace,user_task_4,injection_task_0,通过,通过,通过,通过,通过,通过,通过,通过,通过,通过,25,6,31,310630,OFFICIAL_SOURCE_CONTENT_NOT_MATERIALIZED;NATIVE_RUNNER_AND_AGGREGATION_NOT_IN_PACKET;STATE_SCHEMA_DESCRIPTOR_ONLY;POSTRUN_ARTIFACT_INVENTORY_ABSENT;STRONGER_SPLIT_NOT_RELIABLY_DERIVABLE;USER_COMBINED_TASK_DEPENDENCIES_MISSING;USER_UTILITY_FROM_TRACES_SOURCE_MISSING,,符合设计，可作为重新draft前的锁定输入,/Users/gss/Downloads/revised_agent_benchmark_paper_package/experiments/agentdojo_full_v1.2.2_direct/case_packets/agentdojo/v1.2.2_workspace_user_task_4_injection_task_0/case_packet.md
v1.2.2:workspace:user_task_4:injection_task_2,workspace,user_task_4,injection_task_2,通过,通过,通过,通过,通过,通过,通过,通过,通过,通过,25,6,31,310941,OFFICIAL_SOURCE_CONTENT_NOT_MATERIALIZED;NATIVE_RUNNER_AND_AGGREGATION_NOT_IN_PACKET;STATE_SCHEMA_DESCRIPTOR_ONLY;POSTRUN_ARTIFACT_INVENTORY_ABSENT;STRONGER_SPLIT_NOT_RELIABLY_DERIVABLE;USER_COMBINED_TASK_DEPENDENCIES_MISSING;USER_UTILITY_FROM_TRACES_SOURCE_MISSING;INJECTION_EVALUATOR_HELPER_SOURCE_MISSING,,符合设计，可作为重新draft前的锁定输入,/Users/gss/Downloads/revised_agent_benchmark_paper_package/experiments/agentdojo_full_v1.2.2_direct/case_packets/agentdojo/v1.2.2_workspace_user_task_4_injection_task_2/case_packet.md
v1.2.2:workspace:user_task_4:injection_task_3,workspace,user_task_4,injection_task_3,通过,通过,通过,通过,通过,通过,通过,通过,通过,通过,25,6,31,318402,OFFICIAL_SOURCE_CONTENT_NOT_MATERIALIZED;NATIVE_RUNNER_AND_AGGREGATION_NOT_IN_PACKET;STATE_SCHEMA_DESCRIPTOR_ONLY;POSTRUN_ARTIFACT_INVENTORY_ABSENT;STRONGER_SPLIT_NOT_RELIABLY_DERIVABLE;USER_COMBINED_TASK_DEPENDENCIES_MISSING;USER_UTILITY_FROM_TRACES_SOURCE_MISSING,,符合设计，可作为重新draft前的锁定输入,/Users/gss/Downloads/revised_agent_benchmark_paper_package/experiments/agentdojo_full_v1.2.2_direct/case_packets/agentdojo/v1.2.2_workspace_user_task_4_injection_task_3/case_packet.md
v1.2.2:workspace:user_task_4:injection_task_4,workspace,user_task_4,injection_task_4,通过,通过,通过,通过,通过,通过,通过,通过,通过,通过,25,6,31,311609,OFFICIAL_SOURCE_CONTENT_NOT_MATERIALIZED;NATIVE_RUNNER_AND_AGGREGATION_NOT_IN_PACKET;STATE_SCHEMA_DESCRIPTOR_ONLY;POSTRUN_ARTIFACT_INVENTORY_ABSENT;STRONGER_SPLIT_NOT_RELIABLY_DERIVABLE;USER_COMBINED_TASK_DEPENDENCIES_MISSING;USER_UTILITY_FROM_TRACES_SOURCE_MISSING,,符合设计，可作为重新draft前的锁定输入,/Users/gss/Downloads/revised_agent_benchmark_paper_package/experiments/agentdojo_full_v1.2.2_direct/case_packets/agentdojo/v1.2.2_workspace_user_task_4_injection_task_4/case_packet.md
v1.2.2:workspace:user_task_4:injection_task_5,workspace,user_task_4,injection_task_5,通过,通过,通过,通过,通过,通过,通过,通过,通过,通过,25,6,31,311342,OFFICIAL_SOURCE_CONTENT_NOT_MATERIALIZED;NATIVE_RUNNER_AND_AGGREGATION_NOT_IN_PACKET;STATE_SCHEMA_DESCRIPTOR_ONLY;POSTRUN_ARTIFACT_INVENTORY_ABSENT;STRONGER_SPLIT_NOT_RELIABLY_DERIVABLE;USER_COMBINED_TASK_DEPENDENCIES_MISSING;USER_UTILITY_FROM_TRACES_SOURCE_MISSING,,符合设计，可作为重新draft前的锁定输入,/Users/gss/Downloads/revised_agent_benchmark_paper_package/experiments/agentdojo_full_v1.2.2_direct/case_packets/agentdojo/v1.2.2_workspace_user_task_4_injection_task_5/case_packet.md
v1.2.2:workspace:user_task_4:injection_task_6,workspace,user_task_4,injection_task_6,通过,通过,通过,通过,通过,通过,通过,通过,通过,通过,25,6,31,317637,OFFICIAL_SOURCE_CONTENT_NOT_MATERIALIZED;NATIVE_RUNNER_AND_AGGREGATION_NOT_IN_PACKET;STATE_SCHEMA_DESCRIPTOR_ONLY;POSTRUN_ARTIFACT_INVENTORY_ABSENT;STRONGER_SPLIT_NOT_RELIABLY_DERIVABLE;USER_COMBINED_TASK_DEPENDENCIES_MISSING;USER_UTILITY_FROM_TRACES_SOURCE_MISSING;INJECTION_EVALUATOR_HELPER_SOURCE_MISSING,,符合设计，可作为重新draft前的锁定输入,/Users/gss/Downloads/revised_agent_benchmark_paper_package/experiments/agentdojo_full_v1.2.2_direct/case_packets/agentdojo/v1.2.2_workspace_user_task_4_injection_task_6/case_packet.md
v1.2.2:workspace:user_task_4:injection_task_7,workspace,user_task_4,injection_task_7,通过,通过,通过,通过,通过,通过,通过,通过,通过,通过,25,6,31,318271,OFFICIAL_SOURCE_CONTENT_NOT_MATERIALIZED;NATIVE_RUNNER_AND_AGGREGATION_NOT_IN_PACKET;STATE_SCHEMA_DESCRIPTOR_ONLY;POSTRUN_ARTIFACT_INVENTORY_ABSENT;STRONGER_SPLIT_NOT_RELIABLY_DERIVABLE;USER_COMBINED_TASK_DEPENDENCIES_MISSING;USER_UTILITY_FROM_TRACES_SOURCE_MISSING;INJECTION_EVALUATOR_HELPER_SOURCE_MISSING,,符合设计，可作为重新draft前的锁定输入,/Users/gss/Downloads/revised_agent_benchmark_paper_package/experiments/agentdojo_full_v1.2.2_direct/case_packets/agentdojo/v1.2.2_workspace_user_task_4_injection_task_7/case_packet.md
v1.2.2:workspace:user_task_4:injection_task_8,workspace,user_task_4,injection_task_8,通过,通过,通过,通过,通过,通过,通过,通过,通过,通过,25,6,31,318238,OFFICIAL_SOURCE_CONTENT_NOT_MATERIALIZED;NATIVE_RUNNER_AND_AGGREGATION_NOT_IN_PACKET;STATE_SCHEMA_DESCRIPTOR_ONLY;POSTRUN_ARTIFACT_INVENTORY_ABSENT;STRONGER_SPLIT_NOT_RELIABLY_DERIVABLE;USER_COMBINED_TASK_DEPENDENCIES_MISSING;USER_UTILITY_FROM_TRACES_SOURCE_MISSING;INJECTION_EVALUATOR_HELPER_SOURCE_MISSING,,符合设计，可作为重新draft前的锁定输入,/Users/gss/Downloads/revised_agent_benchmark_paper_package/experiments/agentdojo_full_v1.2.2_direct/case_packets/agentdojo/v1.2.2_workspace_user_task_4_injection_task_8/case_packet.md
v1.2.2:workspace:user_task_4:injection_task_9,workspace,user_task_4,injection_task_9,通过,通过,通过,通过,通过,通过,通过,通过,通过,通过,25,6,31,319252,OFFICIAL_SOURCE_CONTENT_NOT_MATERIALIZED;NATIVE_RUNNER_AND_AGGREGATION_NOT_IN_PACKET;STATE_SCHEMA_DESCRIPTOR_ONLY;POSTRUN_ARTIFACT_INVENTORY_ABSENT;STRONGER_SPLIT_NOT_RELIABLY_DERIVABLE;USER_COMBINED_TASK_DEPENDENCIES_MISSING;USER_UTILITY_FROM_TRACES_SOURCE_MISSING;INJECTION_EVALUATOR_HELPER_SOURCE_MISSING,,符合设计，可作为重新draft前的锁定输入,/Users/gss/Downloads/revised_agent_benchmark_paper_package/experiments/agentdojo_full_v1.2.2_direct/case_packets/agentdojo/v1.2.2_workspace_user_task_4_injection_task_9/case_packet.md
v1.2.2:workspace:user_task_4:injection_task_10,workspace,user_task_4,injection_task_10,通过,通过,通过,通过,通过,通过,通过,通过,通过,通过,25,6,31,317475,OFFICIAL_SOURCE_CONTENT_NOT_MATERIALIZED;NATIVE_RUNNER_AND_AGGREGATION_NOT_IN_PACKET;STATE_SCHEMA_DESCRIPTOR_ONLY;POSTRUN_ARTIFACT_INVENTORY_ABSENT;STRONGER_SPLIT_NOT_RELIABLY_DERIVABLE;USER_COMBINED_TASK_DEPENDENCIES_MISSING;USER_UTILITY_FROM_TRACES_SOURCE_MISSING,,符合设计，可作为重新draft前的锁定输入,/Users/gss/Downloads/revised_agent_benchmark_paper_package/experiments/agentdojo_full_v1.2.2_direct/case_packets/agentdojo/v1.2.2_workspace_user_task_4_injection_task_10/case_packet.md
v1.2.2:workspace:user_task_4:injection_task_11,workspace,user_task_4,injection_task_11,通过,通过,通过,通过,通过,通过,通过,通过,通过,通过,25,6,31,304781,OFFICIAL_SOURCE_CONTENT_NOT_MATERIALIZED;NATIVE_RUNNER_AND_AGGREGATION_NOT_IN_PACKET;STATE_SCHEMA_DESCRIPTOR_ONLY;POSTRUN_ARTIFACT_INVENTORY_ABSENT;STRONGER_SPLIT_NOT_RELIABLY_DERIVABLE;USER_COMBINED_TASK_DEPENDENCIES_MISSING;USER_UTILITY_FROM_TRACES_SOURCE_MISSING,,符合设计，可作为重新draft前的锁定输入,/Users/gss/Downloads/revised_agent_benchmark_paper_package/experiments/agentdojo_full_v1.2.2_direct/case_packets/agentdojo/v1.2.2_workspace_user_task_4_injection_task_11/case_packet.md
v1.2.2:workspace:user_task_4:injection_task_13,workspace,user_task_4,injection_task_13,通过,通过,通过,通过,通过,通过,通过,通过,通过,通过,25,6,31,319575,OFFICIAL_SOURCE_CONTENT_NOT_MATERIALIZED;NATIVE_RUNNER_AND_AGGREGATION_NOT_IN_PACKET;STATE_SCHEMA_DESCRIPTOR_ONLY;POSTRUN_ARTIFACT_INVENTORY_ABSENT;STRONGER_SPLIT_NOT_RELIABLY_DERIVABLE;USER_COMBINED_TASK_DEPENDENCIES_MISSING;USER_UTILITY_FROM_TRACES_SOURCE_MISSING,,符合设计，可作为重新draft前的锁定输入,/Users/gss/Downloads/revised_agent_benchmark_paper_package/experiments/agentdojo_full_v1.2.2_direct/case_packets/agentdojo/v1.2.2_workspace_user_task_4_injection_task_13/case_packet.md
v1.2.2:workspace:user_task_19:injection_task_1,workspace,user_task_19,injection_task_1,通过,通过,通过,通过,通过,通过,通过,通过,通过,通过,25,6,31,309735,OFFICIAL_SOURCE_CONTENT_NOT_MATERIALIZED;NATIVE_RUNNER_AND_AGGREGATION_NOT_IN_PACKET;STATE_SCHEMA_DESCRIPTOR_ONLY;POSTRUN_ARTIFACT_INVENTORY_ABSENT;STRONGER_SPLIT_NOT_RELIABLY_DERIVABLE;USER_COMBINED_TASK_DEPENDENCIES_MISSING;USER_UTILITY_FROM_TRACES_SOURCE_MISSING,,符合设计，可作为重新draft前的锁定输入,/Users/gss/Downloads/revised_agent_benchmark_paper_package/experiments/agentdojo_full_v1.2.2_direct/case_packets/agentdojo/v1.2.2_workspace_user_task_19_injection_task_1/case_packet.md
v1.2.2:workspace:user_task_19:injection_task_2,workspace,user_task_19,injection_task_2,通过,通过,通过,通过,通过,通过,通过,通过,通过,通过,25,6,31,310868,OFFICIAL_SOURCE_CONTENT_NOT_MATERIALIZED;NATIVE_RUNNER_AND_AGGREGATION_NOT_IN_PACKET;STATE_SCHEMA_DESCRIPTOR_ONLY;POSTRUN_ARTIFACT_INVENTORY_ABSENT;STRONGER_SPLIT_NOT_RELIABLY_DERIVABLE;USER_COMBINED_TASK_DEPENDENCIES_MISSING;USER_UTILITY_FROM_TRACES_SOURCE_MISSING;INJECTION_EVALUATOR_HELPER_SOURCE_MISSING,,符合设计，可作为重新draft前的锁定输入,/Users/gss/Downloads/revised_agent_benchmark_paper_package/experiments/agentdojo_full_v1.2.2_direct/case_packets/agentdojo/v1.2.2_workspace_user_task_19_injection_task_2/case_packet.md
v1.2.2:workspace:user_task_19:injection_task_3,workspace,user_task_19,injection_task_3,通过,通过,通过,通过,通过,通过,通过,通过,通过,通过,25,6,31,318329,OFFICIAL_SOURCE_CONTENT_NOT_MATERIALIZED;NATIVE_RUNNER_AND_AGGREGATION_NOT_IN_PACKET;STATE_SCHEMA_DESCRIPTOR_ONLY;POSTRUN_ARTIFACT_INVENTORY_ABSENT;STRONGER_SPLIT_NOT_RELIABLY_DERIVABLE;USER_COMBINED_TASK_DEPENDENCIES_MISSING;USER_UTILITY_FROM_TRACES_SOURCE_MISSING,,符合设计，可作为重新draft前的锁定输入,/Users/gss/Downloads/revised_agent_benchmark_paper_package/experiments/agentdojo_full_v1.2.2_direct/case_packets/agentdojo/v1.2.2_workspace_user_task_19_injection_task_3/case_packet.md
v1.2.2:workspace:user_task_19:injection_task_5,workspace,user_task_19,injection_task_5,通过,通过,通过,通过,通过,通过,通过,通过,通过,通过,25,6,31,311269,OFFICIAL_SOURCE_CONTENT_NOT_MATERIALIZED;NATIVE_RUNNER_AND_AGGREGATION_NOT_IN_PACKET;STATE_SCHEMA_DESCRIPTOR_ONLY;POSTRUN_ARTIFACT_INVENTORY_ABSENT;STRONGER_SPLIT_NOT_RELIABLY_DERIVABLE;USER_COMBINED_TASK_DEPENDENCIES_MISSING;USER_UTILITY_FROM_TRACES_SOURCE_MISSING,,符合设计，可作为重新draft前的锁定输入,/Users/gss/Downloads/revised_agent_benchmark_paper_package/experiments/agentdojo_full_v1.2.2_direct/case_packets/agentdojo/v1.2.2_workspace_user_task_19_injection_task_5/case_packet.md
v1.2.2:workspace:user_task_19:injection_task_6,workspace,user_task_19,injection_task_6,通过,通过,通过,通过,通过,通过,通过,通过,通过,通过,25,6,31,317564,OFFICIAL_SOURCE_CONTENT_NOT_MATERIALIZED;NATIVE_RUNNER_AND_AGGREGATION_NOT_IN_PACKET;STATE_SCHEMA_DESCRIPTOR_ONLY;POSTRUN_ARTIFACT_INVENTORY_ABSENT;STRONGER_SPLIT_NOT_RELIABLY_DERIVABLE;USER_COMBINED_TASK_DEPENDENCIES_MISSING;USER_UTILITY_FROM_TRACES_SOURCE_MISSING;INJECTION_EVALUATOR_HELPER_SOURCE_MISSING,,符合设计，可作为重新draft前的锁定输入,/Users/gss/Downloads/revised_agent_benchmark_paper_package/experiments/agentdojo_full_v1.2.2_direct/case_packets/agentdojo/v1.2.2_workspace_user_task_19_injection_task_6/case_packet.md
v1.2.2:workspace:user_task_19:injection_task_7,workspace,user_task_19,injection_task_7,通过,通过,通过,通过,通过,通过,通过,通过,通过,通过,25,6,31,318198,OFFICIAL_SOURCE_CONTENT_NOT_MATERIALIZED;NATIVE_RUNNER_AND_AGGREGATION_NOT_IN_PACKET;STATE_SCHEMA_DESCRIPTOR_ONLY;POSTRUN_ARTIFACT_INVENTORY_ABSENT;STRONGER_SPLIT_NOT_RELIABLY_DERIVABLE;USER_COMBINED_TASK_DEPENDENCIES_MISSING;USER_UTILITY_FROM_TRACES_SOURCE_MISSING;INJECTION_EVALUATOR_HELPER_SOURCE_MISSING,,符合设计，可作为重新draft前的锁定输入,/Users/gss/Downloads/revised_agent_benchmark_paper_package/experiments/agentdojo_full_v1.2.2_direct/case_packets/agentdojo/v1.2.2_workspace_user_task_19_injection_task_7/case_packet.md
v1.2.2:workspace:user_task_19:injection_task_8,workspace,user_task_19,injection_task_8,通过,通过,通过,通过,通过,通过,通过,通过,通过,通过,25,6,31,318165,OFFICIAL_SOURCE_CONTENT_NOT_MATERIALIZED;NATIVE_RUNNER_AND_AGGREGATION_NOT_IN_PACKET;STATE_SCHEMA_DESCRIPTOR_ONLY;POSTRUN_ARTIFACT_INVENTORY_ABSENT;STRONGER_SPLIT_NOT_RELIABLY_DERIVABLE;USER_COMBINED_TASK_DEPENDENCIES_MISSING;USER_UTILITY_FROM_TRACES_SOURCE_MISSING;INJECTION_EVALUATOR_HELPER_SOURCE_MISSING,,符合设计，可作为重新draft前的锁定输入,/Users/gss/Downloads/revised_agent_benchmark_paper_package/experiments/agentdojo_full_v1.2.2_direct/case_packets/agentdojo/v1.2.2_workspace_user_task_19_injection_task_8/case_packet.md
v1.2.2:workspace:user_task_19:injection_task_9,workspace,user_task_19,injection_task_9,通过,通过,通过,通过,通过,通过,通过,通过,通过,通过,25,6,31,319179,OFFICIAL_SOURCE_CONTENT_NOT_MATERIALIZED;NATIVE_RUNNER_AND_AGGREGATION_NOT_IN_PACKET;STATE_SCHEMA_DESCRIPTOR_ONLY;POSTRUN_ARTIFACT_INVENTORY_ABSENT;STRONGER_SPLIT_NOT_RELIABLY_DERIVABLE;USER_COMBINED_TASK_DEPENDENCIES_MISSING;USER_UTILITY_FROM_TRACES_SOURCE_MISSING;INJECTION_EVALUATOR_HELPER_SOURCE_MISSING,,符合设计，可作为重新draft前的锁定输入,/Users/gss/Downloads/revised_agent_benchmark_paper_package/experiments/agentdojo_full_v1.2.2_direct/case_packets/agentdojo/v1.2.2_workspace_user_task_19_injection_task_9/case_packet.md
v1.2.2:workspace:user_task_19:injection_task_10,workspace,user_task_19,injection_task_10,通过,通过,通过,通过,通过,通过,通过,通过,通过,通过,25,6,31,317402,OFFICIAL_SOURCE_CONTENT_NOT_MATERIALIZED;NATIVE_RUNNER_AND_AGGREGATION_NOT_IN_PACKET;STATE_SCHEMA_DESCRIPTOR_ONLY;POSTRUN_ARTIFACT_INVENTORY_ABSENT;STRONGER_SPLIT_NOT_RELIABLY_DERIVABLE;USER_COMBINED_TASK_DEPENDENCIES_MISSING;USER_UTILITY_FROM_TRACES_SOURCE_MISSING,,符合设计，可作为重新draft前的锁定输入,/Users/gss/Downloads/revised_agent_benchmark_paper_package/experiments/agentdojo_full_v1.2.2_direct/case_packets/agentdojo/v1.2.2_workspace_user_task_19_injection_task_10/case_packet.md
v1.2.2:workspace:user_task_19:injection_task_11,workspace,user_task_19,injection_task_11,通过,通过,通过,通过,通过,通过,通过,通过,通过,通过,25,6,31,304708,OFFICIAL_SOURCE_CONTENT_NOT_MATERIALIZED;NATIVE_RUNNER_AND_AGGREGATION_NOT_IN_PACKET;STATE_SCHEMA_DESCRIPTOR_ONLY;POSTRUN_ARTIFACT_INVENTORY_ABSENT;STRONGER_SPLIT_NOT_RELIABLY_DERIVABLE;USER_COMBINED_TASK_DEPENDENCIES_MISSING;USER_UTILITY_FROM_TRACES_SOURCE_MISSING,,符合设计，可作为重新draft前的锁定输入,/Users/gss/Downloads/revised_agent_benchmark_paper_package/experiments/agentdojo_full_v1.2.2_direct/case_packets/agentdojo/v1.2.2_workspace_user_task_19_injection_task_11/case_packet.md
v1.2.2:workspace:user_task_19:injection_task_12,workspace,user_task_19,injection_task_12,通过,通过,通过,通过,通过,通过,通过,通过,通过,通过,25,6,31,305507,OFFICIAL_SOURCE_CONTENT_NOT_MATERIALIZED;NATIVE_RUNNER_AND_AGGREGATION_NOT_IN_PACKET;STATE_SCHEMA_DESCRIPTOR_ONLY;POSTRUN_ARTIFACT_INVENTORY_ABSENT;STRONGER_SPLIT_NOT_RELIABLY_DERIVABLE;USER_COMBINED_TASK_DEPENDENCIES_MISSING;USER_UTILITY_FROM_TRACES_SOURCE_MISSING,,符合设计，可作为重新draft前的锁定输入,/Users/gss/Downloads/revised_agent_benchmark_paper_package/experiments/agentdojo_full_v1.2.2_direct/case_packets/agentdojo/v1.2.2_workspace_user_task_19_injection_task_12/case_packet.md
v1.2.2:workspace:user_task_19:injection_task_13,workspace,user_task_19,injection_task_13,通过,通过,通过,通过,通过,通过,通过,通过,通过,通过,25,6,31,319502,OFFICIAL_SOURCE_CONTENT_NOT_MATERIALIZED;NATIVE_RUNNER_AND_AGGREGATION_NOT_IN_PACKET;STATE_SCHEMA_DESCRIPTOR_ONLY;POSTRUN_ARTIFACT_INVENTORY_ABSENT;STRONGER_SPLIT_NOT_RELIABLY_DERIVABLE;USER_COMBINED_TASK_DEPENDENCIES_MISSING;USER_UTILITY_FROM_TRACES_SOURCE_MISSING,,符合设计，可作为重新draft前的锁定输入,/Users/gss/Downloads/revised_agent_benchmark_paper_package/experiments/agentdojo_full_v1.2.2_direct/case_packets/agentdojo/v1.2.2_workspace_user_task_19_injection_task_13/case_packet.md
v1.2.2:workspace:user_task_36:injection_task_0,workspace,user_task_36,injection_task_0,通过,通过,通过,通过,通过,通过,通过,通过,通过,通过,25,6,31,310588,OFFICIAL_SOURCE_CONTENT_NOT_MATERIALIZED;NATIVE_RUNNER_AND_AGGREGATION_NOT_IN_PACKET;STATE_SCHEMA_DESCRIPTOR_ONLY;POSTRUN_ARTIFACT_INVENTORY_ABSENT;STRONGER_SPLIT_NOT_RELIABLY_DERIVABLE;USER_COMBINED_TASK_DEPENDENCIES_MISSING;USER_UTILITY_FROM_TRACES_SOURCE_MISSING,,符合设计，可作为重新draft前的锁定输入,/Users/gss/Downloads/revised_agent_benchmark_paper_package/experiments/agentdojo_full_v1.2.2_direct/case_packets/agentdojo/v1.2.2_workspace_user_task_36_injection_task_0/case_packet.md
v1.2.2:workspace:user_task_36:injection_task_1,workspace,user_task_36,injection_task_1,通过,通过,通过,通过,通过,通过,通过,通过,通过,通过,25,6,31,309766,OFFICIAL_SOURCE_CONTENT_NOT_MATERIALIZED;NATIVE_RUNNER_AND_AGGREGATION_NOT_IN_PACKET;STATE_SCHEMA_DESCRIPTOR_ONLY;POSTRUN_ARTIFACT_INVENTORY_ABSENT;STRONGER_SPLIT_NOT_RELIABLY_DERIVABLE;USER_COMBINED_TASK_DEPENDENCIES_MISSING;USER_UTILITY_FROM_TRACES_SOURCE_MISSING,,符合设计，可作为重新draft前的锁定输入,/Users/gss/Downloads/revised_agent_benchmark_paper_package/experiments/agentdojo_full_v1.2.2_direct/case_packets/agentdojo/v1.2.2_workspace_user_task_36_injection_task_1/case_packet.md
v1.2.2:workspace:user_task_36:injection_task_2,workspace,user_task_36,injection_task_2,通过,通过,通过,通过,通过,通过,通过,通过,通过,通过,25,6,31,310899,OFFICIAL_SOURCE_CONTENT_NOT_MATERIALIZED;NATIVE_RUNNER_AND_AGGREGATION_NOT_IN_PACKET;STATE_SCHEMA_DESCRIPTOR_ONLY;POSTRUN_ARTIFACT_INVENTORY_ABSENT;STRONGER_SPLIT_NOT_RELIABLY_DERIVABLE;USER_COMBINED_TASK_DEPENDENCIES_MISSING;USER_UTILITY_FROM_TRACES_SOURCE_MISSING;INJECTION_EVALUATOR_HELPER_SOURCE_MISSING,,符合设计，可作为重新draft前的锁定输入,/Users/gss/Downloads/revised_agent_benchmark_paper_package/experiments/agentdojo_full_v1.2.2_direct/case_packets/agentdojo/v1.2.2_workspace_user_task_36_injection_task_2/case_packet.md
v1.2.2:workspace:user_task_36:injection_task_3,workspace,user_task_36,injection_task_3,通过,通过,通过,通过,通过,通过,通过,通过,通过,通过,25,6,31,318360,OFFICIAL_SOURCE_CONTENT_NOT_MATERIALIZED;NATIVE_RUNNER_AND_AGGREGATION_NOT_IN_PACKET;STATE_SCHEMA_DESCRIPTOR_ONLY;POSTRUN_ARTIFACT_INVENTORY_ABSENT;STRONGER_SPLIT_NOT_RELIABLY_DERIVABLE;USER_COMBINED_TASK_DEPENDENCIES_MISSING;USER_UTILITY_FROM_TRACES_SOURCE_MISSING,,符合设计，可作为重新draft前的锁定输入,/Users/gss/Downloads/revised_agent_benchmark_paper_package/experiments/agentdojo_full_v1.2.2_direct/case_packets/agentdojo/v1.2.2_workspace_user_task_36_injection_task_3/case_packet.md
v1.2.2:workspace:user_task_36:injection_task_4,workspace,user_task_36,injection_task_4,通过,通过,通过,通过,通过,通过,通过,通过,通过,通过,25,6,31,311567,OFFICIAL_SOURCE_CONTENT_NOT_MATERIALIZED;NATIVE_RUNNER_AND_AGGREGATION_NOT_IN_PACKET;STATE_SCHEMA_DESCRIPTOR_ONLY;POSTRUN_ARTIFACT_INVENTORY_ABSENT;STRONGER_SPLIT_NOT_RELIABLY_DERIVABLE;USER_COMBINED_TASK_DEPENDENCIES_MISSING;USER_UTILITY_FROM_TRACES_SOURCE_MISSING,,符合设计，可作为重新draft前的锁定输入,/Users/gss/Downloads/revised_agent_benchmark_paper_package/experiments/agentdojo_full_v1.2.2_direct/case_packets/agentdojo/v1.2.2_workspace_user_task_36_injection_task_4/case_packet.md
v1.2.2:workspace:user_task_36:injection_task_6,workspace,user_task_36,injection_task_6,通过,通过,通过,通过,通过,通过,通过,通过,通过,通过,25,6,31,317595,OFFICIAL_SOURCE_CONTENT_NOT_MATERIALIZED;NATIVE_RUNNER_AND_AGGREGATION_NOT_IN_PACKET;STATE_SCHEMA_DESCRIPTOR_ONLY;POSTRUN_ARTIFACT_INVENTORY_ABSENT;STRONGER_SPLIT_NOT_RELIABLY_DERIVABLE;USER_COMBINED_TASK_DEPENDENCIES_MISSING;USER_UTILITY_FROM_TRACES_SOURCE_MISSING;INJECTION_EVALUATOR_HELPER_SOURCE_MISSING,,符合设计，可作为重新draft前的锁定输入,/Users/gss/Downloads/revised_agent_benchmark_paper_package/experiments/agentdojo_full_v1.2.2_direct/case_packets/agentdojo/v1.2.2_workspace_user_task_36_injection_task_6/case_packet.md
v1.2.2:workspace:user_task_36:injection_task_7,workspace,user_task_36,injection_task_7,通过,通过,通过,通过,通过,通过,通过,通过,通过,通过,25,6,31,318229,OFFICIAL_SOURCE_CONTENT_NOT_MATERIALIZED;NATIVE_RUNNER_AND_AGGREGATION_NOT_IN_PACKET;STATE_SCHEMA_DESCRIPTOR_ONLY;POSTRUN_ARTIFACT_INVENTORY_ABSENT;STRONGER_SPLIT_NOT_RELIABLY_DERIVABLE;USER_COMBINED_TASK_DEPENDENCIES_MISSING;USER_UTILITY_FROM_TRACES_SOURCE_MISSING;INJECTION_EVALUATOR_HELPER_SOURCE_MISSING,,符合设计，可作为重新draft前的锁定输入,/Users/gss/Downloads/revised_agent_benchmark_paper_package/experiments/agentdojo_full_v1.2.2_direct/case_packets/agentdojo/v1.2.2_workspace_user_task_36_injection_task_7/case_packet.md
v1.2.2:workspace:user_task_36:injection_task_8,workspace,user_task_36,injection_task_8,通过,通过,通过,通过,通过,通过,通过,通过,通过,通过,25,6,31,318196,OFFICIAL_SOURCE_CONTENT_NOT_MATERIALIZED;NATIVE_RUNNER_AND_AGGREGATION_NOT_IN_PACKET;STATE_SCHEMA_DESCRIPTOR_ONLY;POSTRUN_ARTIFACT_INVENTORY_ABSENT;STRONGER_SPLIT_NOT_RELIABLY_DERIVABLE;USER_COMBINED_TASK_DEPENDENCIES_MISSING;USER_UTILITY_FROM_TRACES_SOURCE_MISSING;INJECTION_EVALUATOR_HELPER_SOURCE_MISSING,,符合设计，可作为重新draft前的锁定输入,/Users/gss/Downloads/revised_agent_benchmark_paper_package/experiments/agentdojo_full_v1.2.2_direct/case_packets/agentdojo/v1.2.2_workspace_user_task_36_injection_task_8/case_packet.md
v1.2.2:workspace:user_task_36:injection_task_9,workspace,user_task_36,injection_task_9,通过,通过,通过,通过,通过,通过,通过,通过,通过,通过,25,6,31,319210,OFFICIAL_SOURCE_CONTENT_NOT_MATERIALIZED;NATIVE_RUNNER_AND_AGGREGATION_NOT_IN_PACKET;STATE_SCHEMA_DESCRIPTOR_ONLY;POSTRUN_ARTIFACT_INVENTORY_ABSENT;STRONGER_SPLIT_NOT_RELIABLY_DERIVABLE;USER_COMBINED_TASK_DEPENDENCIES_MISSING;USER_UTILITY_FROM_TRACES_SOURCE_MISSING;INJECTION_EVALUATOR_HELPER_SOURCE_MISSING,,符合设计，可作为重新draft前的锁定输入,/Users/gss/Downloads/revised_agent_benchmark_paper_package/experiments/agentdojo_full_v1.2.2_direct/case_packets/agentdojo/v1.2.2_workspace_user_task_36_injection_task_9/case_packet.md
v1.2.2:workspace:user_task_36:injection_task_10,workspace,user_task_36,injection_task_10,通过,通过,通过,通过,通过,通过,通过,通过,通过,通过,25,6,31,317433,OFFICIAL_SOURCE_CONTENT_NOT_MATERIALIZED;NATIVE_RUNNER_AND_AGGREGATION_NOT_IN_PACKET;STATE_SCHEMA_DESCRIPTOR_ONLY;POSTRUN_ARTIFACT_INVENTORY_ABSENT;STRONGER_SPLIT_NOT_RELIABLY_DERIVABLE;USER_COMBINED_TASK_DEPENDENCIES_MISSING;USER_UTILITY_FROM_TRACES_SOURCE_MISSING,,符合设计，可作为重新draft前的锁定输入,/Users/gss/Downloads/revised_agent_benchmark_paper_package/experiments/agentdojo_full_v1.2.2_direct/case_packets/agentdojo/v1.2.2_workspace_user_task_36_injection_task_10/case_packet.md
v1.2.2:workspace:user_task_36:injection_task_11,workspace,user_task_36,injection_task_11,通过,通过,通过,通过,通过,通过,通过,通过,通过,通过,25,6,31,304739,OFFICIAL_SOURCE_CONTENT_NOT_MATERIALIZED;NATIVE_RUNNER_AND_AGGREGATION_NOT_IN_PACKET;STATE_SCHEMA_DESCRIPTOR_ONLY;POSTRUN_ARTIFACT_INVENTORY_ABSENT;STRONGER_SPLIT_NOT_RELIABLY_DERIVABLE;USER_COMBINED_TASK_DEPENDENCIES_MISSING;USER_UTILITY_FROM_TRACES_SOURCE_MISSING,,符合设计，可作为重新draft前的锁定输入,/Users/gss/Downloads/revised_agent_benchmark_paper_package/experiments/agentdojo_full_v1.2.2_direct/case_packets/agentdojo/v1.2.2_workspace_user_task_36_injection_task_11/case_packet.md
v1.2.2:workspace:user_task_36:injection_task_13,workspace,user_task_36,injection_task_13,通过,通过,通过,通过,通过,通过,通过,通过,通过,通过,25,6,31,319533,OFFICIAL_SOURCE_CONTENT_NOT_MATERIALIZED;NATIVE_RUNNER_AND_AGGREGATION_NOT_IN_PACKET;STATE_SCHEMA_DESCRIPTOR_ONLY;POSTRUN_ARTIFACT_INVENTORY_ABSENT;STRONGER_SPLIT_NOT_RELIABLY_DERIVABLE;USER_COMBINED_TASK_DEPENDENCIES_MISSING;USER_UTILITY_FROM_TRACES_SOURCE_MISSING,,符合设计，可作为重新draft前的锁定输入,/Users/gss/Downloads/revised_agent_benchmark_paper_package/experiments/agentdojo_full_v1.2.2_direct/case_packets/agentdojo/v1.2.2_workspace_user_task_36_injection_task_13/case_packet.md
v1.2.2:workspace:user_task_37:injection_task_0,workspace,user_task_37,injection_task_0,通过,通过,通过,通过,通过,通过,通过,通过,通过,通过,25,6,31,310646,OFFICIAL_SOURCE_CONTENT_NOT_MATERIALIZED;NATIVE_RUNNER_AND_AGGREGATION_NOT_IN_PACKET;STATE_SCHEMA_DESCRIPTOR_ONLY;POSTRUN_ARTIFACT_INVENTORY_ABSENT;STRONGER_SPLIT_NOT_RELIABLY_DERIVABLE;USER_COMBINED_TASK_DEPENDENCIES_MISSING;USER_UTILITY_FROM_TRACES_SOURCE_MISSING,,符合设计，可作为重新draft前的锁定输入,/Users/gss/Downloads/revised_agent_benchmark_paper_package/experiments/agentdojo_full_v1.2.2_direct/case_packets/agentdojo/v1.2.2_workspace_user_task_37_injection_task_0/case_packet.md
v1.2.2:workspace:user_task_37:injection_task_1,workspace,user_task_37,injection_task_1,通过,通过,通过,通过,通过,通过,通过,通过,通过,通过,25,6,31,309824,OFFICIAL_SOURCE_CONTENT_NOT_MATERIALIZED;NATIVE_RUNNER_AND_AGGREGATION_NOT_IN_PACKET;STATE_SCHEMA_DESCRIPTOR_ONLY;POSTRUN_ARTIFACT_INVENTORY_ABSENT;STRONGER_SPLIT_NOT_RELIABLY_DERIVABLE;USER_COMBINED_TASK_DEPENDENCIES_MISSING;USER_UTILITY_FROM_TRACES_SOURCE_MISSING,,符合设计，可作为重新draft前的锁定输入,/Users/gss/Downloads/revised_agent_benchmark_paper_package/experiments/agentdojo_full_v1.2.2_direct/case_packets/agentdojo/v1.2.2_workspace_user_task_37_injection_task_1/case_packet.md
v1.2.2:workspace:user_task_37:injection_task_2,workspace,user_task_37,injection_task_2,通过,通过,通过,通过,通过,通过,通过,通过,通过,通过,25,6,31,310957,OFFICIAL_SOURCE_CONTENT_NOT_MATERIALIZED;NATIVE_RUNNER_AND_AGGREGATION_NOT_IN_PACKET;STATE_SCHEMA_DESCRIPTOR_ONLY;POSTRUN_ARTIFACT_INVENTORY_ABSENT;STRONGER_SPLIT_NOT_RELIABLY_DERIVABLE;USER_COMBINED_TASK_DEPENDENCIES_MISSING;USER_UTILITY_FROM_TRACES_SOURCE_MISSING;INJECTION_EVALUATOR_HELPER_SOURCE_MISSING,,符合设计，可作为重新draft前的锁定输入,/Users/gss/Downloads/revised_agent_benchmark_paper_package/experiments/agentdojo_full_v1.2.2_direct/case_packets/agentdojo/v1.2.2_workspace_user_task_37_injection_task_2/case_packet.md
v1.2.2:workspace:user_task_37:injection_task_3,workspace,user_task_37,injection_task_3,通过,通过,通过,通过,通过,通过,通过,通过,通过,通过,25,6,31,318418,OFFICIAL_SOURCE_CONTENT_NOT_MATERIALIZED;NATIVE_RUNNER_AND_AGGREGATION_NOT_IN_PACKET;STATE_SCHEMA_DESCRIPTOR_ONLY;POSTRUN_ARTIFACT_INVENTORY_ABSENT;STRONGER_SPLIT_NOT_RELIABLY_DERIVABLE;USER_COMBINED_TASK_DEPENDENCIES_MISSING;USER_UTILITY_FROM_TRACES_SOURCE_MISSING,,符合设计，可作为重新draft前的锁定输入,/Users/gss/Downloads/revised_agent_benchmark_paper_package/experiments/agentdojo_full_v1.2.2_direct/case_packets/agentdojo/v1.2.2_workspace_user_task_37_injection_task_3/case_packet.md
v1.2.2:workspace:user_task_37:injection_task_4,workspace,user_task_37,injection_task_4,通过,通过,通过,通过,通过,通过,通过,通过,通过,通过,25,6,31,311625,OFFICIAL_SOURCE_CONTENT_NOT_MATERIALIZED;NATIVE_RUNNER_AND_AGGREGATION_NOT_IN_PACKET;STATE_SCHEMA_DESCRIPTOR_ONLY;POSTRUN_ARTIFACT_INVENTORY_ABSENT;STRONGER_SPLIT_NOT_RELIABLY_DERIVABLE;USER_COMBINED_TASK_DEPENDENCIES_MISSING;USER_UTILITY_FROM_TRACES_SOURCE_MISSING,,符合设计，可作为重新draft前的锁定输入,/Users/gss/Downloads/revised_agent_benchmark_paper_package/experiments/agentdojo_full_v1.2.2_direct/case_packets/agentdojo/v1.2.2_workspace_user_task_37_injection_task_4/case_packet.md
v1.2.2:workspace:user_task_37:injection_task_5,workspace,user_task_37,injection_task_5,通过,通过,通过,通过,通过,通过,通过,通过,通过,通过,25,6,31,311358,OFFICIAL_SOURCE_CONTENT_NOT_MATERIALIZED;NATIVE_RUNNER_AND_AGGREGATION_NOT_IN_PACKET;STATE_SCHEMA_DESCRIPTOR_ONLY;POSTRUN_ARTIFACT_INVENTORY_ABSENT;STRONGER_SPLIT_NOT_RELIABLY_DERIVABLE;USER_COMBINED_TASK_DEPENDENCIES_MISSING;USER_UTILITY_FROM_TRACES_SOURCE_MISSING,,符合设计，可作为重新draft前的锁定输入,/Users/gss/Downloads/revised_agent_benchmark_paper_package/experiments/agentdojo_full_v1.2.2_direct/case_packets/agentdojo/v1.2.2_workspace_user_task_37_injection_task_5/case_packet.md
v1.2.2:workspace:user_task_37:injection_task_6,workspace,user_task_37,injection_task_6,通过,通过,通过,通过,通过,通过,通过,通过,通过,通过,25,6,31,317653,OFFICIAL_SOURCE_CONTENT_NOT_MATERIALIZED;NATIVE_RUNNER_AND_AGGREGATION_NOT_IN_PACKET;STATE_SCHEMA_DESCRIPTOR_ONLY;POSTRUN_ARTIFACT_INVENTORY_ABSENT;STRONGER_SPLIT_NOT_RELIABLY_DERIVABLE;USER_COMBINED_TASK_DEPENDENCIES_MISSING;USER_UTILITY_FROM_TRACES_SOURCE_MISSING;INJECTION_EVALUATOR_HELPER_SOURCE_MISSING,,符合设计，可作为重新draft前的锁定输入,/Users/gss/Downloads/revised_agent_benchmark_paper_package/experiments/agentdojo_full_v1.2.2_direct/case_packets/agentdojo/v1.2.2_workspace_user_task_37_injection_task_6/case_packet.md
v1.2.2:workspace:user_task_37:injection_task_8,workspace,user_task_37,injection_task_8,通过,通过,通过,通过,通过,通过,通过,通过,通过,通过,25,6,31,318254,OFFICIAL_SOURCE_CONTENT_NOT_MATERIALIZED;NATIVE_RUNNER_AND_AGGREGATION_NOT_IN_PACKET;STATE_SCHEMA_DESCRIPTOR_ONLY;POSTRUN_ARTIFACT_INVENTORY_ABSENT;STRONGER_SPLIT_NOT_RELIABLY_DERIVABLE;USER_COMBINED_TASK_DEPENDENCIES_MISSING;USER_UTILITY_FROM_TRACES_SOURCE_MISSING;INJECTION_EVALUATOR_HELPER_SOURCE_MISSING,,符合设计，可作为重新draft前的锁定输入,/Users/gss/Downloads/revised_agent_benchmark_paper_package/experiments/agentdojo_full_v1.2.2_direct/case_packets/agentdojo/v1.2.2_workspace_user_task_37_injection_task_8/case_packet.md
v1.2.2:workspace:user_task_37:injection_task_9,workspace,user_task_37,injection_task_9,通过,通过,通过,通过,通过,通过,通过,通过,通过,通过,25,6,31,319268,OFFICIAL_SOURCE_CONTENT_NOT_MATERIALIZED;NATIVE_RUNNER_AND_AGGREGATION_NOT_IN_PACKET;STATE_SCHEMA_DESCRIPTOR_ONLY;POSTRUN_ARTIFACT_INVENTORY_ABSENT;STRONGER_SPLIT_NOT_RELIABLY_DERIVABLE;USER_COMBINED_TASK_DEPENDENCIES_MISSING;USER_UTILITY_FROM_TRACES_SOURCE_MISSING;INJECTION_EVALUATOR_HELPER_SOURCE_MISSING,,符合设计，可作为重新draft前的锁定输入,/Users/gss/Downloads/revised_agent_benchmark_paper_package/experiments/agentdojo_full_v1.2.2_direct/case_packets/agentdojo/v1.2.2_workspace_user_task_37_injection_task_9/case_packet.md
v1.2.2:workspace:user_task_37:injection_task_10,workspace,user_task_37,injection_task_10,通过,通过,通过,通过,通过,通过,通过,通过,通过,通过,25,6,31,317491,OFFICIAL_SOURCE_CONTENT_NOT_MATERIALIZED;NATIVE_RUNNER_AND_AGGREGATION_NOT_IN_PACKET;STATE_SCHEMA_DESCRIPTOR_ONLY;POSTRUN_ARTIFACT_INVENTORY_ABSENT;STRONGER_SPLIT_NOT_RELIABLY_DERIVABLE;USER_COMBINED_TASK_DEPENDENCIES_MISSING;USER_UTILITY_FROM_TRACES_SOURCE_MISSING,,符合设计，可作为重新draft前的锁定输入,/Users/gss/Downloads/revised_agent_benchmark_paper_package/experiments/agentdojo_full_v1.2.2_direct/case_packets/agentdojo/v1.2.2_workspace_user_task_37_injection_task_10/case_packet.md
v1.2.2:workspace:user_task_37:injection_task_11,workspace,user_task_37,injection_task_11,通过,通过,通过,通过,通过,通过,通过,通过,通过,通过,25,6,31,304797,OFFICIAL_SOURCE_CONTENT_NOT_MATERIALIZED;NATIVE_RUNNER_AND_AGGREGATION_NOT_IN_PACKET;STATE_SCHEMA_DESCRIPTOR_ONLY;POSTRUN_ARTIFACT_INVENTORY_ABSENT;STRONGER_SPLIT_NOT_RELIABLY_DERIVABLE;USER_COMBINED_TASK_DEPENDENCIES_MISSING;USER_UTILITY_FROM_TRACES_SOURCE_MISSING,,符合设计，可作为重新draft前的锁定输入,/Users/gss/Downloads/revised_agent_benchmark_paper_package/experiments/agentdojo_full_v1.2.2_direct/case_packets/agentdojo/v1.2.2_workspace_user_task_37_injection_task_11/case_packet.md
v1.2.2:workspace:user_task_37:injection_task_12,workspace,user_task_37,injection_task_12,通过,通过,通过,通过,通过,通过,通过,通过,通过,通过,25,6,31,305596,OFFICIAL_SOURCE_CONTENT_NOT_MATERIALIZED;NATIVE_RUNNER_AND_AGGREGATION_NOT_IN_PACKET;STATE_SCHEMA_DESCRIPTOR_ONLY;POSTRUN_ARTIFACT_INVENTORY_ABSENT;STRONGER_SPLIT_NOT_RELIABLY_DERIVABLE;USER_COMBINED_TASK_DEPENDENCIES_MISSING;USER_UTILITY_FROM_TRACES_SOURCE_MISSING,,符合设计，可作为重新draft前的锁定输入,/Users/gss/Downloads/revised_agent_benchmark_paper_package/experiments/agentdojo_full_v1.2.2_direct/case_packets/agentdojo/v1.2.2_workspace_user_task_37_injection_task_12/case_packet.md
v1.2.2:workspace:user_task_37:injection_task_13,workspace,user_task_37,injection_task_13,通过,通过,通过,通过,通过,通过,通过,通过,通过,通过,25,6,31,319591,OFFICIAL_SOURCE_CONTENT_NOT_MATERIALIZED;NATIVE_RUNNER_AND_AGGREGATION_NOT_IN_PACKET;STATE_SCHEMA_DESCRIPTOR_ONLY;POSTRUN_ARTIFACT_INVENTORY_ABSENT;STRONGER_SPLIT_NOT_RELIABLY_DERIVABLE;USER_COMBINED_TASK_DEPENDENCIES_MISSING;USER_UTILITY_FROM_TRACES_SOURCE_MISSING,,符合设计，可作为重新draft前的锁定输入,/Users/gss/Downloads/revised_agent_benchmark_paper_package/experiments/agentdojo_full_v1.2.2_direct/case_packets/agentdojo/v1.2.2_workspace_user_task_37_injection_task_13/case_packet.md
v1.2.2:workspace:user_task_38:injection_task_0,workspace,user_task_38,injection_task_0,通过,通过,通过,通过,通过,通过,通过,通过,通过,通过,25,6,31,310477,OFFICIAL_SOURCE_CONTENT_NOT_MATERIALIZED;NATIVE_RUNNER_AND_AGGREGATION_NOT_IN_PACKET;STATE_SCHEMA_DESCRIPTOR_ONLY;POSTRUN_ARTIFACT_INVENTORY_ABSENT;STRONGER_SPLIT_NOT_RELIABLY_DERIVABLE;USER_COMBINED_TASK_DEPENDENCIES_MISSING;USER_UTILITY_FROM_TRACES_SOURCE_MISSING,,符合设计，可作为重新draft前的锁定输入,/Users/gss/Downloads/revised_agent_benchmark_paper_package/experiments/agentdojo_full_v1.2.2_direct/case_packets/agentdojo/v1.2.2_workspace_user_task_38_injection_task_0/case_packet.md
v1.2.2:workspace:user_task_38:injection_task_1,workspace,user_task_38,injection_task_1,通过,通过,通过,通过,通过,通过,通过,通过,通过,通过,25,6,31,309655,OFFICIAL_SOURCE_CONTENT_NOT_MATERIALIZED;NATIVE_RUNNER_AND_AGGREGATION_NOT_IN_PACKET;STATE_SCHEMA_DESCRIPTOR_ONLY;POSTRUN_ARTIFACT_INVENTORY_ABSENT;STRONGER_SPLIT_NOT_RELIABLY_DERIVABLE;USER_COMBINED_TASK_DEPENDENCIES_MISSING;USER_UTILITY_FROM_TRACES_SOURCE_MISSING,,符合设计，可作为重新draft前的锁定输入,/Users/gss/Downloads/revised_agent_benchmark_paper_package/experiments/agentdojo_full_v1.2.2_direct/case_packets/agentdojo/v1.2.2_workspace_user_task_38_injection_task_1/case_packet.md
v1.2.2:workspace:user_task_38:injection_task_2,workspace,user_task_38,injection_task_2,通过,通过,通过,通过,通过,通过,通过,通过,通过,通过,25,6,31,310788,OFFICIAL_SOURCE_CONTENT_NOT_MATERIALIZED;NATIVE_RUNNER_AND_AGGREGATION_NOT_IN_PACKET;STATE_SCHEMA_DESCRIPTOR_ONLY;POSTRUN_ARTIFACT_INVENTORY_ABSENT;STRONGER_SPLIT_NOT_RELIABLY_DERIVABLE;USER_COMBINED_TASK_DEPENDENCIES_MISSING;USER_UTILITY_FROM_TRACES_SOURCE_MISSING;INJECTION_EVALUATOR_HELPER_SOURCE_MISSING,,符合设计，可作为重新draft前的锁定输入,/Users/gss/Downloads/revised_agent_benchmark_paper_package/experiments/agentdojo_full_v1.2.2_direct/case_packets/agentdojo/v1.2.2_workspace_user_task_38_injection_task_2/case_packet.md
v1.2.2:workspace:user_task_38:injection_task_3,workspace,user_task_38,injection_task_3,通过,通过,通过,通过,通过,通过,通过,通过,通过,通过,25,6,31,318249,OFFICIAL_SOURCE_CONTENT_NOT_MATERIALIZED;NATIVE_RUNNER_AND_AGGREGATION_NOT_IN_PACKET;STATE_SCHEMA_DESCRIPTOR_ONLY;POSTRUN_ARTIFACT_INVENTORY_ABSENT;STRONGER_SPLIT_NOT_RELIABLY_DERIVABLE;USER_COMBINED_TASK_DEPENDENCIES_MISSING;USER_UTILITY_FROM_TRACES_SOURCE_MISSING,,符合设计，可作为重新draft前的锁定输入,/Users/gss/Downloads/revised_agent_benchmark_paper_package/experiments/agentdojo_full_v1.2.2_direct/case_packets/agentdojo/v1.2.2_workspace_user_task_38_injection_task_3/case_packet.md
v1.2.2:workspace:user_task_38:injection_task_4,workspace,user_task_38,injection_task_4,通过,通过,通过,通过,通过,通过,通过,通过,通过,通过,25,6,31,311456,OFFICIAL_SOURCE_CONTENT_NOT_MATERIALIZED;NATIVE_RUNNER_AND_AGGREGATION_NOT_IN_PACKET;STATE_SCHEMA_DESCRIPTOR_ONLY;POSTRUN_ARTIFACT_INVENTORY_ABSENT;STRONGER_SPLIT_NOT_RELIABLY_DERIVABLE;USER_COMBINED_TASK_DEPENDENCIES_MISSING;USER_UTILITY_FROM_TRACES_SOURCE_MISSING,,符合设计，可作为重新draft前的锁定输入,/Users/gss/Downloads/revised_agent_benchmark_paper_package/experiments/agentdojo_full_v1.2.2_direct/case_packets/agentdojo/v1.2.2_workspace_user_task_38_injection_task_4/case_packet.md
v1.2.2:workspace:user_task_38:injection_task_5,workspace,user_task_38,injection_task_5,通过,通过,通过,通过,通过,通过,通过,通过,通过,通过,25,6,31,311189,OFFICIAL_SOURCE_CONTENT_NOT_MATERIALIZED;NATIVE_RUNNER_AND_AGGREGATION_NOT_IN_PACKET;STATE_SCHEMA_DESCRIPTOR_ONLY;POSTRUN_ARTIFACT_INVENTORY_ABSENT;STRONGER_SPLIT_NOT_RELIABLY_DERIVABLE;USER_COMBINED_TASK_DEPENDENCIES_MISSING;USER_UTILITY_FROM_TRACES_SOURCE_MISSING,,符合设计，可作为重新draft前的锁定输入,/Users/gss/Downloads/revised_agent_benchmark_paper_package/experiments/agentdojo_full_v1.2.2_direct/case_packets/agentdojo/v1.2.2_workspace_user_task_38_injection_task_5/case_packet.md
v1.2.2:workspace:user_task_38:injection_task_6,workspace,user_task_38,injection_task_6,通过,通过,通过,通过,通过,通过,通过,通过,通过,通过,25,6,31,317484,OFFICIAL_SOURCE_CONTENT_NOT_MATERIALIZED;NATIVE_RUNNER_AND_AGGREGATION_NOT_IN_PACKET;STATE_SCHEMA_DESCRIPTOR_ONLY;POSTRUN_ARTIFACT_INVENTORY_ABSENT;STRONGER_SPLIT_NOT_RELIABLY_DERIVABLE;USER_COMBINED_TASK_DEPENDENCIES_MISSING;USER_UTILITY_FROM_TRACES_SOURCE_MISSING;INJECTION_EVALUATOR_HELPER_SOURCE_MISSING,,符合设计，可作为重新draft前的锁定输入,/Users/gss/Downloads/revised_agent_benchmark_paper_package/experiments/agentdojo_full_v1.2.2_direct/case_packets/agentdojo/v1.2.2_workspace_user_task_38_injection_task_6/case_packet.md
v1.2.2:workspace:user_task_38:injection_task_7,workspace,user_task_38,injection_task_7,通过,通过,通过,通过,通过,通过,通过,通过,通过,通过,25,6,31,318118,OFFICIAL_SOURCE_CONTENT_NOT_MATERIALIZED;NATIVE_RUNNER_AND_AGGREGATION_NOT_IN_PACKET;STATE_SCHEMA_DESCRIPTOR_ONLY;POSTRUN_ARTIFACT_INVENTORY_ABSENT;STRONGER_SPLIT_NOT_RELIABLY_DERIVABLE;USER_COMBINED_TASK_DEPENDENCIES_MISSING;USER_UTILITY_FROM_TRACES_SOURCE_MISSING;INJECTION_EVALUATOR_HELPER_SOURCE_MISSING,,符合设计，可作为重新draft前的锁定输入,/Users/gss/Downloads/revised_agent_benchmark_paper_package/experiments/agentdojo_full_v1.2.2_direct/case_packets/agentdojo/v1.2.2_workspace_user_task_38_injection_task_7/case_packet.md
v1.2.2:workspace:user_task_38:injection_task_8,workspace,user_task_38,injection_task_8,通过,通过,通过,通过,通过,通过,通过,通过,通过,通过,25,6,31,318085,OFFICIAL_SOURCE_CONTENT_NOT_MATERIALIZED;NATIVE_RUNNER_AND_AGGREGATION_NOT_IN_PACKET;STATE_SCHEMA_DESCRIPTOR_ONLY;POSTRUN_ARTIFACT_INVENTORY_ABSENT;STRONGER_SPLIT_NOT_RELIABLY_DERIVABLE;USER_COMBINED_TASK_DEPENDENCIES_MISSING;USER_UTILITY_FROM_TRACES_SOURCE_MISSING;INJECTION_EVALUATOR_HELPER_SOURCE_MISSING,,符合设计，可作为重新draft前的锁定输入,/Users/gss/Downloads/revised_agent_benchmark_paper_package/experiments/agentdojo_full_v1.2.2_direct/case_packets/agentdojo/v1.2.2_workspace_user_task_38_injection_task_8/case_packet.md
v1.2.2:workspace:user_task_38:injection_task_9,workspace,user_task_38,injection_task_9,通过,通过,通过,通过,通过,通过,通过,通过,通过,通过,25,6,31,319099,OFFICIAL_SOURCE_CONTENT_NOT_MATERIALIZED;NATIVE_RUNNER_AND_AGGREGATION_NOT_IN_PACKET;STATE_SCHEMA_DESCRIPTOR_ONLY;POSTRUN_ARTIFACT_INVENTORY_ABSENT;STRONGER_SPLIT_NOT_RELIABLY_DERIVABLE;USER_COMBINED_TASK_DEPENDENCIES_MISSING;USER_UTILITY_FROM_TRACES_SOURCE_MISSING;INJECTION_EVALUATOR_HELPER_SOURCE_MISSING,,符合设计，可作为重新draft前的锁定输入,/Users/gss/Downloads/revised_agent_benchmark_paper_package/experiments/agentdojo_full_v1.2.2_direct/case_packets/agentdojo/v1.2.2_workspace_user_task_38_injection_task_9/case_packet.md
v1.2.2:workspace:user_task_38:injection_task_10,workspace,user_task_38,injection_task_10,通过,通过,通过,通过,通过,通过,通过,通过,通过,通过,25,6,31,317322,OFFICIAL_SOURCE_CONTENT_NOT_MATERIALIZED;NATIVE_RUNNER_AND_AGGREGATION_NOT_IN_PACKET;STATE_SCHEMA_DESCRIPTOR_ONLY;POSTRUN_ARTIFACT_INVENTORY_ABSENT;STRONGER_SPLIT_NOT_RELIABLY_DERIVABLE;USER_COMBINED_TASK_DEPENDENCIES_MISSING;USER_UTILITY_FROM_TRACES_SOURCE_MISSING,,符合设计，可作为重新draft前的锁定输入,/Users/gss/Downloads/revised_agent_benchmark_paper_package/experiments/agentdojo_full_v1.2.2_direct/case_packets/agentdojo/v1.2.2_workspace_user_task_38_injection_task_10/case_packet.md
v1.2.2:workspace:user_task_38:injection_task_12,workspace,user_task_38,injection_task_12,通过,通过,通过,通过,通过,通过,通过,通过,通过,通过,25,6,31,305427,OFFICIAL_SOURCE_CONTENT_NOT_MATERIALIZED;NATIVE_RUNNER_AND_AGGREGATION_NOT_IN_PACKET;STATE_SCHEMA_DESCRIPTOR_ONLY;POSTRUN_ARTIFACT_INVENTORY_ABSENT;STRONGER_SPLIT_NOT_RELIABLY_DERIVABLE;USER_COMBINED_TASK_DEPENDENCIES_MISSING;USER_UTILITY_FROM_TRACES_SOURCE_MISSING,,符合设计，可作为重新draft前的锁定输入,/Users/gss/Downloads/revised_agent_benchmark_paper_package/experiments/agentdojo_full_v1.2.2_direct/case_packets/agentdojo/v1.2.2_workspace_user_task_38_injection_task_12/case_packet.md
v1.2.2:workspace:user_task_38:injection_task_13,workspace,user_task_38,injection_task_13,通过,通过,通过,通过,通过,通过,通过,通过,通过,通过,25,6,31,319422,OFFICIAL_SOURCE_CONTENT_NOT_MATERIALIZED;NATIVE_RUNNER_AND_AGGREGATION_NOT_IN_PACKET;STATE_SCHEMA_DESCRIPTOR_ONLY;POSTRUN_ARTIFACT_INVENTORY_ABSENT;STRONGER_SPLIT_NOT_RELIABLY_DERIVABLE;USER_COMBINED_TASK_DEPENDENCIES_MISSING;USER_UTILITY_FROM_TRACES_SOURCE_MISSING,,符合设计，可作为重新draft前的锁定输入,/Users/gss/Downloads/revised_agent_benchmark_paper_package/experiments/agentdojo_full_v1.2.2_direct/case_packets/agentdojo/v1.2.2_workspace_user_task_38_injection_task_13/case_packet.md
v1.2.2:workspace:user_task_39:injection_task_0,workspace,user_task_39,injection_task_0,通过,通过,通过,通过,通过,通过,通过,通过,通过,通过,26,6,32,320538,OFFICIAL_SOURCE_CONTENT_NOT_MATERIALIZED;NATIVE_RUNNER_AND_AGGREGATION_NOT_IN_PACKET;STATE_SCHEMA_DESCRIPTOR_ONLY;POSTRUN_ARTIFACT_INVENTORY_ABSENT;STRONGER_SPLIT_NOT_RELIABLY_DERIVABLE;USER_COMBINED_TASK_DEPENDENCIES_MISSING;USER_UTILITY_FROM_TRACES_SOURCE_MISSING,,符合设计，可作为重新draft前的锁定输入,/Users/gss/Downloads/revised_agent_benchmark_paper_package/experiments/agentdojo_full_v1.2.2_direct/case_packets/agentdojo/v1.2.2_workspace_user_task_39_injection_task_0/case_packet.md
v1.2.2:workspace:user_task_39:injection_task_1,workspace,user_task_39,injection_task_1,通过,通过,通过,通过,通过,通过,通过,通过,通过,通过,26,6,32,319716,OFFICIAL_SOURCE_CONTENT_NOT_MATERIALIZED;NATIVE_RUNNER_AND_AGGREGATION_NOT_IN_PACKET;STATE_SCHEMA_DESCRIPTOR_ONLY;POSTRUN_ARTIFACT_INVENTORY_ABSENT;STRONGER_SPLIT_NOT_RELIABLY_DERIVABLE;USER_COMBINED_TASK_DEPENDENCIES_MISSING;USER_UTILITY_FROM_TRACES_SOURCE_MISSING,,符合设计，可作为重新draft前的锁定输入,/Users/gss/Downloads/revised_agent_benchmark_paper_package/experiments/agentdojo_full_v1.2.2_direct/case_packets/agentdojo/v1.2.2_workspace_user_task_39_injection_task_1/case_packet.md
v1.2.2:workspace:user_task_39:injection_task_2,workspace,user_task_39,injection_task_2,通过,通过,通过,通过,通过,通过,通过,通过,通过,通过,26,6,32,320849,OFFICIAL_SOURCE_CONTENT_NOT_MATERIALIZED;NATIVE_RUNNER_AND_AGGREGATION_NOT_IN_PACKET;STATE_SCHEMA_DESCRIPTOR_ONLY;POSTRUN_ARTIFACT_INVENTORY_ABSENT;STRONGER_SPLIT_NOT_RELIABLY_DERIVABLE;USER_COMBINED_TASK_DEPENDENCIES_MISSING;USER_UTILITY_FROM_TRACES_SOURCE_MISSING;INJECTION_EVALUATOR_HELPER_SOURCE_MISSING,,符合设计，可作为重新draft前的锁定输入,/Users/gss/Downloads/revised_agent_benchmark_paper_package/experiments/agentdojo_full_v1.2.2_direct/case_packets/agentdojo/v1.2.2_workspace_user_task_39_injection_task_2/case_packet.md
v1.2.2:workspace:user_task_39:injection_task_3,workspace,user_task_39,injection_task_3,通过,通过,通过,通过,通过,通过,通过,通过,通过,通过,26,6,32,328310,OFFICIAL_SOURCE_CONTENT_NOT_MATERIALIZED;NATIVE_RUNNER_AND_AGGREGATION_NOT_IN_PACKET;STATE_SCHEMA_DESCRIPTOR_ONLY;POSTRUN_ARTIFACT_INVENTORY_ABSENT;STRONGER_SPLIT_NOT_RELIABLY_DERIVABLE;USER_COMBINED_TASK_DEPENDENCIES_MISSING;USER_UTILITY_FROM_TRACES_SOURCE_MISSING,,符合设计，可作为重新draft前的锁定输入,/Users/gss/Downloads/revised_agent_benchmark_paper_package/experiments/agentdojo_full_v1.2.2_direct/case_packets/agentdojo/v1.2.2_workspace_user_task_39_injection_task_3/case_packet.md
v1.2.2:workspace:user_task_39:injection_task_4,workspace,user_task_39,injection_task_4,通过,通过,通过,通过,通过,通过,通过,通过,通过,通过,26,6,32,321517,OFFICIAL_SOURCE_CONTENT_NOT_MATERIALIZED;NATIVE_RUNNER_AND_AGGREGATION_NOT_IN_PACKET;STATE_SCHEMA_DESCRIPTOR_ONLY;POSTRUN_ARTIFACT_INVENTORY_ABSENT;STRONGER_SPLIT_NOT_RELIABLY_DERIVABLE;USER_COMBINED_TASK_DEPENDENCIES_MISSING;USER_UTILITY_FROM_TRACES_SOURCE_MISSING,,符合设计，可作为重新draft前的锁定输入,/Users/gss/Downloads/revised_agent_benchmark_paper_package/experiments/agentdojo_full_v1.2.2_direct/case_packets/agentdojo/v1.2.2_workspace_user_task_39_injection_task_4/case_packet.md
v1.2.2:workspace:user_task_39:injection_task_5,workspace,user_task_39,injection_task_5,通过,通过,通过,通过,通过,通过,通过,通过,通过,通过,26,6,32,321250,OFFICIAL_SOURCE_CONTENT_NOT_MATERIALIZED;NATIVE_RUNNER_AND_AGGREGATION_NOT_IN_PACKET;STATE_SCHEMA_DESCRIPTOR_ONLY;POSTRUN_ARTIFACT_INVENTORY_ABSENT;STRONGER_SPLIT_NOT_RELIABLY_DERIVABLE;USER_COMBINED_TASK_DEPENDENCIES_MISSING;USER_UTILITY_FROM_TRACES_SOURCE_MISSING,,符合设计，可作为重新draft前的锁定输入,/Users/gss/Downloads/revised_agent_benchmark_paper_package/experiments/agentdojo_full_v1.2.2_direct/case_packets/agentdojo/v1.2.2_workspace_user_task_39_injection_task_5/case_packet.md
v1.2.2:workspace:user_task_39:injection_task_6,workspace,user_task_39,injection_task_6,通过,通过,通过,通过,通过,通过,通过,通过,通过,通过,26,6,32,327545,OFFICIAL_SOURCE_CONTENT_NOT_MATERIALIZED;NATIVE_RUNNER_AND_AGGREGATION_NOT_IN_PACKET;STATE_SCHEMA_DESCRIPTOR_ONLY;POSTRUN_ARTIFACT_INVENTORY_ABSENT;STRONGER_SPLIT_NOT_RELIABLY_DERIVABLE;USER_COMBINED_TASK_DEPENDENCIES_MISSING;USER_UTILITY_FROM_TRACES_SOURCE_MISSING;INJECTION_EVALUATOR_HELPER_SOURCE_MISSING,,符合设计，可作为重新draft前的锁定输入,/Users/gss/Downloads/revised_agent_benchmark_paper_package/experiments/agentdojo_full_v1.2.2_direct/case_packets/agentdojo/v1.2.2_workspace_user_task_39_injection_task_6/case_packet.md
v1.2.2:workspace:user_task_39:injection_task_7,workspace,user_task_39,injection_task_7,通过,通过,通过,通过,通过,通过,通过,通过,通过,通过,26,6,32,328179,OFFICIAL_SOURCE_CONTENT_NOT_MATERIALIZED;NATIVE_RUNNER_AND_AGGREGATION_NOT_IN_PACKET;STATE_SCHEMA_DESCRIPTOR_ONLY;POSTRUN_ARTIFACT_INVENTORY_ABSENT;STRONGER_SPLIT_NOT_RELIABLY_DERIVABLE;USER_COMBINED_TASK_DEPENDENCIES_MISSING;USER_UTILITY_FROM_TRACES_SOURCE_MISSING;INJECTION_EVALUATOR_HELPER_SOURCE_MISSING,,符合设计，可作为重新draft前的锁定输入,/Users/gss/Downloads/revised_agent_benchmark_paper_package/experiments/agentdojo_full_v1.2.2_direct/case_packets/agentdojo/v1.2.2_workspace_user_task_39_injection_task_7/case_packet.md
v1.2.2:workspace:user_task_39:injection_task_8,workspace,user_task_39,injection_task_8,通过,通过,通过,通过,通过,通过,通过,通过,通过,通过,26,6,32,328146,OFFICIAL_SOURCE_CONTENT_NOT_MATERIALIZED;NATIVE_RUNNER_AND_AGGREGATION_NOT_IN_PACKET;STATE_SCHEMA_DESCRIPTOR_ONLY;POSTRUN_ARTIFACT_INVENTORY_ABSENT;STRONGER_SPLIT_NOT_RELIABLY_DERIVABLE;USER_COMBINED_TASK_DEPENDENCIES_MISSING;USER_UTILITY_FROM_TRACES_SOURCE_MISSING;INJECTION_EVALUATOR_HELPER_SOURCE_MISSING,,符合设计，可作为重新draft前的锁定输入,/Users/gss/Downloads/revised_agent_benchmark_paper_package/experiments/agentdojo_full_v1.2.2_direct/case_packets/agentdojo/v1.2.2_workspace_user_task_39_injection_task_8/case_packet.md
v1.2.2:workspace:user_task_39:injection_task_9,workspace,user_task_39,injection_task_9,通过,通过,通过,通过,通过,通过,通过,通过,通过,通过,26,6,32,329160,OFFICIAL_SOURCE_CONTENT_NOT_MATERIALIZED;NATIVE_RUNNER_AND_AGGREGATION_NOT_IN_PACKET;STATE_SCHEMA_DESCRIPTOR_ONLY;POSTRUN_ARTIFACT_INVENTORY_ABSENT;STRONGER_SPLIT_NOT_RELIABLY_DERIVABLE;USER_COMBINED_TASK_DEPENDENCIES_MISSING;USER_UTILITY_FROM_TRACES_SOURCE_MISSING;INJECTION_EVALUATOR_HELPER_SOURCE_MISSING,,符合设计，可作为重新draft前的锁定输入,/Users/gss/Downloads/revised_agent_benchmark_paper_package/experiments/agentdojo_full_v1.2.2_direct/case_packets/agentdojo/v1.2.2_workspace_user_task_39_injection_task_9/case_packet.md
v1.2.2:workspace:user_task_39:injection_task_10,workspace,user_task_39,injection_task_10,通过,通过,通过,通过,通过,通过,通过,通过,通过,通过,26,6,32,327383,OFFICIAL_SOURCE_CONTENT_NOT_MATERIALIZED;NATIVE_RUNNER_AND_AGGREGATION_NOT_IN_PACKET;STATE_SCHEMA_DESCRIPTOR_ONLY;POSTRUN_ARTIFACT_INVENTORY_ABSENT;STRONGER_SPLIT_NOT_RELIABLY_DERIVABLE;USER_COMBINED_TASK_DEPENDENCIES_MISSING;USER_UTILITY_FROM_TRACES_SOURCE_MISSING,,符合设计，可作为重新draft前的锁定输入,/Users/gss/Downloads/revised_agent_benchmark_paper_package/experiments/agentdojo_full_v1.2.2_direct/case_packets/agentdojo/v1.2.2_workspace_user_task_39_injection_task_10/case_packet.md
v1.2.2:workspace:user_task_39:injection_task_11,workspace,user_task_39,injection_task_11,通过,通过,通过,通过,通过,通过,通过,通过,通过,通过,26,6,32,314689,OFFICIAL_SOURCE_CONTENT_NOT_MATERIALIZED;NATIVE_RUNNER_AND_AGGREGATION_NOT_IN_PACKET;STATE_SCHEMA_DESCRIPTOR_ONLY;POSTRUN_ARTIFACT_INVENTORY_ABSENT;STRONGER_SPLIT_NOT_RELIABLY_DERIVABLE;USER_COMBINED_TASK_DEPENDENCIES_MISSING;USER_UTILITY_FROM_TRACES_SOURCE_MISSING,,符合设计，可作为重新draft前的锁定输入,/Users/gss/Downloads/revised_agent_benchmark_paper_package/experiments/agentdojo_full_v1.2.2_direct/case_packets/agentdojo/v1.2.2_workspace_user_task_39_injection_task_11/case_packet.md
v1.2.2:workspace:user_task_39:injection_task_12,workspace,user_task_39,injection_task_12,通过,通过,通过,通过,通过,通过,通过,通过,通过,通过,26,6,32,315488,OFFICIAL_SOURCE_CONTENT_NOT_MATERIALIZED;NATIVE_RUNNER_AND_AGGREGATION_NOT_IN_PACKET;STATE_SCHEMA_DESCRIPTOR_ONLY;POSTRUN_ARTIFACT_INVENTORY_ABSENT;STRONGER_SPLIT_NOT_RELIABLY_DERIVABLE;USER_COMBINED_TASK_DEPENDENCIES_MISSING;USER_UTILITY_FROM_TRACES_SOURCE_MISSING,,符合设计，可作为重新draft前的锁定输入,/Users/gss/Downloads/revised_agent_benchmark_paper_package/experiments/agentdojo_full_v1.2.2_direct/case_packets/agentdojo/v1.2.2_workspace_user_task_39_injection_task_12/case_packet.md
v1.2.2:workspace:user_task_39:injection_task_13,workspace,user_task_39,injection_task_13,通过,通过,通过,通过,通过,通过,通过,通过,通过,通过,26,6,32,329483,OFFICIAL_SOURCE_CONTENT_NOT_MATERIALIZED;NATIVE_RUNNER_AND_AGGREGATION_NOT_IN_PACKET;STATE_SCHEMA_DESCRIPTOR_ONLY;POSTRUN_ARTIFACT_INVENTORY_ABSENT;STRONGER_SPLIT_NOT_RELIABLY_DERIVABLE;USER_COMBINED_TASK_DEPENDENCIES_MISSING;USER_UTILITY_FROM_TRACES_SOURCE_MISSING,,符合设计，可作为重新draft前的锁定输入,/Users/gss/Downloads/revised_agent_benchmark_paper_package/experiments/agentdojo_full_v1.2.2_direct/case_packets/agentdojo/v1.2.2_workspace_user_task_39_injection_task_13/case_packet.md
v1.2.2:travel:user_task_0:injection_task_6,travel,user_task_0,injection_task_6,通过,通过,通过,通过,通过,通过,通过,通过,通过,通过,20,6,26,291136,OFFICIAL_SOURCE_CONTENT_NOT_MATERIALIZED;NATIVE_RUNNER_AND_AGGREGATION_NOT_IN_PACKET;STATE_SCHEMA_DESCRIPTOR_ONLY;POSTRUN_ARTIFACT_INVENTORY_ABSENT;STRONGER_SPLIT_NOT_RELIABLY_DERIVABLE;USER_EVALUATOR_HELPER_SOURCE_MISSING,,符合设计，可作为重新draft前的锁定输入,/Users/gss/Downloads/revised_agent_benchmark_paper_package/experiments/agentdojo_full_v1.2.2_direct/case_packets/agentdojo/v1.2.2_travel_user_task_0_injection_task_6/case_packet.md
v1.2.2:travel:user_task_0:injection_task_0,travel,user_task_0,injection_task_0,通过,通过,通过,通过,通过,通过,通过,通过,通过,通过,20,6,26,292202,OFFICIAL_SOURCE_CONTENT_NOT_MATERIALIZED;NATIVE_RUNNER_AND_AGGREGATION_NOT_IN_PACKET;STATE_SCHEMA_DESCRIPTOR_ONLY;POSTRUN_ARTIFACT_INVENTORY_ABSENT;STRONGER_SPLIT_NOT_RELIABLY_DERIVABLE;USER_EVALUATOR_HELPER_SOURCE_MISSING,,符合设计，可作为重新draft前的锁定输入,/Users/gss/Downloads/revised_agent_benchmark_paper_package/experiments/agentdojo_full_v1.2.2_direct/case_packets/agentdojo/v1.2.2_travel_user_task_0_injection_task_0/case_packet.md
v1.2.2:travel:user_task_0:injection_task_1,travel,user_task_0,injection_task_1,通过,通过,通过,通过,通过,通过,通过,通过,通过,通过,20,6,26,291967,OFFICIAL_SOURCE_CONTENT_NOT_MATERIALIZED;NATIVE_RUNNER_AND_AGGREGATION_NOT_IN_PACKET;STATE_SCHEMA_DESCRIPTOR_ONLY;POSTRUN_ARTIFACT_INVENTORY_ABSENT;STRONGER_SPLIT_NOT_RELIABLY_DERIVABLE;USER_EVALUATOR_HELPER_SOURCE_MISSING,,符合设计，可作为重新draft前的锁定输入,/Users/gss/Downloads/revised_agent_benchmark_paper_package/experiments/agentdojo_full_v1.2.2_direct/case_packets/agentdojo/v1.2.2_travel_user_task_0_injection_task_1/case_packet.md
v1.2.2:travel:user_task_0:injection_task_3,travel,user_task_0,injection_task_3,通过,通过,通过,通过,通过,通过,通过,通过,通过,通过,20,6,26,292928,OFFICIAL_SOURCE_CONTENT_NOT_MATERIALIZED;NATIVE_RUNNER_AND_AGGREGATION_NOT_IN_PACKET;STATE_SCHEMA_DESCRIPTOR_ONLY;POSTRUN_ARTIFACT_INVENTORY_ABSENT;STRONGER_SPLIT_NOT_RELIABLY_DERIVABLE;USER_EVALUATOR_HELPER_SOURCE_MISSING,,符合设计，可作为重新draft前的锁定输入,/Users/gss/Downloads/revised_agent_benchmark_paper_package/experiments/agentdojo_full_v1.2.2_direct/case_packets/agentdojo/v1.2.2_travel_user_task_0_injection_task_3/case_packet.md
v1.2.2:travel:user_task_0:injection_task_4,travel,user_task_0,injection_task_4,通过,通过,通过,通过,通过,通过,通过,通过,通过,通过,20,6,26,292700,OFFICIAL_SOURCE_CONTENT_NOT_MATERIALIZED;NATIVE_RUNNER_AND_AGGREGATION_NOT_IN_PACKET;STATE_SCHEMA_DESCRIPTOR_ONLY;POSTRUN_ARTIFACT_INVENTORY_ABSENT;STRONGER_SPLIT_NOT_RELIABLY_DERIVABLE;USER_EVALUATOR_HELPER_SOURCE_MISSING,,符合设计，可作为重新draft前的锁定输入,/Users/gss/Downloads/revised_agent_benchmark_paper_package/experiments/agentdojo_full_v1.2.2_direct/case_packets/agentdojo/v1.2.2_travel_user_task_0_injection_task_4/case_packet.md
v1.2.2:travel:user_task_0:injection_task_5,travel,user_task_0,injection_task_5,通过,通过,通过,通过,通过,通过,通过,通过,通过,通过,20,6,26,284035,OFFICIAL_SOURCE_CONTENT_NOT_MATERIALIZED;NATIVE_RUNNER_AND_AGGREGATION_NOT_IN_PACKET;STATE_SCHEMA_DESCRIPTOR_ONLY;POSTRUN_ARTIFACT_INVENTORY_ABSENT;STRONGER_SPLIT_NOT_RELIABLY_DERIVABLE;USER_EVALUATOR_HELPER_SOURCE_MISSING,,符合设计，可作为重新draft前的锁定输入,/Users/gss/Downloads/revised_agent_benchmark_paper_package/experiments/agentdojo_full_v1.2.2_direct/case_packets/agentdojo/v1.2.2_travel_user_task_0_injection_task_5/case_packet.md
v1.2.2:travel:user_task_1:injection_task_6,travel,user_task_1,injection_task_6,通过,通过,通过,通过,通过,通过,通过,通过,通过,通过,20,6,26,223728,OFFICIAL_SOURCE_CONTENT_NOT_MATERIALIZED;NATIVE_RUNNER_AND_AGGREGATION_NOT_IN_PACKET;STATE_SCHEMA_DESCRIPTOR_ONLY;POSTRUN_ARTIFACT_INVENTORY_ABSENT;STRONGER_SPLIT_NOT_RELIABLY_DERIVABLE;USER_EVALUATOR_HELPER_SOURCE_MISSING,,符合设计，可作为重新draft前的锁定输入,/Users/gss/Downloads/revised_agent_benchmark_paper_package/experiments/agentdojo_full_v1.2.2_direct/case_packets/agentdojo/v1.2.2_travel_user_task_1_injection_task_6/case_packet.md
v1.2.2:travel:user_task_1:injection_task_0,travel,user_task_1,injection_task_0,通过,通过,通过,通过,通过,通过,通过,通过,通过,通过,20,6,26,224794,OFFICIAL_SOURCE_CONTENT_NOT_MATERIALIZED;NATIVE_RUNNER_AND_AGGREGATION_NOT_IN_PACKET;STATE_SCHEMA_DESCRIPTOR_ONLY;POSTRUN_ARTIFACT_INVENTORY_ABSENT;STRONGER_SPLIT_NOT_RELIABLY_DERIVABLE;USER_EVALUATOR_HELPER_SOURCE_MISSING,,符合设计，可作为重新draft前的锁定输入,/Users/gss/Downloads/revised_agent_benchmark_paper_package/experiments/agentdojo_full_v1.2.2_direct/case_packets/agentdojo/v1.2.2_travel_user_task_1_injection_task_0/case_packet.md
v1.2.2:travel:user_task_1:injection_task_1,travel,user_task_1,injection_task_1,通过,通过,通过,通过,通过,通过,通过,通过,通过,通过,20,6,26,224559,OFFICIAL_SOURCE_CONTENT_NOT_MATERIALIZED;NATIVE_RUNNER_AND_AGGREGATION_NOT_IN_PACKET;STATE_SCHEMA_DESCRIPTOR_ONLY;POSTRUN_ARTIFACT_INVENTORY_ABSENT;STRONGER_SPLIT_NOT_RELIABLY_DERIVABLE;USER_EVALUATOR_HELPER_SOURCE_MISSING,,符合设计，可作为重新draft前的锁定输入,/Users/gss/Downloads/revised_agent_benchmark_paper_package/experiments/agentdojo_full_v1.2.2_direct/case_packets/agentdojo/v1.2.2_travel_user_task_1_injection_task_1/case_packet.md
v1.2.2:travel:user_task_1:injection_task_2,travel,user_task_1,injection_task_2,通过,通过,通过,通过,通过,通过,通过,通过,通过,通过,20,6,26,214508,OFFICIAL_SOURCE_CONTENT_NOT_MATERIALIZED;NATIVE_RUNNER_AND_AGGREGATION_NOT_IN_PACKET;STATE_SCHEMA_DESCRIPTOR_ONLY;POSTRUN_ARTIFACT_INVENTORY_ABSENT;STRONGER_SPLIT_NOT_RELIABLY_DERIVABLE;USER_EVALUATOR_HELPER_SOURCE_MISSING,,符合设计，可作为重新draft前的锁定输入,/Users/gss/Downloads/revised_agent_benchmark_paper_package/experiments/agentdojo_full_v1.2.2_direct/case_packets/agentdojo/v1.2.2_travel_user_task_1_injection_task_2/case_packet.md
v1.2.2:travel:user_task_1:injection_task_3,travel,user_task_1,injection_task_3,通过,通过,通过,通过,通过,通过,通过,通过,通过,通过,20,6,26,225520,OFFICIAL_SOURCE_CONTENT_NOT_MATERIALIZED;NATIVE_RUNNER_AND_AGGREGATION_NOT_IN_PACKET;STATE_SCHEMA_DESCRIPTOR_ONLY;POSTRUN_ARTIFACT_INVENTORY_ABSENT;STRONGER_SPLIT_NOT_RELIABLY_DERIVABLE;USER_EVALUATOR_HELPER_SOURCE_MISSING,,符合设计，可作为重新draft前的锁定输入,/Users/gss/Downloads/revised_agent_benchmark_paper_package/experiments/agentdojo_full_v1.2.2_direct/case_packets/agentdojo/v1.2.2_travel_user_task_1_injection_task_3/case_packet.md
v1.2.2:travel:user_task_1:injection_task_4,travel,user_task_1,injection_task_4,通过,通过,通过,通过,通过,通过,通过,通过,通过,通过,20,6,26,225292,OFFICIAL_SOURCE_CONTENT_NOT_MATERIALIZED;NATIVE_RUNNER_AND_AGGREGATION_NOT_IN_PACKET;STATE_SCHEMA_DESCRIPTOR_ONLY;POSTRUN_ARTIFACT_INVENTORY_ABSENT;STRONGER_SPLIT_NOT_RELIABLY_DERIVABLE;USER_EVALUATOR_HELPER_SOURCE_MISSING,,符合设计，可作为重新draft前的锁定输入,/Users/gss/Downloads/revised_agent_benchmark_paper_package/experiments/agentdojo_full_v1.2.2_direct/case_packets/agentdojo/v1.2.2_travel_user_task_1_injection_task_4/case_packet.md
v1.2.2:travel:user_task_1:injection_task_5,travel,user_task_1,injection_task_5,通过,通过,通过,通过,通过,通过,通过,通过,通过,通过,20,6,26,216627,OFFICIAL_SOURCE_CONTENT_NOT_MATERIALIZED;NATIVE_RUNNER_AND_AGGREGATION_NOT_IN_PACKET;STATE_SCHEMA_DESCRIPTOR_ONLY;POSTRUN_ARTIFACT_INVENTORY_ABSENT;STRONGER_SPLIT_NOT_RELIABLY_DERIVABLE;USER_EVALUATOR_HELPER_SOURCE_MISSING,,符合设计，可作为重新draft前的锁定输入,/Users/gss/Downloads/revised_agent_benchmark_paper_package/experiments/agentdojo_full_v1.2.2_direct/case_packets/agentdojo/v1.2.2_travel_user_task_1_injection_task_5/case_packet.md
v1.2.2:travel:user_task_2:injection_task_6,travel,user_task_2,injection_task_6,通过,通过,通过,通过,通过,通过,通过,通过,通过,通过,20,6,26,293222,OFFICIAL_SOURCE_CONTENT_NOT_MATERIALIZED;NATIVE_RUNNER_AND_AGGREGATION_NOT_IN_PACKET;STATE_SCHEMA_DESCRIPTOR_ONLY;POSTRUN_ARTIFACT_INVENTORY_ABSENT;STRONGER_SPLIT_NOT_RELIABLY_DERIVABLE,,符合设计，可作为重新draft前的锁定输入,/Users/gss/Downloads/revised_agent_benchmark_paper_package/experiments/agentdojo_full_v1.2.2_direct/case_packets/agentdojo/v1.2.2_travel_user_task_2_injection_task_6/case_packet.md
v1.2.2:travel:user_task_2:injection_task_0,travel,user_task_2,injection_task_0,通过,通过,通过,通过,通过,通过,通过,通过,通过,通过,20,6,26,294288,OFFICIAL_SOURCE_CONTENT_NOT_MATERIALIZED;NATIVE_RUNNER_AND_AGGREGATION_NOT_IN_PACKET;STATE_SCHEMA_DESCRIPTOR_ONLY;POSTRUN_ARTIFACT_INVENTORY_ABSENT;STRONGER_SPLIT_NOT_RELIABLY_DERIVABLE,,符合设计，可作为重新draft前的锁定输入,/Users/gss/Downloads/revised_agent_benchmark_paper_package/experiments/agentdojo_full_v1.2.2_direct/case_packets/agentdojo/v1.2.2_travel_user_task_2_injection_task_0/case_packet.md
v1.2.2:travel:user_task_2:injection_task_1,travel,user_task_2,injection_task_1,通过,通过,通过,通过,通过,通过,通过,通过,通过,通过,20,6,26,294053,OFFICIAL_SOURCE_CONTENT_NOT_MATERIALIZED;NATIVE_RUNNER_AND_AGGREGATION_NOT_IN_PACKET;STATE_SCHEMA_DESCRIPTOR_ONLY;POSTRUN_ARTIFACT_INVENTORY_ABSENT;STRONGER_SPLIT_NOT_RELIABLY_DERIVABLE,,符合设计，可作为重新draft前的锁定输入,/Users/gss/Downloads/revised_agent_benchmark_paper_package/experiments/agentdojo_full_v1.2.2_direct/case_packets/agentdojo/v1.2.2_travel_user_task_2_injection_task_1/case_packet.md
v1.2.2:travel:user_task_2:injection_task_2,travel,user_task_2,injection_task_2,通过,通过,通过,通过,通过,通过,通过,通过,通过,通过,20,6,26,284002,OFFICIAL_SOURCE_CONTENT_NOT_MATERIALIZED;NATIVE_RUNNER_AND_AGGREGATION_NOT_IN_PACKET;STATE_SCHEMA_DESCRIPTOR_ONLY;POSTRUN_ARTIFACT_INVENTORY_ABSENT;STRONGER_SPLIT_NOT_RELIABLY_DERIVABLE,,符合设计，可作为重新draft前的锁定输入,/Users/gss/Downloads/revised_agent_benchmark_paper_package/experiments/agentdojo_full_v1.2.2_direct/case_packets/agentdojo/v1.2.2_travel_user_task_2_injection_task_2/case_packet.md
v1.2.2:travel:user_task_2:injection_task_3,travel,user_task_2,injection_task_3,通过,通过,通过,通过,通过,通过,通过,通过,通过,通过,20,6,26,295014,OFFICIAL_SOURCE_CONTENT_NOT_MATERIALIZED;NATIVE_RUNNER_AND_AGGREGATION_NOT_IN_PACKET;STATE_SCHEMA_DESCRIPTOR_ONLY;POSTRUN_ARTIFACT_INVENTORY_ABSENT;STRONGER_SPLIT_NOT_RELIABLY_DERIVABLE,,符合设计，可作为重新draft前的锁定输入,/Users/gss/Downloads/revised_agent_benchmark_paper_package/experiments/agentdojo_full_v1.2.2_direct/case_packets/agentdojo/v1.2.2_travel_user_task_2_injection_task_3/case_packet.md
v1.2.2:travel:user_task_2:injection_task_4,travel,user_task_2,injection_task_4,通过,通过,通过,通过,通过,通过,通过,通过,通过,通过,20,6,26,294786,OFFICIAL_SOURCE_CONTENT_NOT_MATERIALIZED;NATIVE_RUNNER_AND_AGGREGATION_NOT_IN_PACKET;STATE_SCHEMA_DESCRIPTOR_ONLY;POSTRUN_ARTIFACT_INVENTORY_ABSENT;STRONGER_SPLIT_NOT_RELIABLY_DERIVABLE,,符合设计，可作为重新draft前的锁定输入,/Users/gss/Downloads/revised_agent_benchmark_paper_package/experiments/agentdojo_full_v1.2.2_direct/case_packets/agentdojo/v1.2.2_travel_user_task_2_injection_task_4/case_packet.md
v1.2.2:travel:user_task_2:injection_task_5,travel,user_task_2,injection_task_5,通过,通过,通过,通过,通过,通过,通过,通过,通过,通过,20,6,26,286121,OFFICIAL_SOURCE_CONTENT_NOT_MATERIALIZED;NATIVE_RUNNER_AND_AGGREGATION_NOT_IN_PACKET;STATE_SCHEMA_DESCRIPTOR_ONLY;POSTRUN_ARTIFACT_INVENTORY_ABSENT;STRONGER_SPLIT_NOT_RELIABLY_DERIVABLE,,符合设计，可作为重新draft前的锁定输入,/Users/gss/Downloads/revised_agent_benchmark_paper_package/experiments/agentdojo_full_v1.2.2_direct/case_packets/agentdojo/v1.2.2_travel_user_task_2_injection_task_5/case_packet.md
v1.2.2:travel:user_task_3:injection_task_6,travel,user_task_3,injection_task_6,通过,通过,通过,通过,通过,通过,通过,通过,通过,通过,20,6,26,292638,OFFICIAL_SOURCE_CONTENT_NOT_MATERIALIZED;NATIVE_RUNNER_AND_AGGREGATION_NOT_IN_PACKET;STATE_SCHEMA_DESCRIPTOR_ONLY;POSTRUN_ARTIFACT_INVENTORY_ABSENT;STRONGER_SPLIT_NOT_RELIABLY_DERIVABLE;USER_EVALUATOR_HELPER_SOURCE_MISSING,,符合设计，可作为重新draft前的锁定输入,/Users/gss/Downloads/revised_agent_benchmark_paper_package/experiments/agentdojo_full_v1.2.2_direct/case_packets/agentdojo/v1.2.2_travel_user_task_3_injection_task_6/case_packet.md
v1.2.2:travel:user_task_3:injection_task_0,travel,user_task_3,injection_task_0,通过,通过,通过,通过,通过,通过,通过,通过,通过,通过,20,6,26,293704,OFFICIAL_SOURCE_CONTENT_NOT_MATERIALIZED;NATIVE_RUNNER_AND_AGGREGATION_NOT_IN_PACKET;STATE_SCHEMA_DESCRIPTOR_ONLY;POSTRUN_ARTIFACT_INVENTORY_ABSENT;STRONGER_SPLIT_NOT_RELIABLY_DERIVABLE;USER_EVALUATOR_HELPER_SOURCE_MISSING,,符合设计，可作为重新draft前的锁定输入,/Users/gss/Downloads/revised_agent_benchmark_paper_package/experiments/agentdojo_full_v1.2.2_direct/case_packets/agentdojo/v1.2.2_travel_user_task_3_injection_task_0/case_packet.md
v1.2.2:travel:user_task_3:injection_task_1,travel,user_task_3,injection_task_1,通过,通过,通过,通过,通过,通过,通过,通过,通过,通过,20,6,26,293469,OFFICIAL_SOURCE_CONTENT_NOT_MATERIALIZED;NATIVE_RUNNER_AND_AGGREGATION_NOT_IN_PACKET;STATE_SCHEMA_DESCRIPTOR_ONLY;POSTRUN_ARTIFACT_INVENTORY_ABSENT;STRONGER_SPLIT_NOT_RELIABLY_DERIVABLE;USER_EVALUATOR_HELPER_SOURCE_MISSING,,符合设计，可作为重新draft前的锁定输入,/Users/gss/Downloads/revised_agent_benchmark_paper_package/experiments/agentdojo_full_v1.2.2_direct/case_packets/agentdojo/v1.2.2_travel_user_task_3_injection_task_1/case_packet.md
v1.2.2:travel:user_task_3:injection_task_2,travel,user_task_3,injection_task_2,通过,通过,通过,通过,通过,通过,通过,通过,通过,通过,20,6,26,283418,OFFICIAL_SOURCE_CONTENT_NOT_MATERIALIZED;NATIVE_RUNNER_AND_AGGREGATION_NOT_IN_PACKET;STATE_SCHEMA_DESCRIPTOR_ONLY;POSTRUN_ARTIFACT_INVENTORY_ABSENT;STRONGER_SPLIT_NOT_RELIABLY_DERIVABLE;USER_EVALUATOR_HELPER_SOURCE_MISSING,,符合设计，可作为重新draft前的锁定输入,/Users/gss/Downloads/revised_agent_benchmark_paper_package/experiments/agentdojo_full_v1.2.2_direct/case_packets/agentdojo/v1.2.2_travel_user_task_3_injection_task_2/case_packet.md
v1.2.2:travel:user_task_3:injection_task_3,travel,user_task_3,injection_task_3,通过,通过,通过,通过,通过,通过,通过,通过,通过,通过,20,6,26,294430,OFFICIAL_SOURCE_CONTENT_NOT_MATERIALIZED;NATIVE_RUNNER_AND_AGGREGATION_NOT_IN_PACKET;STATE_SCHEMA_DESCRIPTOR_ONLY;POSTRUN_ARTIFACT_INVENTORY_ABSENT;STRONGER_SPLIT_NOT_RELIABLY_DERIVABLE;USER_EVALUATOR_HELPER_SOURCE_MISSING,,符合设计，可作为重新draft前的锁定输入,/Users/gss/Downloads/revised_agent_benchmark_paper_package/experiments/agentdojo_full_v1.2.2_direct/case_packets/agentdojo/v1.2.2_travel_user_task_3_injection_task_3/case_packet.md
v1.2.2:travel:user_task_3:injection_task_4,travel,user_task_3,injection_task_4,通过,通过,通过,通过,通过,通过,通过,通过,通过,通过,20,6,26,294202,OFFICIAL_SOURCE_CONTENT_NOT_MATERIALIZED;NATIVE_RUNNER_AND_AGGREGATION_NOT_IN_PACKET;STATE_SCHEMA_DESCRIPTOR_ONLY;POSTRUN_ARTIFACT_INVENTORY_ABSENT;STRONGER_SPLIT_NOT_RELIABLY_DERIVABLE;USER_EVALUATOR_HELPER_SOURCE_MISSING,,符合设计，可作为重新draft前的锁定输入,/Users/gss/Downloads/revised_agent_benchmark_paper_package/experiments/agentdojo_full_v1.2.2_direct/case_packets/agentdojo/v1.2.2_travel_user_task_3_injection_task_4/case_packet.md
v1.2.2:travel:user_task_3:injection_task_5,travel,user_task_3,injection_task_5,通过,通过,通过,通过,通过,通过,通过,通过,通过,通过,20,6,26,285537,OFFICIAL_SOURCE_CONTENT_NOT_MATERIALIZED;NATIVE_RUNNER_AND_AGGREGATION_NOT_IN_PACKET;STATE_SCHEMA_DESCRIPTOR_ONLY;POSTRUN_ARTIFACT_INVENTORY_ABSENT;STRONGER_SPLIT_NOT_RELIABLY_DERIVABLE;USER_EVALUATOR_HELPER_SOURCE_MISSING,,符合设计，可作为重新draft前的锁定输入,/Users/gss/Downloads/revised_agent_benchmark_paper_package/experiments/agentdojo_full_v1.2.2_direct/case_packets/agentdojo/v1.2.2_travel_user_task_3_injection_task_5/case_packet.md
v1.2.2:travel:user_task_4:injection_task_6,travel,user_task_4,injection_task_6,通过,通过,通过,通过,通过,通过,通过,通过,通过,通过,20,6,26,293130,OFFICIAL_SOURCE_CONTENT_NOT_MATERIALIZED;NATIVE_RUNNER_AND_AGGREGATION_NOT_IN_PACKET;STATE_SCHEMA_DESCRIPTOR_ONLY;POSTRUN_ARTIFACT_INVENTORY_ABSENT;STRONGER_SPLIT_NOT_RELIABLY_DERIVABLE;USER_EVALUATOR_HELPER_SOURCE_MISSING,,符合设计，可作为重新draft前的锁定输入,/Users/gss/Downloads/revised_agent_benchmark_paper_package/experiments/agentdojo_full_v1.2.2_direct/case_packets/agentdojo/v1.2.2_travel_user_task_4_injection_task_6/case_packet.md
v1.2.2:travel:user_task_4:injection_task_0,travel,user_task_4,injection_task_0,通过,通过,通过,通过,通过,通过,通过,通过,通过,通过,20,6,26,294196,OFFICIAL_SOURCE_CONTENT_NOT_MATERIALIZED;NATIVE_RUNNER_AND_AGGREGATION_NOT_IN_PACKET;STATE_SCHEMA_DESCRIPTOR_ONLY;POSTRUN_ARTIFACT_INVENTORY_ABSENT;STRONGER_SPLIT_NOT_RELIABLY_DERIVABLE;USER_EVALUATOR_HELPER_SOURCE_MISSING,,符合设计，可作为重新draft前的锁定输入,/Users/gss/Downloads/revised_agent_benchmark_paper_package/experiments/agentdojo_full_v1.2.2_direct/case_packets/agentdojo/v1.2.2_travel_user_task_4_injection_task_0/case_packet.md
v1.2.2:travel:user_task_4:injection_task_1,travel,user_task_4,injection_task_1,通过,通过,通过,通过,通过,通过,通过,通过,通过,通过,20,6,26,293961,OFFICIAL_SOURCE_CONTENT_NOT_MATERIALIZED;NATIVE_RUNNER_AND_AGGREGATION_NOT_IN_PACKET;STATE_SCHEMA_DESCRIPTOR_ONLY;POSTRUN_ARTIFACT_INVENTORY_ABSENT;STRONGER_SPLIT_NOT_RELIABLY_DERIVABLE;USER_EVALUATOR_HELPER_SOURCE_MISSING,,符合设计，可作为重新draft前的锁定输入,/Users/gss/Downloads/revised_agent_benchmark_paper_package/experiments/agentdojo_full_v1.2.2_direct/case_packets/agentdojo/v1.2.2_travel_user_task_4_injection_task_1/case_packet.md
v1.2.2:travel:user_task_4:injection_task_2,travel,user_task_4,injection_task_2,通过,通过,通过,通过,通过,通过,通过,通过,通过,通过,20,6,26,283910,OFFICIAL_SOURCE_CONTENT_NOT_MATERIALIZED;NATIVE_RUNNER_AND_AGGREGATION_NOT_IN_PACKET;STATE_SCHEMA_DESCRIPTOR_ONLY;POSTRUN_ARTIFACT_INVENTORY_ABSENT;STRONGER_SPLIT_NOT_RELIABLY_DERIVABLE;USER_EVALUATOR_HELPER_SOURCE_MISSING,,符合设计，可作为重新draft前的锁定输入,/Users/gss/Downloads/revised_agent_benchmark_paper_package/experiments/agentdojo_full_v1.2.2_direct/case_packets/agentdojo/v1.2.2_travel_user_task_4_injection_task_2/case_packet.md
v1.2.2:travel:user_task_4:injection_task_4,travel,user_task_4,injection_task_4,通过,通过,通过,通过,通过,通过,通过,通过,通过,通过,20,6,26,294694,OFFICIAL_SOURCE_CONTENT_NOT_MATERIALIZED;NATIVE_RUNNER_AND_AGGREGATION_NOT_IN_PACKET;STATE_SCHEMA_DESCRIPTOR_ONLY;POSTRUN_ARTIFACT_INVENTORY_ABSENT;STRONGER_SPLIT_NOT_RELIABLY_DERIVABLE;USER_EVALUATOR_HELPER_SOURCE_MISSING,,符合设计，可作为重新draft前的锁定输入,/Users/gss/Downloads/revised_agent_benchmark_paper_package/experiments/agentdojo_full_v1.2.2_direct/case_packets/agentdojo/v1.2.2_travel_user_task_4_injection_task_4/case_packet.md
v1.2.2:travel:user_task_5:injection_task_6,travel,user_task_5,injection_task_6,通过,通过,通过,通过,通过,通过,通过,通过,通过,通过,20,6,26,292834,OFFICIAL_SOURCE_CONTENT_NOT_MATERIALIZED;NATIVE_RUNNER_AND_AGGREGATION_NOT_IN_PACKET;STATE_SCHEMA_DESCRIPTOR_ONLY;POSTRUN_ARTIFACT_INVENTORY_ABSENT;STRONGER_SPLIT_NOT_RELIABLY_DERIVABLE,,符合设计，可作为重新draft前的锁定输入,/Users/gss/Downloads/revised_agent_benchmark_paper_package/experiments/agentdojo_full_v1.2.2_direct/case_packets/agentdojo/v1.2.2_travel_user_task_5_injection_task_6/case_packet.md
v1.2.2:travel:user_task_5:injection_task_0,travel,user_task_5,injection_task_0,通过,通过,通过,通过,通过,通过,通过,通过,通过,通过,20,6,26,293900,OFFICIAL_SOURCE_CONTENT_NOT_MATERIALIZED;NATIVE_RUNNER_AND_AGGREGATION_NOT_IN_PACKET;STATE_SCHEMA_DESCRIPTOR_ONLY;POSTRUN_ARTIFACT_INVENTORY_ABSENT;STRONGER_SPLIT_NOT_RELIABLY_DERIVABLE,,符合设计，可作为重新draft前的锁定输入,/Users/gss/Downloads/revised_agent_benchmark_paper_package/experiments/agentdojo_full_v1.2.2_direct/case_packets/agentdojo/v1.2.2_travel_user_task_5_injection_task_0/case_packet.md
v1.2.2:travel:user_task_5:injection_task_1,travel,user_task_5,injection_task_1,通过,通过,通过,通过,通过,通过,通过,通过,通过,通过,20,6,26,293665,OFFICIAL_SOURCE_CONTENT_NOT_MATERIALIZED;NATIVE_RUNNER_AND_AGGREGATION_NOT_IN_PACKET;STATE_SCHEMA_DESCRIPTOR_ONLY;POSTRUN_ARTIFACT_INVENTORY_ABSENT;STRONGER_SPLIT_NOT_RELIABLY_DERIVABLE,,符合设计，可作为重新draft前的锁定输入,/Users/gss/Downloads/revised_agent_benchmark_paper_package/experiments/agentdojo_full_v1.2.2_direct/case_packets/agentdojo/v1.2.2_travel_user_task_5_injection_task_1/case_packet.md
v1.2.2:travel:user_task_5:injection_task_2,travel,user_task_5,injection_task_2,通过,通过,通过,通过,通过,通过,通过,通过,通过,通过,20,6,26,283614,OFFICIAL_SOURCE_CONTENT_NOT_MATERIALIZED;NATIVE_RUNNER_AND_AGGREGATION_NOT_IN_PACKET;STATE_SCHEMA_DESCRIPTOR_ONLY;POSTRUN_ARTIFACT_INVENTORY_ABSENT;STRONGER_SPLIT_NOT_RELIABLY_DERIVABLE,,符合设计，可作为重新draft前的锁定输入,/Users/gss/Downloads/revised_agent_benchmark_paper_package/experiments/agentdojo_full_v1.2.2_direct/case_packets/agentdojo/v1.2.2_travel_user_task_5_injection_task_2/case_packet.md
v1.2.2:travel:user_task_5:injection_task_3,travel,user_task_5,injection_task_3,通过,通过,通过,通过,通过,通过,通过,通过,通过,通过,20,6,26,294626,OFFICIAL_SOURCE_CONTENT_NOT_MATERIALIZED;NATIVE_RUNNER_AND_AGGREGATION_NOT_IN_PACKET;STATE_SCHEMA_DESCRIPTOR_ONLY;POSTRUN_ARTIFACT_INVENTORY_ABSENT;STRONGER_SPLIT_NOT_RELIABLY_DERIVABLE,,符合设计，可作为重新draft前的锁定输入,/Users/gss/Downloads/revised_agent_benchmark_paper_package/experiments/agentdojo_full_v1.2.2_direct/case_packets/agentdojo/v1.2.2_travel_user_task_5_injection_task_3/case_packet.md
v1.2.2:travel:user_task_5:injection_task_4,travel,user_task_5,injection_task_4,通过,通过,通过,通过,通过,通过,通过,通过,通过,通过,20,6,26,294398,OFFICIAL_SOURCE_CONTENT_NOT_MATERIALIZED;NATIVE_RUNNER_AND_AGGREGATION_NOT_IN_PACKET;STATE_SCHEMA_DESCRIPTOR_ONLY;POSTRUN_ARTIFACT_INVENTORY_ABSENT;STRONGER_SPLIT_NOT_RELIABLY_DERIVABLE,,符合设计，可作为重新draft前的锁定输入,/Users/gss/Downloads/revised_agent_benchmark_paper_package/experiments/agentdojo_full_v1.2.2_direct/case_packets/agentdojo/v1.2.2_travel_user_task_5_injection_task_4/case_packet.md
v1.2.2:travel:user_task_5:injection_task_5,travel,user_task_5,injection_task_5,通过,通过,通过,通过,通过,通过,通过,通过,通过,通过,20,6,26,285733,OFFICIAL_SOURCE_CONTENT_NOT_MATERIALIZED;NATIVE_RUNNER_AND_AGGREGATION_NOT_IN_PACKET;STATE_SCHEMA_DESCRIPTOR_ONLY;POSTRUN_ARTIFACT_INVENTORY_ABSENT;STRONGER_SPLIT_NOT_RELIABLY_DERIVABLE,,符合设计，可作为重新draft前的锁定输入,/Users/gss/Downloads/revised_agent_benchmark_paper_package/experiments/agentdojo_full_v1.2.2_direct/case_packets/agentdojo/v1.2.2_travel_user_task_5_injection_task_5/case_packet.md
v1.2.2:travel:user_task_6:injection_task_6,travel,user_task_6,injection_task_6,通过,通过,通过,通过,通过,通过,通过,通过,通过,通过,20,6,26,293288,OFFICIAL_SOURCE_CONTENT_NOT_MATERIALIZED;NATIVE_RUNNER_AND_AGGREGATION_NOT_IN_PACKET;STATE_SCHEMA_DESCRIPTOR_ONLY;POSTRUN_ARTIFACT_INVENTORY_ABSENT;STRONGER_SPLIT_NOT_RELIABLY_DERIVABLE,,符合设计，可作为重新draft前的锁定输入,/Users/gss/Downloads/revised_agent_benchmark_paper_package/experiments/agentdojo_full_v1.2.2_direct/case_packets/agentdojo/v1.2.2_travel_user_task_6_injection_task_6/case_packet.md
v1.2.2:travel:user_task_6:injection_task_0,travel,user_task_6,injection_task_0,通过,通过,通过,通过,通过,通过,通过,通过,通过,通过,20,6,26,294354,OFFICIAL_SOURCE_CONTENT_NOT_MATERIALIZED;NATIVE_RUNNER_AND_AGGREGATION_NOT_IN_PACKET;STATE_SCHEMA_DESCRIPTOR_ONLY;POSTRUN_ARTIFACT_INVENTORY_ABSENT;STRONGER_SPLIT_NOT_RELIABLY_DERIVABLE,,符合设计，可作为重新draft前的锁定输入,/Users/gss/Downloads/revised_agent_benchmark_paper_package/experiments/agentdojo_full_v1.2.2_direct/case_packets/agentdojo/v1.2.2_travel_user_task_6_injection_task_0/case_packet.md
v1.2.2:travel:user_task_6:injection_task_1,travel,user_task_6,injection_task_1,通过,通过,通过,通过,通过,通过,通过,通过,通过,通过,20,6,26,294119,OFFICIAL_SOURCE_CONTENT_NOT_MATERIALIZED;NATIVE_RUNNER_AND_AGGREGATION_NOT_IN_PACKET;STATE_SCHEMA_DESCRIPTOR_ONLY;POSTRUN_ARTIFACT_INVENTORY_ABSENT;STRONGER_SPLIT_NOT_RELIABLY_DERIVABLE,,符合设计，可作为重新draft前的锁定输入,/Users/gss/Downloads/revised_agent_benchmark_paper_package/experiments/agentdojo_full_v1.2.2_direct/case_packets/agentdojo/v1.2.2_travel_user_task_6_injection_task_1/case_packet.md
v1.2.2:travel:user_task_6:injection_task_2,travel,user_task_6,injection_task_2,通过,通过,通过,通过,通过,通过,通过,通过,通过,通过,20,6,26,284068,OFFICIAL_SOURCE_CONTENT_NOT_MATERIALIZED;NATIVE_RUNNER_AND_AGGREGATION_NOT_IN_PACKET;STATE_SCHEMA_DESCRIPTOR_ONLY;POSTRUN_ARTIFACT_INVENTORY_ABSENT;STRONGER_SPLIT_NOT_RELIABLY_DERIVABLE,,符合设计，可作为重新draft前的锁定输入,/Users/gss/Downloads/revised_agent_benchmark_paper_package/experiments/agentdojo_full_v1.2.2_direct/case_packets/agentdojo/v1.2.2_travel_user_task_6_injection_task_2/case_packet.md
v1.2.2:travel:user_task_6:injection_task_3,travel,user_task_6,injection_task_3,通过,通过,通过,通过,通过,通过,通过,通过,通过,通过,20,6,26,295080,OFFICIAL_SOURCE_CONTENT_NOT_MATERIALIZED;NATIVE_RUNNER_AND_AGGREGATION_NOT_IN_PACKET;STATE_SCHEMA_DESCRIPTOR_ONLY;POSTRUN_ARTIFACT_INVENTORY_ABSENT;STRONGER_SPLIT_NOT_RELIABLY_DERIVABLE,,符合设计，可作为重新draft前的锁定输入,/Users/gss/Downloads/revised_agent_benchmark_paper_package/experiments/agentdojo_full_v1.2.2_direct/case_packets/agentdojo/v1.2.2_travel_user_task_6_injection_task_3/case_packet.md
v1.2.2:travel:user_task_6:injection_task_4,travel,user_task_6,injection_task_4,通过,通过,通过,通过,通过,通过,通过,通过,通过,通过,20,6,26,294852,OFFICIAL_SOURCE_CONTENT_NOT_MATERIALIZED;NATIVE_RUNNER_AND_AGGREGATION_NOT_IN_PACKET;STATE_SCHEMA_DESCRIPTOR_ONLY;POSTRUN_ARTIFACT_INVENTORY_ABSENT;STRONGER_SPLIT_NOT_RELIABLY_DERIVABLE,,符合设计，可作为重新draft前的锁定输入,/Users/gss/Downloads/revised_agent_benchmark_paper_package/experiments/agentdojo_full_v1.2.2_direct/case_packets/agentdojo/v1.2.2_travel_user_task_6_injection_task_4/case_packet.md
v1.2.2:travel:user_task_6:injection_task_5,travel,user_task_6,injection_task_5,通过,通过,通过,通过,通过,通过,通过,通过,通过,通过,20,6,26,286187,OFFICIAL_SOURCE_CONTENT_NOT_MATERIALIZED;NATIVE_RUNNER_AND_AGGREGATION_NOT_IN_PACKET;STATE_SCHEMA_DESCRIPTOR_ONLY;POSTRUN_ARTIFACT_INVENTORY_ABSENT;STRONGER_SPLIT_NOT_RELIABLY_DERIVABLE,,符合设计，可作为重新draft前的锁定输入,/Users/gss/Downloads/revised_agent_benchmark_paper_package/experiments/agentdojo_full_v1.2.2_direct/case_packets/agentdojo/v1.2.2_travel_user_task_6_injection_task_5/case_packet.md
v1.2.2:travel:user_task_7:injection_task_6,travel,user_task_7,injection_task_6,通过,通过,通过,通过,通过,通过,通过,通过,通过,通过,20,6,26,293066,OFFICIAL_SOURCE_CONTENT_NOT_MATERIALIZED;NATIVE_RUNNER_AND_AGGREGATION_NOT_IN_PACKET;STATE_SCHEMA_DESCRIPTOR_ONLY;POSTRUN_ARTIFACT_INVENTORY_ABSENT;STRONGER_SPLIT_NOT_RELIABLY_DERIVABLE;USER_EVALUATOR_HELPER_SOURCE_MISSING,,符合设计，可作为重新draft前的锁定输入,/Users/gss/Downloads/revised_agent_benchmark_paper_package/experiments/agentdojo_full_v1.2.2_direct/case_packets/agentdojo/v1.2.2_travel_user_task_7_injection_task_6/case_packet.md
v1.2.2:travel:user_task_7:injection_task_0,travel,user_task_7,injection_task_0,通过,通过,通过,通过,通过,通过,通过,通过,通过,通过,20,6,26,294132,OFFICIAL_SOURCE_CONTENT_NOT_MATERIALIZED;NATIVE_RUNNER_AND_AGGREGATION_NOT_IN_PACKET;STATE_SCHEMA_DESCRIPTOR_ONLY;POSTRUN_ARTIFACT_INVENTORY_ABSENT;STRONGER_SPLIT_NOT_RELIABLY_DERIVABLE;USER_EVALUATOR_HELPER_SOURCE_MISSING,,符合设计，可作为重新draft前的锁定输入,/Users/gss/Downloads/revised_agent_benchmark_paper_package/experiments/agentdojo_full_v1.2.2_direct/case_packets/agentdojo/v1.2.2_travel_user_task_7_injection_task_0/case_packet.md
v1.2.2:travel:user_task_7:injection_task_1,travel,user_task_7,injection_task_1,通过,通过,通过,通过,通过,通过,通过,通过,通过,通过,20,6,26,293897,OFFICIAL_SOURCE_CONTENT_NOT_MATERIALIZED;NATIVE_RUNNER_AND_AGGREGATION_NOT_IN_PACKET;STATE_SCHEMA_DESCRIPTOR_ONLY;POSTRUN_ARTIFACT_INVENTORY_ABSENT;STRONGER_SPLIT_NOT_RELIABLY_DERIVABLE;USER_EVALUATOR_HELPER_SOURCE_MISSING,,符合设计，可作为重新draft前的锁定输入,/Users/gss/Downloads/revised_agent_benchmark_paper_package/experiments/agentdojo_full_v1.2.2_direct/case_packets/agentdojo/v1.2.2_travel_user_task_7_injection_task_1/case_packet.md
v1.2.2:travel:user_task_7:injection_task_2,travel,user_task_7,injection_task_2,通过,通过,通过,通过,通过,通过,通过,通过,通过,通过,20,6,26,283846,OFFICIAL_SOURCE_CONTENT_NOT_MATERIALIZED;NATIVE_RUNNER_AND_AGGREGATION_NOT_IN_PACKET;STATE_SCHEMA_DESCRIPTOR_ONLY;POSTRUN_ARTIFACT_INVENTORY_ABSENT;STRONGER_SPLIT_NOT_RELIABLY_DERIVABLE;USER_EVALUATOR_HELPER_SOURCE_MISSING,,符合设计，可作为重新draft前的锁定输入,/Users/gss/Downloads/revised_agent_benchmark_paper_package/experiments/agentdojo_full_v1.2.2_direct/case_packets/agentdojo/v1.2.2_travel_user_task_7_injection_task_2/case_packet.md
v1.2.2:travel:user_task_7:injection_task_4,travel,user_task_7,injection_task_4,通过,通过,通过,通过,通过,通过,通过,通过,通过,通过,20,6,26,294630,OFFICIAL_SOURCE_CONTENT_NOT_MATERIALIZED;NATIVE_RUNNER_AND_AGGREGATION_NOT_IN_PACKET;STATE_SCHEMA_DESCRIPTOR_ONLY;POSTRUN_ARTIFACT_INVENTORY_ABSENT;STRONGER_SPLIT_NOT_RELIABLY_DERIVABLE;USER_EVALUATOR_HELPER_SOURCE_MISSING,,符合设计，可作为重新draft前的锁定输入,/Users/gss/Downloads/revised_agent_benchmark_paper_package/experiments/agentdojo_full_v1.2.2_direct/case_packets/agentdojo/v1.2.2_travel_user_task_7_injection_task_4/case_packet.md
v1.2.2:travel:user_task_7:injection_task_5,travel,user_task_7,injection_task_5,通过,通过,通过,通过,通过,通过,通过,通过,通过,通过,20,6,26,285965,OFFICIAL_SOURCE_CONTENT_NOT_MATERIALIZED;NATIVE_RUNNER_AND_AGGREGATION_NOT_IN_PACKET;STATE_SCHEMA_DESCRIPTOR_ONLY;POSTRUN_ARTIFACT_INVENTORY_ABSENT;STRONGER_SPLIT_NOT_RELIABLY_DERIVABLE;USER_EVALUATOR_HELPER_SOURCE_MISSING,,符合设计，可作为重新draft前的锁定输入,/Users/gss/Downloads/revised_agent_benchmark_paper_package/experiments/agentdojo_full_v1.2.2_direct/case_packets/agentdojo/v1.2.2_travel_user_task_7_injection_task_5/case_packet.md
v1.2.2:travel:user_task_8:injection_task_6,travel,user_task_8,injection_task_6,通过,通过,通过,通过,通过,通过,通过,通过,通过,通过,20,6,26,293636,OFFICIAL_SOURCE_CONTENT_NOT_MATERIALIZED;NATIVE_RUNNER_AND_AGGREGATION_NOT_IN_PACKET;STATE_SCHEMA_DESCRIPTOR_ONLY;POSTRUN_ARTIFACT_INVENTORY_ABSENT;STRONGER_SPLIT_NOT_RELIABLY_DERIVABLE;USER_EVALUATOR_HELPER_SOURCE_MISSING,,符合设计，可作为重新draft前的锁定输入,/Users/gss/Downloads/revised_agent_benchmark_paper_package/experiments/agentdojo_full_v1.2.2_direct/case_packets/agentdojo/v1.2.2_travel_user_task_8_injection_task_6/case_packet.md
v1.2.2:travel:user_task_8:injection_task_0,travel,user_task_8,injection_task_0,通过,通过,通过,通过,通过,通过,通过,通过,通过,通过,20,6,26,294702,OFFICIAL_SOURCE_CONTENT_NOT_MATERIALIZED;NATIVE_RUNNER_AND_AGGREGATION_NOT_IN_PACKET;STATE_SCHEMA_DESCRIPTOR_ONLY;POSTRUN_ARTIFACT_INVENTORY_ABSENT;STRONGER_SPLIT_NOT_RELIABLY_DERIVABLE;USER_EVALUATOR_HELPER_SOURCE_MISSING,,符合设计，可作为重新draft前的锁定输入,/Users/gss/Downloads/revised_agent_benchmark_paper_package/experiments/agentdojo_full_v1.2.2_direct/case_packets/agentdojo/v1.2.2_travel_user_task_8_injection_task_0/case_packet.md
v1.2.2:travel:user_task_8:injection_task_1,travel,user_task_8,injection_task_1,通过,通过,通过,通过,通过,通过,通过,通过,通过,通过,20,6,26,294467,OFFICIAL_SOURCE_CONTENT_NOT_MATERIALIZED;NATIVE_RUNNER_AND_AGGREGATION_NOT_IN_PACKET;STATE_SCHEMA_DESCRIPTOR_ONLY;POSTRUN_ARTIFACT_INVENTORY_ABSENT;STRONGER_SPLIT_NOT_RELIABLY_DERIVABLE;USER_EVALUATOR_HELPER_SOURCE_MISSING,,符合设计，可作为重新draft前的锁定输入,/Users/gss/Downloads/revised_agent_benchmark_paper_package/experiments/agentdojo_full_v1.2.2_direct/case_packets/agentdojo/v1.2.2_travel_user_task_8_injection_task_1/case_packet.md
v1.2.2:travel:user_task_8:injection_task_2,travel,user_task_8,injection_task_2,通过,通过,通过,通过,通过,通过,通过,通过,通过,通过,20,6,26,284416,OFFICIAL_SOURCE_CONTENT_NOT_MATERIALIZED;NATIVE_RUNNER_AND_AGGREGATION_NOT_IN_PACKET;STATE_SCHEMA_DESCRIPTOR_ONLY;POSTRUN_ARTIFACT_INVENTORY_ABSENT;STRONGER_SPLIT_NOT_RELIABLY_DERIVABLE;USER_EVALUATOR_HELPER_SOURCE_MISSING,,符合设计，可作为重新draft前的锁定输入,/Users/gss/Downloads/revised_agent_benchmark_paper_package/experiments/agentdojo_full_v1.2.2_direct/case_packets/agentdojo/v1.2.2_travel_user_task_8_injection_task_2/case_packet.md
v1.2.2:travel:user_task_8:injection_task_3,travel,user_task_8,injection_task_3,通过,通过,通过,通过,通过,通过,通过,通过,通过,通过,20,6,26,295428,OFFICIAL_SOURCE_CONTENT_NOT_MATERIALIZED;NATIVE_RUNNER_AND_AGGREGATION_NOT_IN_PACKET;STATE_SCHEMA_DESCRIPTOR_ONLY;POSTRUN_ARTIFACT_INVENTORY_ABSENT;STRONGER_SPLIT_NOT_RELIABLY_DERIVABLE;USER_EVALUATOR_HELPER_SOURCE_MISSING,,符合设计，可作为重新draft前的锁定输入,/Users/gss/Downloads/revised_agent_benchmark_paper_package/experiments/agentdojo_full_v1.2.2_direct/case_packets/agentdojo/v1.2.2_travel_user_task_8_injection_task_3/case_packet.md
v1.2.2:travel:user_task_8:injection_task_4,travel,user_task_8,injection_task_4,通过,通过,通过,通过,通过,通过,通过,通过,通过,通过,20,6,26,295200,OFFICIAL_SOURCE_CONTENT_NOT_MATERIALIZED;NATIVE_RUNNER_AND_AGGREGATION_NOT_IN_PACKET;STATE_SCHEMA_DESCRIPTOR_ONLY;POSTRUN_ARTIFACT_INVENTORY_ABSENT;STRONGER_SPLIT_NOT_RELIABLY_DERIVABLE;USER_EVALUATOR_HELPER_SOURCE_MISSING,,符合设计，可作为重新draft前的锁定输入,/Users/gss/Downloads/revised_agent_benchmark_paper_package/experiments/agentdojo_full_v1.2.2_direct/case_packets/agentdojo/v1.2.2_travel_user_task_8_injection_task_4/case_packet.md
v1.2.2:travel:user_task_8:injection_task_5,travel,user_task_8,injection_task_5,通过,通过,通过,通过,通过,通过,通过,通过,通过,通过,20,6,26,286535,OFFICIAL_SOURCE_CONTENT_NOT_MATERIALIZED;NATIVE_RUNNER_AND_AGGREGATION_NOT_IN_PACKET;STATE_SCHEMA_DESCRIPTOR_ONLY;POSTRUN_ARTIFACT_INVENTORY_ABSENT;STRONGER_SPLIT_NOT_RELIABLY_DERIVABLE;USER_EVALUATOR_HELPER_SOURCE_MISSING,,符合设计，可作为重新draft前的锁定输入,/Users/gss/Downloads/revised_agent_benchmark_paper_package/experiments/agentdojo_full_v1.2.2_direct/case_packets/agentdojo/v1.2.2_travel_user_task_8_injection_task_5/case_packet.md
v1.2.2:travel:user_task_9:injection_task_6,travel,user_task_9,injection_task_6,通过,通过,通过,通过,通过,通过,通过,通过,通过,通过,20,6,26,292540,OFFICIAL_SOURCE_CONTENT_NOT_MATERIALIZED;NATIVE_RUNNER_AND_AGGREGATION_NOT_IN_PACKET;STATE_SCHEMA_DESCRIPTOR_ONLY;POSTRUN_ARTIFACT_INVENTORY_ABSENT;STRONGER_SPLIT_NOT_RELIABLY_DERIVABLE,,符合设计，可作为重新draft前的锁定输入,/Users/gss/Downloads/revised_agent_benchmark_paper_package/experiments/agentdojo_full_v1.2.2_direct/case_packets/agentdojo/v1.2.2_travel_user_task_9_injection_task_6/case_packet.md
v1.2.2:travel:user_task_9:injection_task_0,travel,user_task_9,injection_task_0,通过,通过,通过,通过,通过,通过,通过,通过,通过,通过,20,6,26,293606,OFFICIAL_SOURCE_CONTENT_NOT_MATERIALIZED;NATIVE_RUNNER_AND_AGGREGATION_NOT_IN_PACKET;STATE_SCHEMA_DESCRIPTOR_ONLY;POSTRUN_ARTIFACT_INVENTORY_ABSENT;STRONGER_SPLIT_NOT_RELIABLY_DERIVABLE,,符合设计，可作为重新draft前的锁定输入,/Users/gss/Downloads/revised_agent_benchmark_paper_package/experiments/agentdojo_full_v1.2.2_direct/case_packets/agentdojo/v1.2.2_travel_user_task_9_injection_task_0/case_packet.md
v1.2.2:travel:user_task_9:injection_task_1,travel,user_task_9,injection_task_1,通过,通过,通过,通过,通过,通过,通过,通过,通过,通过,20,6,26,293371,OFFICIAL_SOURCE_CONTENT_NOT_MATERIALIZED;NATIVE_RUNNER_AND_AGGREGATION_NOT_IN_PACKET;STATE_SCHEMA_DESCRIPTOR_ONLY;POSTRUN_ARTIFACT_INVENTORY_ABSENT;STRONGER_SPLIT_NOT_RELIABLY_DERIVABLE,,符合设计，可作为重新draft前的锁定输入,/Users/gss/Downloads/revised_agent_benchmark_paper_package/experiments/agentdojo_full_v1.2.2_direct/case_packets/agentdojo/v1.2.2_travel_user_task_9_injection_task_1/case_packet.md
v1.2.2:travel:user_task_9:injection_task_2,travel,user_task_9,injection_task_2,通过,通过,通过,通过,通过,通过,通过,通过,通过,通过,20,6,26,283320,OFFICIAL_SOURCE_CONTENT_NOT_MATERIALIZED;NATIVE_RUNNER_AND_AGGREGATION_NOT_IN_PACKET;STATE_SCHEMA_DESCRIPTOR_ONLY;POSTRUN_ARTIFACT_INVENTORY_ABSENT;STRONGER_SPLIT_NOT_RELIABLY_DERIVABLE,,符合设计，可作为重新draft前的锁定输入,/Users/gss/Downloads/revised_agent_benchmark_paper_package/experiments/agentdojo_full_v1.2.2_direct/case_packets/agentdojo/v1.2.2_travel_user_task_9_injection_task_2/case_packet.md
v1.2.2:travel:user_task_9:injection_task_3,travel,user_task_9,injection_task_3,通过,通过,通过,通过,通过,通过,通过,通过,通过,通过,20,6,26,294332,OFFICIAL_SOURCE_CONTENT_NOT_MATERIALIZED;NATIVE_RUNNER_AND_AGGREGATION_NOT_IN_PACKET;STATE_SCHEMA_DESCRIPTOR_ONLY;POSTRUN_ARTIFACT_INVENTORY_ABSENT;STRONGER_SPLIT_NOT_RELIABLY_DERIVABLE,,符合设计，可作为重新draft前的锁定输入,/Users/gss/Downloads/revised_agent_benchmark_paper_package/experiments/agentdojo_full_v1.2.2_direct/case_packets/agentdojo/v1.2.2_travel_user_task_9_injection_task_3/case_packet.md
v1.2.2:travel:user_task_9:injection_task_5,travel,user_task_9,injection_task_5,通过,通过,通过,通过,通过,通过,通过,通过,通过,通过,20,6,26,285439,OFFICIAL_SOURCE_CONTENT_NOT_MATERIALIZED;NATIVE_RUNNER_AND_AGGREGATION_NOT_IN_PACKET;STATE_SCHEMA_DESCRIPTOR_ONLY;POSTRUN_ARTIFACT_INVENTORY_ABSENT;STRONGER_SPLIT_NOT_RELIABLY_DERIVABLE,,符合设计，可作为重新draft前的锁定输入,/Users/gss/Downloads/revised_agent_benchmark_paper_package/experiments/agentdojo_full_v1.2.2_direct/case_packets/agentdojo/v1.2.2_travel_user_task_9_injection_task_5/case_packet.md
v1.2.2:travel:user_task_10:injection_task_6,travel,user_task_10,injection_task_6,通过,通过,通过,通过,通过,通过,通过,通过,通过,通过,20,6,26,293156,OFFICIAL_SOURCE_CONTENT_NOT_MATERIALIZED;NATIVE_RUNNER_AND_AGGREGATION_NOT_IN_PACKET;STATE_SCHEMA_DESCRIPTOR_ONLY;POSTRUN_ARTIFACT_INVENTORY_ABSENT;STRONGER_SPLIT_NOT_RELIABLY_DERIVABLE,,符合设计，可作为重新draft前的锁定输入,/Users/gss/Downloads/revised_agent_benchmark_paper_package/experiments/agentdojo_full_v1.2.2_direct/case_packets/agentdojo/v1.2.2_travel_user_task_10_injection_task_6/case_packet.md
v1.2.2:travel:user_task_10:injection_task_0,travel,user_task_10,injection_task_0,通过,通过,通过,通过,通过,通过,通过,通过,通过,通过,20,6,26,294222,OFFICIAL_SOURCE_CONTENT_NOT_MATERIALIZED;NATIVE_RUNNER_AND_AGGREGATION_NOT_IN_PACKET;STATE_SCHEMA_DESCRIPTOR_ONLY;POSTRUN_ARTIFACT_INVENTORY_ABSENT;STRONGER_SPLIT_NOT_RELIABLY_DERIVABLE,,符合设计，可作为重新draft前的锁定输入,/Users/gss/Downloads/revised_agent_benchmark_paper_package/experiments/agentdojo_full_v1.2.2_direct/case_packets/agentdojo/v1.2.2_travel_user_task_10_injection_task_0/case_packet.md
v1.2.2:travel:user_task_10:injection_task_1,travel,user_task_10,injection_task_1,通过,通过,通过,通过,通过,通过,通过,通过,通过,通过,20,6,26,293987,OFFICIAL_SOURCE_CONTENT_NOT_MATERIALIZED;NATIVE_RUNNER_AND_AGGREGATION_NOT_IN_PACKET;STATE_SCHEMA_DESCRIPTOR_ONLY;POSTRUN_ARTIFACT_INVENTORY_ABSENT;STRONGER_SPLIT_NOT_RELIABLY_DERIVABLE,,符合设计，可作为重新draft前的锁定输入,/Users/gss/Downloads/revised_agent_benchmark_paper_package/experiments/agentdojo_full_v1.2.2_direct/case_packets/agentdojo/v1.2.2_travel_user_task_10_injection_task_1/case_packet.md
v1.2.2:travel:user_task_10:injection_task_3,travel,user_task_10,injection_task_3,通过,通过,通过,通过,通过,通过,通过,通过,通过,通过,20,6,26,294948,OFFICIAL_SOURCE_CONTENT_NOT_MATERIALIZED;NATIVE_RUNNER_AND_AGGREGATION_NOT_IN_PACKET;STATE_SCHEMA_DESCRIPTOR_ONLY;POSTRUN_ARTIFACT_INVENTORY_ABSENT;STRONGER_SPLIT_NOT_RELIABLY_DERIVABLE,,符合设计，可作为重新draft前的锁定输入,/Users/gss/Downloads/revised_agent_benchmark_paper_package/experiments/agentdojo_full_v1.2.2_direct/case_packets/agentdojo/v1.2.2_travel_user_task_10_injection_task_3/case_packet.md
v1.2.2:travel:user_task_10:injection_task_4,travel,user_task_10,injection_task_4,通过,通过,通过,通过,通过,通过,通过,通过,通过,通过,20,6,26,294720,OFFICIAL_SOURCE_CONTENT_NOT_MATERIALIZED;NATIVE_RUNNER_AND_AGGREGATION_NOT_IN_PACKET;STATE_SCHEMA_DESCRIPTOR_ONLY;POSTRUN_ARTIFACT_INVENTORY_ABSENT;STRONGER_SPLIT_NOT_RELIABLY_DERIVABLE,,符合设计，可作为重新draft前的锁定输入,/Users/gss/Downloads/revised_agent_benchmark_paper_package/experiments/agentdojo_full_v1.2.2_direct/case_packets/agentdojo/v1.2.2_travel_user_task_10_injection_task_4/case_packet.md
v1.2.2:travel:user_task_11:injection_task_6,travel,user_task_11,injection_task_6,通过,通过,通过,通过,通过,通过,通过,通过,通过,通过,20,6,26,294303,OFFICIAL_SOURCE_CONTENT_NOT_MATERIALIZED;NATIVE_RUNNER_AND_AGGREGATION_NOT_IN_PACKET;STATE_SCHEMA_DESCRIPTOR_ONLY;POSTRUN_ARTIFACT_INVENTORY_ABSENT;STRONGER_SPLIT_NOT_RELIABLY_DERIVABLE,,符合设计，可作为重新draft前的锁定输入,/Users/gss/Downloads/revised_agent_benchmark_paper_package/experiments/agentdojo_full_v1.2.2_direct/case_packets/agentdojo/v1.2.2_travel_user_task_11_injection_task_6/case_packet.md
v1.2.2:travel:user_task_11:injection_task_1,travel,user_task_11,injection_task_1,通过,通过,通过,通过,通过,通过,通过,通过,通过,通过,20,6,26,295134,OFFICIAL_SOURCE_CONTENT_NOT_MATERIALIZED;NATIVE_RUNNER_AND_AGGREGATION_NOT_IN_PACKET;STATE_SCHEMA_DESCRIPTOR_ONLY;POSTRUN_ARTIFACT_INVENTORY_ABSENT;STRONGER_SPLIT_NOT_RELIABLY_DERIVABLE,,符合设计，可作为重新draft前的锁定输入,/Users/gss/Downloads/revised_agent_benchmark_paper_package/experiments/agentdojo_full_v1.2.2_direct/case_packets/agentdojo/v1.2.2_travel_user_task_11_injection_task_1/case_packet.md
v1.2.2:travel:user_task_11:injection_task_2,travel,user_task_11,injection_task_2,通过,通过,通过,通过,通过,通过,通过,通过,通过,通过,20,6,26,285083,OFFICIAL_SOURCE_CONTENT_NOT_MATERIALIZED;NATIVE_RUNNER_AND_AGGREGATION_NOT_IN_PACKET;STATE_SCHEMA_DESCRIPTOR_ONLY;POSTRUN_ARTIFACT_INVENTORY_ABSENT;STRONGER_SPLIT_NOT_RELIABLY_DERIVABLE,,符合设计，可作为重新draft前的锁定输入,/Users/gss/Downloads/revised_agent_benchmark_paper_package/experiments/agentdojo_full_v1.2.2_direct/case_packets/agentdojo/v1.2.2_travel_user_task_11_injection_task_2/case_packet.md
v1.2.2:travel:user_task_11:injection_task_3,travel,user_task_11,injection_task_3,通过,通过,通过,通过,通过,通过,通过,通过,通过,通过,20,6,26,296095,OFFICIAL_SOURCE_CONTENT_NOT_MATERIALIZED;NATIVE_RUNNER_AND_AGGREGATION_NOT_IN_PACKET;STATE_SCHEMA_DESCRIPTOR_ONLY;POSTRUN_ARTIFACT_INVENTORY_ABSENT;STRONGER_SPLIT_NOT_RELIABLY_DERIVABLE,,符合设计，可作为重新draft前的锁定输入,/Users/gss/Downloads/revised_agent_benchmark_paper_package/experiments/agentdojo_full_v1.2.2_direct/case_packets/agentdojo/v1.2.2_travel_user_task_11_injection_task_3/case_packet.md
v1.2.2:travel:user_task_11:injection_task_4,travel,user_task_11,injection_task_4,通过,通过,通过,通过,通过,通过,通过,通过,通过,通过,20,6,26,295867,OFFICIAL_SOURCE_CONTENT_NOT_MATERIALIZED;NATIVE_RUNNER_AND_AGGREGATION_NOT_IN_PACKET;STATE_SCHEMA_DESCRIPTOR_ONLY;POSTRUN_ARTIFACT_INVENTORY_ABSENT;STRONGER_SPLIT_NOT_RELIABLY_DERIVABLE,,符合设计，可作为重新draft前的锁定输入,/Users/gss/Downloads/revised_agent_benchmark_paper_package/experiments/agentdojo_full_v1.2.2_direct/case_packets/agentdojo/v1.2.2_travel_user_task_11_injection_task_4/case_packet.md
v1.2.2:travel:user_task_11:injection_task_5,travel,user_task_11,injection_task_5,通过,通过,通过,通过,通过,通过,通过,通过,通过,通过,20,6,26,287202,OFFICIAL_SOURCE_CONTENT_NOT_MATERIALIZED;NATIVE_RUNNER_AND_AGGREGATION_NOT_IN_PACKET;STATE_SCHEMA_DESCRIPTOR_ONLY;POSTRUN_ARTIFACT_INVENTORY_ABSENT;STRONGER_SPLIT_NOT_RELIABLY_DERIVABLE,,符合设计，可作为重新draft前的锁定输入,/Users/gss/Downloads/revised_agent_benchmark_paper_package/experiments/agentdojo_full_v1.2.2_direct/case_packets/agentdojo/v1.2.2_travel_user_task_11_injection_task_5/case_packet.md
v1.2.2:travel:user_task_12:injection_task_6,travel,user_task_12,injection_task_6,通过,通过,通过,通过,通过,通过,通过,通过,通过,通过,20,6,26,294101,OFFICIAL_SOURCE_CONTENT_NOT_MATERIALIZED;NATIVE_RUNNER_AND_AGGREGATION_NOT_IN_PACKET;STATE_SCHEMA_DESCRIPTOR_ONLY;POSTRUN_ARTIFACT_INVENTORY_ABSENT;STRONGER_SPLIT_NOT_RELIABLY_DERIVABLE,,符合设计，可作为重新draft前的锁定输入,/Users/gss/Downloads/revised_agent_benchmark_paper_package/experiments/agentdojo_full_v1.2.2_direct/case_packets/agentdojo/v1.2.2_travel_user_task_12_injection_task_6/case_packet.md
v1.2.2:travel:user_task_12:injection_task_0,travel,user_task_12,injection_task_0,通过,通过,通过,通过,通过,通过,通过,通过,通过,通过,20,6,26,295167,OFFICIAL_SOURCE_CONTENT_NOT_MATERIALIZED;NATIVE_RUNNER_AND_AGGREGATION_NOT_IN_PACKET;STATE_SCHEMA_DESCRIPTOR_ONLY;POSTRUN_ARTIFACT_INVENTORY_ABSENT;STRONGER_SPLIT_NOT_RELIABLY_DERIVABLE,,符合设计，可作为重新draft前的锁定输入,/Users/gss/Downloads/revised_agent_benchmark_paper_package/experiments/agentdojo_full_v1.2.2_direct/case_packets/agentdojo/v1.2.2_travel_user_task_12_injection_task_0/case_packet.md
v1.2.2:travel:user_task_12:injection_task_2,travel,user_task_12,injection_task_2,通过,通过,通过,通过,通过,通过,通过,通过,通过,通过,20,6,26,284881,OFFICIAL_SOURCE_CONTENT_NOT_MATERIALIZED;NATIVE_RUNNER_AND_AGGREGATION_NOT_IN_PACKET;STATE_SCHEMA_DESCRIPTOR_ONLY;POSTRUN_ARTIFACT_INVENTORY_ABSENT;STRONGER_SPLIT_NOT_RELIABLY_DERIVABLE,,符合设计，可作为重新draft前的锁定输入,/Users/gss/Downloads/revised_agent_benchmark_paper_package/experiments/agentdojo_full_v1.2.2_direct/case_packets/agentdojo/v1.2.2_travel_user_task_12_injection_task_2/case_packet.md
v1.2.2:travel:user_task_12:injection_task_3,travel,user_task_12,injection_task_3,通过,通过,通过,通过,通过,通过,通过,通过,通过,通过,20,6,26,295893,OFFICIAL_SOURCE_CONTENT_NOT_MATERIALIZED;NATIVE_RUNNER_AND_AGGREGATION_NOT_IN_PACKET;STATE_SCHEMA_DESCRIPTOR_ONLY;POSTRUN_ARTIFACT_INVENTORY_ABSENT;STRONGER_SPLIT_NOT_RELIABLY_DERIVABLE,,符合设计，可作为重新draft前的锁定输入,/Users/gss/Downloads/revised_agent_benchmark_paper_package/experiments/agentdojo_full_v1.2.2_direct/case_packets/agentdojo/v1.2.2_travel_user_task_12_injection_task_3/case_packet.md
v1.2.2:travel:user_task_12:injection_task_4,travel,user_task_12,injection_task_4,通过,通过,通过,通过,通过,通过,通过,通过,通过,通过,20,6,26,295665,OFFICIAL_SOURCE_CONTENT_NOT_MATERIALIZED;NATIVE_RUNNER_AND_AGGREGATION_NOT_IN_PACKET;STATE_SCHEMA_DESCRIPTOR_ONLY;POSTRUN_ARTIFACT_INVENTORY_ABSENT;STRONGER_SPLIT_NOT_RELIABLY_DERIVABLE,,符合设计，可作为重新draft前的锁定输入,/Users/gss/Downloads/revised_agent_benchmark_paper_package/experiments/agentdojo_full_v1.2.2_direct/case_packets/agentdojo/v1.2.2_travel_user_task_12_injection_task_4/case_packet.md
v1.2.2:travel:user_task_12:injection_task_5,travel,user_task_12,injection_task_5,通过,通过,通过,通过,通过,通过,通过,通过,通过,通过,20,6,26,287000,OFFICIAL_SOURCE_CONTENT_NOT_MATERIALIZED;NATIVE_RUNNER_AND_AGGREGATION_NOT_IN_PACKET;STATE_SCHEMA_DESCRIPTOR_ONLY;POSTRUN_ARTIFACT_INVENTORY_ABSENT;STRONGER_SPLIT_NOT_RELIABLY_DERIVABLE,,符合设计，可作为重新draft前的锁定输入,/Users/gss/Downloads/revised_agent_benchmark_paper_package/experiments/agentdojo_full_v1.2.2_direct/case_packets/agentdojo/v1.2.2_travel_user_task_12_injection_task_5/case_packet.md
v1.2.2:travel:user_task_13:injection_task_6,travel,user_task_13,injection_task_6,通过,通过,通过,通过,通过,通过,通过,通过,通过,通过,20,6,26,291429,OFFICIAL_SOURCE_CONTENT_NOT_MATERIALIZED;NATIVE_RUNNER_AND_AGGREGATION_NOT_IN_PACKET;STATE_SCHEMA_DESCRIPTOR_ONLY;POSTRUN_ARTIFACT_INVENTORY_ABSENT;STRONGER_SPLIT_NOT_RELIABLY_DERIVABLE,,符合设计，可作为重新draft前的锁定输入,/Users/gss/Downloads/revised_agent_benchmark_paper_package/experiments/agentdojo_full_v1.2.2_direct/case_packets/agentdojo/v1.2.2_travel_user_task_13_injection_task_6/case_packet.md
v1.2.2:travel:user_task_13:injection_task_0,travel,user_task_13,injection_task_0,通过,通过,通过,通过,通过,通过,通过,通过,通过,通过,20,6,26,292495,OFFICIAL_SOURCE_CONTENT_NOT_MATERIALIZED;NATIVE_RUNNER_AND_AGGREGATION_NOT_IN_PACKET;STATE_SCHEMA_DESCRIPTOR_ONLY;POSTRUN_ARTIFACT_INVENTORY_ABSENT;STRONGER_SPLIT_NOT_RELIABLY_DERIVABLE,,符合设计，可作为重新draft前的锁定输入,/Users/gss/Downloads/revised_agent_benchmark_paper_package/experiments/agentdojo_full_v1.2.2_direct/case_packets/agentdojo/v1.2.2_travel_user_task_13_injection_task_0/case_packet.md
v1.2.2:travel:user_task_13:injection_task_2,travel,user_task_13,injection_task_2,通过,通过,通过,通过,通过,通过,通过,通过,通过,通过,20,6,26,282209,OFFICIAL_SOURCE_CONTENT_NOT_MATERIALIZED;NATIVE_RUNNER_AND_AGGREGATION_NOT_IN_PACKET;STATE_SCHEMA_DESCRIPTOR_ONLY;POSTRUN_ARTIFACT_INVENTORY_ABSENT;STRONGER_SPLIT_NOT_RELIABLY_DERIVABLE,,符合设计，可作为重新draft前的锁定输入,/Users/gss/Downloads/revised_agent_benchmark_paper_package/experiments/agentdojo_full_v1.2.2_direct/case_packets/agentdojo/v1.2.2_travel_user_task_13_injection_task_2/case_packet.md
v1.2.2:travel:user_task_13:injection_task_3,travel,user_task_13,injection_task_3,通过,通过,通过,通过,通过,通过,通过,通过,通过,通过,20,6,26,293221,OFFICIAL_SOURCE_CONTENT_NOT_MATERIALIZED;NATIVE_RUNNER_AND_AGGREGATION_NOT_IN_PACKET;STATE_SCHEMA_DESCRIPTOR_ONLY;POSTRUN_ARTIFACT_INVENTORY_ABSENT;STRONGER_SPLIT_NOT_RELIABLY_DERIVABLE,,符合设计，可作为重新draft前的锁定输入,/Users/gss/Downloads/revised_agent_benchmark_paper_package/experiments/agentdojo_full_v1.2.2_direct/case_packets/agentdojo/v1.2.2_travel_user_task_13_injection_task_3/case_packet.md
v1.2.2:travel:user_task_13:injection_task_4,travel,user_task_13,injection_task_4,通过,通过,通过,通过,通过,通过,通过,通过,通过,通过,20,6,26,292993,OFFICIAL_SOURCE_CONTENT_NOT_MATERIALIZED;NATIVE_RUNNER_AND_AGGREGATION_NOT_IN_PACKET;STATE_SCHEMA_DESCRIPTOR_ONLY;POSTRUN_ARTIFACT_INVENTORY_ABSENT;STRONGER_SPLIT_NOT_RELIABLY_DERIVABLE,,符合设计，可作为重新draft前的锁定输入,/Users/gss/Downloads/revised_agent_benchmark_paper_package/experiments/agentdojo_full_v1.2.2_direct/case_packets/agentdojo/v1.2.2_travel_user_task_13_injection_task_4/case_packet.md
v1.2.2:travel:user_task_13:injection_task_5,travel,user_task_13,injection_task_5,通过,通过,通过,通过,通过,通过,通过,通过,通过,通过,20,6,26,284328,OFFICIAL_SOURCE_CONTENT_NOT_MATERIALIZED;NATIVE_RUNNER_AND_AGGREGATION_NOT_IN_PACKET;STATE_SCHEMA_DESCRIPTOR_ONLY;POSTRUN_ARTIFACT_INVENTORY_ABSENT;STRONGER_SPLIT_NOT_RELIABLY_DERIVABLE,,符合设计，可作为重新draft前的锁定输入,/Users/gss/Downloads/revised_agent_benchmark_paper_package/experiments/agentdojo_full_v1.2.2_direct/case_packets/agentdojo/v1.2.2_travel_user_task_13_injection_task_5/case_packet.md
v1.2.2:travel:user_task_14:injection_task_6,travel,user_task_14,injection_task_6,通过,通过,通过,通过,通过,通过,通过,通过,通过,通过,20,6,26,291703,OFFICIAL_SOURCE_CONTENT_NOT_MATERIALIZED;NATIVE_RUNNER_AND_AGGREGATION_NOT_IN_PACKET;STATE_SCHEMA_DESCRIPTOR_ONLY;POSTRUN_ARTIFACT_INVENTORY_ABSENT;STRONGER_SPLIT_NOT_RELIABLY_DERIVABLE,,符合设计，可作为重新draft前的锁定输入,/Users/gss/Downloads/revised_agent_benchmark_paper_package/experiments/agentdojo_full_v1.2.2_direct/case_packets/agentdojo/v1.2.2_travel_user_task_14_injection_task_6/case_packet.md
v1.2.2:travel:user_task_14:injection_task_0,travel,user_task_14,injection_task_0,通过,通过,通过,通过,通过,通过,通过,通过,通过,通过,20,6,26,292769,OFFICIAL_SOURCE_CONTENT_NOT_MATERIALIZED;NATIVE_RUNNER_AND_AGGREGATION_NOT_IN_PACKET;STATE_SCHEMA_DESCRIPTOR_ONLY;POSTRUN_ARTIFACT_INVENTORY_ABSENT;STRONGER_SPLIT_NOT_RELIABLY_DERIVABLE,,符合设计，可作为重新draft前的锁定输入,/Users/gss/Downloads/revised_agent_benchmark_paper_package/experiments/agentdojo_full_v1.2.2_direct/case_packets/agentdojo/v1.2.2_travel_user_task_14_injection_task_0/case_packet.md
v1.2.2:travel:user_task_14:injection_task_1,travel,user_task_14,injection_task_1,通过,通过,通过,通过,通过,通过,通过,通过,通过,通过,20,6,26,292534,OFFICIAL_SOURCE_CONTENT_NOT_MATERIALIZED;NATIVE_RUNNER_AND_AGGREGATION_NOT_IN_PACKET;STATE_SCHEMA_DESCRIPTOR_ONLY;POSTRUN_ARTIFACT_INVENTORY_ABSENT;STRONGER_SPLIT_NOT_RELIABLY_DERIVABLE,,符合设计，可作为重新draft前的锁定输入,/Users/gss/Downloads/revised_agent_benchmark_paper_package/experiments/agentdojo_full_v1.2.2_direct/case_packets/agentdojo/v1.2.2_travel_user_task_14_injection_task_1/case_packet.md
v1.2.2:travel:user_task_14:injection_task_2,travel,user_task_14,injection_task_2,通过,通过,通过,通过,通过,通过,通过,通过,通过,通过,20,6,26,282483,OFFICIAL_SOURCE_CONTENT_NOT_MATERIALIZED;NATIVE_RUNNER_AND_AGGREGATION_NOT_IN_PACKET;STATE_SCHEMA_DESCRIPTOR_ONLY;POSTRUN_ARTIFACT_INVENTORY_ABSENT;STRONGER_SPLIT_NOT_RELIABLY_DERIVABLE,,符合设计，可作为重新draft前的锁定输入,/Users/gss/Downloads/revised_agent_benchmark_paper_package/experiments/agentdojo_full_v1.2.2_direct/case_packets/agentdojo/v1.2.2_travel_user_task_14_injection_task_2/case_packet.md
v1.2.2:travel:user_task_14:injection_task_3,travel,user_task_14,injection_task_3,通过,通过,通过,通过,通过,通过,通过,通过,通过,通过,20,6,26,293495,OFFICIAL_SOURCE_CONTENT_NOT_MATERIALIZED;NATIVE_RUNNER_AND_AGGREGATION_NOT_IN_PACKET;STATE_SCHEMA_DESCRIPTOR_ONLY;POSTRUN_ARTIFACT_INVENTORY_ABSENT;STRONGER_SPLIT_NOT_RELIABLY_DERIVABLE,,符合设计，可作为重新draft前的锁定输入,/Users/gss/Downloads/revised_agent_benchmark_paper_package/experiments/agentdojo_full_v1.2.2_direct/case_packets/agentdojo/v1.2.2_travel_user_task_14_injection_task_3/case_packet.md
v1.2.2:travel:user_task_14:injection_task_5,travel,user_task_14,injection_task_5,通过,通过,通过,通过,通过,通过,通过,通过,通过,通过,20,6,26,284602,OFFICIAL_SOURCE_CONTENT_NOT_MATERIALIZED;NATIVE_RUNNER_AND_AGGREGATION_NOT_IN_PACKET;STATE_SCHEMA_DESCRIPTOR_ONLY;POSTRUN_ARTIFACT_INVENTORY_ABSENT;STRONGER_SPLIT_NOT_RELIABLY_DERIVABLE,,符合设计，可作为重新draft前的锁定输入,/Users/gss/Downloads/revised_agent_benchmark_paper_package/experiments/agentdojo_full_v1.2.2_direct/case_packets/agentdojo/v1.2.2_travel_user_task_14_injection_task_5/case_packet.md
v1.2.2:travel:user_task_15:injection_task_6,travel,user_task_15,injection_task_6,通过,通过,通过,通过,通过,通过,通过,通过,通过,通过,20,6,26,293320,OFFICIAL_SOURCE_CONTENT_NOT_MATERIALIZED;NATIVE_RUNNER_AND_AGGREGATION_NOT_IN_PACKET;STATE_SCHEMA_DESCRIPTOR_ONLY;POSTRUN_ARTIFACT_INVENTORY_ABSENT;STRONGER_SPLIT_NOT_RELIABLY_DERIVABLE,,符合设计，可作为重新draft前的锁定输入,/Users/gss/Downloads/revised_agent_benchmark_paper_package/experiments/agentdojo_full_v1.2.2_direct/case_packets/agentdojo/v1.2.2_travel_user_task_15_injection_task_6/case_packet.md
v1.2.2:travel:user_task_15:injection_task_0,travel,user_task_15,injection_task_0,通过,通过,通过,通过,通过,通过,通过,通过,通过,通过,20,6,26,294386,OFFICIAL_SOURCE_CONTENT_NOT_MATERIALIZED;NATIVE_RUNNER_AND_AGGREGATION_NOT_IN_PACKET;STATE_SCHEMA_DESCRIPTOR_ONLY;POSTRUN_ARTIFACT_INVENTORY_ABSENT;STRONGER_SPLIT_NOT_RELIABLY_DERIVABLE,,符合设计，可作为重新draft前的锁定输入,/Users/gss/Downloads/revised_agent_benchmark_paper_package/experiments/agentdojo_full_v1.2.2_direct/case_packets/agentdojo/v1.2.2_travel_user_task_15_injection_task_0/case_packet.md
v1.2.2:travel:user_task_15:injection_task_1,travel,user_task_15,injection_task_1,通过,通过,通过,通过,通过,通过,通过,通过,通过,通过,20,6,26,294151,OFFICIAL_SOURCE_CONTENT_NOT_MATERIALIZED;NATIVE_RUNNER_AND_AGGREGATION_NOT_IN_PACKET;STATE_SCHEMA_DESCRIPTOR_ONLY;POSTRUN_ARTIFACT_INVENTORY_ABSENT;STRONGER_SPLIT_NOT_RELIABLY_DERIVABLE,,符合设计，可作为重新draft前的锁定输入,/Users/gss/Downloads/revised_agent_benchmark_paper_package/experiments/agentdojo_full_v1.2.2_direct/case_packets/agentdojo/v1.2.2_travel_user_task_15_injection_task_1/case_packet.md
v1.2.2:travel:user_task_15:injection_task_2,travel,user_task_15,injection_task_2,通过,通过,通过,通过,通过,通过,通过,通过,通过,通过,20,6,26,284100,OFFICIAL_SOURCE_CONTENT_NOT_MATERIALIZED;NATIVE_RUNNER_AND_AGGREGATION_NOT_IN_PACKET;STATE_SCHEMA_DESCRIPTOR_ONLY;POSTRUN_ARTIFACT_INVENTORY_ABSENT;STRONGER_SPLIT_NOT_RELIABLY_DERIVABLE,,符合设计，可作为重新draft前的锁定输入,/Users/gss/Downloads/revised_agent_benchmark_paper_package/experiments/agentdojo_full_v1.2.2_direct/case_packets/agentdojo/v1.2.2_travel_user_task_15_injection_task_2/case_packet.md
v1.2.2:travel:user_task_15:injection_task_3,travel,user_task_15,injection_task_3,通过,通过,通过,通过,通过,通过,通过,通过,通过,通过,20,6,26,295112,OFFICIAL_SOURCE_CONTENT_NOT_MATERIALIZED;NATIVE_RUNNER_AND_AGGREGATION_NOT_IN_PACKET;STATE_SCHEMA_DESCRIPTOR_ONLY;POSTRUN_ARTIFACT_INVENTORY_ABSENT;STRONGER_SPLIT_NOT_RELIABLY_DERIVABLE,,符合设计，可作为重新draft前的锁定输入,/Users/gss/Downloads/revised_agent_benchmark_paper_package/experiments/agentdojo_full_v1.2.2_direct/case_packets/agentdojo/v1.2.2_travel_user_task_15_injection_task_3/case_packet.md
v1.2.2:travel:user_task_15:injection_task_4,travel,user_task_15,injection_task_4,通过,通过,通过,通过,通过,通过,通过,通过,通过,通过,20,6,26,294884,OFFICIAL_SOURCE_CONTENT_NOT_MATERIALIZED;NATIVE_RUNNER_AND_AGGREGATION_NOT_IN_PACKET;STATE_SCHEMA_DESCRIPTOR_ONLY;POSTRUN_ARTIFACT_INVENTORY_ABSENT;STRONGER_SPLIT_NOT_RELIABLY_DERIVABLE,,符合设计，可作为重新draft前的锁定输入,/Users/gss/Downloads/revised_agent_benchmark_paper_package/experiments/agentdojo_full_v1.2.2_direct/case_packets/agentdojo/v1.2.2_travel_user_task_15_injection_task_4/case_packet.md
v1.2.2:travel:user_task_15:injection_task_5,travel,user_task_15,injection_task_5,通过,通过,通过,通过,通过,通过,通过,通过,通过,通过,20,6,26,286219,OFFICIAL_SOURCE_CONTENT_NOT_MATERIALIZED;NATIVE_RUNNER_AND_AGGREGATION_NOT_IN_PACKET;STATE_SCHEMA_DESCRIPTOR_ONLY;POSTRUN_ARTIFACT_INVENTORY_ABSENT;STRONGER_SPLIT_NOT_RELIABLY_DERIVABLE,,符合设计，可作为重新draft前的锁定输入,/Users/gss/Downloads/revised_agent_benchmark_paper_package/experiments/agentdojo_full_v1.2.2_direct/case_packets/agentdojo/v1.2.2_travel_user_task_15_injection_task_5/case_packet.md
v1.2.2:travel:user_task_16:injection_task_6,travel,user_task_16,injection_task_6,通过,通过,通过,通过,通过,通过,通过,通过,通过,通过,20,6,26,292720,OFFICIAL_SOURCE_CONTENT_NOT_MATERIALIZED;NATIVE_RUNNER_AND_AGGREGATION_NOT_IN_PACKET;STATE_SCHEMA_DESCRIPTOR_ONLY;POSTRUN_ARTIFACT_INVENTORY_ABSENT;STRONGER_SPLIT_NOT_RELIABLY_DERIVABLE,,符合设计，可作为重新draft前的锁定输入,/Users/gss/Downloads/revised_agent_benchmark_paper_package/experiments/agentdojo_full_v1.2.2_direct/case_packets/agentdojo/v1.2.2_travel_user_task_16_injection_task_6/case_packet.md
v1.2.2:travel:user_task_16:injection_task_0,travel,user_task_16,injection_task_0,通过,通过,通过,通过,通过,通过,通过,通过,通过,通过,20,6,26,293786,OFFICIAL_SOURCE_CONTENT_NOT_MATERIALIZED;NATIVE_RUNNER_AND_AGGREGATION_NOT_IN_PACKET;STATE_SCHEMA_DESCRIPTOR_ONLY;POSTRUN_ARTIFACT_INVENTORY_ABSENT;STRONGER_SPLIT_NOT_RELIABLY_DERIVABLE,,符合设计，可作为重新draft前的锁定输入,/Users/gss/Downloads/revised_agent_benchmark_paper_package/experiments/agentdojo_full_v1.2.2_direct/case_packets/agentdojo/v1.2.2_travel_user_task_16_injection_task_0/case_packet.md
v1.2.2:travel:user_task_16:injection_task_1,travel,user_task_16,injection_task_1,通过,通过,通过,通过,通过,通过,通过,通过,通过,通过,20,6,26,293551,OFFICIAL_SOURCE_CONTENT_NOT_MATERIALIZED;NATIVE_RUNNER_AND_AGGREGATION_NOT_IN_PACKET;STATE_SCHEMA_DESCRIPTOR_ONLY;POSTRUN_ARTIFACT_INVENTORY_ABSENT;STRONGER_SPLIT_NOT_RELIABLY_DERIVABLE,,符合设计，可作为重新draft前的锁定输入,/Users/gss/Downloads/revised_agent_benchmark_paper_package/experiments/agentdojo_full_v1.2.2_direct/case_packets/agentdojo/v1.2.2_travel_user_task_16_injection_task_1/case_packet.md
v1.2.2:travel:user_task_16:injection_task_3,travel,user_task_16,injection_task_3,通过,通过,通过,通过,通过,通过,通过,通过,通过,通过,20,6,26,294512,OFFICIAL_SOURCE_CONTENT_NOT_MATERIALIZED;NATIVE_RUNNER_AND_AGGREGATION_NOT_IN_PACKET;STATE_SCHEMA_DESCRIPTOR_ONLY;POSTRUN_ARTIFACT_INVENTORY_ABSENT;STRONGER_SPLIT_NOT_RELIABLY_DERIVABLE,,符合设计，可作为重新draft前的锁定输入,/Users/gss/Downloads/revised_agent_benchmark_paper_package/experiments/agentdojo_full_v1.2.2_direct/case_packets/agentdojo/v1.2.2_travel_user_task_16_injection_task_3/case_packet.md
v1.2.2:travel:user_task_16:injection_task_5,travel,user_task_16,injection_task_5,通过,通过,通过,通过,通过,通过,通过,通过,通过,通过,20,6,26,285619,OFFICIAL_SOURCE_CONTENT_NOT_MATERIALIZED;NATIVE_RUNNER_AND_AGGREGATION_NOT_IN_PACKET;STATE_SCHEMA_DESCRIPTOR_ONLY;POSTRUN_ARTIFACT_INVENTORY_ABSENT;STRONGER_SPLIT_NOT_RELIABLY_DERIVABLE,,符合设计，可作为重新draft前的锁定输入,/Users/gss/Downloads/revised_agent_benchmark_paper_package/experiments/agentdojo_full_v1.2.2_direct/case_packets/agentdojo/v1.2.2_travel_user_task_16_injection_task_5/case_packet.md
v1.2.2:travel:user_task_17:injection_task_6,travel,user_task_17,injection_task_6,通过,通过,通过,通过,通过,通过,通过,通过,通过,通过,20,6,26,224487,OFFICIAL_SOURCE_CONTENT_NOT_MATERIALIZED;NATIVE_RUNNER_AND_AGGREGATION_NOT_IN_PACKET;STATE_SCHEMA_DESCRIPTOR_ONLY;POSTRUN_ARTIFACT_INVENTORY_ABSENT;STRONGER_SPLIT_NOT_RELIABLY_DERIVABLE,,符合设计，可作为重新draft前的锁定输入,/Users/gss/Downloads/revised_agent_benchmark_paper_package/experiments/agentdojo_full_v1.2.2_direct/case_packets/agentdojo/v1.2.2_travel_user_task_17_injection_task_6/case_packet.md
v1.2.2:travel:user_task_17:injection_task_0,travel,user_task_17,injection_task_0,通过,通过,通过,通过,通过,通过,通过,通过,通过,通过,20,6,26,225553,OFFICIAL_SOURCE_CONTENT_NOT_MATERIALIZED;NATIVE_RUNNER_AND_AGGREGATION_NOT_IN_PACKET;STATE_SCHEMA_DESCRIPTOR_ONLY;POSTRUN_ARTIFACT_INVENTORY_ABSENT;STRONGER_SPLIT_NOT_RELIABLY_DERIVABLE,,符合设计，可作为重新draft前的锁定输入,/Users/gss/Downloads/revised_agent_benchmark_paper_package/experiments/agentdojo_full_v1.2.2_direct/case_packets/agentdojo/v1.2.2_travel_user_task_17_injection_task_0/case_packet.md
v1.2.2:travel:user_task_17:injection_task_1,travel,user_task_17,injection_task_1,通过,通过,通过,通过,通过,通过,通过,通过,通过,通过,20,6,26,225318,OFFICIAL_SOURCE_CONTENT_NOT_MATERIALIZED;NATIVE_RUNNER_AND_AGGREGATION_NOT_IN_PACKET;STATE_SCHEMA_DESCRIPTOR_ONLY;POSTRUN_ARTIFACT_INVENTORY_ABSENT;STRONGER_SPLIT_NOT_RELIABLY_DERIVABLE,,符合设计，可作为重新draft前的锁定输入,/Users/gss/Downloads/revised_agent_benchmark_paper_package/experiments/agentdojo_full_v1.2.2_direct/case_packets/agentdojo/v1.2.2_travel_user_task_17_injection_task_1/case_packet.md
v1.2.2:travel:user_task_17:injection_task_2,travel,user_task_17,injection_task_2,通过,通过,通过,通过,通过,通过,通过,通过,通过,通过,20,6,26,215267,OFFICIAL_SOURCE_CONTENT_NOT_MATERIALIZED;NATIVE_RUNNER_AND_AGGREGATION_NOT_IN_PACKET;STATE_SCHEMA_DESCRIPTOR_ONLY;POSTRUN_ARTIFACT_INVENTORY_ABSENT;STRONGER_SPLIT_NOT_RELIABLY_DERIVABLE,,符合设计，可作为重新draft前的锁定输入,/Users/gss/Downloads/revised_agent_benchmark_paper_package/experiments/agentdojo_full_v1.2.2_direct/case_packets/agentdojo/v1.2.2_travel_user_task_17_injection_task_2/case_packet.md
v1.2.2:travel:user_task_17:injection_task_3,travel,user_task_17,injection_task_3,通过,通过,通过,通过,通过,通过,通过,通过,通过,通过,20,6,26,226279,OFFICIAL_SOURCE_CONTENT_NOT_MATERIALIZED;NATIVE_RUNNER_AND_AGGREGATION_NOT_IN_PACKET;STATE_SCHEMA_DESCRIPTOR_ONLY;POSTRUN_ARTIFACT_INVENTORY_ABSENT;STRONGER_SPLIT_NOT_RELIABLY_DERIVABLE,,符合设计，可作为重新draft前的锁定输入,/Users/gss/Downloads/revised_agent_benchmark_paper_package/experiments/agentdojo_full_v1.2.2_direct/case_packets/agentdojo/v1.2.2_travel_user_task_17_injection_task_3/case_packet.md
v1.2.2:travel:user_task_17:injection_task_4,travel,user_task_17,injection_task_4,通过,通过,通过,通过,通过,通过,通过,通过,通过,通过,20,6,26,226051,OFFICIAL_SOURCE_CONTENT_NOT_MATERIALIZED;NATIVE_RUNNER_AND_AGGREGATION_NOT_IN_PACKET;STATE_SCHEMA_DESCRIPTOR_ONLY;POSTRUN_ARTIFACT_INVENTORY_ABSENT;STRONGER_SPLIT_NOT_RELIABLY_DERIVABLE,,符合设计，可作为重新draft前的锁定输入,/Users/gss/Downloads/revised_agent_benchmark_paper_package/experiments/agentdojo_full_v1.2.2_direct/case_packets/agentdojo/v1.2.2_travel_user_task_17_injection_task_4/case_packet.md
v1.2.2:travel:user_task_17:injection_task_5,travel,user_task_17,injection_task_5,通过,通过,通过,通过,通过,通过,通过,通过,通过,通过,20,6,26,217386,OFFICIAL_SOURCE_CONTENT_NOT_MATERIALIZED;NATIVE_RUNNER_AND_AGGREGATION_NOT_IN_PACKET;STATE_SCHEMA_DESCRIPTOR_ONLY;POSTRUN_ARTIFACT_INVENTORY_ABSENT;STRONGER_SPLIT_NOT_RELIABLY_DERIVABLE,,符合设计，可作为重新draft前的锁定输入,/Users/gss/Downloads/revised_agent_benchmark_paper_package/experiments/agentdojo_full_v1.2.2_direct/case_packets/agentdojo/v1.2.2_travel_user_task_17_injection_task_5/case_packet.md
v1.2.2:travel:user_task_18:injection_task_6,travel,user_task_18,injection_task_6,通过,通过,通过,通过,通过,通过,通过,通过,通过,通过,20,6,26,293459,OFFICIAL_SOURCE_CONTENT_NOT_MATERIALIZED;NATIVE_RUNNER_AND_AGGREGATION_NOT_IN_PACKET;STATE_SCHEMA_DESCRIPTOR_ONLY;POSTRUN_ARTIFACT_INVENTORY_ABSENT;STRONGER_SPLIT_NOT_RELIABLY_DERIVABLE,,符合设计，可作为重新draft前的锁定输入,/Users/gss/Downloads/revised_agent_benchmark_paper_package/experiments/agentdojo_full_v1.2.2_direct/case_packets/agentdojo/v1.2.2_travel_user_task_18_injection_task_6/case_packet.md
v1.2.2:travel:user_task_18:injection_task_0,travel,user_task_18,injection_task_0,通过,通过,通过,通过,通过,通过,通过,通过,通过,通过,20,6,26,294525,OFFICIAL_SOURCE_CONTENT_NOT_MATERIALIZED;NATIVE_RUNNER_AND_AGGREGATION_NOT_IN_PACKET;STATE_SCHEMA_DESCRIPTOR_ONLY;POSTRUN_ARTIFACT_INVENTORY_ABSENT;STRONGER_SPLIT_NOT_RELIABLY_DERIVABLE,,符合设计，可作为重新draft前的锁定输入,/Users/gss/Downloads/revised_agent_benchmark_paper_package/experiments/agentdojo_full_v1.2.2_direct/case_packets/agentdojo/v1.2.2_travel_user_task_18_injection_task_0/case_packet.md
v1.2.2:travel:user_task_18:injection_task_1,travel,user_task_18,injection_task_1,通过,通过,通过,通过,通过,通过,通过,通过,通过,通过,20,6,26,294290,OFFICIAL_SOURCE_CONTENT_NOT_MATERIALIZED;NATIVE_RUNNER_AND_AGGREGATION_NOT_IN_PACKET;STATE_SCHEMA_DESCRIPTOR_ONLY;POSTRUN_ARTIFACT_INVENTORY_ABSENT;STRONGER_SPLIT_NOT_RELIABLY_DERIVABLE,,符合设计，可作为重新draft前的锁定输入,/Users/gss/Downloads/revised_agent_benchmark_paper_package/experiments/agentdojo_full_v1.2.2_direct/case_packets/agentdojo/v1.2.2_travel_user_task_18_injection_task_1/case_packet.md
v1.2.2:travel:user_task_18:injection_task_2,travel,user_task_18,injection_task_2,通过,通过,通过,通过,通过,通过,通过,通过,通过,通过,20,6,26,284239,OFFICIAL_SOURCE_CONTENT_NOT_MATERIALIZED;NATIVE_RUNNER_AND_AGGREGATION_NOT_IN_PACKET;STATE_SCHEMA_DESCRIPTOR_ONLY;POSTRUN_ARTIFACT_INVENTORY_ABSENT;STRONGER_SPLIT_NOT_RELIABLY_DERIVABLE,,符合设计，可作为重新draft前的锁定输入,/Users/gss/Downloads/revised_agent_benchmark_paper_package/experiments/agentdojo_full_v1.2.2_direct/case_packets/agentdojo/v1.2.2_travel_user_task_18_injection_task_2/case_packet.md
v1.2.2:travel:user_task_18:injection_task_3,travel,user_task_18,injection_task_3,通过,通过,通过,通过,通过,通过,通过,通过,通过,通过,20,6,26,295251,OFFICIAL_SOURCE_CONTENT_NOT_MATERIALIZED;NATIVE_RUNNER_AND_AGGREGATION_NOT_IN_PACKET;STATE_SCHEMA_DESCRIPTOR_ONLY;POSTRUN_ARTIFACT_INVENTORY_ABSENT;STRONGER_SPLIT_NOT_RELIABLY_DERIVABLE,,符合设计，可作为重新draft前的锁定输入,/Users/gss/Downloads/revised_agent_benchmark_paper_package/experiments/agentdojo_full_v1.2.2_direct/case_packets/agentdojo/v1.2.2_travel_user_task_18_injection_task_3/case_packet.md
v1.2.2:travel:user_task_18:injection_task_4,travel,user_task_18,injection_task_4,通过,通过,通过,通过,通过,通过,通过,通过,通过,通过,20,6,26,295023,OFFICIAL_SOURCE_CONTENT_NOT_MATERIALIZED;NATIVE_RUNNER_AND_AGGREGATION_NOT_IN_PACKET;STATE_SCHEMA_DESCRIPTOR_ONLY;POSTRUN_ARTIFACT_INVENTORY_ABSENT;STRONGER_SPLIT_NOT_RELIABLY_DERIVABLE,,符合设计，可作为重新draft前的锁定输入,/Users/gss/Downloads/revised_agent_benchmark_paper_package/experiments/agentdojo_full_v1.2.2_direct/case_packets/agentdojo/v1.2.2_travel_user_task_18_injection_task_4/case_packet.md
v1.2.2:travel:user_task_18:injection_task_5,travel,user_task_18,injection_task_5,通过,通过,通过,通过,通过,通过,通过,通过,通过,通过,20,6,26,286358,OFFICIAL_SOURCE_CONTENT_NOT_MATERIALIZED;NATIVE_RUNNER_AND_AGGREGATION_NOT_IN_PACKET;STATE_SCHEMA_DESCRIPTOR_ONLY;POSTRUN_ARTIFACT_INVENTORY_ABSENT;STRONGER_SPLIT_NOT_RELIABLY_DERIVABLE,,符合设计，可作为重新draft前的锁定输入,/Users/gss/Downloads/revised_agent_benchmark_paper_package/experiments/agentdojo_full_v1.2.2_direct/case_packets/agentdojo/v1.2.2_travel_user_task_18_injection_task_5/case_packet.md
v1.2.2:travel:user_task_19:injection_task_6,travel,user_task_19,injection_task_6,通过,通过,通过,通过,通过,通过,通过,通过,通过,通过,20,6,26,298067,OFFICIAL_SOURCE_CONTENT_NOT_MATERIALIZED;NATIVE_RUNNER_AND_AGGREGATION_NOT_IN_PACKET;STATE_SCHEMA_DESCRIPTOR_ONLY;POSTRUN_ARTIFACT_INVENTORY_ABSENT;STRONGER_SPLIT_NOT_RELIABLY_DERIVABLE,,符合设计，可作为重新draft前的锁定输入,/Users/gss/Downloads/revised_agent_benchmark_paper_package/experiments/agentdojo_full_v1.2.2_direct/case_packets/agentdojo/v1.2.2_travel_user_task_19_injection_task_6/case_packet.md
v1.2.2:travel:user_task_19:injection_task_0,travel,user_task_19,injection_task_0,通过,通过,通过,通过,通过,通过,通过,通过,通过,通过,20,6,26,299133,OFFICIAL_SOURCE_CONTENT_NOT_MATERIALIZED;NATIVE_RUNNER_AND_AGGREGATION_NOT_IN_PACKET;STATE_SCHEMA_DESCRIPTOR_ONLY;POSTRUN_ARTIFACT_INVENTORY_ABSENT;STRONGER_SPLIT_NOT_RELIABLY_DERIVABLE,,符合设计，可作为重新draft前的锁定输入,/Users/gss/Downloads/revised_agent_benchmark_paper_package/experiments/agentdojo_full_v1.2.2_direct/case_packets/agentdojo/v1.2.2_travel_user_task_19_injection_task_0/case_packet.md
v1.2.2:travel:user_task_19:injection_task_1,travel,user_task_19,injection_task_1,通过,通过,通过,通过,通过,通过,通过,通过,通过,通过,20,6,26,298898,OFFICIAL_SOURCE_CONTENT_NOT_MATERIALIZED;NATIVE_RUNNER_AND_AGGREGATION_NOT_IN_PACKET;STATE_SCHEMA_DESCRIPTOR_ONLY;POSTRUN_ARTIFACT_INVENTORY_ABSENT;STRONGER_SPLIT_NOT_RELIABLY_DERIVABLE,,符合设计，可作为重新draft前的锁定输入,/Users/gss/Downloads/revised_agent_benchmark_paper_package/experiments/agentdojo_full_v1.2.2_direct/case_packets/agentdojo/v1.2.2_travel_user_task_19_injection_task_1/case_packet.md
v1.2.2:travel:user_task_19:injection_task_2,travel,user_task_19,injection_task_2,通过,通过,通过,通过,通过,通过,通过,通过,通过,通过,20,6,26,288847,OFFICIAL_SOURCE_CONTENT_NOT_MATERIALIZED;NATIVE_RUNNER_AND_AGGREGATION_NOT_IN_PACKET;STATE_SCHEMA_DESCRIPTOR_ONLY;POSTRUN_ARTIFACT_INVENTORY_ABSENT;STRONGER_SPLIT_NOT_RELIABLY_DERIVABLE,,符合设计，可作为重新draft前的锁定输入,/Users/gss/Downloads/revised_agent_benchmark_paper_package/experiments/agentdojo_full_v1.2.2_direct/case_packets/agentdojo/v1.2.2_travel_user_task_19_injection_task_2/case_packet.md
v1.2.2:travel:user_task_19:injection_task_3,travel,user_task_19,injection_task_3,通过,通过,通过,通过,通过,通过,通过,通过,通过,通过,20,6,26,299859,OFFICIAL_SOURCE_CONTENT_NOT_MATERIALIZED;NATIVE_RUNNER_AND_AGGREGATION_NOT_IN_PACKET;STATE_SCHEMA_DESCRIPTOR_ONLY;POSTRUN_ARTIFACT_INVENTORY_ABSENT;STRONGER_SPLIT_NOT_RELIABLY_DERIVABLE,,符合设计，可作为重新draft前的锁定输入,/Users/gss/Downloads/revised_agent_benchmark_paper_package/experiments/agentdojo_full_v1.2.2_direct/case_packets/agentdojo/v1.2.2_travel_user_task_19_injection_task_3/case_packet.md
v1.2.2:travel:user_task_19:injection_task_4,travel,user_task_19,injection_task_4,通过,通过,通过,通过,通过,通过,通过,通过,通过,通过,20,6,26,299631,OFFICIAL_SOURCE_CONTENT_NOT_MATERIALIZED;NATIVE_RUNNER_AND_AGGREGATION_NOT_IN_PACKET;STATE_SCHEMA_DESCRIPTOR_ONLY;POSTRUN_ARTIFACT_INVENTORY_ABSENT;STRONGER_SPLIT_NOT_RELIABLY_DERIVABLE,,符合设计，可作为重新draft前的锁定输入,/Users/gss/Downloads/revised_agent_benchmark_paper_package/experiments/agentdojo_full_v1.2.2_direct/case_packets/agentdojo/v1.2.2_travel_user_task_19_injection_task_4/case_packet.md
v1.2.2:travel:user_task_19:injection_task_5,travel,user_task_19,injection_task_5,通过,通过,通过,通过,通过,通过,通过,通过,通过,通过,20,6,26,290966,OFFICIAL_SOURCE_CONTENT_NOT_MATERIALIZED;NATIVE_RUNNER_AND_AGGREGATION_NOT_IN_PACKET;STATE_SCHEMA_DESCRIPTOR_ONLY;POSTRUN_ARTIFACT_INVENTORY_ABSENT;STRONGER_SPLIT_NOT_RELIABLY_DERIVABLE,,符合设计，可作为重新draft前的锁定输入,/Users/gss/Downloads/revised_agent_benchmark_paper_package/experiments/agentdojo_full_v1.2.2_direct/case_packets/agentdojo/v1.2.2_travel_user_task_19_injection_task_5/case_packet.md
v1.2.2:banking:user_task_0:injection_task_0,banking,user_task_0,injection_task_0,通过,通过,通过,通过,通过,通过,通过,通过,通过,通过,19,6,25,182314,OFFICIAL_SOURCE_CONTENT_NOT_MATERIALIZED;NATIVE_RUNNER_AND_AGGREGATION_NOT_IN_PACKET;STATE_SCHEMA_DESCRIPTOR_ONLY;POSTRUN_ARTIFACT_INVENTORY_ABSENT;STRONGER_SPLIT_NOT_RELIABLY_DERIVABLE,,符合设计，可作为重新draft前的锁定输入,/Users/gss/Downloads/revised_agent_benchmark_paper_package/experiments/agentdojo_full_v1.2.2_direct/case_packets/agentdojo/v1.2.2_banking_user_task_0_injection_task_0/case_packet.md
v1.2.2:banking:user_task_0:injection_task_1,banking,user_task_0,injection_task_1,通过,通过,通过,通过,通过,通过,通过,通过,通过,通过,19,6,25,182074,OFFICIAL_SOURCE_CONTENT_NOT_MATERIALIZED;NATIVE_RUNNER_AND_AGGREGATION_NOT_IN_PACKET;STATE_SCHEMA_DESCRIPTOR_ONLY;POSTRUN_ARTIFACT_INVENTORY_ABSENT;STRONGER_SPLIT_NOT_RELIABLY_DERIVABLE,,符合设计，可作为重新draft前的锁定输入,/Users/gss/Downloads/revised_agent_benchmark_paper_package/experiments/agentdojo_full_v1.2.2_direct/case_packets/agentdojo/v1.2.2_banking_user_task_0_injection_task_1/case_packet.md
v1.2.2:banking:user_task_0:injection_task_3,banking,user_task_0,injection_task_3,通过,通过,通过,通过,通过,通过,通过,通过,通过,通过,19,6,25,182110,OFFICIAL_SOURCE_CONTENT_NOT_MATERIALIZED;NATIVE_RUNNER_AND_AGGREGATION_NOT_IN_PACKET;STATE_SCHEMA_DESCRIPTOR_ONLY;POSTRUN_ARTIFACT_INVENTORY_ABSENT;STRONGER_SPLIT_NOT_RELIABLY_DERIVABLE,,符合设计，可作为重新draft前的锁定输入,/Users/gss/Downloads/revised_agent_benchmark_paper_package/experiments/agentdojo_full_v1.2.2_direct/case_packets/agentdojo/v1.2.2_banking_user_task_0_injection_task_3/case_packet.md
v1.2.2:banking:user_task_0:injection_task_4,banking,user_task_0,injection_task_4,通过,通过,通过,通过,通过,通过,通过,通过,通过,通过,19,6,25,181352,OFFICIAL_SOURCE_CONTENT_NOT_MATERIALIZED;NATIVE_RUNNER_AND_AGGREGATION_NOT_IN_PACKET;STATE_SCHEMA_DESCRIPTOR_ONLY;POSTRUN_ARTIFACT_INVENTORY_ABSENT;STRONGER_SPLIT_NOT_RELIABLY_DERIVABLE,,符合设计，可作为重新draft前的锁定输入,/Users/gss/Downloads/revised_agent_benchmark_paper_package/experiments/agentdojo_full_v1.2.2_direct/case_packets/agentdojo/v1.2.2_banking_user_task_0_injection_task_4/case_packet.md
v1.2.2:banking:user_task_0:injection_task_5,banking,user_task_0,injection_task_5,通过,通过,通过,通过,通过,通过,通过,通过,通过,通过,19,6,25,181452,OFFICIAL_SOURCE_CONTENT_NOT_MATERIALIZED;NATIVE_RUNNER_AND_AGGREGATION_NOT_IN_PACKET;STATE_SCHEMA_DESCRIPTOR_ONLY;POSTRUN_ARTIFACT_INVENTORY_ABSENT;STRONGER_SPLIT_NOT_RELIABLY_DERIVABLE,,符合设计，可作为重新draft前的锁定输入,/Users/gss/Downloads/revised_agent_benchmark_paper_package/experiments/agentdojo_full_v1.2.2_direct/case_packets/agentdojo/v1.2.2_banking_user_task_0_injection_task_5/case_packet.md
v1.2.2:banking:user_task_0:injection_task_6,banking,user_task_0,injection_task_6,通过,通过,通过,通过,通过,通过,通过,通过,通过,通过,19,6,25,182784,OFFICIAL_SOURCE_CONTENT_NOT_MATERIALIZED;NATIVE_RUNNER_AND_AGGREGATION_NOT_IN_PACKET;STATE_SCHEMA_DESCRIPTOR_ONLY;POSTRUN_ARTIFACT_INVENTORY_ABSENT;STRONGER_SPLIT_NOT_RELIABLY_DERIVABLE,,符合设计，可作为重新draft前的锁定输入,/Users/gss/Downloads/revised_agent_benchmark_paper_package/experiments/agentdojo_full_v1.2.2_direct/case_packets/agentdojo/v1.2.2_banking_user_task_0_injection_task_6/case_packet.md
v1.2.2:banking:user_task_0:injection_task_7,banking,user_task_0,injection_task_7,通过,通过,通过,通过,通过,通过,通过,通过,通过,通过,19,6,25,180894,OFFICIAL_SOURCE_CONTENT_NOT_MATERIALIZED;NATIVE_RUNNER_AND_AGGREGATION_NOT_IN_PACKET;STATE_SCHEMA_DESCRIPTOR_ONLY;POSTRUN_ARTIFACT_INVENTORY_ABSENT;STRONGER_SPLIT_NOT_RELIABLY_DERIVABLE,,符合设计，可作为重新draft前的锁定输入,/Users/gss/Downloads/revised_agent_benchmark_paper_package/experiments/agentdojo_full_v1.2.2_direct/case_packets/agentdojo/v1.2.2_banking_user_task_0_injection_task_7/case_packet.md
v1.2.2:banking:user_task_0:injection_task_8,banking,user_task_0,injection_task_8,通过,通过,通过,通过,通过,通过,通过,通过,通过,通过,19,6,25,182386,OFFICIAL_SOURCE_CONTENT_NOT_MATERIALIZED;NATIVE_RUNNER_AND_AGGREGATION_NOT_IN_PACKET;STATE_SCHEMA_DESCRIPTOR_ONLY;POSTRUN_ARTIFACT_INVENTORY_ABSENT;STRONGER_SPLIT_NOT_RELIABLY_DERIVABLE,,符合设计，可作为重新draft前的锁定输入,/Users/gss/Downloads/revised_agent_benchmark_paper_package/experiments/agentdojo_full_v1.2.2_direct/case_packets/agentdojo/v1.2.2_banking_user_task_0_injection_task_8/case_packet.md
v1.2.2:banking:user_task_1:injection_task_0,banking,user_task_1,injection_task_0,通过,通过,通过,通过,通过,通过,通过,通过,通过,通过,19,6,25,181765,OFFICIAL_SOURCE_CONTENT_NOT_MATERIALIZED;NATIVE_RUNNER_AND_AGGREGATION_NOT_IN_PACKET;STATE_SCHEMA_DESCRIPTOR_ONLY;POSTRUN_ARTIFACT_INVENTORY_ABSENT;STRONGER_SPLIT_NOT_RELIABLY_DERIVABLE,,符合设计，可作为重新draft前的锁定输入,/Users/gss/Downloads/revised_agent_benchmark_paper_package/experiments/agentdojo_full_v1.2.2_direct/case_packets/agentdojo/v1.2.2_banking_user_task_1_injection_task_0/case_packet.md
v1.2.2:banking:user_task_1:injection_task_1,banking,user_task_1,injection_task_1,通过,通过,通过,通过,通过,通过,通过,通过,通过,通过,19,6,25,181525,OFFICIAL_SOURCE_CONTENT_NOT_MATERIALIZED;NATIVE_RUNNER_AND_AGGREGATION_NOT_IN_PACKET;STATE_SCHEMA_DESCRIPTOR_ONLY;POSTRUN_ARTIFACT_INVENTORY_ABSENT;STRONGER_SPLIT_NOT_RELIABLY_DERIVABLE,,符合设计，可作为重新draft前的锁定输入,/Users/gss/Downloads/revised_agent_benchmark_paper_package/experiments/agentdojo_full_v1.2.2_direct/case_packets/agentdojo/v1.2.2_banking_user_task_1_injection_task_1/case_packet.md
v1.2.2:banking:user_task_1:injection_task_2,banking,user_task_1,injection_task_2,通过,通过,通过,通过,通过,通过,通过,通过,通过,通过,19,6,25,181638,OFFICIAL_SOURCE_CONTENT_NOT_MATERIALIZED;NATIVE_RUNNER_AND_AGGREGATION_NOT_IN_PACKET;STATE_SCHEMA_DESCRIPTOR_ONLY;POSTRUN_ARTIFACT_INVENTORY_ABSENT;STRONGER_SPLIT_NOT_RELIABLY_DERIVABLE,,符合设计，可作为重新draft前的锁定输入,/Users/gss/Downloads/revised_agent_benchmark_paper_package/experiments/agentdojo_full_v1.2.2_direct/case_packets/agentdojo/v1.2.2_banking_user_task_1_injection_task_2/case_packet.md
v1.2.2:banking:user_task_1:injection_task_3,banking,user_task_1,injection_task_3,通过,通过,通过,通过,通过,通过,通过,通过,通过,通过,19,6,25,181561,OFFICIAL_SOURCE_CONTENT_NOT_MATERIALIZED;NATIVE_RUNNER_AND_AGGREGATION_NOT_IN_PACKET;STATE_SCHEMA_DESCRIPTOR_ONLY;POSTRUN_ARTIFACT_INVENTORY_ABSENT;STRONGER_SPLIT_NOT_RELIABLY_DERIVABLE,,符合设计，可作为重新draft前的锁定输入,/Users/gss/Downloads/revised_agent_benchmark_paper_package/experiments/agentdojo_full_v1.2.2_direct/case_packets/agentdojo/v1.2.2_banking_user_task_1_injection_task_3/case_packet.md
v1.2.2:banking:user_task_1:injection_task_4,banking,user_task_1,injection_task_4,通过,通过,通过,通过,通过,通过,通过,通过,通过,通过,19,6,25,180803,OFFICIAL_SOURCE_CONTENT_NOT_MATERIALIZED;NATIVE_RUNNER_AND_AGGREGATION_NOT_IN_PACKET;STATE_SCHEMA_DESCRIPTOR_ONLY;POSTRUN_ARTIFACT_INVENTORY_ABSENT;STRONGER_SPLIT_NOT_RELIABLY_DERIVABLE,,符合设计，可作为重新draft前的锁定输入,/Users/gss/Downloads/revised_agent_benchmark_paper_package/experiments/agentdojo_full_v1.2.2_direct/case_packets/agentdojo/v1.2.2_banking_user_task_1_injection_task_4/case_packet.md
v1.2.2:banking:user_task_1:injection_task_5,banking,user_task_1,injection_task_5,通过,通过,通过,通过,通过,通过,通过,通过,通过,通过,19,6,25,180903,OFFICIAL_SOURCE_CONTENT_NOT_MATERIALIZED;NATIVE_RUNNER_AND_AGGREGATION_NOT_IN_PACKET;STATE_SCHEMA_DESCRIPTOR_ONLY;POSTRUN_ARTIFACT_INVENTORY_ABSENT;STRONGER_SPLIT_NOT_RELIABLY_DERIVABLE,,符合设计，可作为重新draft前的锁定输入,/Users/gss/Downloads/revised_agent_benchmark_paper_package/experiments/agentdojo_full_v1.2.2_direct/case_packets/agentdojo/v1.2.2_banking_user_task_1_injection_task_5/case_packet.md
v1.2.2:banking:user_task_1:injection_task_6,banking,user_task_1,injection_task_6,通过,通过,通过,通过,通过,通过,通过,通过,通过,通过,19,6,25,182235,OFFICIAL_SOURCE_CONTENT_NOT_MATERIALIZED;NATIVE_RUNNER_AND_AGGREGATION_NOT_IN_PACKET;STATE_SCHEMA_DESCRIPTOR_ONLY;POSTRUN_ARTIFACT_INVENTORY_ABSENT;STRONGER_SPLIT_NOT_RELIABLY_DERIVABLE,,符合设计，可作为重新draft前的锁定输入,/Users/gss/Downloads/revised_agent_benchmark_paper_package/experiments/agentdojo_full_v1.2.2_direct/case_packets/agentdojo/v1.2.2_banking_user_task_1_injection_task_6/case_packet.md
v1.2.2:banking:user_task_1:injection_task_7,banking,user_task_1,injection_task_7,通过,通过,通过,通过,通过,通过,通过,通过,通过,通过,19,6,25,180345,OFFICIAL_SOURCE_CONTENT_NOT_MATERIALIZED;NATIVE_RUNNER_AND_AGGREGATION_NOT_IN_PACKET;STATE_SCHEMA_DESCRIPTOR_ONLY;POSTRUN_ARTIFACT_INVENTORY_ABSENT;STRONGER_SPLIT_NOT_RELIABLY_DERIVABLE,,符合设计，可作为重新draft前的锁定输入,/Users/gss/Downloads/revised_agent_benchmark_paper_package/experiments/agentdojo_full_v1.2.2_direct/case_packets/agentdojo/v1.2.2_banking_user_task_1_injection_task_7/case_packet.md
v1.2.2:banking:user_task_2:injection_task_0,banking,user_task_2,injection_task_0,通过,通过,通过,通过,通过,通过,通过,通过,通过,通过,19,6,25,182027,OFFICIAL_SOURCE_CONTENT_NOT_MATERIALIZED;NATIVE_RUNNER_AND_AGGREGATION_NOT_IN_PACKET;STATE_SCHEMA_DESCRIPTOR_ONLY;POSTRUN_ARTIFACT_INVENTORY_ABSENT;STRONGER_SPLIT_NOT_RELIABLY_DERIVABLE;USER_EVALUATOR_HELPER_SOURCE_MISSING,,符合设计，可作为重新draft前的锁定输入,/Users/gss/Downloads/revised_agent_benchmark_paper_package/experiments/agentdojo_full_v1.2.2_direct/case_packets/agentdojo/v1.2.2_banking_user_task_2_injection_task_0/case_packet.md
v1.2.2:banking:user_task_2:injection_task_1,banking,user_task_2,injection_task_1,通过,通过,通过,通过,通过,通过,通过,通过,通过,通过,19,6,25,181787,OFFICIAL_SOURCE_CONTENT_NOT_MATERIALIZED;NATIVE_RUNNER_AND_AGGREGATION_NOT_IN_PACKET;STATE_SCHEMA_DESCRIPTOR_ONLY;POSTRUN_ARTIFACT_INVENTORY_ABSENT;STRONGER_SPLIT_NOT_RELIABLY_DERIVABLE;USER_EVALUATOR_HELPER_SOURCE_MISSING,,符合设计，可作为重新draft前的锁定输入,/Users/gss/Downloads/revised_agent_benchmark_paper_package/experiments/agentdojo_full_v1.2.2_direct/case_packets/agentdojo/v1.2.2_banking_user_task_2_injection_task_1/case_packet.md
v1.2.2:banking:user_task_2:injection_task_3,banking,user_task_2,injection_task_3,通过,通过,通过,通过,通过,通过,通过,通过,通过,通过,19,6,25,181823,OFFICIAL_SOURCE_CONTENT_NOT_MATERIALIZED;NATIVE_RUNNER_AND_AGGREGATION_NOT_IN_PACKET;STATE_SCHEMA_DESCRIPTOR_ONLY;POSTRUN_ARTIFACT_INVENTORY_ABSENT;STRONGER_SPLIT_NOT_RELIABLY_DERIVABLE;USER_EVALUATOR_HELPER_SOURCE_MISSING,,符合设计，可作为重新draft前的锁定输入,/Users/gss/Downloads/revised_agent_benchmark_paper_package/experiments/agentdojo_full_v1.2.2_direct/case_packets/agentdojo/v1.2.2_banking_user_task_2_injection_task_3/case_packet.md
v1.2.2:banking:user_task_2:injection_task_4,banking,user_task_2,injection_task_4,通过,通过,通过,通过,通过,通过,通过,通过,通过,通过,19,6,25,181065,OFFICIAL_SOURCE_CONTENT_NOT_MATERIALIZED;NATIVE_RUNNER_AND_AGGREGATION_NOT_IN_PACKET;STATE_SCHEMA_DESCRIPTOR_ONLY;POSTRUN_ARTIFACT_INVENTORY_ABSENT;STRONGER_SPLIT_NOT_RELIABLY_DERIVABLE;USER_EVALUATOR_HELPER_SOURCE_MISSING,,符合设计，可作为重新draft前的锁定输入,/Users/gss/Downloads/revised_agent_benchmark_paper_package/experiments/agentdojo_full_v1.2.2_direct/case_packets/agentdojo/v1.2.2_banking_user_task_2_injection_task_4/case_packet.md
v1.2.2:banking:user_task_2:injection_task_6,banking,user_task_2,injection_task_6,通过,通过,通过,通过,通过,通过,通过,通过,通过,通过,19,6,25,182497,OFFICIAL_SOURCE_CONTENT_NOT_MATERIALIZED;NATIVE_RUNNER_AND_AGGREGATION_NOT_IN_PACKET;STATE_SCHEMA_DESCRIPTOR_ONLY;POSTRUN_ARTIFACT_INVENTORY_ABSENT;STRONGER_SPLIT_NOT_RELIABLY_DERIVABLE;USER_EVALUATOR_HELPER_SOURCE_MISSING,,符合设计，可作为重新draft前的锁定输入,/Users/gss/Downloads/revised_agent_benchmark_paper_package/experiments/agentdojo_full_v1.2.2_direct/case_packets/agentdojo/v1.2.2_banking_user_task_2_injection_task_6/case_packet.md
v1.2.2:banking:user_task_2:injection_task_7,banking,user_task_2,injection_task_7,通过,通过,通过,通过,通过,通过,通过,通过,通过,通过,19,6,25,180607,OFFICIAL_SOURCE_CONTENT_NOT_MATERIALIZED;NATIVE_RUNNER_AND_AGGREGATION_NOT_IN_PACKET;STATE_SCHEMA_DESCRIPTOR_ONLY;POSTRUN_ARTIFACT_INVENTORY_ABSENT;STRONGER_SPLIT_NOT_RELIABLY_DERIVABLE;USER_EVALUATOR_HELPER_SOURCE_MISSING,,符合设计，可作为重新draft前的锁定输入,/Users/gss/Downloads/revised_agent_benchmark_paper_package/experiments/agentdojo_full_v1.2.2_direct/case_packets/agentdojo/v1.2.2_banking_user_task_2_injection_task_7/case_packet.md
v1.2.2:banking:user_task_2:injection_task_8,banking,user_task_2,injection_task_8,通过,通过,通过,通过,通过,通过,通过,通过,通过,通过,19,6,25,182099,OFFICIAL_SOURCE_CONTENT_NOT_MATERIALIZED;NATIVE_RUNNER_AND_AGGREGATION_NOT_IN_PACKET;STATE_SCHEMA_DESCRIPTOR_ONLY;POSTRUN_ARTIFACT_INVENTORY_ABSENT;STRONGER_SPLIT_NOT_RELIABLY_DERIVABLE;USER_EVALUATOR_HELPER_SOURCE_MISSING,,符合设计，可作为重新draft前的锁定输入,/Users/gss/Downloads/revised_agent_benchmark_paper_package/experiments/agentdojo_full_v1.2.2_direct/case_packets/agentdojo/v1.2.2_banking_user_task_2_injection_task_8/case_packet.md
v1.2.2:banking:user_task_3:injection_task_0,banking,user_task_3,injection_task_0,通过,通过,通过,通过,通过,通过,通过,通过,通过,通过,19,6,25,182364,OFFICIAL_SOURCE_CONTENT_NOT_MATERIALIZED;NATIVE_RUNNER_AND_AGGREGATION_NOT_IN_PACKET;STATE_SCHEMA_DESCRIPTOR_ONLY;POSTRUN_ARTIFACT_INVENTORY_ABSENT;STRONGER_SPLIT_NOT_RELIABLY_DERIVABLE,,符合设计，可作为重新draft前的锁定输入,/Users/gss/Downloads/revised_agent_benchmark_paper_package/experiments/agentdojo_full_v1.2.2_direct/case_packets/agentdojo/v1.2.2_banking_user_task_3_injection_task_0/case_packet.md
v1.2.2:banking:user_task_3:injection_task_1,banking,user_task_3,injection_task_1,通过,通过,通过,通过,通过,通过,通过,通过,通过,通过,19,6,25,182124,OFFICIAL_SOURCE_CONTENT_NOT_MATERIALIZED;NATIVE_RUNNER_AND_AGGREGATION_NOT_IN_PACKET;STATE_SCHEMA_DESCRIPTOR_ONLY;POSTRUN_ARTIFACT_INVENTORY_ABSENT;STRONGER_SPLIT_NOT_RELIABLY_DERIVABLE,,符合设计，可作为重新draft前的锁定输入,/Users/gss/Downloads/revised_agent_benchmark_paper_package/experiments/agentdojo_full_v1.2.2_direct/case_packets/agentdojo/v1.2.2_banking_user_task_3_injection_task_1/case_packet.md
v1.2.2:banking:user_task_3:injection_task_2,banking,user_task_3,injection_task_2,通过,通过,通过,通过,通过,通过,通过,通过,通过,通过,19,6,25,182237,OFFICIAL_SOURCE_CONTENT_NOT_MATERIALIZED;NATIVE_RUNNER_AND_AGGREGATION_NOT_IN_PACKET;STATE_SCHEMA_DESCRIPTOR_ONLY;POSTRUN_ARTIFACT_INVENTORY_ABSENT;STRONGER_SPLIT_NOT_RELIABLY_DERIVABLE,,符合设计，可作为重新draft前的锁定输入,/Users/gss/Downloads/revised_agent_benchmark_paper_package/experiments/agentdojo_full_v1.2.2_direct/case_packets/agentdojo/v1.2.2_banking_user_task_3_injection_task_2/case_packet.md
v1.2.2:banking:user_task_3:injection_task_3,banking,user_task_3,injection_task_3,通过,通过,通过,通过,通过,通过,通过,通过,通过,通过,19,6,25,182160,OFFICIAL_SOURCE_CONTENT_NOT_MATERIALIZED;NATIVE_RUNNER_AND_AGGREGATION_NOT_IN_PACKET;STATE_SCHEMA_DESCRIPTOR_ONLY;POSTRUN_ARTIFACT_INVENTORY_ABSENT;STRONGER_SPLIT_NOT_RELIABLY_DERIVABLE,,符合设计，可作为重新draft前的锁定输入,/Users/gss/Downloads/revised_agent_benchmark_paper_package/experiments/agentdojo_full_v1.2.2_direct/case_packets/agentdojo/v1.2.2_banking_user_task_3_injection_task_3/case_packet.md
v1.2.2:banking:user_task_3:injection_task_4,banking,user_task_3,injection_task_4,通过,通过,通过,通过,通过,通过,通过,通过,通过,通过,19,6,25,181402,OFFICIAL_SOURCE_CONTENT_NOT_MATERIALIZED;NATIVE_RUNNER_AND_AGGREGATION_NOT_IN_PACKET;STATE_SCHEMA_DESCRIPTOR_ONLY;POSTRUN_ARTIFACT_INVENTORY_ABSENT;STRONGER_SPLIT_NOT_RELIABLY_DERIVABLE,,符合设计，可作为重新draft前的锁定输入,/Users/gss/Downloads/revised_agent_benchmark_paper_package/experiments/agentdojo_full_v1.2.2_direct/case_packets/agentdojo/v1.2.2_banking_user_task_3_injection_task_4/case_packet.md
v1.2.2:banking:user_task_3:injection_task_5,banking,user_task_3,injection_task_5,通过,通过,通过,通过,通过,通过,通过,通过,通过,通过,19,6,25,181502,OFFICIAL_SOURCE_CONTENT_NOT_MATERIALIZED;NATIVE_RUNNER_AND_AGGREGATION_NOT_IN_PACKET;STATE_SCHEMA_DESCRIPTOR_ONLY;POSTRUN_ARTIFACT_INVENTORY_ABSENT;STRONGER_SPLIT_NOT_RELIABLY_DERIVABLE,,符合设计，可作为重新draft前的锁定输入,/Users/gss/Downloads/revised_agent_benchmark_paper_package/experiments/agentdojo_full_v1.2.2_direct/case_packets/agentdojo/v1.2.2_banking_user_task_3_injection_task_5/case_packet.md
v1.2.2:banking:user_task_3:injection_task_6,banking,user_task_3,injection_task_6,通过,通过,通过,通过,通过,通过,通过,通过,通过,通过,19,6,25,182834,OFFICIAL_SOURCE_CONTENT_NOT_MATERIALIZED;NATIVE_RUNNER_AND_AGGREGATION_NOT_IN_PACKET;STATE_SCHEMA_DESCRIPTOR_ONLY;POSTRUN_ARTIFACT_INVENTORY_ABSENT;STRONGER_SPLIT_NOT_RELIABLY_DERIVABLE,,符合设计，可作为重新draft前的锁定输入,/Users/gss/Downloads/revised_agent_benchmark_paper_package/experiments/agentdojo_full_v1.2.2_direct/case_packets/agentdojo/v1.2.2_banking_user_task_3_injection_task_6/case_packet.md
v1.2.2:banking:user_task_3:injection_task_7,banking,user_task_3,injection_task_7,通过,通过,通过,通过,通过,通过,通过,通过,通过,通过,19,6,25,180944,OFFICIAL_SOURCE_CONTENT_NOT_MATERIALIZED;NATIVE_RUNNER_AND_AGGREGATION_NOT_IN_PACKET;STATE_SCHEMA_DESCRIPTOR_ONLY;POSTRUN_ARTIFACT_INVENTORY_ABSENT;STRONGER_SPLIT_NOT_RELIABLY_DERIVABLE,,符合设计，可作为重新draft前的锁定输入,/Users/gss/Downloads/revised_agent_benchmark_paper_package/experiments/agentdojo_full_v1.2.2_direct/case_packets/agentdojo/v1.2.2_banking_user_task_3_injection_task_7/case_packet.md
v1.2.2:banking:user_task_3:injection_task_8,banking,user_task_3,injection_task_8,通过,通过,通过,通过,通过,通过,通过,通过,通过,通过,19,6,25,182436,OFFICIAL_SOURCE_CONTENT_NOT_MATERIALIZED;NATIVE_RUNNER_AND_AGGREGATION_NOT_IN_PACKET;STATE_SCHEMA_DESCRIPTOR_ONLY;POSTRUN_ARTIFACT_INVENTORY_ABSENT;STRONGER_SPLIT_NOT_RELIABLY_DERIVABLE,,符合设计，可作为重新draft前的锁定输入,/Users/gss/Downloads/revised_agent_benchmark_paper_package/experiments/agentdojo_full_v1.2.2_direct/case_packets/agentdojo/v1.2.2_banking_user_task_3_injection_task_8/case_packet.md
v1.2.2:banking:user_task_4:injection_task_0,banking,user_task_4,injection_task_0,通过,通过,通过,通过,通过,通过,通过,通过,通过,通过,19,6,25,182042,OFFICIAL_SOURCE_CONTENT_NOT_MATERIALIZED;NATIVE_RUNNER_AND_AGGREGATION_NOT_IN_PACKET;STATE_SCHEMA_DESCRIPTOR_ONLY;POSTRUN_ARTIFACT_INVENTORY_ABSENT;STRONGER_SPLIT_NOT_RELIABLY_DERIVABLE,,符合设计，可作为重新draft前的锁定输入,/Users/gss/Downloads/revised_agent_benchmark_paper_package/experiments/agentdojo_full_v1.2.2_direct/case_packets/agentdojo/v1.2.2_banking_user_task_4_injection_task_0/case_packet.md
v1.2.2:banking:user_task_4:injection_task_1,banking,user_task_4,injection_task_1,通过,通过,通过,通过,通过,通过,通过,通过,通过,通过,19,6,25,181802,OFFICIAL_SOURCE_CONTENT_NOT_MATERIALIZED;NATIVE_RUNNER_AND_AGGREGATION_NOT_IN_PACKET;STATE_SCHEMA_DESCRIPTOR_ONLY;POSTRUN_ARTIFACT_INVENTORY_ABSENT;STRONGER_SPLIT_NOT_RELIABLY_DERIVABLE,,符合设计，可作为重新draft前的锁定输入,/Users/gss/Downloads/revised_agent_benchmark_paper_package/experiments/agentdojo_full_v1.2.2_direct/case_packets/agentdojo/v1.2.2_banking_user_task_4_injection_task_1/case_packet.md
v1.2.2:banking:user_task_4:injection_task_2,banking,user_task_4,injection_task_2,通过,通过,通过,通过,通过,通过,通过,通过,通过,通过,19,6,25,181915,OFFICIAL_SOURCE_CONTENT_NOT_MATERIALIZED;NATIVE_RUNNER_AND_AGGREGATION_NOT_IN_PACKET;STATE_SCHEMA_DESCRIPTOR_ONLY;POSTRUN_ARTIFACT_INVENTORY_ABSENT;STRONGER_SPLIT_NOT_RELIABLY_DERIVABLE,,符合设计，可作为重新draft前的锁定输入,/Users/gss/Downloads/revised_agent_benchmark_paper_package/experiments/agentdojo_full_v1.2.2_direct/case_packets/agentdojo/v1.2.2_banking_user_task_4_injection_task_2/case_packet.md
v1.2.2:banking:user_task_4:injection_task_3,banking,user_task_4,injection_task_3,通过,通过,通过,通过,通过,通过,通过,通过,通过,通过,19,6,25,181838,OFFICIAL_SOURCE_CONTENT_NOT_MATERIALIZED;NATIVE_RUNNER_AND_AGGREGATION_NOT_IN_PACKET;STATE_SCHEMA_DESCRIPTOR_ONLY;POSTRUN_ARTIFACT_INVENTORY_ABSENT;STRONGER_SPLIT_NOT_RELIABLY_DERIVABLE,,符合设计，可作为重新draft前的锁定输入,/Users/gss/Downloads/revised_agent_benchmark_paper_package/experiments/agentdojo_full_v1.2.2_direct/case_packets/agentdojo/v1.2.2_banking_user_task_4_injection_task_3/case_packet.md
v1.2.2:banking:user_task_4:injection_task_4,banking,user_task_4,injection_task_4,通过,通过,通过,通过,通过,通过,通过,通过,通过,通过,19,6,25,181080,OFFICIAL_SOURCE_CONTENT_NOT_MATERIALIZED;NATIVE_RUNNER_AND_AGGREGATION_NOT_IN_PACKET;STATE_SCHEMA_DESCRIPTOR_ONLY;POSTRUN_ARTIFACT_INVENTORY_ABSENT;STRONGER_SPLIT_NOT_RELIABLY_DERIVABLE,,符合设计，可作为重新draft前的锁定输入,/Users/gss/Downloads/revised_agent_benchmark_paper_package/experiments/agentdojo_full_v1.2.2_direct/case_packets/agentdojo/v1.2.2_banking_user_task_4_injection_task_4/case_packet.md
v1.2.2:banking:user_task_4:injection_task_5,banking,user_task_4,injection_task_5,通过,通过,通过,通过,通过,通过,通过,通过,通过,通过,19,6,25,181180,OFFICIAL_SOURCE_CONTENT_NOT_MATERIALIZED;NATIVE_RUNNER_AND_AGGREGATION_NOT_IN_PACKET;STATE_SCHEMA_DESCRIPTOR_ONLY;POSTRUN_ARTIFACT_INVENTORY_ABSENT;STRONGER_SPLIT_NOT_RELIABLY_DERIVABLE,,符合设计，可作为重新draft前的锁定输入,/Users/gss/Downloads/revised_agent_benchmark_paper_package/experiments/agentdojo_full_v1.2.2_direct/case_packets/agentdojo/v1.2.2_banking_user_task_4_injection_task_5/case_packet.md
v1.2.2:banking:user_task_4:injection_task_6,banking,user_task_4,injection_task_6,通过,通过,通过,通过,通过,通过,通过,通过,通过,通过,19,6,25,182512,OFFICIAL_SOURCE_CONTENT_NOT_MATERIALIZED;NATIVE_RUNNER_AND_AGGREGATION_NOT_IN_PACKET;STATE_SCHEMA_DESCRIPTOR_ONLY;POSTRUN_ARTIFACT_INVENTORY_ABSENT;STRONGER_SPLIT_NOT_RELIABLY_DERIVABLE,,符合设计，可作为重新draft前的锁定输入,/Users/gss/Downloads/revised_agent_benchmark_paper_package/experiments/agentdojo_full_v1.2.2_direct/case_packets/agentdojo/v1.2.2_banking_user_task_4_injection_task_6/case_packet.md
v1.2.2:banking:user_task_4:injection_task_7,banking,user_task_4,injection_task_7,通过,通过,通过,通过,通过,通过,通过,通过,通过,通过,19,6,25,180622,OFFICIAL_SOURCE_CONTENT_NOT_MATERIALIZED;NATIVE_RUNNER_AND_AGGREGATION_NOT_IN_PACKET;STATE_SCHEMA_DESCRIPTOR_ONLY;POSTRUN_ARTIFACT_INVENTORY_ABSENT;STRONGER_SPLIT_NOT_RELIABLY_DERIVABLE,,符合设计，可作为重新draft前的锁定输入,/Users/gss/Downloads/revised_agent_benchmark_paper_package/experiments/agentdojo_full_v1.2.2_direct/case_packets/agentdojo/v1.2.2_banking_user_task_4_injection_task_7/case_packet.md
v1.2.2:banking:user_task_4:injection_task_8,banking,user_task_4,injection_task_8,通过,通过,通过,通过,通过,通过,通过,通过,通过,通过,19,6,25,182114,OFFICIAL_SOURCE_CONTENT_NOT_MATERIALIZED;NATIVE_RUNNER_AND_AGGREGATION_NOT_IN_PACKET;STATE_SCHEMA_DESCRIPTOR_ONLY;POSTRUN_ARTIFACT_INVENTORY_ABSENT;STRONGER_SPLIT_NOT_RELIABLY_DERIVABLE,,符合设计，可作为重新draft前的锁定输入,/Users/gss/Downloads/revised_agent_benchmark_paper_package/experiments/agentdojo_full_v1.2.2_direct/case_packets/agentdojo/v1.2.2_banking_user_task_4_injection_task_8/case_packet.md
v1.2.2:banking:user_task_5:injection_task_0,banking,user_task_5,injection_task_0,通过,通过,通过,通过,通过,通过,通过,通过,通过,通过,19,6,25,182238,OFFICIAL_SOURCE_CONTENT_NOT_MATERIALIZED;NATIVE_RUNNER_AND_AGGREGATION_NOT_IN_PACKET;STATE_SCHEMA_DESCRIPTOR_ONLY;POSTRUN_ARTIFACT_INVENTORY_ABSENT;STRONGER_SPLIT_NOT_RELIABLY_DERIVABLE,,符合设计，可作为重新draft前的锁定输入,/Users/gss/Downloads/revised_agent_benchmark_paper_package/experiments/agentdojo_full_v1.2.2_direct/case_packets/agentdojo/v1.2.2_banking_user_task_5_injection_task_0/case_packet.md
v1.2.2:banking:user_task_5:injection_task_1,banking,user_task_5,injection_task_1,通过,通过,通过,通过,通过,通过,通过,通过,通过,通过,19,6,25,181998,OFFICIAL_SOURCE_CONTENT_NOT_MATERIALIZED;NATIVE_RUNNER_AND_AGGREGATION_NOT_IN_PACKET;STATE_SCHEMA_DESCRIPTOR_ONLY;POSTRUN_ARTIFACT_INVENTORY_ABSENT;STRONGER_SPLIT_NOT_RELIABLY_DERIVABLE,,符合设计，可作为重新draft前的锁定输入,/Users/gss/Downloads/revised_agent_benchmark_paper_package/experiments/agentdojo_full_v1.2.2_direct/case_packets/agentdojo/v1.2.2_banking_user_task_5_injection_task_1/case_packet.md
v1.2.2:banking:user_task_5:injection_task_2,banking,user_task_5,injection_task_2,通过,通过,通过,通过,通过,通过,通过,通过,通过,通过,19,6,25,182111,OFFICIAL_SOURCE_CONTENT_NOT_MATERIALIZED;NATIVE_RUNNER_AND_AGGREGATION_NOT_IN_PACKET;STATE_SCHEMA_DESCRIPTOR_ONLY;POSTRUN_ARTIFACT_INVENTORY_ABSENT;STRONGER_SPLIT_NOT_RELIABLY_DERIVABLE,,符合设计，可作为重新draft前的锁定输入,/Users/gss/Downloads/revised_agent_benchmark_paper_package/experiments/agentdojo_full_v1.2.2_direct/case_packets/agentdojo/v1.2.2_banking_user_task_5_injection_task_2/case_packet.md
v1.2.2:banking:user_task_5:injection_task_3,banking,user_task_5,injection_task_3,通过,通过,通过,通过,通过,通过,通过,通过,通过,通过,19,6,25,182034,OFFICIAL_SOURCE_CONTENT_NOT_MATERIALIZED;NATIVE_RUNNER_AND_AGGREGATION_NOT_IN_PACKET;STATE_SCHEMA_DESCRIPTOR_ONLY;POSTRUN_ARTIFACT_INVENTORY_ABSENT;STRONGER_SPLIT_NOT_RELIABLY_DERIVABLE,,符合设计，可作为重新draft前的锁定输入,/Users/gss/Downloads/revised_agent_benchmark_paper_package/experiments/agentdojo_full_v1.2.2_direct/case_packets/agentdojo/v1.2.2_banking_user_task_5_injection_task_3/case_packet.md
v1.2.2:banking:user_task_5:injection_task_4,banking,user_task_5,injection_task_4,通过,通过,通过,通过,通过,通过,通过,通过,通过,通过,19,6,25,181276,OFFICIAL_SOURCE_CONTENT_NOT_MATERIALIZED;NATIVE_RUNNER_AND_AGGREGATION_NOT_IN_PACKET;STATE_SCHEMA_DESCRIPTOR_ONLY;POSTRUN_ARTIFACT_INVENTORY_ABSENT;STRONGER_SPLIT_NOT_RELIABLY_DERIVABLE,,符合设计，可作为重新draft前的锁定输入,/Users/gss/Downloads/revised_agent_benchmark_paper_package/experiments/agentdojo_full_v1.2.2_direct/case_packets/agentdojo/v1.2.2_banking_user_task_5_injection_task_4/case_packet.md
v1.2.2:banking:user_task_5:injection_task_6,banking,user_task_5,injection_task_6,通过,通过,通过,通过,通过,通过,通过,通过,通过,通过,19,6,25,182708,OFFICIAL_SOURCE_CONTENT_NOT_MATERIALIZED;NATIVE_RUNNER_AND_AGGREGATION_NOT_IN_PACKET;STATE_SCHEMA_DESCRIPTOR_ONLY;POSTRUN_ARTIFACT_INVENTORY_ABSENT;STRONGER_SPLIT_NOT_RELIABLY_DERIVABLE,,符合设计，可作为重新draft前的锁定输入,/Users/gss/Downloads/revised_agent_benchmark_paper_package/experiments/agentdojo_full_v1.2.2_direct/case_packets/agentdojo/v1.2.2_banking_user_task_5_injection_task_6/case_packet.md
v1.2.2:banking:user_task_5:injection_task_7,banking,user_task_5,injection_task_7,通过,通过,通过,通过,通过,通过,通过,通过,通过,通过,19,6,25,180818,OFFICIAL_SOURCE_CONTENT_NOT_MATERIALIZED;NATIVE_RUNNER_AND_AGGREGATION_NOT_IN_PACKET;STATE_SCHEMA_DESCRIPTOR_ONLY;POSTRUN_ARTIFACT_INVENTORY_ABSENT;STRONGER_SPLIT_NOT_RELIABLY_DERIVABLE,,符合设计，可作为重新draft前的锁定输入,/Users/gss/Downloads/revised_agent_benchmark_paper_package/experiments/agentdojo_full_v1.2.2_direct/case_packets/agentdojo/v1.2.2_banking_user_task_5_injection_task_7/case_packet.md
v1.2.2:banking:user_task_5:injection_task_8,banking,user_task_5,injection_task_8,通过,通过,通过,通过,通过,通过,通过,通过,通过,通过,19,6,25,182310,OFFICIAL_SOURCE_CONTENT_NOT_MATERIALIZED;NATIVE_RUNNER_AND_AGGREGATION_NOT_IN_PACKET;STATE_SCHEMA_DESCRIPTOR_ONLY;POSTRUN_ARTIFACT_INVENTORY_ABSENT;STRONGER_SPLIT_NOT_RELIABLY_DERIVABLE,,符合设计，可作为重新draft前的锁定输入,/Users/gss/Downloads/revised_agent_benchmark_paper_package/experiments/agentdojo_full_v1.2.2_direct/case_packets/agentdojo/v1.2.2_banking_user_task_5_injection_task_8/case_packet.md
v1.2.2:banking:user_task_6:injection_task_0,banking,user_task_6,injection_task_0,通过,通过,通过,通过,通过,通过,通过,通过,通过,通过,19,6,25,165022,OFFICIAL_SOURCE_CONTENT_NOT_MATERIALIZED;NATIVE_RUNNER_AND_AGGREGATION_NOT_IN_PACKET;STATE_SCHEMA_DESCRIPTOR_ONLY;POSTRUN_ARTIFACT_INVENTORY_ABSENT;STRONGER_SPLIT_NOT_RELIABLY_DERIVABLE;USER_EVALUATOR_HELPER_SOURCE_MISSING,,符合设计，可作为重新draft前的锁定输入,/Users/gss/Downloads/revised_agent_benchmark_paper_package/experiments/agentdojo_full_v1.2.2_direct/case_packets/agentdojo/v1.2.2_banking_user_task_6_injection_task_0/case_packet.md
v1.2.2:banking:user_task_6:injection_task_2,banking,user_task_6,injection_task_2,通过,通过,通过,通过,通过,通过,通过,通过,通过,通过,19,6,25,164895,OFFICIAL_SOURCE_CONTENT_NOT_MATERIALIZED;NATIVE_RUNNER_AND_AGGREGATION_NOT_IN_PACKET;STATE_SCHEMA_DESCRIPTOR_ONLY;POSTRUN_ARTIFACT_INVENTORY_ABSENT;STRONGER_SPLIT_NOT_RELIABLY_DERIVABLE;USER_EVALUATOR_HELPER_SOURCE_MISSING,,符合设计，可作为重新draft前的锁定输入,/Users/gss/Downloads/revised_agent_benchmark_paper_package/experiments/agentdojo_full_v1.2.2_direct/case_packets/agentdojo/v1.2.2_banking_user_task_6_injection_task_2/case_packet.md
v1.2.2:banking:user_task_6:injection_task_3,banking,user_task_6,injection_task_3,通过,通过,通过,通过,通过,通过,通过,通过,通过,通过,19,6,25,164818,OFFICIAL_SOURCE_CONTENT_NOT_MATERIALIZED;NATIVE_RUNNER_AND_AGGREGATION_NOT_IN_PACKET;STATE_SCHEMA_DESCRIPTOR_ONLY;POSTRUN_ARTIFACT_INVENTORY_ABSENT;STRONGER_SPLIT_NOT_RELIABLY_DERIVABLE;USER_EVALUATOR_HELPER_SOURCE_MISSING,,符合设计，可作为重新draft前的锁定输入,/Users/gss/Downloads/revised_agent_benchmark_paper_package/experiments/agentdojo_full_v1.2.2_direct/case_packets/agentdojo/v1.2.2_banking_user_task_6_injection_task_3/case_packet.md
v1.2.2:banking:user_task_6:injection_task_4,banking,user_task_6,injection_task_4,通过,通过,通过,通过,通过,通过,通过,通过,通过,通过,19,6,25,164060,OFFICIAL_SOURCE_CONTENT_NOT_MATERIALIZED;NATIVE_RUNNER_AND_AGGREGATION_NOT_IN_PACKET;STATE_SCHEMA_DESCRIPTOR_ONLY;POSTRUN_ARTIFACT_INVENTORY_ABSENT;STRONGER_SPLIT_NOT_RELIABLY_DERIVABLE;USER_EVALUATOR_HELPER_SOURCE_MISSING,,符合设计，可作为重新draft前的锁定输入,/Users/gss/Downloads/revised_agent_benchmark_paper_package/experiments/agentdojo_full_v1.2.2_direct/case_packets/agentdojo/v1.2.2_banking_user_task_6_injection_task_4/case_packet.md
v1.2.2:banking:user_task_6:injection_task_5,banking,user_task_6,injection_task_5,通过,通过,通过,通过,通过,通过,通过,通过,通过,通过,19,6,25,164160,OFFICIAL_SOURCE_CONTENT_NOT_MATERIALIZED;NATIVE_RUNNER_AND_AGGREGATION_NOT_IN_PACKET;STATE_SCHEMA_DESCRIPTOR_ONLY;POSTRUN_ARTIFACT_INVENTORY_ABSENT;STRONGER_SPLIT_NOT_RELIABLY_DERIVABLE;USER_EVALUATOR_HELPER_SOURCE_MISSING,,符合设计，可作为重新draft前的锁定输入,/Users/gss/Downloads/revised_agent_benchmark_paper_package/experiments/agentdojo_full_v1.2.2_direct/case_packets/agentdojo/v1.2.2_banking_user_task_6_injection_task_5/case_packet.md
v1.2.2:banking:user_task_6:injection_task_6,banking,user_task_6,injection_task_6,通过,通过,通过,通过,通过,通过,通过,通过,通过,通过,19,6,25,165492,OFFICIAL_SOURCE_CONTENT_NOT_MATERIALIZED;NATIVE_RUNNER_AND_AGGREGATION_NOT_IN_PACKET;STATE_SCHEMA_DESCRIPTOR_ONLY;POSTRUN_ARTIFACT_INVENTORY_ABSENT;STRONGER_SPLIT_NOT_RELIABLY_DERIVABLE;USER_EVALUATOR_HELPER_SOURCE_MISSING,,符合设计，可作为重新draft前的锁定输入,/Users/gss/Downloads/revised_agent_benchmark_paper_package/experiments/agentdojo_full_v1.2.2_direct/case_packets/agentdojo/v1.2.2_banking_user_task_6_injection_task_6/case_packet.md
v1.2.2:banking:user_task_6:injection_task_7,banking,user_task_6,injection_task_7,通过,通过,通过,通过,通过,通过,通过,通过,通过,通过,19,6,25,163602,OFFICIAL_SOURCE_CONTENT_NOT_MATERIALIZED;NATIVE_RUNNER_AND_AGGREGATION_NOT_IN_PACKET;STATE_SCHEMA_DESCRIPTOR_ONLY;POSTRUN_ARTIFACT_INVENTORY_ABSENT;STRONGER_SPLIT_NOT_RELIABLY_DERIVABLE;USER_EVALUATOR_HELPER_SOURCE_MISSING,,符合设计，可作为重新draft前的锁定输入,/Users/gss/Downloads/revised_agent_benchmark_paper_package/experiments/agentdojo_full_v1.2.2_direct/case_packets/agentdojo/v1.2.2_banking_user_task_6_injection_task_7/case_packet.md
v1.2.2:banking:user_task_6:injection_task_8,banking,user_task_6,injection_task_8,通过,通过,通过,通过,通过,通过,通过,通过,通过,通过,19,6,25,165094,OFFICIAL_SOURCE_CONTENT_NOT_MATERIALIZED;NATIVE_RUNNER_AND_AGGREGATION_NOT_IN_PACKET;STATE_SCHEMA_DESCRIPTOR_ONLY;POSTRUN_ARTIFACT_INVENTORY_ABSENT;STRONGER_SPLIT_NOT_RELIABLY_DERIVABLE;USER_EVALUATOR_HELPER_SOURCE_MISSING,,符合设计，可作为重新draft前的锁定输入,/Users/gss/Downloads/revised_agent_benchmark_paper_package/experiments/agentdojo_full_v1.2.2_direct/case_packets/agentdojo/v1.2.2_banking_user_task_6_injection_task_8/case_packet.md
v1.2.2:banking:user_task_7:injection_task_0,banking,user_task_7,injection_task_0,通过,通过,通过,通过,通过,通过,通过,通过,通过,通过,19,6,25,181703,OFFICIAL_SOURCE_CONTENT_NOT_MATERIALIZED;NATIVE_RUNNER_AND_AGGREGATION_NOT_IN_PACKET;STATE_SCHEMA_DESCRIPTOR_ONLY;POSTRUN_ARTIFACT_INVENTORY_ABSENT;STRONGER_SPLIT_NOT_RELIABLY_DERIVABLE,,符合设计，可作为重新draft前的锁定输入,/Users/gss/Downloads/revised_agent_benchmark_paper_package/experiments/agentdojo_full_v1.2.2_direct/case_packets/agentdojo/v1.2.2_banking_user_task_7_injection_task_0/case_packet.md
v1.2.2:banking:user_task_7:injection_task_1,banking,user_task_7,injection_task_1,通过,通过,通过,通过,通过,通过,通过,通过,通过,通过,19,6,25,181463,OFFICIAL_SOURCE_CONTENT_NOT_MATERIALIZED;NATIVE_RUNNER_AND_AGGREGATION_NOT_IN_PACKET;STATE_SCHEMA_DESCRIPTOR_ONLY;POSTRUN_ARTIFACT_INVENTORY_ABSENT;STRONGER_SPLIT_NOT_RELIABLY_DERIVABLE,,符合设计，可作为重新draft前的锁定输入,/Users/gss/Downloads/revised_agent_benchmark_paper_package/experiments/agentdojo_full_v1.2.2_direct/case_packets/agentdojo/v1.2.2_banking_user_task_7_injection_task_1/case_packet.md
v1.2.2:banking:user_task_7:injection_task_2,banking,user_task_7,injection_task_2,通过,通过,通过,通过,通过,通过,通过,通过,通过,通过,19,6,25,181576,OFFICIAL_SOURCE_CONTENT_NOT_MATERIALIZED;NATIVE_RUNNER_AND_AGGREGATION_NOT_IN_PACKET;STATE_SCHEMA_DESCRIPTOR_ONLY;POSTRUN_ARTIFACT_INVENTORY_ABSENT;STRONGER_SPLIT_NOT_RELIABLY_DERIVABLE,,符合设计，可作为重新draft前的锁定输入,/Users/gss/Downloads/revised_agent_benchmark_paper_package/experiments/agentdojo_full_v1.2.2_direct/case_packets/agentdojo/v1.2.2_banking_user_task_7_injection_task_2/case_packet.md
v1.2.2:banking:user_task_7:injection_task_3,banking,user_task_7,injection_task_3,通过,通过,通过,通过,通过,通过,通过,通过,通过,通过,19,6,25,181499,OFFICIAL_SOURCE_CONTENT_NOT_MATERIALIZED;NATIVE_RUNNER_AND_AGGREGATION_NOT_IN_PACKET;STATE_SCHEMA_DESCRIPTOR_ONLY;POSTRUN_ARTIFACT_INVENTORY_ABSENT;STRONGER_SPLIT_NOT_RELIABLY_DERIVABLE,,符合设计，可作为重新draft前的锁定输入,/Users/gss/Downloads/revised_agent_benchmark_paper_package/experiments/agentdojo_full_v1.2.2_direct/case_packets/agentdojo/v1.2.2_banking_user_task_7_injection_task_3/case_packet.md
v1.2.2:banking:user_task_7:injection_task_4,banking,user_task_7,injection_task_4,通过,通过,通过,通过,通过,通过,通过,通过,通过,通过,19,6,25,180741,OFFICIAL_SOURCE_CONTENT_NOT_MATERIALIZED;NATIVE_RUNNER_AND_AGGREGATION_NOT_IN_PACKET;STATE_SCHEMA_DESCRIPTOR_ONLY;POSTRUN_ARTIFACT_INVENTORY_ABSENT;STRONGER_SPLIT_NOT_RELIABLY_DERIVABLE,,符合设计，可作为重新draft前的锁定输入,/Users/gss/Downloads/revised_agent_benchmark_paper_package/experiments/agentdojo_full_v1.2.2_direct/case_packets/agentdojo/v1.2.2_banking_user_task_7_injection_task_4/case_packet.md
v1.2.2:banking:user_task_7:injection_task_5,banking,user_task_7,injection_task_5,通过,通过,通过,通过,通过,通过,通过,通过,通过,通过,19,6,25,180841,OFFICIAL_SOURCE_CONTENT_NOT_MATERIALIZED;NATIVE_RUNNER_AND_AGGREGATION_NOT_IN_PACKET;STATE_SCHEMA_DESCRIPTOR_ONLY;POSTRUN_ARTIFACT_INVENTORY_ABSENT;STRONGER_SPLIT_NOT_RELIABLY_DERIVABLE,,符合设计，可作为重新draft前的锁定输入,/Users/gss/Downloads/revised_agent_benchmark_paper_package/experiments/agentdojo_full_v1.2.2_direct/case_packets/agentdojo/v1.2.2_banking_user_task_7_injection_task_5/case_packet.md
v1.2.2:banking:user_task_7:injection_task_6,banking,user_task_7,injection_task_6,通过,通过,通过,通过,通过,通过,通过,通过,通过,通过,19,6,25,182173,OFFICIAL_SOURCE_CONTENT_NOT_MATERIALIZED;NATIVE_RUNNER_AND_AGGREGATION_NOT_IN_PACKET;STATE_SCHEMA_DESCRIPTOR_ONLY;POSTRUN_ARTIFACT_INVENTORY_ABSENT;STRONGER_SPLIT_NOT_RELIABLY_DERIVABLE,,符合设计，可作为重新draft前的锁定输入,/Users/gss/Downloads/revised_agent_benchmark_paper_package/experiments/agentdojo_full_v1.2.2_direct/case_packets/agentdojo/v1.2.2_banking_user_task_7_injection_task_6/case_packet.md
v1.2.2:banking:user_task_7:injection_task_7,banking,user_task_7,injection_task_7,通过,通过,通过,通过,通过,通过,通过,通过,通过,通过,19,6,25,180283,OFFICIAL_SOURCE_CONTENT_NOT_MATERIALIZED;NATIVE_RUNNER_AND_AGGREGATION_NOT_IN_PACKET;STATE_SCHEMA_DESCRIPTOR_ONLY;POSTRUN_ARTIFACT_INVENTORY_ABSENT;STRONGER_SPLIT_NOT_RELIABLY_DERIVABLE,,符合设计，可作为重新draft前的锁定输入,/Users/gss/Downloads/revised_agent_benchmark_paper_package/experiments/agentdojo_full_v1.2.2_direct/case_packets/agentdojo/v1.2.2_banking_user_task_7_injection_task_7/case_packet.md
v1.2.2:banking:user_task_7:injection_task_8,banking,user_task_7,injection_task_8,通过,通过,通过,通过,通过,通过,通过,通过,通过,通过,19,6,25,181775,OFFICIAL_SOURCE_CONTENT_NOT_MATERIALIZED;NATIVE_RUNNER_AND_AGGREGATION_NOT_IN_PACKET;STATE_SCHEMA_DESCRIPTOR_ONLY;POSTRUN_ARTIFACT_INVENTORY_ABSENT;STRONGER_SPLIT_NOT_RELIABLY_DERIVABLE,,符合设计，可作为重新draft前的锁定输入,/Users/gss/Downloads/revised_agent_benchmark_paper_package/experiments/agentdojo_full_v1.2.2_direct/case_packets/agentdojo/v1.2.2_banking_user_task_7_injection_task_8/case_packet.md
v1.2.2:banking:user_task_8:injection_task_0,banking,user_task_8,injection_task_0,通过,通过,通过,通过,通过,通过,通过,通过,通过,通过,19,6,25,181650,OFFICIAL_SOURCE_CONTENT_NOT_MATERIALIZED;NATIVE_RUNNER_AND_AGGREGATION_NOT_IN_PACKET;STATE_SCHEMA_DESCRIPTOR_ONLY;POSTRUN_ARTIFACT_INVENTORY_ABSENT;STRONGER_SPLIT_NOT_RELIABLY_DERIVABLE,,符合设计，可作为重新draft前的锁定输入,/Users/gss/Downloads/revised_agent_benchmark_paper_package/experiments/agentdojo_full_v1.2.2_direct/case_packets/agentdojo/v1.2.2_banking_user_task_8_injection_task_0/case_packet.md
v1.2.2:banking:user_task_8:injection_task_1,banking,user_task_8,injection_task_1,通过,通过,通过,通过,通过,通过,通过,通过,通过,通过,19,6,25,181410,OFFICIAL_SOURCE_CONTENT_NOT_MATERIALIZED;NATIVE_RUNNER_AND_AGGREGATION_NOT_IN_PACKET;STATE_SCHEMA_DESCRIPTOR_ONLY;POSTRUN_ARTIFACT_INVENTORY_ABSENT;STRONGER_SPLIT_NOT_RELIABLY_DERIVABLE,,符合设计，可作为重新draft前的锁定输入,/Users/gss/Downloads/revised_agent_benchmark_paper_package/experiments/agentdojo_full_v1.2.2_direct/case_packets/agentdojo/v1.2.2_banking_user_task_8_injection_task_1/case_packet.md
v1.2.2:banking:user_task_8:injection_task_2,banking,user_task_8,injection_task_2,通过,通过,通过,通过,通过,通过,通过,通过,通过,通过,19,6,25,181523,OFFICIAL_SOURCE_CONTENT_NOT_MATERIALIZED;NATIVE_RUNNER_AND_AGGREGATION_NOT_IN_PACKET;STATE_SCHEMA_DESCRIPTOR_ONLY;POSTRUN_ARTIFACT_INVENTORY_ABSENT;STRONGER_SPLIT_NOT_RELIABLY_DERIVABLE,,符合设计，可作为重新draft前的锁定输入,/Users/gss/Downloads/revised_agent_benchmark_paper_package/experiments/agentdojo_full_v1.2.2_direct/case_packets/agentdojo/v1.2.2_banking_user_task_8_injection_task_2/case_packet.md
v1.2.2:banking:user_task_8:injection_task_3,banking,user_task_8,injection_task_3,通过,通过,通过,通过,通过,通过,通过,通过,通过,通过,19,6,25,181446,OFFICIAL_SOURCE_CONTENT_NOT_MATERIALIZED;NATIVE_RUNNER_AND_AGGREGATION_NOT_IN_PACKET;STATE_SCHEMA_DESCRIPTOR_ONLY;POSTRUN_ARTIFACT_INVENTORY_ABSENT;STRONGER_SPLIT_NOT_RELIABLY_DERIVABLE,,符合设计，可作为重新draft前的锁定输入,/Users/gss/Downloads/revised_agent_benchmark_paper_package/experiments/agentdojo_full_v1.2.2_direct/case_packets/agentdojo/v1.2.2_banking_user_task_8_injection_task_3/case_packet.md
v1.2.2:banking:user_task_8:injection_task_4,banking,user_task_8,injection_task_4,通过,通过,通过,通过,通过,通过,通过,通过,通过,通过,19,6,25,180688,OFFICIAL_SOURCE_CONTENT_NOT_MATERIALIZED;NATIVE_RUNNER_AND_AGGREGATION_NOT_IN_PACKET;STATE_SCHEMA_DESCRIPTOR_ONLY;POSTRUN_ARTIFACT_INVENTORY_ABSENT;STRONGER_SPLIT_NOT_RELIABLY_DERIVABLE,,符合设计，可作为重新draft前的锁定输入,/Users/gss/Downloads/revised_agent_benchmark_paper_package/experiments/agentdojo_full_v1.2.2_direct/case_packets/agentdojo/v1.2.2_banking_user_task_8_injection_task_4/case_packet.md
v1.2.2:banking:user_task_8:injection_task_5,banking,user_task_8,injection_task_5,通过,通过,通过,通过,通过,通过,通过,通过,通过,通过,19,6,25,180788,OFFICIAL_SOURCE_CONTENT_NOT_MATERIALIZED;NATIVE_RUNNER_AND_AGGREGATION_NOT_IN_PACKET;STATE_SCHEMA_DESCRIPTOR_ONLY;POSTRUN_ARTIFACT_INVENTORY_ABSENT;STRONGER_SPLIT_NOT_RELIABLY_DERIVABLE,,符合设计，可作为重新draft前的锁定输入,/Users/gss/Downloads/revised_agent_benchmark_paper_package/experiments/agentdojo_full_v1.2.2_direct/case_packets/agentdojo/v1.2.2_banking_user_task_8_injection_task_5/case_packet.md
v1.2.2:banking:user_task_8:injection_task_7,banking,user_task_8,injection_task_7,通过,通过,通过,通过,通过,通过,通过,通过,通过,通过,19,6,25,180230,OFFICIAL_SOURCE_CONTENT_NOT_MATERIALIZED;NATIVE_RUNNER_AND_AGGREGATION_NOT_IN_PACKET;STATE_SCHEMA_DESCRIPTOR_ONLY;POSTRUN_ARTIFACT_INVENTORY_ABSENT;STRONGER_SPLIT_NOT_RELIABLY_DERIVABLE,,符合设计，可作为重新draft前的锁定输入,/Users/gss/Downloads/revised_agent_benchmark_paper_package/experiments/agentdojo_full_v1.2.2_direct/case_packets/agentdojo/v1.2.2_banking_user_task_8_injection_task_7/case_packet.md
v1.2.2:banking:user_task_9:injection_task_0,banking,user_task_9,injection_task_0,通过,通过,通过,通过,通过,通过,通过,通过,通过,通过,19,6,25,182079,OFFICIAL_SOURCE_CONTENT_NOT_MATERIALIZED;NATIVE_RUNNER_AND_AGGREGATION_NOT_IN_PACKET;STATE_SCHEMA_DESCRIPTOR_ONLY;POSTRUN_ARTIFACT_INVENTORY_ABSENT;STRONGER_SPLIT_NOT_RELIABLY_DERIVABLE;USER_EVALUATOR_HELPER_SOURCE_MISSING,,符合设计，可作为重新draft前的锁定输入,/Users/gss/Downloads/revised_agent_benchmark_paper_package/experiments/agentdojo_full_v1.2.2_direct/case_packets/agentdojo/v1.2.2_banking_user_task_9_injection_task_0/case_packet.md
v1.2.2:banking:user_task_9:injection_task_1,banking,user_task_9,injection_task_1,通过,通过,通过,通过,通过,通过,通过,通过,通过,通过,19,6,25,181839,OFFICIAL_SOURCE_CONTENT_NOT_MATERIALIZED;NATIVE_RUNNER_AND_AGGREGATION_NOT_IN_PACKET;STATE_SCHEMA_DESCRIPTOR_ONLY;POSTRUN_ARTIFACT_INVENTORY_ABSENT;STRONGER_SPLIT_NOT_RELIABLY_DERIVABLE;USER_EVALUATOR_HELPER_SOURCE_MISSING,,符合设计，可作为重新draft前的锁定输入,/Users/gss/Downloads/revised_agent_benchmark_paper_package/experiments/agentdojo_full_v1.2.2_direct/case_packets/agentdojo/v1.2.2_banking_user_task_9_injection_task_1/case_packet.md
v1.2.2:banking:user_task_9:injection_task_3,banking,user_task_9,injection_task_3,通过,通过,通过,通过,通过,通过,通过,通过,通过,通过,19,6,25,181875,OFFICIAL_SOURCE_CONTENT_NOT_MATERIALIZED;NATIVE_RUNNER_AND_AGGREGATION_NOT_IN_PACKET;STATE_SCHEMA_DESCRIPTOR_ONLY;POSTRUN_ARTIFACT_INVENTORY_ABSENT;STRONGER_SPLIT_NOT_RELIABLY_DERIVABLE;USER_EVALUATOR_HELPER_SOURCE_MISSING,,符合设计，可作为重新draft前的锁定输入,/Users/gss/Downloads/revised_agent_benchmark_paper_package/experiments/agentdojo_full_v1.2.2_direct/case_packets/agentdojo/v1.2.2_banking_user_task_9_injection_task_3/case_packet.md
v1.2.2:banking:user_task_9:injection_task_4,banking,user_task_9,injection_task_4,通过,通过,通过,通过,通过,通过,通过,通过,通过,通过,19,6,25,181117,OFFICIAL_SOURCE_CONTENT_NOT_MATERIALIZED;NATIVE_RUNNER_AND_AGGREGATION_NOT_IN_PACKET;STATE_SCHEMA_DESCRIPTOR_ONLY;POSTRUN_ARTIFACT_INVENTORY_ABSENT;STRONGER_SPLIT_NOT_RELIABLY_DERIVABLE;USER_EVALUATOR_HELPER_SOURCE_MISSING,,符合设计，可作为重新draft前的锁定输入,/Users/gss/Downloads/revised_agent_benchmark_paper_package/experiments/agentdojo_full_v1.2.2_direct/case_packets/agentdojo/v1.2.2_banking_user_task_9_injection_task_4/case_packet.md
v1.2.2:banking:user_task_9:injection_task_5,banking,user_task_9,injection_task_5,通过,通过,通过,通过,通过,通过,通过,通过,通过,通过,19,6,25,181217,OFFICIAL_SOURCE_CONTENT_NOT_MATERIALIZED;NATIVE_RUNNER_AND_AGGREGATION_NOT_IN_PACKET;STATE_SCHEMA_DESCRIPTOR_ONLY;POSTRUN_ARTIFACT_INVENTORY_ABSENT;STRONGER_SPLIT_NOT_RELIABLY_DERIVABLE;USER_EVALUATOR_HELPER_SOURCE_MISSING,,符合设计，可作为重新draft前的锁定输入,/Users/gss/Downloads/revised_agent_benchmark_paper_package/experiments/agentdojo_full_v1.2.2_direct/case_packets/agentdojo/v1.2.2_banking_user_task_9_injection_task_5/case_packet.md
v1.2.2:banking:user_task_9:injection_task_6,banking,user_task_9,injection_task_6,通过,通过,通过,通过,通过,通过,通过,通过,通过,通过,19,6,25,182549,OFFICIAL_SOURCE_CONTENT_NOT_MATERIALIZED;NATIVE_RUNNER_AND_AGGREGATION_NOT_IN_PACKET;STATE_SCHEMA_DESCRIPTOR_ONLY;POSTRUN_ARTIFACT_INVENTORY_ABSENT;STRONGER_SPLIT_NOT_RELIABLY_DERIVABLE;USER_EVALUATOR_HELPER_SOURCE_MISSING,,符合设计，可作为重新draft前的锁定输入,/Users/gss/Downloads/revised_agent_benchmark_paper_package/experiments/agentdojo_full_v1.2.2_direct/case_packets/agentdojo/v1.2.2_banking_user_task_9_injection_task_6/case_packet.md
v1.2.2:banking:user_task_9:injection_task_7,banking,user_task_9,injection_task_7,通过,通过,通过,通过,通过,通过,通过,通过,通过,通过,19,6,25,180659,OFFICIAL_SOURCE_CONTENT_NOT_MATERIALIZED;NATIVE_RUNNER_AND_AGGREGATION_NOT_IN_PACKET;STATE_SCHEMA_DESCRIPTOR_ONLY;POSTRUN_ARTIFACT_INVENTORY_ABSENT;STRONGER_SPLIT_NOT_RELIABLY_DERIVABLE;USER_EVALUATOR_HELPER_SOURCE_MISSING,,符合设计，可作为重新draft前的锁定输入,/Users/gss/Downloads/revised_agent_benchmark_paper_package/experiments/agentdojo_full_v1.2.2_direct/case_packets/agentdojo/v1.2.2_banking_user_task_9_injection_task_7/case_packet.md
v1.2.2:banking:user_task_9:injection_task_8,banking,user_task_9,injection_task_8,通过,通过,通过,通过,通过,通过,通过,通过,通过,通过,19,6,25,182151,OFFICIAL_SOURCE_CONTENT_NOT_MATERIALIZED;NATIVE_RUNNER_AND_AGGREGATION_NOT_IN_PACKET;STATE_SCHEMA_DESCRIPTOR_ONLY;POSTRUN_ARTIFACT_INVENTORY_ABSENT;STRONGER_SPLIT_NOT_RELIABLY_DERIVABLE;USER_EVALUATOR_HELPER_SOURCE_MISSING,,符合设计，可作为重新draft前的锁定输入,/Users/gss/Downloads/revised_agent_benchmark_paper_package/experiments/agentdojo_full_v1.2.2_direct/case_packets/agentdojo/v1.2.2_banking_user_task_9_injection_task_8/case_packet.md
v1.2.2:banking:user_task_10:injection_task_0,banking,user_task_10,injection_task_0,通过,通过,通过,通过,通过,通过,通过,通过,通过,通过,19,6,25,181693,OFFICIAL_SOURCE_CONTENT_NOT_MATERIALIZED;NATIVE_RUNNER_AND_AGGREGATION_NOT_IN_PACKET;STATE_SCHEMA_DESCRIPTOR_ONLY;POSTRUN_ARTIFACT_INVENTORY_ABSENT;STRONGER_SPLIT_NOT_RELIABLY_DERIVABLE,,符合设计，可作为重新draft前的锁定输入,/Users/gss/Downloads/revised_agent_benchmark_paper_package/experiments/agentdojo_full_v1.2.2_direct/case_packets/agentdojo/v1.2.2_banking_user_task_10_injection_task_0/case_packet.md
v1.2.2:banking:user_task_10:injection_task_2,banking,user_task_10,injection_task_2,通过,通过,通过,通过,通过,通过,通过,通过,通过,通过,19,6,25,181566,OFFICIAL_SOURCE_CONTENT_NOT_MATERIALIZED;NATIVE_RUNNER_AND_AGGREGATION_NOT_IN_PACKET;STATE_SCHEMA_DESCRIPTOR_ONLY;POSTRUN_ARTIFACT_INVENTORY_ABSENT;STRONGER_SPLIT_NOT_RELIABLY_DERIVABLE,,符合设计，可作为重新draft前的锁定输入,/Users/gss/Downloads/revised_agent_benchmark_paper_package/experiments/agentdojo_full_v1.2.2_direct/case_packets/agentdojo/v1.2.2_banking_user_task_10_injection_task_2/case_packet.md
v1.2.2:banking:user_task_10:injection_task_3,banking,user_task_10,injection_task_3,通过,通过,通过,通过,通过,通过,通过,通过,通过,通过,19,6,25,181489,OFFICIAL_SOURCE_CONTENT_NOT_MATERIALIZED;NATIVE_RUNNER_AND_AGGREGATION_NOT_IN_PACKET;STATE_SCHEMA_DESCRIPTOR_ONLY;POSTRUN_ARTIFACT_INVENTORY_ABSENT;STRONGER_SPLIT_NOT_RELIABLY_DERIVABLE,,符合设计，可作为重新draft前的锁定输入,/Users/gss/Downloads/revised_agent_benchmark_paper_package/experiments/agentdojo_full_v1.2.2_direct/case_packets/agentdojo/v1.2.2_banking_user_task_10_injection_task_3/case_packet.md
v1.2.2:banking:user_task_10:injection_task_5,banking,user_task_10,injection_task_5,通过,通过,通过,通过,通过,通过,通过,通过,通过,通过,19,6,25,180831,OFFICIAL_SOURCE_CONTENT_NOT_MATERIALIZED;NATIVE_RUNNER_AND_AGGREGATION_NOT_IN_PACKET;STATE_SCHEMA_DESCRIPTOR_ONLY;POSTRUN_ARTIFACT_INVENTORY_ABSENT;STRONGER_SPLIT_NOT_RELIABLY_DERIVABLE,,符合设计，可作为重新draft前的锁定输入,/Users/gss/Downloads/revised_agent_benchmark_paper_package/experiments/agentdojo_full_v1.2.2_direct/case_packets/agentdojo/v1.2.2_banking_user_task_10_injection_task_5/case_packet.md
v1.2.2:banking:user_task_10:injection_task_8,banking,user_task_10,injection_task_8,通过,通过,通过,通过,通过,通过,通过,通过,通过,通过,19,6,25,181765,OFFICIAL_SOURCE_CONTENT_NOT_MATERIALIZED;NATIVE_RUNNER_AND_AGGREGATION_NOT_IN_PACKET;STATE_SCHEMA_DESCRIPTOR_ONLY;POSTRUN_ARTIFACT_INVENTORY_ABSENT;STRONGER_SPLIT_NOT_RELIABLY_DERIVABLE,,符合设计，可作为重新draft前的锁定输入,/Users/gss/Downloads/revised_agent_benchmark_paper_package/experiments/agentdojo_full_v1.2.2_direct/case_packets/agentdojo/v1.2.2_banking_user_task_10_injection_task_8/case_packet.md
v1.2.2:banking:user_task_11:injection_task_0,banking,user_task_11,injection_task_0,通过,通过,通过,通过,通过,通过,通过,通过,通过,通过,19,6,25,182210,OFFICIAL_SOURCE_CONTENT_NOT_MATERIALIZED;NATIVE_RUNNER_AND_AGGREGATION_NOT_IN_PACKET;STATE_SCHEMA_DESCRIPTOR_ONLY;POSTRUN_ARTIFACT_INVENTORY_ABSENT;STRONGER_SPLIT_NOT_RELIABLY_DERIVABLE,,符合设计，可作为重新draft前的锁定输入,/Users/gss/Downloads/revised_agent_benchmark_paper_package/experiments/agentdojo_full_v1.2.2_direct/case_packets/agentdojo/v1.2.2_banking_user_task_11_injection_task_0/case_packet.md
v1.2.2:banking:user_task_11:injection_task_2,banking,user_task_11,injection_task_2,通过,通过,通过,通过,通过,通过,通过,通过,通过,通过,19,6,25,182083,OFFICIAL_SOURCE_CONTENT_NOT_MATERIALIZED;NATIVE_RUNNER_AND_AGGREGATION_NOT_IN_PACKET;STATE_SCHEMA_DESCRIPTOR_ONLY;POSTRUN_ARTIFACT_INVENTORY_ABSENT;STRONGER_SPLIT_NOT_RELIABLY_DERIVABLE,,符合设计，可作为重新draft前的锁定输入,/Users/gss/Downloads/revised_agent_benchmark_paper_package/experiments/agentdojo_full_v1.2.2_direct/case_packets/agentdojo/v1.2.2_banking_user_task_11_injection_task_2/case_packet.md
v1.2.2:banking:user_task_11:injection_task_3,banking,user_task_11,injection_task_3,通过,通过,通过,通过,通过,通过,通过,通过,通过,通过,19,6,25,182006,OFFICIAL_SOURCE_CONTENT_NOT_MATERIALIZED;NATIVE_RUNNER_AND_AGGREGATION_NOT_IN_PACKET;STATE_SCHEMA_DESCRIPTOR_ONLY;POSTRUN_ARTIFACT_INVENTORY_ABSENT;STRONGER_SPLIT_NOT_RELIABLY_DERIVABLE,,符合设计，可作为重新draft前的锁定输入,/Users/gss/Downloads/revised_agent_benchmark_paper_package/experiments/agentdojo_full_v1.2.2_direct/case_packets/agentdojo/v1.2.2_banking_user_task_11_injection_task_3/case_packet.md
v1.2.2:banking:user_task_11:injection_task_4,banking,user_task_11,injection_task_4,通过,通过,通过,通过,通过,通过,通过,通过,通过,通过,19,6,25,181248,OFFICIAL_SOURCE_CONTENT_NOT_MATERIALIZED;NATIVE_RUNNER_AND_AGGREGATION_NOT_IN_PACKET;STATE_SCHEMA_DESCRIPTOR_ONLY;POSTRUN_ARTIFACT_INVENTORY_ABSENT;STRONGER_SPLIT_NOT_RELIABLY_DERIVABLE,,符合设计，可作为重新draft前的锁定输入,/Users/gss/Downloads/revised_agent_benchmark_paper_package/experiments/agentdojo_full_v1.2.2_direct/case_packets/agentdojo/v1.2.2_banking_user_task_11_injection_task_4/case_packet.md
v1.2.2:banking:user_task_11:injection_task_5,banking,user_task_11,injection_task_5,通过,通过,通过,通过,通过,通过,通过,通过,通过,通过,19,6,25,181348,OFFICIAL_SOURCE_CONTENT_NOT_MATERIALIZED;NATIVE_RUNNER_AND_AGGREGATION_NOT_IN_PACKET;STATE_SCHEMA_DESCRIPTOR_ONLY;POSTRUN_ARTIFACT_INVENTORY_ABSENT;STRONGER_SPLIT_NOT_RELIABLY_DERIVABLE,,符合设计，可作为重新draft前的锁定输入,/Users/gss/Downloads/revised_agent_benchmark_paper_package/experiments/agentdojo_full_v1.2.2_direct/case_packets/agentdojo/v1.2.2_banking_user_task_11_injection_task_5/case_packet.md
v1.2.2:banking:user_task_11:injection_task_7,banking,user_task_11,injection_task_7,通过,通过,通过,通过,通过,通过,通过,通过,通过,通过,19,6,25,180790,OFFICIAL_SOURCE_CONTENT_NOT_MATERIALIZED;NATIVE_RUNNER_AND_AGGREGATION_NOT_IN_PACKET;STATE_SCHEMA_DESCRIPTOR_ONLY;POSTRUN_ARTIFACT_INVENTORY_ABSENT;STRONGER_SPLIT_NOT_RELIABLY_DERIVABLE,,符合设计，可作为重新draft前的锁定输入,/Users/gss/Downloads/revised_agent_benchmark_paper_package/experiments/agentdojo_full_v1.2.2_direct/case_packets/agentdojo/v1.2.2_banking_user_task_11_injection_task_7/case_packet.md
v1.2.2:banking:user_task_11:injection_task_8,banking,user_task_11,injection_task_8,通过,通过,通过,通过,通过,通过,通过,通过,通过,通过,19,6,25,182282,OFFICIAL_SOURCE_CONTENT_NOT_MATERIALIZED;NATIVE_RUNNER_AND_AGGREGATION_NOT_IN_PACKET;STATE_SCHEMA_DESCRIPTOR_ONLY;POSTRUN_ARTIFACT_INVENTORY_ABSENT;STRONGER_SPLIT_NOT_RELIABLY_DERIVABLE,,符合设计，可作为重新draft前的锁定输入,/Users/gss/Downloads/revised_agent_benchmark_paper_package/experiments/agentdojo_full_v1.2.2_direct/case_packets/agentdojo/v1.2.2_banking_user_task_11_injection_task_8/case_packet.md
v1.2.2:banking:user_task_12:injection_task_0,banking,user_task_12,injection_task_0,通过,通过,通过,通过,通过,通过,通过,通过,通过,通过,19,6,25,182125,OFFICIAL_SOURCE_CONTENT_NOT_MATERIALIZED;NATIVE_RUNNER_AND_AGGREGATION_NOT_IN_PACKET;STATE_SCHEMA_DESCRIPTOR_ONLY;POSTRUN_ARTIFACT_INVENTORY_ABSENT;STRONGER_SPLIT_NOT_RELIABLY_DERIVABLE;USER_EVALUATOR_HELPER_SOURCE_MISSING,,符合设计，可作为重新draft前的锁定输入,/Users/gss/Downloads/revised_agent_benchmark_paper_package/experiments/agentdojo_full_v1.2.2_direct/case_packets/agentdojo/v1.2.2_banking_user_task_12_injection_task_0/case_packet.md
v1.2.2:banking:user_task_12:injection_task_1,banking,user_task_12,injection_task_1,通过,通过,通过,通过,通过,通过,通过,通过,通过,通过,19,6,25,181885,OFFICIAL_SOURCE_CONTENT_NOT_MATERIALIZED;NATIVE_RUNNER_AND_AGGREGATION_NOT_IN_PACKET;STATE_SCHEMA_DESCRIPTOR_ONLY;POSTRUN_ARTIFACT_INVENTORY_ABSENT;STRONGER_SPLIT_NOT_RELIABLY_DERIVABLE;USER_EVALUATOR_HELPER_SOURCE_MISSING,,符合设计，可作为重新draft前的锁定输入,/Users/gss/Downloads/revised_agent_benchmark_paper_package/experiments/agentdojo_full_v1.2.2_direct/case_packets/agentdojo/v1.2.2_banking_user_task_12_injection_task_1/case_packet.md
v1.2.2:banking:user_task_12:injection_task_2,banking,user_task_12,injection_task_2,通过,通过,通过,通过,通过,通过,通过,通过,通过,通过,19,6,25,181998,OFFICIAL_SOURCE_CONTENT_NOT_MATERIALIZED;NATIVE_RUNNER_AND_AGGREGATION_NOT_IN_PACKET;STATE_SCHEMA_DESCRIPTOR_ONLY;POSTRUN_ARTIFACT_INVENTORY_ABSENT;STRONGER_SPLIT_NOT_RELIABLY_DERIVABLE;USER_EVALUATOR_HELPER_SOURCE_MISSING,,符合设计，可作为重新draft前的锁定输入,/Users/gss/Downloads/revised_agent_benchmark_paper_package/experiments/agentdojo_full_v1.2.2_direct/case_packets/agentdojo/v1.2.2_banking_user_task_12_injection_task_2/case_packet.md
v1.2.2:banking:user_task_12:injection_task_3,banking,user_task_12,injection_task_3,通过,通过,通过,通过,通过,通过,通过,通过,通过,通过,19,6,25,181921,OFFICIAL_SOURCE_CONTENT_NOT_MATERIALIZED;NATIVE_RUNNER_AND_AGGREGATION_NOT_IN_PACKET;STATE_SCHEMA_DESCRIPTOR_ONLY;POSTRUN_ARTIFACT_INVENTORY_ABSENT;STRONGER_SPLIT_NOT_RELIABLY_DERIVABLE;USER_EVALUATOR_HELPER_SOURCE_MISSING,,符合设计，可作为重新draft前的锁定输入,/Users/gss/Downloads/revised_agent_benchmark_paper_package/experiments/agentdojo_full_v1.2.2_direct/case_packets/agentdojo/v1.2.2_banking_user_task_12_injection_task_3/case_packet.md
v1.2.2:banking:user_task_12:injection_task_4,banking,user_task_12,injection_task_4,通过,通过,通过,通过,通过,通过,通过,通过,通过,通过,19,6,25,181163,OFFICIAL_SOURCE_CONTENT_NOT_MATERIALIZED;NATIVE_RUNNER_AND_AGGREGATION_NOT_IN_PACKET;STATE_SCHEMA_DESCRIPTOR_ONLY;POSTRUN_ARTIFACT_INVENTORY_ABSENT;STRONGER_SPLIT_NOT_RELIABLY_DERIVABLE;USER_EVALUATOR_HELPER_SOURCE_MISSING,,符合设计，可作为重新draft前的锁定输入,/Users/gss/Downloads/revised_agent_benchmark_paper_package/experiments/agentdojo_full_v1.2.2_direct/case_packets/agentdojo/v1.2.2_banking_user_task_12_injection_task_4/case_packet.md
v1.2.2:banking:user_task_12:injection_task_6,banking,user_task_12,injection_task_6,通过,通过,通过,通过,通过,通过,通过,通过,通过,通过,19,6,25,182595,OFFICIAL_SOURCE_CONTENT_NOT_MATERIALIZED;NATIVE_RUNNER_AND_AGGREGATION_NOT_IN_PACKET;STATE_SCHEMA_DESCRIPTOR_ONLY;POSTRUN_ARTIFACT_INVENTORY_ABSENT;STRONGER_SPLIT_NOT_RELIABLY_DERIVABLE;USER_EVALUATOR_HELPER_SOURCE_MISSING,,符合设计，可作为重新draft前的锁定输入,/Users/gss/Downloads/revised_agent_benchmark_paper_package/experiments/agentdojo_full_v1.2.2_direct/case_packets/agentdojo/v1.2.2_banking_user_task_12_injection_task_6/case_packet.md
v1.2.2:banking:user_task_12:injection_task_7,banking,user_task_12,injection_task_7,通过,通过,通过,通过,通过,通过,通过,通过,通过,通过,19,6,25,180705,OFFICIAL_SOURCE_CONTENT_NOT_MATERIALIZED;NATIVE_RUNNER_AND_AGGREGATION_NOT_IN_PACKET;STATE_SCHEMA_DESCRIPTOR_ONLY;POSTRUN_ARTIFACT_INVENTORY_ABSENT;STRONGER_SPLIT_NOT_RELIABLY_DERIVABLE;USER_EVALUATOR_HELPER_SOURCE_MISSING,,符合设计，可作为重新draft前的锁定输入,/Users/gss/Downloads/revised_agent_benchmark_paper_package/experiments/agentdojo_full_v1.2.2_direct/case_packets/agentdojo/v1.2.2_banking_user_task_12_injection_task_7/case_packet.md
v1.2.2:banking:user_task_12:injection_task_8,banking,user_task_12,injection_task_8,通过,通过,通过,通过,通过,通过,通过,通过,通过,通过,19,6,25,182197,OFFICIAL_SOURCE_CONTENT_NOT_MATERIALIZED;NATIVE_RUNNER_AND_AGGREGATION_NOT_IN_PACKET;STATE_SCHEMA_DESCRIPTOR_ONLY;POSTRUN_ARTIFACT_INVENTORY_ABSENT;STRONGER_SPLIT_NOT_RELIABLY_DERIVABLE;USER_EVALUATOR_HELPER_SOURCE_MISSING,,符合设计，可作为重新draft前的锁定输入,/Users/gss/Downloads/revised_agent_benchmark_paper_package/experiments/agentdojo_full_v1.2.2_direct/case_packets/agentdojo/v1.2.2_banking_user_task_12_injection_task_8/case_packet.md
v1.2.2:banking:user_task_13:injection_task_0,banking,user_task_13,injection_task_0,通过,通过,通过,通过,通过,通过,通过,通过,通过,通过,19,6,25,181914,OFFICIAL_SOURCE_CONTENT_NOT_MATERIALIZED;NATIVE_RUNNER_AND_AGGREGATION_NOT_IN_PACKET;STATE_SCHEMA_DESCRIPTOR_ONLY;POSTRUN_ARTIFACT_INVENTORY_ABSENT;STRONGER_SPLIT_NOT_RELIABLY_DERIVABLE,,符合设计，可作为重新draft前的锁定输入,/Users/gss/Downloads/revised_agent_benchmark_paper_package/experiments/agentdojo_full_v1.2.2_direct/case_packets/agentdojo/v1.2.2_banking_user_task_13_injection_task_0/case_packet.md
v1.2.2:banking:user_task_13:injection_task_1,banking,user_task_13,injection_task_1,通过,通过,通过,通过,通过,通过,通过,通过,通过,通过,19,6,25,181674,OFFICIAL_SOURCE_CONTENT_NOT_MATERIALIZED;NATIVE_RUNNER_AND_AGGREGATION_NOT_IN_PACKET;STATE_SCHEMA_DESCRIPTOR_ONLY;POSTRUN_ARTIFACT_INVENTORY_ABSENT;STRONGER_SPLIT_NOT_RELIABLY_DERIVABLE,,符合设计，可作为重新draft前的锁定输入,/Users/gss/Downloads/revised_agent_benchmark_paper_package/experiments/agentdojo_full_v1.2.2_direct/case_packets/agentdojo/v1.2.2_banking_user_task_13_injection_task_1/case_packet.md
v1.2.2:banking:user_task_13:injection_task_2,banking,user_task_13,injection_task_2,通过,通过,通过,通过,通过,通过,通过,通过,通过,通过,19,6,25,181787,OFFICIAL_SOURCE_CONTENT_NOT_MATERIALIZED;NATIVE_RUNNER_AND_AGGREGATION_NOT_IN_PACKET;STATE_SCHEMA_DESCRIPTOR_ONLY;POSTRUN_ARTIFACT_INVENTORY_ABSENT;STRONGER_SPLIT_NOT_RELIABLY_DERIVABLE,,符合设计，可作为重新draft前的锁定输入,/Users/gss/Downloads/revised_agent_benchmark_paper_package/experiments/agentdojo_full_v1.2.2_direct/case_packets/agentdojo/v1.2.2_banking_user_task_13_injection_task_2/case_packet.md
v1.2.2:banking:user_task_13:injection_task_3,banking,user_task_13,injection_task_3,通过,通过,通过,通过,通过,通过,通过,通过,通过,通过,19,6,25,181710,OFFICIAL_SOURCE_CONTENT_NOT_MATERIALIZED;NATIVE_RUNNER_AND_AGGREGATION_NOT_IN_PACKET;STATE_SCHEMA_DESCRIPTOR_ONLY;POSTRUN_ARTIFACT_INVENTORY_ABSENT;STRONGER_SPLIT_NOT_RELIABLY_DERIVABLE,,符合设计，可作为重新draft前的锁定输入,/Users/gss/Downloads/revised_agent_benchmark_paper_package/experiments/agentdojo_full_v1.2.2_direct/case_packets/agentdojo/v1.2.2_banking_user_task_13_injection_task_3/case_packet.md
v1.2.2:banking:user_task_13:injection_task_4,banking,user_task_13,injection_task_4,通过,通过,通过,通过,通过,通过,通过,通过,通过,通过,19,6,25,180952,OFFICIAL_SOURCE_CONTENT_NOT_MATERIALIZED;NATIVE_RUNNER_AND_AGGREGATION_NOT_IN_PACKET;STATE_SCHEMA_DESCRIPTOR_ONLY;POSTRUN_ARTIFACT_INVENTORY_ABSENT;STRONGER_SPLIT_NOT_RELIABLY_DERIVABLE,,符合设计，可作为重新draft前的锁定输入,/Users/gss/Downloads/revised_agent_benchmark_paper_package/experiments/agentdojo_full_v1.2.2_direct/case_packets/agentdojo/v1.2.2_banking_user_task_13_injection_task_4/case_packet.md
v1.2.2:banking:user_task_13:injection_task_6,banking,user_task_13,injection_task_6,通过,通过,通过,通过,通过,通过,通过,通过,通过,通过,19,6,25,182384,OFFICIAL_SOURCE_CONTENT_NOT_MATERIALIZED;NATIVE_RUNNER_AND_AGGREGATION_NOT_IN_PACKET;STATE_SCHEMA_DESCRIPTOR_ONLY;POSTRUN_ARTIFACT_INVENTORY_ABSENT;STRONGER_SPLIT_NOT_RELIABLY_DERIVABLE,,符合设计，可作为重新draft前的锁定输入,/Users/gss/Downloads/revised_agent_benchmark_paper_package/experiments/agentdojo_full_v1.2.2_direct/case_packets/agentdojo/v1.2.2_banking_user_task_13_injection_task_6/case_packet.md
v1.2.2:banking:user_task_13:injection_task_7,banking,user_task_13,injection_task_7,通过,通过,通过,通过,通过,通过,通过,通过,通过,通过,19,6,25,180494,OFFICIAL_SOURCE_CONTENT_NOT_MATERIALIZED;NATIVE_RUNNER_AND_AGGREGATION_NOT_IN_PACKET;STATE_SCHEMA_DESCRIPTOR_ONLY;POSTRUN_ARTIFACT_INVENTORY_ABSENT;STRONGER_SPLIT_NOT_RELIABLY_DERIVABLE,,符合设计，可作为重新draft前的锁定输入,/Users/gss/Downloads/revised_agent_benchmark_paper_package/experiments/agentdojo_full_v1.2.2_direct/case_packets/agentdojo/v1.2.2_banking_user_task_13_injection_task_7/case_packet.md
v1.2.2:banking:user_task_14:injection_task_0,banking,user_task_14,injection_task_0,通过,通过,通过,通过,通过,通过,通过,通过,通过,通过,19,6,25,181847,OFFICIAL_SOURCE_CONTENT_NOT_MATERIALIZED;NATIVE_RUNNER_AND_AGGREGATION_NOT_IN_PACKET;STATE_SCHEMA_DESCRIPTOR_ONLY;POSTRUN_ARTIFACT_INVENTORY_ABSENT;STRONGER_SPLIT_NOT_RELIABLY_DERIVABLE,,符合设计，可作为重新draft前的锁定输入,/Users/gss/Downloads/revised_agent_benchmark_paper_package/experiments/agentdojo_full_v1.2.2_direct/case_packets/agentdojo/v1.2.2_banking_user_task_14_injection_task_0/case_packet.md
v1.2.2:banking:user_task_14:injection_task_1,banking,user_task_14,injection_task_1,通过,通过,通过,通过,通过,通过,通过,通过,通过,通过,19,6,25,181607,OFFICIAL_SOURCE_CONTENT_NOT_MATERIALIZED;NATIVE_RUNNER_AND_AGGREGATION_NOT_IN_PACKET;STATE_SCHEMA_DESCRIPTOR_ONLY;POSTRUN_ARTIFACT_INVENTORY_ABSENT;STRONGER_SPLIT_NOT_RELIABLY_DERIVABLE,,符合设计，可作为重新draft前的锁定输入,/Users/gss/Downloads/revised_agent_benchmark_paper_package/experiments/agentdojo_full_v1.2.2_direct/case_packets/agentdojo/v1.2.2_banking_user_task_14_injection_task_1/case_packet.md
v1.2.2:banking:user_task_14:injection_task_2,banking,user_task_14,injection_task_2,通过,通过,通过,通过,通过,通过,通过,通过,通过,通过,19,6,25,181720,OFFICIAL_SOURCE_CONTENT_NOT_MATERIALIZED;NATIVE_RUNNER_AND_AGGREGATION_NOT_IN_PACKET;STATE_SCHEMA_DESCRIPTOR_ONLY;POSTRUN_ARTIFACT_INVENTORY_ABSENT;STRONGER_SPLIT_NOT_RELIABLY_DERIVABLE,,符合设计，可作为重新draft前的锁定输入,/Users/gss/Downloads/revised_agent_benchmark_paper_package/experiments/agentdojo_full_v1.2.2_direct/case_packets/agentdojo/v1.2.2_banking_user_task_14_injection_task_2/case_packet.md
v1.2.2:banking:user_task_14:injection_task_3,banking,user_task_14,injection_task_3,通过,通过,通过,通过,通过,通过,通过,通过,通过,通过,19,6,25,181643,OFFICIAL_SOURCE_CONTENT_NOT_MATERIALIZED;NATIVE_RUNNER_AND_AGGREGATION_NOT_IN_PACKET;STATE_SCHEMA_DESCRIPTOR_ONLY;POSTRUN_ARTIFACT_INVENTORY_ABSENT;STRONGER_SPLIT_NOT_RELIABLY_DERIVABLE,,符合设计，可作为重新draft前的锁定输入,/Users/gss/Downloads/revised_agent_benchmark_paper_package/experiments/agentdojo_full_v1.2.2_direct/case_packets/agentdojo/v1.2.2_banking_user_task_14_injection_task_3/case_packet.md
v1.2.2:banking:user_task_14:injection_task_4,banking,user_task_14,injection_task_4,通过,通过,通过,通过,通过,通过,通过,通过,通过,通过,19,6,25,180885,OFFICIAL_SOURCE_CONTENT_NOT_MATERIALIZED;NATIVE_RUNNER_AND_AGGREGATION_NOT_IN_PACKET;STATE_SCHEMA_DESCRIPTOR_ONLY;POSTRUN_ARTIFACT_INVENTORY_ABSENT;STRONGER_SPLIT_NOT_RELIABLY_DERIVABLE,,符合设计，可作为重新draft前的锁定输入,/Users/gss/Downloads/revised_agent_benchmark_paper_package/experiments/agentdojo_full_v1.2.2_direct/case_packets/agentdojo/v1.2.2_banking_user_task_14_injection_task_4/case_packet.md
v1.2.2:banking:user_task_14:injection_task_5,banking,user_task_14,injection_task_5,通过,通过,通过,通过,通过,通过,通过,通过,通过,通过,19,6,25,180985,OFFICIAL_SOURCE_CONTENT_NOT_MATERIALIZED;NATIVE_RUNNER_AND_AGGREGATION_NOT_IN_PACKET;STATE_SCHEMA_DESCRIPTOR_ONLY;POSTRUN_ARTIFACT_INVENTORY_ABSENT;STRONGER_SPLIT_NOT_RELIABLY_DERIVABLE,,符合设计，可作为重新draft前的锁定输入,/Users/gss/Downloads/revised_agent_benchmark_paper_package/experiments/agentdojo_full_v1.2.2_direct/case_packets/agentdojo/v1.2.2_banking_user_task_14_injection_task_5/case_packet.md
v1.2.2:banking:user_task_14:injection_task_6,banking,user_task_14,injection_task_6,通过,通过,通过,通过,通过,通过,通过,通过,通过,通过,19,6,25,182317,OFFICIAL_SOURCE_CONTENT_NOT_MATERIALIZED;NATIVE_RUNNER_AND_AGGREGATION_NOT_IN_PACKET;STATE_SCHEMA_DESCRIPTOR_ONLY;POSTRUN_ARTIFACT_INVENTORY_ABSENT;STRONGER_SPLIT_NOT_RELIABLY_DERIVABLE,,符合设计，可作为重新draft前的锁定输入,/Users/gss/Downloads/revised_agent_benchmark_paper_package/experiments/agentdojo_full_v1.2.2_direct/case_packets/agentdojo/v1.2.2_banking_user_task_14_injection_task_6/case_packet.md
v1.2.2:banking:user_task_14:injection_task_7,banking,user_task_14,injection_task_7,通过,通过,通过,通过,通过,通过,通过,通过,通过,通过,19,6,25,180427,OFFICIAL_SOURCE_CONTENT_NOT_MATERIALIZED;NATIVE_RUNNER_AND_AGGREGATION_NOT_IN_PACKET;STATE_SCHEMA_DESCRIPTOR_ONLY;POSTRUN_ARTIFACT_INVENTORY_ABSENT;STRONGER_SPLIT_NOT_RELIABLY_DERIVABLE,,符合设计，可作为重新draft前的锁定输入,/Users/gss/Downloads/revised_agent_benchmark_paper_package/experiments/agentdojo_full_v1.2.2_direct/case_packets/agentdojo/v1.2.2_banking_user_task_14_injection_task_7/case_packet.md
v1.2.2:banking:user_task_14:injection_task_8,banking,user_task_14,injection_task_8,通过,通过,通过,通过,通过,通过,通过,通过,通过,通过,19,6,25,181919,OFFICIAL_SOURCE_CONTENT_NOT_MATERIALIZED;NATIVE_RUNNER_AND_AGGREGATION_NOT_IN_PACKET;STATE_SCHEMA_DESCRIPTOR_ONLY;POSTRUN_ARTIFACT_INVENTORY_ABSENT;STRONGER_SPLIT_NOT_RELIABLY_DERIVABLE,,符合设计，可作为重新draft前的锁定输入,/Users/gss/Downloads/revised_agent_benchmark_paper_package/experiments/agentdojo_full_v1.2.2_direct/case_packets/agentdojo/v1.2.2_banking_user_task_14_injection_task_8/case_packet.md
v1.2.2:banking:user_task_15:injection_task_0,banking,user_task_15,injection_task_0,通过,通过,通过,通过,通过,通过,通过,通过,通过,通过,19,6,25,167040,OFFICIAL_SOURCE_CONTENT_NOT_MATERIALIZED;NATIVE_RUNNER_AND_AGGREGATION_NOT_IN_PACKET;STATE_SCHEMA_DESCRIPTOR_ONLY;POSTRUN_ARTIFACT_INVENTORY_ABSENT;STRONGER_SPLIT_NOT_RELIABLY_DERIVABLE,,符合设计，可作为重新draft前的锁定输入,/Users/gss/Downloads/revised_agent_benchmark_paper_package/experiments/agentdojo_full_v1.2.2_direct/case_packets/agentdojo/v1.2.2_banking_user_task_15_injection_task_0/case_packet.md
v1.2.2:banking:user_task_15:injection_task_1,banking,user_task_15,injection_task_1,通过,通过,通过,通过,通过,通过,通过,通过,通过,通过,19,6,25,166800,OFFICIAL_SOURCE_CONTENT_NOT_MATERIALIZED;NATIVE_RUNNER_AND_AGGREGATION_NOT_IN_PACKET;STATE_SCHEMA_DESCRIPTOR_ONLY;POSTRUN_ARTIFACT_INVENTORY_ABSENT;STRONGER_SPLIT_NOT_RELIABLY_DERIVABLE,,符合设计，可作为重新draft前的锁定输入,/Users/gss/Downloads/revised_agent_benchmark_paper_package/experiments/agentdojo_full_v1.2.2_direct/case_packets/agentdojo/v1.2.2_banking_user_task_15_injection_task_1/case_packet.md
v1.2.2:banking:user_task_15:injection_task_2,banking,user_task_15,injection_task_2,通过,通过,通过,通过,通过,通过,通过,通过,通过,通过,19,6,25,166913,OFFICIAL_SOURCE_CONTENT_NOT_MATERIALIZED;NATIVE_RUNNER_AND_AGGREGATION_NOT_IN_PACKET;STATE_SCHEMA_DESCRIPTOR_ONLY;POSTRUN_ARTIFACT_INVENTORY_ABSENT;STRONGER_SPLIT_NOT_RELIABLY_DERIVABLE,,符合设计，可作为重新draft前的锁定输入,/Users/gss/Downloads/revised_agent_benchmark_paper_package/experiments/agentdojo_full_v1.2.2_direct/case_packets/agentdojo/v1.2.2_banking_user_task_15_injection_task_2/case_packet.md
v1.2.2:banking:user_task_15:injection_task_3,banking,user_task_15,injection_task_3,通过,通过,通过,通过,通过,通过,通过,通过,通过,通过,19,6,25,166836,OFFICIAL_SOURCE_CONTENT_NOT_MATERIALIZED;NATIVE_RUNNER_AND_AGGREGATION_NOT_IN_PACKET;STATE_SCHEMA_DESCRIPTOR_ONLY;POSTRUN_ARTIFACT_INVENTORY_ABSENT;STRONGER_SPLIT_NOT_RELIABLY_DERIVABLE,,符合设计，可作为重新draft前的锁定输入,/Users/gss/Downloads/revised_agent_benchmark_paper_package/experiments/agentdojo_full_v1.2.2_direct/case_packets/agentdojo/v1.2.2_banking_user_task_15_injection_task_3/case_packet.md
v1.2.2:banking:user_task_15:injection_task_4,banking,user_task_15,injection_task_4,通过,通过,通过,通过,通过,通过,通过,通过,通过,通过,19,6,25,166078,OFFICIAL_SOURCE_CONTENT_NOT_MATERIALIZED;NATIVE_RUNNER_AND_AGGREGATION_NOT_IN_PACKET;STATE_SCHEMA_DESCRIPTOR_ONLY;POSTRUN_ARTIFACT_INVENTORY_ABSENT;STRONGER_SPLIT_NOT_RELIABLY_DERIVABLE,,符合设计，可作为重新draft前的锁定输入,/Users/gss/Downloads/revised_agent_benchmark_paper_package/experiments/agentdojo_full_v1.2.2_direct/case_packets/agentdojo/v1.2.2_banking_user_task_15_injection_task_4/case_packet.md
v1.2.2:banking:user_task_15:injection_task_5,banking,user_task_15,injection_task_5,通过,通过,通过,通过,通过,通过,通过,通过,通过,通过,19,6,25,166178,OFFICIAL_SOURCE_CONTENT_NOT_MATERIALIZED;NATIVE_RUNNER_AND_AGGREGATION_NOT_IN_PACKET;STATE_SCHEMA_DESCRIPTOR_ONLY;POSTRUN_ARTIFACT_INVENTORY_ABSENT;STRONGER_SPLIT_NOT_RELIABLY_DERIVABLE,,符合设计，可作为重新draft前的锁定输入,/Users/gss/Downloads/revised_agent_benchmark_paper_package/experiments/agentdojo_full_v1.2.2_direct/case_packets/agentdojo/v1.2.2_banking_user_task_15_injection_task_5/case_packet.md
v1.2.2:banking:user_task_15:injection_task_6,banking,user_task_15,injection_task_6,通过,通过,通过,通过,通过,通过,通过,通过,通过,通过,19,6,25,167510,OFFICIAL_SOURCE_CONTENT_NOT_MATERIALIZED;NATIVE_RUNNER_AND_AGGREGATION_NOT_IN_PACKET;STATE_SCHEMA_DESCRIPTOR_ONLY;POSTRUN_ARTIFACT_INVENTORY_ABSENT;STRONGER_SPLIT_NOT_RELIABLY_DERIVABLE,,符合设计，可作为重新draft前的锁定输入,/Users/gss/Downloads/revised_agent_benchmark_paper_package/experiments/agentdojo_full_v1.2.2_direct/case_packets/agentdojo/v1.2.2_banking_user_task_15_injection_task_6/case_packet.md
v1.2.2:banking:user_task_15:injection_task_7,banking,user_task_15,injection_task_7,通过,通过,通过,通过,通过,通过,通过,通过,通过,通过,19,6,25,165620,OFFICIAL_SOURCE_CONTENT_NOT_MATERIALIZED;NATIVE_RUNNER_AND_AGGREGATION_NOT_IN_PACKET;STATE_SCHEMA_DESCRIPTOR_ONLY;POSTRUN_ARTIFACT_INVENTORY_ABSENT;STRONGER_SPLIT_NOT_RELIABLY_DERIVABLE,,符合设计，可作为重新draft前的锁定输入,/Users/gss/Downloads/revised_agent_benchmark_paper_package/experiments/agentdojo_full_v1.2.2_direct/case_packets/agentdojo/v1.2.2_banking_user_task_15_injection_task_7/case_packet.md
v1.2.2:banking:user_task_15:injection_task_8,banking,user_task_15,injection_task_8,通过,通过,通过,通过,通过,通过,通过,通过,通过,通过,19,6,25,167112,OFFICIAL_SOURCE_CONTENT_NOT_MATERIALIZED;NATIVE_RUNNER_AND_AGGREGATION_NOT_IN_PACKET;STATE_SCHEMA_DESCRIPTOR_ONLY;POSTRUN_ARTIFACT_INVENTORY_ABSENT;STRONGER_SPLIT_NOT_RELIABLY_DERIVABLE,,符合设计，可作为重新draft前的锁定输入,/Users/gss/Downloads/revised_agent_benchmark_paper_package/experiments/agentdojo_full_v1.2.2_direct/case_packets/agentdojo/v1.2.2_banking_user_task_15_injection_task_8/case_packet.md
v1.2.2:slack:user_task_0:injection_task_2,slack,user_task_0,injection_task_2,通过,通过,通过,通过,通过,通过,通过,通过,通过,通过,19,6,25,184766,OFFICIAL_SOURCE_CONTENT_NOT_MATERIALIZED;NATIVE_RUNNER_AND_AGGREGATION_NOT_IN_PACKET;STATE_SCHEMA_DESCRIPTOR_ONLY;POSTRUN_ARTIFACT_INVENTORY_ABSENT;STRONGER_SPLIT_NOT_RELIABLY_DERIVABLE,,符合设计，可作为重新draft前的锁定输入,/Users/gss/Downloads/revised_agent_benchmark_paper_package/experiments/agentdojo_full_v1.2.2_direct/case_packets/agentdojo/v1.2.2_slack_user_task_0_injection_task_2/case_packet.md
v1.2.2:slack:user_task_0:injection_task_3,slack,user_task_0,injection_task_3,通过,通过,通过,通过,通过,通过,通过,通过,通过,通过,19,6,25,182976,OFFICIAL_SOURCE_CONTENT_NOT_MATERIALIZED;NATIVE_RUNNER_AND_AGGREGATION_NOT_IN_PACKET;STATE_SCHEMA_DESCRIPTOR_ONLY;POSTRUN_ARTIFACT_INVENTORY_ABSENT;STRONGER_SPLIT_NOT_RELIABLY_DERIVABLE,,符合设计，可作为重新draft前的锁定输入,/Users/gss/Downloads/revised_agent_benchmark_paper_package/experiments/agentdojo_full_v1.2.2_direct/case_packets/agentdojo/v1.2.2_slack_user_task_0_injection_task_3/case_packet.md
v1.2.2:slack:user_task_0:injection_task_4,slack,user_task_0,injection_task_4,通过,通过,通过,通过,通过,通过,通过,通过,通过,通过,19,6,25,183682,OFFICIAL_SOURCE_CONTENT_NOT_MATERIALIZED;NATIVE_RUNNER_AND_AGGREGATION_NOT_IN_PACKET;STATE_SCHEMA_DESCRIPTOR_ONLY;POSTRUN_ARTIFACT_INVENTORY_ABSENT;STRONGER_SPLIT_NOT_RELIABLY_DERIVABLE,,符合设计，可作为重新draft前的锁定输入,/Users/gss/Downloads/revised_agent_benchmark_paper_package/experiments/agentdojo_full_v1.2.2_direct/case_packets/agentdojo/v1.2.2_slack_user_task_0_injection_task_4/case_packet.md
v1.2.2:slack:user_task_0:injection_task_5,slack,user_task_0,injection_task_5,通过,通过,通过,通过,通过,通过,通过,通过,通过,通过,19,6,25,185019,OFFICIAL_SOURCE_CONTENT_NOT_MATERIALIZED;NATIVE_RUNNER_AND_AGGREGATION_NOT_IN_PACKET;STATE_SCHEMA_DESCRIPTOR_ONLY;POSTRUN_ARTIFACT_INVENTORY_ABSENT;STRONGER_SPLIT_NOT_RELIABLY_DERIVABLE,,符合设计，可作为重新draft前的锁定输入,/Users/gss/Downloads/revised_agent_benchmark_paper_package/experiments/agentdojo_full_v1.2.2_direct/case_packets/agentdojo/v1.2.2_slack_user_task_0_injection_task_5/case_packet.md
v1.2.2:slack:user_task_1:injection_task_2,slack,user_task_1,injection_task_2,通过,通过,通过,通过,通过,通过,通过,通过,通过,通过,19,6,25,185355,OFFICIAL_SOURCE_CONTENT_NOT_MATERIALIZED;NATIVE_RUNNER_AND_AGGREGATION_NOT_IN_PACKET;STATE_SCHEMA_DESCRIPTOR_ONLY;POSTRUN_ARTIFACT_INVENTORY_ABSENT;STRONGER_SPLIT_NOT_RELIABLY_DERIVABLE,,符合设计，可作为重新draft前的锁定输入,/Users/gss/Downloads/revised_agent_benchmark_paper_package/experiments/agentdojo_full_v1.2.2_direct/case_packets/agentdojo/v1.2.2_slack_user_task_1_injection_task_2/case_packet.md
v1.2.2:slack:user_task_1:injection_task_3,slack,user_task_1,injection_task_3,通过,通过,通过,通过,通过,通过,通过,通过,通过,通过,19,6,25,183565,OFFICIAL_SOURCE_CONTENT_NOT_MATERIALIZED;NATIVE_RUNNER_AND_AGGREGATION_NOT_IN_PACKET;STATE_SCHEMA_DESCRIPTOR_ONLY;POSTRUN_ARTIFACT_INVENTORY_ABSENT;STRONGER_SPLIT_NOT_RELIABLY_DERIVABLE,,符合设计，可作为重新draft前的锁定输入,/Users/gss/Downloads/revised_agent_benchmark_paper_package/experiments/agentdojo_full_v1.2.2_direct/case_packets/agentdojo/v1.2.2_slack_user_task_1_injection_task_3/case_packet.md
v1.2.2:slack:user_task_1:injection_task_4,slack,user_task_1,injection_task_4,通过,通过,通过,通过,通过,通过,通过,通过,通过,通过,19,6,25,184271,OFFICIAL_SOURCE_CONTENT_NOT_MATERIALIZED;NATIVE_RUNNER_AND_AGGREGATION_NOT_IN_PACKET;STATE_SCHEMA_DESCRIPTOR_ONLY;POSTRUN_ARTIFACT_INVENTORY_ABSENT;STRONGER_SPLIT_NOT_RELIABLY_DERIVABLE,,符合设计，可作为重新draft前的锁定输入,/Users/gss/Downloads/revised_agent_benchmark_paper_package/experiments/agentdojo_full_v1.2.2_direct/case_packets/agentdojo/v1.2.2_slack_user_task_1_injection_task_4/case_packet.md
v1.2.2:slack:user_task_1:injection_task_5,slack,user_task_1,injection_task_5,通过,通过,通过,通过,通过,通过,通过,通过,通过,通过,19,6,25,185608,OFFICIAL_SOURCE_CONTENT_NOT_MATERIALIZED;NATIVE_RUNNER_AND_AGGREGATION_NOT_IN_PACKET;STATE_SCHEMA_DESCRIPTOR_ONLY;POSTRUN_ARTIFACT_INVENTORY_ABSENT;STRONGER_SPLIT_NOT_RELIABLY_DERIVABLE,,符合设计，可作为重新draft前的锁定输入,/Users/gss/Downloads/revised_agent_benchmark_paper_package/experiments/agentdojo_full_v1.2.2_direct/case_packets/agentdojo/v1.2.2_slack_user_task_1_injection_task_5/case_packet.md
v1.2.2:slack:user_task_2:injection_task_1,slack,user_task_2,injection_task_1,通过,通过,通过,通过,通过,通过,通过,通过,通过,通过,18,6,24,156071,OFFICIAL_SOURCE_CONTENT_NOT_MATERIALIZED;NATIVE_RUNNER_AND_AGGREGATION_NOT_IN_PACKET;STATE_SCHEMA_DESCRIPTOR_ONLY;POSTRUN_ARTIFACT_INVENTORY_ABSENT;STRONGER_SPLIT_NOT_RELIABLY_DERIVABLE,,符合设计，可作为重新draft前的锁定输入,/Users/gss/Downloads/revised_agent_benchmark_paper_package/experiments/agentdojo_full_v1.2.2_direct/case_packets/agentdojo/v1.2.2_slack_user_task_2_injection_task_1/case_packet.md
v1.2.2:slack:user_task_2:injection_task_2,slack,user_task_2,injection_task_2,通过,通过,通过,通过,通过,通过,通过,通过,通过,通过,18,6,24,157777,OFFICIAL_SOURCE_CONTENT_NOT_MATERIALIZED;NATIVE_RUNNER_AND_AGGREGATION_NOT_IN_PACKET;STATE_SCHEMA_DESCRIPTOR_ONLY;POSTRUN_ARTIFACT_INVENTORY_ABSENT;STRONGER_SPLIT_NOT_RELIABLY_DERIVABLE,,符合设计，可作为重新draft前的锁定输入,/Users/gss/Downloads/revised_agent_benchmark_paper_package/experiments/agentdojo_full_v1.2.2_direct/case_packets/agentdojo/v1.2.2_slack_user_task_2_injection_task_2/case_packet.md
v1.2.2:slack:user_task_2:injection_task_3,slack,user_task_2,injection_task_3,通过,通过,通过,通过,通过,通过,通过,通过,通过,通过,18,6,24,155987,OFFICIAL_SOURCE_CONTENT_NOT_MATERIALIZED;NATIVE_RUNNER_AND_AGGREGATION_NOT_IN_PACKET;STATE_SCHEMA_DESCRIPTOR_ONLY;POSTRUN_ARTIFACT_INVENTORY_ABSENT;STRONGER_SPLIT_NOT_RELIABLY_DERIVABLE,,符合设计，可作为重新draft前的锁定输入,/Users/gss/Downloads/revised_agent_benchmark_paper_package/experiments/agentdojo_full_v1.2.2_direct/case_packets/agentdojo/v1.2.2_slack_user_task_2_injection_task_3/case_packet.md
v1.2.2:slack:user_task_2:injection_task_4,slack,user_task_2,injection_task_4,通过,通过,通过,通过,通过,通过,通过,通过,通过,通过,18,6,24,156693,OFFICIAL_SOURCE_CONTENT_NOT_MATERIALIZED;NATIVE_RUNNER_AND_AGGREGATION_NOT_IN_PACKET;STATE_SCHEMA_DESCRIPTOR_ONLY;POSTRUN_ARTIFACT_INVENTORY_ABSENT;STRONGER_SPLIT_NOT_RELIABLY_DERIVABLE,,符合设计，可作为重新draft前的锁定输入,/Users/gss/Downloads/revised_agent_benchmark_paper_package/experiments/agentdojo_full_v1.2.2_direct/case_packets/agentdojo/v1.2.2_slack_user_task_2_injection_task_4/case_packet.md
v1.2.2:slack:user_task_2:injection_task_5,slack,user_task_2,injection_task_5,通过,通过,通过,通过,通过,通过,通过,通过,通过,通过,18,6,24,158030,OFFICIAL_SOURCE_CONTENT_NOT_MATERIALIZED;NATIVE_RUNNER_AND_AGGREGATION_NOT_IN_PACKET;STATE_SCHEMA_DESCRIPTOR_ONLY;POSTRUN_ARTIFACT_INVENTORY_ABSENT;STRONGER_SPLIT_NOT_RELIABLY_DERIVABLE,,符合设计，可作为重新draft前的锁定输入,/Users/gss/Downloads/revised_agent_benchmark_paper_package/experiments/agentdojo_full_v1.2.2_direct/case_packets/agentdojo/v1.2.2_slack_user_task_2_injection_task_5/case_packet.md
v1.2.2:slack:user_task_3:injection_task_2,slack,user_task_3,injection_task_2,通过,通过,通过,通过,通过,通过,通过,通过,通过,通过,19,6,25,185237,OFFICIAL_SOURCE_CONTENT_NOT_MATERIALIZED;NATIVE_RUNNER_AND_AGGREGATION_NOT_IN_PACKET;STATE_SCHEMA_DESCRIPTOR_ONLY;POSTRUN_ARTIFACT_INVENTORY_ABSENT;STRONGER_SPLIT_NOT_RELIABLY_DERIVABLE,,符合设计，可作为重新draft前的锁定输入,/Users/gss/Downloads/revised_agent_benchmark_paper_package/experiments/agentdojo_full_v1.2.2_direct/case_packets/agentdojo/v1.2.2_slack_user_task_3_injection_task_2/case_packet.md
v1.2.2:slack:user_task_3:injection_task_3,slack,user_task_3,injection_task_3,通过,通过,通过,通过,通过,通过,通过,通过,通过,通过,19,6,25,183447,OFFICIAL_SOURCE_CONTENT_NOT_MATERIALIZED;NATIVE_RUNNER_AND_AGGREGATION_NOT_IN_PACKET;STATE_SCHEMA_DESCRIPTOR_ONLY;POSTRUN_ARTIFACT_INVENTORY_ABSENT;STRONGER_SPLIT_NOT_RELIABLY_DERIVABLE,,符合设计，可作为重新draft前的锁定输入,/Users/gss/Downloads/revised_agent_benchmark_paper_package/experiments/agentdojo_full_v1.2.2_direct/case_packets/agentdojo/v1.2.2_slack_user_task_3_injection_task_3/case_packet.md
v1.2.2:slack:user_task_3:injection_task_4,slack,user_task_3,injection_task_4,通过,通过,通过,通过,通过,通过,通过,通过,通过,通过,19,6,25,184153,OFFICIAL_SOURCE_CONTENT_NOT_MATERIALIZED;NATIVE_RUNNER_AND_AGGREGATION_NOT_IN_PACKET;STATE_SCHEMA_DESCRIPTOR_ONLY;POSTRUN_ARTIFACT_INVENTORY_ABSENT;STRONGER_SPLIT_NOT_RELIABLY_DERIVABLE,,符合设计，可作为重新draft前的锁定输入,/Users/gss/Downloads/revised_agent_benchmark_paper_package/experiments/agentdojo_full_v1.2.2_direct/case_packets/agentdojo/v1.2.2_slack_user_task_3_injection_task_4/case_packet.md
v1.2.2:slack:user_task_3:injection_task_5,slack,user_task_3,injection_task_5,通过,通过,通过,通过,通过,通过,通过,通过,通过,通过,19,6,25,185490,OFFICIAL_SOURCE_CONTENT_NOT_MATERIALIZED;NATIVE_RUNNER_AND_AGGREGATION_NOT_IN_PACKET;STATE_SCHEMA_DESCRIPTOR_ONLY;POSTRUN_ARTIFACT_INVENTORY_ABSENT;STRONGER_SPLIT_NOT_RELIABLY_DERIVABLE,,符合设计，可作为重新draft前的锁定输入,/Users/gss/Downloads/revised_agent_benchmark_paper_package/experiments/agentdojo_full_v1.2.2_direct/case_packets/agentdojo/v1.2.2_slack_user_task_3_injection_task_5/case_packet.md
v1.2.2:slack:user_task_4:injection_task_2,slack,user_task_4,injection_task_2,通过,通过,通过,通过,通过,通过,通过,通过,通过,通过,20,6,26,198301,OFFICIAL_SOURCE_CONTENT_NOT_MATERIALIZED;NATIVE_RUNNER_AND_AGGREGATION_NOT_IN_PACKET;STATE_SCHEMA_DESCRIPTOR_ONLY;POSTRUN_ARTIFACT_INVENTORY_ABSENT;STRONGER_SPLIT_NOT_RELIABLY_DERIVABLE,,符合设计，可作为重新draft前的锁定输入,/Users/gss/Downloads/revised_agent_benchmark_paper_package/experiments/agentdojo_full_v1.2.2_direct/case_packets/agentdojo/v1.2.2_slack_user_task_4_injection_task_2/case_packet.md
v1.2.2:slack:user_task_4:injection_task_3,slack,user_task_4,injection_task_3,通过,通过,通过,通过,通过,通过,通过,通过,通过,通过,20,6,26,196511,OFFICIAL_SOURCE_CONTENT_NOT_MATERIALIZED;NATIVE_RUNNER_AND_AGGREGATION_NOT_IN_PACKET;STATE_SCHEMA_DESCRIPTOR_ONLY;POSTRUN_ARTIFACT_INVENTORY_ABSENT;STRONGER_SPLIT_NOT_RELIABLY_DERIVABLE,,符合设计，可作为重新draft前的锁定输入,/Users/gss/Downloads/revised_agent_benchmark_paper_package/experiments/agentdojo_full_v1.2.2_direct/case_packets/agentdojo/v1.2.2_slack_user_task_4_injection_task_3/case_packet.md
v1.2.2:slack:user_task_4:injection_task_4,slack,user_task_4,injection_task_4,通过,通过,通过,通过,通过,通过,通过,通过,通过,通过,20,6,26,197217,OFFICIAL_SOURCE_CONTENT_NOT_MATERIALIZED;NATIVE_RUNNER_AND_AGGREGATION_NOT_IN_PACKET;STATE_SCHEMA_DESCRIPTOR_ONLY;POSTRUN_ARTIFACT_INVENTORY_ABSENT;STRONGER_SPLIT_NOT_RELIABLY_DERIVABLE,,符合设计，可作为重新draft前的锁定输入,/Users/gss/Downloads/revised_agent_benchmark_paper_package/experiments/agentdojo_full_v1.2.2_direct/case_packets/agentdojo/v1.2.2_slack_user_task_4_injection_task_4/case_packet.md
v1.2.2:slack:user_task_5:injection_task_1,slack,user_task_5,injection_task_1,通过,通过,通过,通过,通过,通过,通过,通过,通过,通过,20,6,26,196558,OFFICIAL_SOURCE_CONTENT_NOT_MATERIALIZED;NATIVE_RUNNER_AND_AGGREGATION_NOT_IN_PACKET;STATE_SCHEMA_DESCRIPTOR_ONLY;POSTRUN_ARTIFACT_INVENTORY_ABSENT;STRONGER_SPLIT_NOT_RELIABLY_DERIVABLE,,符合设计，可作为重新draft前的锁定输入,/Users/gss/Downloads/revised_agent_benchmark_paper_package/experiments/agentdojo_full_v1.2.2_direct/case_packets/agentdojo/v1.2.2_slack_user_task_5_injection_task_1/case_packet.md
v1.2.2:slack:user_task_5:injection_task_2,slack,user_task_5,injection_task_2,通过,通过,通过,通过,通过,通过,通过,通过,通过,通过,20,6,26,198264,OFFICIAL_SOURCE_CONTENT_NOT_MATERIALIZED;NATIVE_RUNNER_AND_AGGREGATION_NOT_IN_PACKET;STATE_SCHEMA_DESCRIPTOR_ONLY;POSTRUN_ARTIFACT_INVENTORY_ABSENT;STRONGER_SPLIT_NOT_RELIABLY_DERIVABLE,,符合设计，可作为重新draft前的锁定输入,/Users/gss/Downloads/revised_agent_benchmark_paper_package/experiments/agentdojo_full_v1.2.2_direct/case_packets/agentdojo/v1.2.2_slack_user_task_5_injection_task_2/case_packet.md
v1.2.2:slack:user_task_5:injection_task_3,slack,user_task_5,injection_task_3,通过,通过,通过,通过,通过,通过,通过,通过,通过,通过,20,6,26,196474,OFFICIAL_SOURCE_CONTENT_NOT_MATERIALIZED;NATIVE_RUNNER_AND_AGGREGATION_NOT_IN_PACKET;STATE_SCHEMA_DESCRIPTOR_ONLY;POSTRUN_ARTIFACT_INVENTORY_ABSENT;STRONGER_SPLIT_NOT_RELIABLY_DERIVABLE,,符合设计，可作为重新draft前的锁定输入,/Users/gss/Downloads/revised_agent_benchmark_paper_package/experiments/agentdojo_full_v1.2.2_direct/case_packets/agentdojo/v1.2.2_slack_user_task_5_injection_task_3/case_packet.md
v1.2.2:slack:user_task_5:injection_task_4,slack,user_task_5,injection_task_4,通过,通过,通过,通过,通过,通过,通过,通过,通过,通过,20,6,26,197180,OFFICIAL_SOURCE_CONTENT_NOT_MATERIALIZED;NATIVE_RUNNER_AND_AGGREGATION_NOT_IN_PACKET;STATE_SCHEMA_DESCRIPTOR_ONLY;POSTRUN_ARTIFACT_INVENTORY_ABSENT;STRONGER_SPLIT_NOT_RELIABLY_DERIVABLE,,符合设计，可作为重新draft前的锁定输入,/Users/gss/Downloads/revised_agent_benchmark_paper_package/experiments/agentdojo_full_v1.2.2_direct/case_packets/agentdojo/v1.2.2_slack_user_task_5_injection_task_4/case_packet.md
v1.2.2:slack:user_task_5:injection_task_5,slack,user_task_5,injection_task_5,通过,通过,通过,通过,通过,通过,通过,通过,通过,通过,20,6,26,198517,OFFICIAL_SOURCE_CONTENT_NOT_MATERIALIZED;NATIVE_RUNNER_AND_AGGREGATION_NOT_IN_PACKET;STATE_SCHEMA_DESCRIPTOR_ONLY;POSTRUN_ARTIFACT_INVENTORY_ABSENT;STRONGER_SPLIT_NOT_RELIABLY_DERIVABLE,,符合设计，可作为重新draft前的锁定输入,/Users/gss/Downloads/revised_agent_benchmark_paper_package/experiments/agentdojo_full_v1.2.2_direct/case_packets/agentdojo/v1.2.2_slack_user_task_5_injection_task_5/case_packet.md
v1.2.2:slack:user_task_6:injection_task_1,slack,user_task_6,injection_task_1,通过,通过,通过,通过,通过,通过,通过,通过,通过,通过,19,6,25,183770,OFFICIAL_SOURCE_CONTENT_NOT_MATERIALIZED;NATIVE_RUNNER_AND_AGGREGATION_NOT_IN_PACKET;STATE_SCHEMA_DESCRIPTOR_ONLY;POSTRUN_ARTIFACT_INVENTORY_ABSENT;STRONGER_SPLIT_NOT_RELIABLY_DERIVABLE,,符合设计，可作为重新draft前的锁定输入,/Users/gss/Downloads/revised_agent_benchmark_paper_package/experiments/agentdojo_full_v1.2.2_direct/case_packets/agentdojo/v1.2.2_slack_user_task_6_injection_task_1/case_packet.md
v1.2.2:slack:user_task_6:injection_task_2,slack,user_task_6,injection_task_2,通过,通过,通过,通过,通过,通过,通过,通过,通过,通过,19,6,25,185476,OFFICIAL_SOURCE_CONTENT_NOT_MATERIALIZED;NATIVE_RUNNER_AND_AGGREGATION_NOT_IN_PACKET;STATE_SCHEMA_DESCRIPTOR_ONLY;POSTRUN_ARTIFACT_INVENTORY_ABSENT;STRONGER_SPLIT_NOT_RELIABLY_DERIVABLE,,符合设计，可作为重新draft前的锁定输入,/Users/gss/Downloads/revised_agent_benchmark_paper_package/experiments/agentdojo_full_v1.2.2_direct/case_packets/agentdojo/v1.2.2_slack_user_task_6_injection_task_2/case_packet.md
v1.2.2:slack:user_task_6:injection_task_3,slack,user_task_6,injection_task_3,通过,通过,通过,通过,通过,通过,通过,通过,通过,通过,19,6,25,183686,OFFICIAL_SOURCE_CONTENT_NOT_MATERIALIZED;NATIVE_RUNNER_AND_AGGREGATION_NOT_IN_PACKET;STATE_SCHEMA_DESCRIPTOR_ONLY;POSTRUN_ARTIFACT_INVENTORY_ABSENT;STRONGER_SPLIT_NOT_RELIABLY_DERIVABLE,,符合设计，可作为重新draft前的锁定输入,/Users/gss/Downloads/revised_agent_benchmark_paper_package/experiments/agentdojo_full_v1.2.2_direct/case_packets/agentdojo/v1.2.2_slack_user_task_6_injection_task_3/case_packet.md
v1.2.2:slack:user_task_6:injection_task_4,slack,user_task_6,injection_task_4,通过,通过,通过,通过,通过,通过,通过,通过,通过,通过,19,6,25,184392,OFFICIAL_SOURCE_CONTENT_NOT_MATERIALIZED;NATIVE_RUNNER_AND_AGGREGATION_NOT_IN_PACKET;STATE_SCHEMA_DESCRIPTOR_ONLY;POSTRUN_ARTIFACT_INVENTORY_ABSENT;STRONGER_SPLIT_NOT_RELIABLY_DERIVABLE,,符合设计，可作为重新draft前的锁定输入,/Users/gss/Downloads/revised_agent_benchmark_paper_package/experiments/agentdojo_full_v1.2.2_direct/case_packets/agentdojo/v1.2.2_slack_user_task_6_injection_task_4/case_packet.md
v1.2.2:slack:user_task_6:injection_task_5,slack,user_task_6,injection_task_5,通过,通过,通过,通过,通过,通过,通过,通过,通过,通过,19,6,25,185729,OFFICIAL_SOURCE_CONTENT_NOT_MATERIALIZED;NATIVE_RUNNER_AND_AGGREGATION_NOT_IN_PACKET;STATE_SCHEMA_DESCRIPTOR_ONLY;POSTRUN_ARTIFACT_INVENTORY_ABSENT;STRONGER_SPLIT_NOT_RELIABLY_DERIVABLE,,符合设计，可作为重新draft前的锁定输入,/Users/gss/Downloads/revised_agent_benchmark_paper_package/experiments/agentdojo_full_v1.2.2_direct/case_packets/agentdojo/v1.2.2_slack_user_task_6_injection_task_5/case_packet.md
v1.2.2:slack:user_task_7:injection_task_1,slack,user_task_7,injection_task_1,通过,通过,通过,通过,通过,通过,通过,通过,通过,通过,19,6,25,183620,OFFICIAL_SOURCE_CONTENT_NOT_MATERIALIZED;NATIVE_RUNNER_AND_AGGREGATION_NOT_IN_PACKET;STATE_SCHEMA_DESCRIPTOR_ONLY;POSTRUN_ARTIFACT_INVENTORY_ABSENT;STRONGER_SPLIT_NOT_RELIABLY_DERIVABLE,,符合设计，可作为重新draft前的锁定输入,/Users/gss/Downloads/revised_agent_benchmark_paper_package/experiments/agentdojo_full_v1.2.2_direct/case_packets/agentdojo/v1.2.2_slack_user_task_7_injection_task_1/case_packet.md
v1.2.2:slack:user_task_7:injection_task_2,slack,user_task_7,injection_task_2,通过,通过,通过,通过,通过,通过,通过,通过,通过,通过,19,6,25,185326,OFFICIAL_SOURCE_CONTENT_NOT_MATERIALIZED;NATIVE_RUNNER_AND_AGGREGATION_NOT_IN_PACKET;STATE_SCHEMA_DESCRIPTOR_ONLY;POSTRUN_ARTIFACT_INVENTORY_ABSENT;STRONGER_SPLIT_NOT_RELIABLY_DERIVABLE,,符合设计，可作为重新draft前的锁定输入,/Users/gss/Downloads/revised_agent_benchmark_paper_package/experiments/agentdojo_full_v1.2.2_direct/case_packets/agentdojo/v1.2.2_slack_user_task_7_injection_task_2/case_packet.md
v1.2.2:slack:user_task_7:injection_task_3,slack,user_task_7,injection_task_3,通过,通过,通过,通过,通过,通过,通过,通过,通过,通过,19,6,25,183536,OFFICIAL_SOURCE_CONTENT_NOT_MATERIALIZED;NATIVE_RUNNER_AND_AGGREGATION_NOT_IN_PACKET;STATE_SCHEMA_DESCRIPTOR_ONLY;POSTRUN_ARTIFACT_INVENTORY_ABSENT;STRONGER_SPLIT_NOT_RELIABLY_DERIVABLE,,符合设计，可作为重新draft前的锁定输入,/Users/gss/Downloads/revised_agent_benchmark_paper_package/experiments/agentdojo_full_v1.2.2_direct/case_packets/agentdojo/v1.2.2_slack_user_task_7_injection_task_3/case_packet.md
v1.2.2:slack:user_task_8:injection_task_1,slack,user_task_8,injection_task_1,通过,通过,通过,通过,通过,通过,通过,通过,通过,通过,20,6,26,196261,OFFICIAL_SOURCE_CONTENT_NOT_MATERIALIZED;NATIVE_RUNNER_AND_AGGREGATION_NOT_IN_PACKET;STATE_SCHEMA_DESCRIPTOR_ONLY;POSTRUN_ARTIFACT_INVENTORY_ABSENT;STRONGER_SPLIT_NOT_RELIABLY_DERIVABLE,,符合设计，可作为重新draft前的锁定输入,/Users/gss/Downloads/revised_agent_benchmark_paper_package/experiments/agentdojo_full_v1.2.2_direct/case_packets/agentdojo/v1.2.2_slack_user_task_8_injection_task_1/case_packet.md
v1.2.2:slack:user_task_8:injection_task_2,slack,user_task_8,injection_task_2,通过,通过,通过,通过,通过,通过,通过,通过,通过,通过,20,6,26,197967,OFFICIAL_SOURCE_CONTENT_NOT_MATERIALIZED;NATIVE_RUNNER_AND_AGGREGATION_NOT_IN_PACKET;STATE_SCHEMA_DESCRIPTOR_ONLY;POSTRUN_ARTIFACT_INVENTORY_ABSENT;STRONGER_SPLIT_NOT_RELIABLY_DERIVABLE,,符合设计，可作为重新draft前的锁定输入,/Users/gss/Downloads/revised_agent_benchmark_paper_package/experiments/agentdojo_full_v1.2.2_direct/case_packets/agentdojo/v1.2.2_slack_user_task_8_injection_task_2/case_packet.md
v1.2.2:slack:user_task_8:injection_task_3,slack,user_task_8,injection_task_3,通过,通过,通过,通过,通过,通过,通过,通过,通过,通过,20,6,26,196177,OFFICIAL_SOURCE_CONTENT_NOT_MATERIALIZED;NATIVE_RUNNER_AND_AGGREGATION_NOT_IN_PACKET;STATE_SCHEMA_DESCRIPTOR_ONLY;POSTRUN_ARTIFACT_INVENTORY_ABSENT;STRONGER_SPLIT_NOT_RELIABLY_DERIVABLE,,符合设计，可作为重新draft前的锁定输入,/Users/gss/Downloads/revised_agent_benchmark_paper_package/experiments/agentdojo_full_v1.2.2_direct/case_packets/agentdojo/v1.2.2_slack_user_task_8_injection_task_3/case_packet.md
v1.2.2:slack:user_task_8:injection_task_4,slack,user_task_8,injection_task_4,通过,通过,通过,通过,通过,通过,通过,通过,通过,通过,20,6,26,196883,OFFICIAL_SOURCE_CONTENT_NOT_MATERIALIZED;NATIVE_RUNNER_AND_AGGREGATION_NOT_IN_PACKET;STATE_SCHEMA_DESCRIPTOR_ONLY;POSTRUN_ARTIFACT_INVENTORY_ABSENT;STRONGER_SPLIT_NOT_RELIABLY_DERIVABLE,,符合设计，可作为重新draft前的锁定输入,/Users/gss/Downloads/revised_agent_benchmark_paper_package/experiments/agentdojo_full_v1.2.2_direct/case_packets/agentdojo/v1.2.2_slack_user_task_8_injection_task_4/case_packet.md
v1.2.2:slack:user_task_8:injection_task_5,slack,user_task_8,injection_task_5,通过,通过,通过,通过,通过,通过,通过,通过,通过,通过,20,6,26,198220,OFFICIAL_SOURCE_CONTENT_NOT_MATERIALIZED;NATIVE_RUNNER_AND_AGGREGATION_NOT_IN_PACKET;STATE_SCHEMA_DESCRIPTOR_ONLY;POSTRUN_ARTIFACT_INVENTORY_ABSENT;STRONGER_SPLIT_NOT_RELIABLY_DERIVABLE,,符合设计，可作为重新draft前的锁定输入,/Users/gss/Downloads/revised_agent_benchmark_paper_package/experiments/agentdojo_full_v1.2.2_direct/case_packets/agentdojo/v1.2.2_slack_user_task_8_injection_task_5/case_packet.md
v1.2.2:slack:user_task_9:injection_task_1,slack,user_task_9,injection_task_1,通过,通过,通过,通过,通过,通过,通过,通过,通过,通过,19,6,25,184047,OFFICIAL_SOURCE_CONTENT_NOT_MATERIALIZED;NATIVE_RUNNER_AND_AGGREGATION_NOT_IN_PACKET;STATE_SCHEMA_DESCRIPTOR_ONLY;POSTRUN_ARTIFACT_INVENTORY_ABSENT;STRONGER_SPLIT_NOT_RELIABLY_DERIVABLE,,符合设计，可作为重新draft前的锁定输入,/Users/gss/Downloads/revised_agent_benchmark_paper_package/experiments/agentdojo_full_v1.2.2_direct/case_packets/agentdojo/v1.2.2_slack_user_task_9_injection_task_1/case_packet.md
v1.2.2:slack:user_task_9:injection_task_2,slack,user_task_9,injection_task_2,通过,通过,通过,通过,通过,通过,通过,通过,通过,通过,19,6,25,185753,OFFICIAL_SOURCE_CONTENT_NOT_MATERIALIZED;NATIVE_RUNNER_AND_AGGREGATION_NOT_IN_PACKET;STATE_SCHEMA_DESCRIPTOR_ONLY;POSTRUN_ARTIFACT_INVENTORY_ABSENT;STRONGER_SPLIT_NOT_RELIABLY_DERIVABLE,,符合设计，可作为重新draft前的锁定输入,/Users/gss/Downloads/revised_agent_benchmark_paper_package/experiments/agentdojo_full_v1.2.2_direct/case_packets/agentdojo/v1.2.2_slack_user_task_9_injection_task_2/case_packet.md
v1.2.2:slack:user_task_9:injection_task_4,slack,user_task_9,injection_task_4,通过,通过,通过,通过,通过,通过,通过,通过,通过,通过,19,6,25,184669,OFFICIAL_SOURCE_CONTENT_NOT_MATERIALIZED;NATIVE_RUNNER_AND_AGGREGATION_NOT_IN_PACKET;STATE_SCHEMA_DESCRIPTOR_ONLY;POSTRUN_ARTIFACT_INVENTORY_ABSENT;STRONGER_SPLIT_NOT_RELIABLY_DERIVABLE,,符合设计，可作为重新draft前的锁定输入,/Users/gss/Downloads/revised_agent_benchmark_paper_package/experiments/agentdojo_full_v1.2.2_direct/case_packets/agentdojo/v1.2.2_slack_user_task_9_injection_task_4/case_packet.md
v1.2.2:slack:user_task_9:injection_task_5,slack,user_task_9,injection_task_5,通过,通过,通过,通过,通过,通过,通过,通过,通过,通过,19,6,25,186006,OFFICIAL_SOURCE_CONTENT_NOT_MATERIALIZED;NATIVE_RUNNER_AND_AGGREGATION_NOT_IN_PACKET;STATE_SCHEMA_DESCRIPTOR_ONLY;POSTRUN_ARTIFACT_INVENTORY_ABSENT;STRONGER_SPLIT_NOT_RELIABLY_DERIVABLE,,符合设计，可作为重新draft前的锁定输入,/Users/gss/Downloads/revised_agent_benchmark_paper_package/experiments/agentdojo_full_v1.2.2_direct/case_packets/agentdojo/v1.2.2_slack_user_task_9_injection_task_5/case_packet.md
v1.2.2:slack:user_task_10:injection_task_1,slack,user_task_10,injection_task_1,通过,通过,通过,通过,通过,通过,通过,通过,通过,通过,19,6,25,184683,OFFICIAL_SOURCE_CONTENT_NOT_MATERIALIZED;NATIVE_RUNNER_AND_AGGREGATION_NOT_IN_PACKET;STATE_SCHEMA_DESCRIPTOR_ONLY;POSTRUN_ARTIFACT_INVENTORY_ABSENT;STRONGER_SPLIT_NOT_RELIABLY_DERIVABLE,,符合设计，可作为重新draft前的锁定输入,/Users/gss/Downloads/revised_agent_benchmark_paper_package/experiments/agentdojo_full_v1.2.2_direct/case_packets/agentdojo/v1.2.2_slack_user_task_10_injection_task_1/case_packet.md
v1.2.2:slack:user_task_10:injection_task_2,slack,user_task_10,injection_task_2,通过,通过,通过,通过,通过,通过,通过,通过,通过,通过,19,6,25,186389,OFFICIAL_SOURCE_CONTENT_NOT_MATERIALIZED;NATIVE_RUNNER_AND_AGGREGATION_NOT_IN_PACKET;STATE_SCHEMA_DESCRIPTOR_ONLY;POSTRUN_ARTIFACT_INVENTORY_ABSENT;STRONGER_SPLIT_NOT_RELIABLY_DERIVABLE,,符合设计，可作为重新draft前的锁定输入,/Users/gss/Downloads/revised_agent_benchmark_paper_package/experiments/agentdojo_full_v1.2.2_direct/case_packets/agentdojo/v1.2.2_slack_user_task_10_injection_task_2/case_packet.md
v1.2.2:slack:user_task_10:injection_task_4,slack,user_task_10,injection_task_4,通过,通过,通过,通过,通过,通过,通过,通过,通过,通过,19,6,25,185305,OFFICIAL_SOURCE_CONTENT_NOT_MATERIALIZED;NATIVE_RUNNER_AND_AGGREGATION_NOT_IN_PACKET;STATE_SCHEMA_DESCRIPTOR_ONLY;POSTRUN_ARTIFACT_INVENTORY_ABSENT;STRONGER_SPLIT_NOT_RELIABLY_DERIVABLE,,符合设计，可作为重新draft前的锁定输入,/Users/gss/Downloads/revised_agent_benchmark_paper_package/experiments/agentdojo_full_v1.2.2_direct/case_packets/agentdojo/v1.2.2_slack_user_task_10_injection_task_4/case_packet.md
v1.2.2:slack:user_task_10:injection_task_5,slack,user_task_10,injection_task_5,通过,通过,通过,通过,通过,通过,通过,通过,通过,通过,19,6,25,186642,OFFICIAL_SOURCE_CONTENT_NOT_MATERIALIZED;NATIVE_RUNNER_AND_AGGREGATION_NOT_IN_PACKET;STATE_SCHEMA_DESCRIPTOR_ONLY;POSTRUN_ARTIFACT_INVENTORY_ABSENT;STRONGER_SPLIT_NOT_RELIABLY_DERIVABLE,,符合设计，可作为重新draft前的锁定输入,/Users/gss/Downloads/revised_agent_benchmark_paper_package/experiments/agentdojo_full_v1.2.2_direct/case_packets/agentdojo/v1.2.2_slack_user_task_10_injection_task_5/case_packet.md
v1.2.2:slack:user_task_11:injection_task_1,slack,user_task_11,injection_task_1,通过,通过,通过,通过,通过,通过,通过,通过,通过,通过,18,6,24,157133,OFFICIAL_SOURCE_CONTENT_NOT_MATERIALIZED;NATIVE_RUNNER_AND_AGGREGATION_NOT_IN_PACKET;STATE_SCHEMA_DESCRIPTOR_ONLY;POSTRUN_ARTIFACT_INVENTORY_ABSENT;STRONGER_SPLIT_NOT_RELIABLY_DERIVABLE,,符合设计，可作为重新draft前的锁定输入,/Users/gss/Downloads/revised_agent_benchmark_paper_package/experiments/agentdojo_full_v1.2.2_direct/case_packets/agentdojo/v1.2.2_slack_user_task_11_injection_task_1/case_packet.md
v1.2.2:slack:user_task_11:injection_task_2,slack,user_task_11,injection_task_2,通过,通过,通过,通过,通过,通过,通过,通过,通过,通过,18,6,24,158839,OFFICIAL_SOURCE_CONTENT_NOT_MATERIALIZED;NATIVE_RUNNER_AND_AGGREGATION_NOT_IN_PACKET;STATE_SCHEMA_DESCRIPTOR_ONLY;POSTRUN_ARTIFACT_INVENTORY_ABSENT;STRONGER_SPLIT_NOT_RELIABLY_DERIVABLE,,符合设计，可作为重新draft前的锁定输入,/Users/gss/Downloads/revised_agent_benchmark_paper_package/experiments/agentdojo_full_v1.2.2_direct/case_packets/agentdojo/v1.2.2_slack_user_task_11_injection_task_2/case_packet.md
v1.2.2:slack:user_task_11:injection_task_4,slack,user_task_11,injection_task_4,通过,通过,通过,通过,通过,通过,通过,通过,通过,通过,18,6,24,157755,OFFICIAL_SOURCE_CONTENT_NOT_MATERIALIZED;NATIVE_RUNNER_AND_AGGREGATION_NOT_IN_PACKET;STATE_SCHEMA_DESCRIPTOR_ONLY;POSTRUN_ARTIFACT_INVENTORY_ABSENT;STRONGER_SPLIT_NOT_RELIABLY_DERIVABLE,,符合设计，可作为重新draft前的锁定输入,/Users/gss/Downloads/revised_agent_benchmark_paper_package/experiments/agentdojo_full_v1.2.2_direct/case_packets/agentdojo/v1.2.2_slack_user_task_11_injection_task_4/case_packet.md
v1.2.2:slack:user_task_11:injection_task_5,slack,user_task_11,injection_task_5,通过,通过,通过,通过,通过,通过,通过,通过,通过,通过,18,6,24,159092,OFFICIAL_SOURCE_CONTENT_NOT_MATERIALIZED;NATIVE_RUNNER_AND_AGGREGATION_NOT_IN_PACKET;STATE_SCHEMA_DESCRIPTOR_ONLY;POSTRUN_ARTIFACT_INVENTORY_ABSENT;STRONGER_SPLIT_NOT_RELIABLY_DERIVABLE,,符合设计，可作为重新draft前的锁定输入,/Users/gss/Downloads/revised_agent_benchmark_paper_package/experiments/agentdojo_full_v1.2.2_direct/case_packets/agentdojo/v1.2.2_slack_user_task_11_injection_task_5/case_packet.md
v1.2.2:slack:user_task_12:injection_task_1,slack,user_task_12,injection_task_1,通过,通过,通过,通过,通过,通过,通过,通过,通过,通过,20,6,26,196486,OFFICIAL_SOURCE_CONTENT_NOT_MATERIALIZED;NATIVE_RUNNER_AND_AGGREGATION_NOT_IN_PACKET;STATE_SCHEMA_DESCRIPTOR_ONLY;POSTRUN_ARTIFACT_INVENTORY_ABSENT;STRONGER_SPLIT_NOT_RELIABLY_DERIVABLE,,符合设计，可作为重新draft前的锁定输入,/Users/gss/Downloads/revised_agent_benchmark_paper_package/experiments/agentdojo_full_v1.2.2_direct/case_packets/agentdojo/v1.2.2_slack_user_task_12_injection_task_1/case_packet.md
v1.2.2:slack:user_task_12:injection_task_2,slack,user_task_12,injection_task_2,通过,通过,通过,通过,通过,通过,通过,通过,通过,通过,20,6,26,198192,OFFICIAL_SOURCE_CONTENT_NOT_MATERIALIZED;NATIVE_RUNNER_AND_AGGREGATION_NOT_IN_PACKET;STATE_SCHEMA_DESCRIPTOR_ONLY;POSTRUN_ARTIFACT_INVENTORY_ABSENT;STRONGER_SPLIT_NOT_RELIABLY_DERIVABLE,,符合设计，可作为重新draft前的锁定输入,/Users/gss/Downloads/revised_agent_benchmark_paper_package/experiments/agentdojo_full_v1.2.2_direct/case_packets/agentdojo/v1.2.2_slack_user_task_12_injection_task_2/case_packet.md
v1.2.2:slack:user_task_12:injection_task_3,slack,user_task_12,injection_task_3,通过,通过,通过,通过,通过,通过,通过,通过,通过,通过,20,6,26,196402,OFFICIAL_SOURCE_CONTENT_NOT_MATERIALIZED;NATIVE_RUNNER_AND_AGGREGATION_NOT_IN_PACKET;STATE_SCHEMA_DESCRIPTOR_ONLY;POSTRUN_ARTIFACT_INVENTORY_ABSENT;STRONGER_SPLIT_NOT_RELIABLY_DERIVABLE,,符合设计，可作为重新draft前的锁定输入,/Users/gss/Downloads/revised_agent_benchmark_paper_package/experiments/agentdojo_full_v1.2.2_direct/case_packets/agentdojo/v1.2.2_slack_user_task_12_injection_task_3/case_packet.md
v1.2.2:slack:user_task_12:injection_task_4,slack,user_task_12,injection_task_4,通过,通过,通过,通过,通过,通过,通过,通过,通过,通过,20,6,26,197108,OFFICIAL_SOURCE_CONTENT_NOT_MATERIALIZED;NATIVE_RUNNER_AND_AGGREGATION_NOT_IN_PACKET;STATE_SCHEMA_DESCRIPTOR_ONLY;POSTRUN_ARTIFACT_INVENTORY_ABSENT;STRONGER_SPLIT_NOT_RELIABLY_DERIVABLE,,符合设计，可作为重新draft前的锁定输入,/Users/gss/Downloads/revised_agent_benchmark_paper_package/experiments/agentdojo_full_v1.2.2_direct/case_packets/agentdojo/v1.2.2_slack_user_task_12_injection_task_4/case_packet.md
v1.2.2:slack:user_task_13:injection_task_1,slack,user_task_13,injection_task_1,通过,通过,通过,通过,通过,通过,通过,通过,通过,通过,20,6,26,196795,OFFICIAL_SOURCE_CONTENT_NOT_MATERIALIZED;NATIVE_RUNNER_AND_AGGREGATION_NOT_IN_PACKET;STATE_SCHEMA_DESCRIPTOR_ONLY;POSTRUN_ARTIFACT_INVENTORY_ABSENT;STRONGER_SPLIT_NOT_RELIABLY_DERIVABLE,,符合设计，可作为重新draft前的锁定输入,/Users/gss/Downloads/revised_agent_benchmark_paper_package/experiments/agentdojo_full_v1.2.2_direct/case_packets/agentdojo/v1.2.2_slack_user_task_13_injection_task_1/case_packet.md
v1.2.2:slack:user_task_13:injection_task_2,slack,user_task_13,injection_task_2,通过,通过,通过,通过,通过,通过,通过,通过,通过,通过,20,6,26,198501,OFFICIAL_SOURCE_CONTENT_NOT_MATERIALIZED;NATIVE_RUNNER_AND_AGGREGATION_NOT_IN_PACKET;STATE_SCHEMA_DESCRIPTOR_ONLY;POSTRUN_ARTIFACT_INVENTORY_ABSENT;STRONGER_SPLIT_NOT_RELIABLY_DERIVABLE,,符合设计，可作为重新draft前的锁定输入,/Users/gss/Downloads/revised_agent_benchmark_paper_package/experiments/agentdojo_full_v1.2.2_direct/case_packets/agentdojo/v1.2.2_slack_user_task_13_injection_task_2/case_packet.md
v1.2.2:slack:user_task_13:injection_task_3,slack,user_task_13,injection_task_3,通过,通过,通过,通过,通过,通过,通过,通过,通过,通过,20,6,26,196711,OFFICIAL_SOURCE_CONTENT_NOT_MATERIALIZED;NATIVE_RUNNER_AND_AGGREGATION_NOT_IN_PACKET;STATE_SCHEMA_DESCRIPTOR_ONLY;POSTRUN_ARTIFACT_INVENTORY_ABSENT;STRONGER_SPLIT_NOT_RELIABLY_DERIVABLE,,符合设计，可作为重新draft前的锁定输入,/Users/gss/Downloads/revised_agent_benchmark_paper_package/experiments/agentdojo_full_v1.2.2_direct/case_packets/agentdojo/v1.2.2_slack_user_task_13_injection_task_3/case_packet.md
v1.2.2:slack:user_task_13:injection_task_4,slack,user_task_13,injection_task_4,通过,通过,通过,通过,通过,通过,通过,通过,通过,通过,20,6,26,197417,OFFICIAL_SOURCE_CONTENT_NOT_MATERIALIZED;NATIVE_RUNNER_AND_AGGREGATION_NOT_IN_PACKET;STATE_SCHEMA_DESCRIPTOR_ONLY;POSTRUN_ARTIFACT_INVENTORY_ABSENT;STRONGER_SPLIT_NOT_RELIABLY_DERIVABLE,,符合设计，可作为重新draft前的锁定输入,/Users/gss/Downloads/revised_agent_benchmark_paper_package/experiments/agentdojo_full_v1.2.2_direct/case_packets/agentdojo/v1.2.2_slack_user_task_13_injection_task_4/case_packet.md
v1.2.2:slack:user_task_13:injection_task_5,slack,user_task_13,injection_task_5,通过,通过,通过,通过,通过,通过,通过,通过,通过,通过,20,6,26,198754,OFFICIAL_SOURCE_CONTENT_NOT_MATERIALIZED;NATIVE_RUNNER_AND_AGGREGATION_NOT_IN_PACKET;STATE_SCHEMA_DESCRIPTOR_ONLY;POSTRUN_ARTIFACT_INVENTORY_ABSENT;STRONGER_SPLIT_NOT_RELIABLY_DERIVABLE,,符合设计，可作为重新draft前的锁定输入,/Users/gss/Downloads/revised_agent_benchmark_paper_package/experiments/agentdojo_full_v1.2.2_direct/case_packets/agentdojo/v1.2.2_slack_user_task_13_injection_task_5/case_packet.md
v1.2.2:slack:user_task_14:injection_task_1,slack,user_task_14,injection_task_1,通过,通过,通过,通过,通过,通过,通过,通过,通过,通过,20,6,26,197811,OFFICIAL_SOURCE_CONTENT_NOT_MATERIALIZED;NATIVE_RUNNER_AND_AGGREGATION_NOT_IN_PACKET;STATE_SCHEMA_DESCRIPTOR_ONLY;POSTRUN_ARTIFACT_INVENTORY_ABSENT;STRONGER_SPLIT_NOT_RELIABLY_DERIVABLE,,符合设计，可作为重新draft前的锁定输入,/Users/gss/Downloads/revised_agent_benchmark_paper_package/experiments/agentdojo_full_v1.2.2_direct/case_packets/agentdojo/v1.2.2_slack_user_task_14_injection_task_1/case_packet.md
v1.2.2:slack:user_task_14:injection_task_3,slack,user_task_14,injection_task_3,通过,通过,通过,通过,通过,通过,通过,通过,通过,通过,20,6,26,197727,OFFICIAL_SOURCE_CONTENT_NOT_MATERIALIZED;NATIVE_RUNNER_AND_AGGREGATION_NOT_IN_PACKET;STATE_SCHEMA_DESCRIPTOR_ONLY;POSTRUN_ARTIFACT_INVENTORY_ABSENT;STRONGER_SPLIT_NOT_RELIABLY_DERIVABLE,,符合设计，可作为重新draft前的锁定输入,/Users/gss/Downloads/revised_agent_benchmark_paper_package/experiments/agentdojo_full_v1.2.2_direct/case_packets/agentdojo/v1.2.2_slack_user_task_14_injection_task_3/case_packet.md
v1.2.2:slack:user_task_14:injection_task_4,slack,user_task_14,injection_task_4,通过,通过,通过,通过,通过,通过,通过,通过,通过,通过,20,6,26,198433,OFFICIAL_SOURCE_CONTENT_NOT_MATERIALIZED;NATIVE_RUNNER_AND_AGGREGATION_NOT_IN_PACKET;STATE_SCHEMA_DESCRIPTOR_ONLY;POSTRUN_ARTIFACT_INVENTORY_ABSENT;STRONGER_SPLIT_NOT_RELIABLY_DERIVABLE,,符合设计，可作为重新draft前的锁定输入,/Users/gss/Downloads/revised_agent_benchmark_paper_package/experiments/agentdojo_full_v1.2.2_direct/case_packets/agentdojo/v1.2.2_slack_user_task_14_injection_task_4/case_packet.md
v1.2.2:slack:user_task_14:injection_task_5,slack,user_task_14,injection_task_5,通过,通过,通过,通过,通过,通过,通过,通过,通过,通过,20,6,26,199770,OFFICIAL_SOURCE_CONTENT_NOT_MATERIALIZED;NATIVE_RUNNER_AND_AGGREGATION_NOT_IN_PACKET;STATE_SCHEMA_DESCRIPTOR_ONLY;POSTRUN_ARTIFACT_INVENTORY_ABSENT;STRONGER_SPLIT_NOT_RELIABLY_DERIVABLE,,符合设计，可作为重新draft前的锁定输入,/Users/gss/Downloads/revised_agent_benchmark_paper_package/experiments/agentdojo_full_v1.2.2_direct/case_packets/agentdojo/v1.2.2_slack_user_task_14_injection_task_5/case_packet.md
v1.2.2:slack:user_task_15:injection_task_1,slack,user_task_15,injection_task_1,通过,通过,通过,通过,通过,通过,通过,通过,通过,通过,19,6,25,183915,OFFICIAL_SOURCE_CONTENT_NOT_MATERIALIZED;NATIVE_RUNNER_AND_AGGREGATION_NOT_IN_PACKET;STATE_SCHEMA_DESCRIPTOR_ONLY;POSTRUN_ARTIFACT_INVENTORY_ABSENT;STRONGER_SPLIT_NOT_RELIABLY_DERIVABLE,,符合设计，可作为重新draft前的锁定输入,/Users/gss/Downloads/revised_agent_benchmark_paper_package/experiments/agentdojo_full_v1.2.2_direct/case_packets/agentdojo/v1.2.2_slack_user_task_15_injection_task_1/case_packet.md
v1.2.2:slack:user_task_15:injection_task_2,slack,user_task_15,injection_task_2,通过,通过,通过,通过,通过,通过,通过,通过,通过,通过,19,6,25,185621,OFFICIAL_SOURCE_CONTENT_NOT_MATERIALIZED;NATIVE_RUNNER_AND_AGGREGATION_NOT_IN_PACKET;STATE_SCHEMA_DESCRIPTOR_ONLY;POSTRUN_ARTIFACT_INVENTORY_ABSENT;STRONGER_SPLIT_NOT_RELIABLY_DERIVABLE,,符合设计，可作为重新draft前的锁定输入,/Users/gss/Downloads/revised_agent_benchmark_paper_package/experiments/agentdojo_full_v1.2.2_direct/case_packets/agentdojo/v1.2.2_slack_user_task_15_injection_task_2/case_packet.md
v1.2.2:slack:user_task_15:injection_task_3,slack,user_task_15,injection_task_3,通过,通过,通过,通过,通过,通过,通过,通过,通过,通过,19,6,25,183831,OFFICIAL_SOURCE_CONTENT_NOT_MATERIALIZED;NATIVE_RUNNER_AND_AGGREGATION_NOT_IN_PACKET;STATE_SCHEMA_DESCRIPTOR_ONLY;POSTRUN_ARTIFACT_INVENTORY_ABSENT;STRONGER_SPLIT_NOT_RELIABLY_DERIVABLE,,符合设计，可作为重新draft前的锁定输入,/Users/gss/Downloads/revised_agent_benchmark_paper_package/experiments/agentdojo_full_v1.2.2_direct/case_packets/agentdojo/v1.2.2_slack_user_task_15_injection_task_3/case_packet.md
v1.2.2:slack:user_task_15:injection_task_4,slack,user_task_15,injection_task_4,通过,通过,通过,通过,通过,通过,通过,通过,通过,通过,19,6,25,184537,OFFICIAL_SOURCE_CONTENT_NOT_MATERIALIZED;NATIVE_RUNNER_AND_AGGREGATION_NOT_IN_PACKET;STATE_SCHEMA_DESCRIPTOR_ONLY;POSTRUN_ARTIFACT_INVENTORY_ABSENT;STRONGER_SPLIT_NOT_RELIABLY_DERIVABLE,,符合设计，可作为重新draft前的锁定输入,/Users/gss/Downloads/revised_agent_benchmark_paper_package/experiments/agentdojo_full_v1.2.2_direct/case_packets/agentdojo/v1.2.2_slack_user_task_15_injection_task_4/case_packet.md
v1.2.2:slack:user_task_15:injection_task_5,slack,user_task_15,injection_task_5,通过,通过,通过,通过,通过,通过,通过,通过,通过,通过,19,6,25,185874,OFFICIAL_SOURCE_CONTENT_NOT_MATERIALIZED;NATIVE_RUNNER_AND_AGGREGATION_NOT_IN_PACKET;STATE_SCHEMA_DESCRIPTOR_ONLY;POSTRUN_ARTIFACT_INVENTORY_ABSENT;STRONGER_SPLIT_NOT_RELIABLY_DERIVABLE,,符合设计，可作为重新draft前的锁定输入,/Users/gss/Downloads/revised_agent_benchmark_paper_package/experiments/agentdojo_full_v1.2.2_direct/case_packets/agentdojo/v1.2.2_slack_user_task_15_injection_task_5/case_packet.md
v1.2.2:slack:user_task_16:injection_task_1,slack,user_task_16,injection_task_1,通过,通过,通过,通过,通过,通过,通过,通过,通过,通过,19,6,25,184678,OFFICIAL_SOURCE_CONTENT_NOT_MATERIALIZED;NATIVE_RUNNER_AND_AGGREGATION_NOT_IN_PACKET;STATE_SCHEMA_DESCRIPTOR_ONLY;POSTRUN_ARTIFACT_INVENTORY_ABSENT;STRONGER_SPLIT_NOT_RELIABLY_DERIVABLE,,符合设计，可作为重新draft前的锁定输入,/Users/gss/Downloads/revised_agent_benchmark_paper_package/experiments/agentdojo_full_v1.2.2_direct/case_packets/agentdojo/v1.2.2_slack_user_task_16_injection_task_1/case_packet.md
v1.2.2:slack:user_task_16:injection_task_3,slack,user_task_16,injection_task_3,通过,通过,通过,通过,通过,通过,通过,通过,通过,通过,19,6,25,184594,OFFICIAL_SOURCE_CONTENT_NOT_MATERIALIZED;NATIVE_RUNNER_AND_AGGREGATION_NOT_IN_PACKET;STATE_SCHEMA_DESCRIPTOR_ONLY;POSTRUN_ARTIFACT_INVENTORY_ABSENT;STRONGER_SPLIT_NOT_RELIABLY_DERIVABLE,,符合设计，可作为重新draft前的锁定输入,/Users/gss/Downloads/revised_agent_benchmark_paper_package/experiments/agentdojo_full_v1.2.2_direct/case_packets/agentdojo/v1.2.2_slack_user_task_16_injection_task_3/case_packet.md
v1.2.2:slack:user_task_16:injection_task_4,slack,user_task_16,injection_task_4,通过,通过,通过,通过,通过,通过,通过,通过,通过,通过,19,6,25,185300,OFFICIAL_SOURCE_CONTENT_NOT_MATERIALIZED;NATIVE_RUNNER_AND_AGGREGATION_NOT_IN_PACKET;STATE_SCHEMA_DESCRIPTOR_ONLY;POSTRUN_ARTIFACT_INVENTORY_ABSENT;STRONGER_SPLIT_NOT_RELIABLY_DERIVABLE,,符合设计，可作为重新draft前的锁定输入,/Users/gss/Downloads/revised_agent_benchmark_paper_package/experiments/agentdojo_full_v1.2.2_direct/case_packets/agentdojo/v1.2.2_slack_user_task_16_injection_task_4/case_packet.md
v1.2.2:slack:user_task_16:injection_task_5,slack,user_task_16,injection_task_5,通过,通过,通过,通过,通过,通过,通过,通过,通过,通过,19,6,25,186637,OFFICIAL_SOURCE_CONTENT_NOT_MATERIALIZED;NATIVE_RUNNER_AND_AGGREGATION_NOT_IN_PACKET;STATE_SCHEMA_DESCRIPTOR_ONLY;POSTRUN_ARTIFACT_INVENTORY_ABSENT;STRONGER_SPLIT_NOT_RELIABLY_DERIVABLE,,符合设计，可作为重新draft前的锁定输入,/Users/gss/Downloads/revised_agent_benchmark_paper_package/experiments/agentdojo_full_v1.2.2_direct/case_packets/agentdojo/v1.2.2_slack_user_task_16_injection_task_5/case_packet.md
v1.2.2:slack:user_task_17:injection_task_1,slack,user_task_17,injection_task_1,通过,通过,通过,通过,通过,通过,通过,通过,通过,通过,19,6,25,184103,OFFICIAL_SOURCE_CONTENT_NOT_MATERIALIZED;NATIVE_RUNNER_AND_AGGREGATION_NOT_IN_PACKET;STATE_SCHEMA_DESCRIPTOR_ONLY;POSTRUN_ARTIFACT_INVENTORY_ABSENT;STRONGER_SPLIT_NOT_RELIABLY_DERIVABLE;USER_COMBINED_TASK_DEPENDENCIES_MISSING;USER_UTILITY_FROM_TRACES_SOURCE_MISSING,,符合设计，可作为重新draft前的锁定输入,/Users/gss/Downloads/revised_agent_benchmark_paper_package/experiments/agentdojo_full_v1.2.2_direct/case_packets/agentdojo/v1.2.2_slack_user_task_17_injection_task_1/case_packet.md
v1.2.2:slack:user_task_17:injection_task_2,slack,user_task_17,injection_task_2,通过,通过,通过,通过,通过,通过,通过,通过,通过,通过,19,6,25,185809,OFFICIAL_SOURCE_CONTENT_NOT_MATERIALIZED;NATIVE_RUNNER_AND_AGGREGATION_NOT_IN_PACKET;STATE_SCHEMA_DESCRIPTOR_ONLY;POSTRUN_ARTIFACT_INVENTORY_ABSENT;STRONGER_SPLIT_NOT_RELIABLY_DERIVABLE;USER_COMBINED_TASK_DEPENDENCIES_MISSING;USER_UTILITY_FROM_TRACES_SOURCE_MISSING,,符合设计，可作为重新draft前的锁定输入,/Users/gss/Downloads/revised_agent_benchmark_paper_package/experiments/agentdojo_full_v1.2.2_direct/case_packets/agentdojo/v1.2.2_slack_user_task_17_injection_task_2/case_packet.md
v1.2.2:slack:user_task_17:injection_task_3,slack,user_task_17,injection_task_3,通过,通过,通过,通过,通过,通过,通过,通过,通过,通过,19,6,25,184019,OFFICIAL_SOURCE_CONTENT_NOT_MATERIALIZED;NATIVE_RUNNER_AND_AGGREGATION_NOT_IN_PACKET;STATE_SCHEMA_DESCRIPTOR_ONLY;POSTRUN_ARTIFACT_INVENTORY_ABSENT;STRONGER_SPLIT_NOT_RELIABLY_DERIVABLE;USER_COMBINED_TASK_DEPENDENCIES_MISSING;USER_UTILITY_FROM_TRACES_SOURCE_MISSING,,符合设计，可作为重新draft前的锁定输入,/Users/gss/Downloads/revised_agent_benchmark_paper_package/experiments/agentdojo_full_v1.2.2_direct/case_packets/agentdojo/v1.2.2_slack_user_task_17_injection_task_3/case_packet.md
v1.2.2:slack:user_task_17:injection_task_4,slack,user_task_17,injection_task_4,通过,通过,通过,通过,通过,通过,通过,通过,通过,通过,19,6,25,184725,OFFICIAL_SOURCE_CONTENT_NOT_MATERIALIZED;NATIVE_RUNNER_AND_AGGREGATION_NOT_IN_PACKET;STATE_SCHEMA_DESCRIPTOR_ONLY;POSTRUN_ARTIFACT_INVENTORY_ABSENT;STRONGER_SPLIT_NOT_RELIABLY_DERIVABLE;USER_COMBINED_TASK_DEPENDENCIES_MISSING;USER_UTILITY_FROM_TRACES_SOURCE_MISSING,,符合设计，可作为重新draft前的锁定输入,/Users/gss/Downloads/revised_agent_benchmark_paper_package/experiments/agentdojo_full_v1.2.2_direct/case_packets/agentdojo/v1.2.2_slack_user_task_17_injection_task_4/case_packet.md
v1.2.2:slack:user_task_17:injection_task_5,slack,user_task_17,injection_task_5,通过,通过,通过,通过,通过,通过,通过,通过,通过,通过,19,6,25,186062,OFFICIAL_SOURCE_CONTENT_NOT_MATERIALIZED;NATIVE_RUNNER_AND_AGGREGATION_NOT_IN_PACKET;STATE_SCHEMA_DESCRIPTOR_ONLY;POSTRUN_ARTIFACT_INVENTORY_ABSENT;STRONGER_SPLIT_NOT_RELIABLY_DERIVABLE;USER_COMBINED_TASK_DEPENDENCIES_MISSING;USER_UTILITY_FROM_TRACES_SOURCE_MISSING,,符合设计，可作为重新draft前的锁定输入,/Users/gss/Downloads/revised_agent_benchmark_paper_package/experiments/agentdojo_full_v1.2.2_direct/case_packets/agentdojo/v1.2.2_slack_user_task_17_injection_task_5/case_packet.md
v1.2.2:slack:user_task_18:injection_task_1,slack,user_task_18,injection_task_1,通过,通过,通过,通过,通过,通过,通过,通过,通过,通过,20,6,26,197011,OFFICIAL_SOURCE_CONTENT_NOT_MATERIALIZED;NATIVE_RUNNER_AND_AGGREGATION_NOT_IN_PACKET;STATE_SCHEMA_DESCRIPTOR_ONLY;POSTRUN_ARTIFACT_INVENTORY_ABSENT;STRONGER_SPLIT_NOT_RELIABLY_DERIVABLE;USER_COMBINED_TASK_DEPENDENCIES_MISSING;USER_UTILITY_FROM_TRACES_SOURCE_MISSING,,符合设计，可作为重新draft前的锁定输入,/Users/gss/Downloads/revised_agent_benchmark_paper_package/experiments/agentdojo_full_v1.2.2_direct/case_packets/agentdojo/v1.2.2_slack_user_task_18_injection_task_1/case_packet.md
v1.2.2:slack:user_task_18:injection_task_2,slack,user_task_18,injection_task_2,通过,通过,通过,通过,通过,通过,通过,通过,通过,通过,20,6,26,198717,OFFICIAL_SOURCE_CONTENT_NOT_MATERIALIZED;NATIVE_RUNNER_AND_AGGREGATION_NOT_IN_PACKET;STATE_SCHEMA_DESCRIPTOR_ONLY;POSTRUN_ARTIFACT_INVENTORY_ABSENT;STRONGER_SPLIT_NOT_RELIABLY_DERIVABLE;USER_COMBINED_TASK_DEPENDENCIES_MISSING;USER_UTILITY_FROM_TRACES_SOURCE_MISSING,,符合设计，可作为重新draft前的锁定输入,/Users/gss/Downloads/revised_agent_benchmark_paper_package/experiments/agentdojo_full_v1.2.2_direct/case_packets/agentdojo/v1.2.2_slack_user_task_18_injection_task_2/case_packet.md
v1.2.2:slack:user_task_18:injection_task_3,slack,user_task_18,injection_task_3,通过,通过,通过,通过,通过,通过,通过,通过,通过,通过,20,6,26,196927,OFFICIAL_SOURCE_CONTENT_NOT_MATERIALIZED;NATIVE_RUNNER_AND_AGGREGATION_NOT_IN_PACKET;STATE_SCHEMA_DESCRIPTOR_ONLY;POSTRUN_ARTIFACT_INVENTORY_ABSENT;STRONGER_SPLIT_NOT_RELIABLY_DERIVABLE;USER_COMBINED_TASK_DEPENDENCIES_MISSING;USER_UTILITY_FROM_TRACES_SOURCE_MISSING,,符合设计，可作为重新draft前的锁定输入,/Users/gss/Downloads/revised_agent_benchmark_paper_package/experiments/agentdojo_full_v1.2.2_direct/case_packets/agentdojo/v1.2.2_slack_user_task_18_injection_task_3/case_packet.md
v1.2.2:slack:user_task_18:injection_task_4,slack,user_task_18,injection_task_4,通过,通过,通过,通过,通过,通过,通过,通过,通过,通过,20,6,26,197633,OFFICIAL_SOURCE_CONTENT_NOT_MATERIALIZED;NATIVE_RUNNER_AND_AGGREGATION_NOT_IN_PACKET;STATE_SCHEMA_DESCRIPTOR_ONLY;POSTRUN_ARTIFACT_INVENTORY_ABSENT;STRONGER_SPLIT_NOT_RELIABLY_DERIVABLE;USER_COMBINED_TASK_DEPENDENCIES_MISSING;USER_UTILITY_FROM_TRACES_SOURCE_MISSING,,符合设计，可作为重新draft前的锁定输入,/Users/gss/Downloads/revised_agent_benchmark_paper_package/experiments/agentdojo_full_v1.2.2_direct/case_packets/agentdojo/v1.2.2_slack_user_task_18_injection_task_4/case_packet.md
v1.2.2:slack:user_task_19:injection_task_1,slack,user_task_19,injection_task_1,通过,通过,通过,通过,通过,通过,通过,通过,通过,通过,20,6,26,197007,OFFICIAL_SOURCE_CONTENT_NOT_MATERIALIZED;NATIVE_RUNNER_AND_AGGREGATION_NOT_IN_PACKET;STATE_SCHEMA_DESCRIPTOR_ONLY;POSTRUN_ARTIFACT_INVENTORY_ABSENT;STRONGER_SPLIT_NOT_RELIABLY_DERIVABLE;USER_COMBINED_TASK_DEPENDENCIES_MISSING;USER_UTILITY_FROM_TRACES_SOURCE_MISSING,,符合设计，可作为重新draft前的锁定输入,/Users/gss/Downloads/revised_agent_benchmark_paper_package/experiments/agentdojo_full_v1.2.2_direct/case_packets/agentdojo/v1.2.2_slack_user_task_19_injection_task_1/case_packet.md
v1.2.2:slack:user_task_19:injection_task_3,slack,user_task_19,injection_task_3,通过,通过,通过,通过,通过,通过,通过,通过,通过,通过,20,6,26,196923,OFFICIAL_SOURCE_CONTENT_NOT_MATERIALIZED;NATIVE_RUNNER_AND_AGGREGATION_NOT_IN_PACKET;STATE_SCHEMA_DESCRIPTOR_ONLY;POSTRUN_ARTIFACT_INVENTORY_ABSENT;STRONGER_SPLIT_NOT_RELIABLY_DERIVABLE;USER_COMBINED_TASK_DEPENDENCIES_MISSING;USER_UTILITY_FROM_TRACES_SOURCE_MISSING,,符合设计，可作为重新draft前的锁定输入,/Users/gss/Downloads/revised_agent_benchmark_paper_package/experiments/agentdojo_full_v1.2.2_direct/case_packets/agentdojo/v1.2.2_slack_user_task_19_injection_task_3/case_packet.md
v1.2.2:slack:user_task_19:injection_task_4,slack,user_task_19,injection_task_4,通过,通过,通过,通过,通过,通过,通过,通过,通过,通过,20,6,26,197629,OFFICIAL_SOURCE_CONTENT_NOT_MATERIALIZED;NATIVE_RUNNER_AND_AGGREGATION_NOT_IN_PACKET;STATE_SCHEMA_DESCRIPTOR_ONLY;POSTRUN_ARTIFACT_INVENTORY_ABSENT;STRONGER_SPLIT_NOT_RELIABLY_DERIVABLE;USER_COMBINED_TASK_DEPENDENCIES_MISSING;USER_UTILITY_FROM_TRACES_SOURCE_MISSING,,符合设计，可作为重新draft前的锁定输入,/Users/gss/Downloads/revised_agent_benchmark_paper_package/experiments/agentdojo_full_v1.2.2_direct/case_packets/agentdojo/v1.2.2_slack_user_task_19_injection_task_4/case_packet.md
v1.2.2:slack:user_task_19:injection_task_5,slack,user_task_19,injection_task_5,通过,通过,通过,通过,通过,通过,通过,通过,通过,通过,20,6,26,198966,OFFICIAL_SOURCE_CONTENT_NOT_MATERIALIZED;NATIVE_RUNNER_AND_AGGREGATION_NOT_IN_PACKET;STATE_SCHEMA_DESCRIPTOR_ONLY;POSTRUN_ARTIFACT_INVENTORY_ABSENT;STRONGER_SPLIT_NOT_RELIABLY_DERIVABLE;USER_COMBINED_TASK_DEPENDENCIES_MISSING;USER_UTILITY_FROM_TRACES_SOURCE_MISSING,,符合设计，可作为重新draft前的锁定输入,/Users/gss/Downloads/revised_agent_benchmark_paper_package/experiments/agentdojo_full_v1.2.2_direct/case_packets/agentdojo/v1.2.2_slack_user_task_19_injection_task_5/case_packet.md
v1.2.2:slack:user_task_20:injection_task_1,slack,user_task_20,injection_task_1,通过,通过,通过,通过,通过,通过,通过,通过,通过,通过,19,6,25,184306,OFFICIAL_SOURCE_CONTENT_NOT_MATERIALIZED;NATIVE_RUNNER_AND_AGGREGATION_NOT_IN_PACKET;STATE_SCHEMA_DESCRIPTOR_ONLY;POSTRUN_ARTIFACT_INVENTORY_ABSENT;STRONGER_SPLIT_NOT_RELIABLY_DERIVABLE;USER_COMBINED_TASK_DEPENDENCIES_MISSING;USER_UTILITY_FROM_TRACES_SOURCE_MISSING,,符合设计，可作为重新draft前的锁定输入,/Users/gss/Downloads/revised_agent_benchmark_paper_package/experiments/agentdojo_full_v1.2.2_direct/case_packets/agentdojo/v1.2.2_slack_user_task_20_injection_task_1/case_packet.md
v1.2.2:slack:user_task_20:injection_task_2,slack,user_task_20,injection_task_2,通过,通过,通过,通过,通过,通过,通过,通过,通过,通过,19,6,25,186012,OFFICIAL_SOURCE_CONTENT_NOT_MATERIALIZED;NATIVE_RUNNER_AND_AGGREGATION_NOT_IN_PACKET;STATE_SCHEMA_DESCRIPTOR_ONLY;POSTRUN_ARTIFACT_INVENTORY_ABSENT;STRONGER_SPLIT_NOT_RELIABLY_DERIVABLE;USER_COMBINED_TASK_DEPENDENCIES_MISSING;USER_UTILITY_FROM_TRACES_SOURCE_MISSING,,符合设计，可作为重新draft前的锁定输入,/Users/gss/Downloads/revised_agent_benchmark_paper_package/experiments/agentdojo_full_v1.2.2_direct/case_packets/agentdojo/v1.2.2_slack_user_task_20_injection_task_2/case_packet.md
v1.2.2:slack:user_task_20:injection_task_3,slack,user_task_20,injection_task_3,通过,通过,通过,通过,通过,通过,通过,通过,通过,通过,19,6,25,184222,OFFICIAL_SOURCE_CONTENT_NOT_MATERIALIZED;NATIVE_RUNNER_AND_AGGREGATION_NOT_IN_PACKET;STATE_SCHEMA_DESCRIPTOR_ONLY;POSTRUN_ARTIFACT_INVENTORY_ABSENT;STRONGER_SPLIT_NOT_RELIABLY_DERIVABLE;USER_COMBINED_TASK_DEPENDENCIES_MISSING;USER_UTILITY_FROM_TRACES_SOURCE_MISSING,,符合设计，可作为重新draft前的锁定输入,/Users/gss/Downloads/revised_agent_benchmark_paper_package/experiments/agentdojo_full_v1.2.2_direct/case_packets/agentdojo/v1.2.2_slack_user_task_20_injection_task_3/case_packet.md
v1.2.2:slack:user_task_20:injection_task_4,slack,user_task_20,injection_task_4,通过,通过,通过,通过,通过,通过,通过,通过,通过,通过,19,6,25,184928,OFFICIAL_SOURCE_CONTENT_NOT_MATERIALIZED;NATIVE_RUNNER_AND_AGGREGATION_NOT_IN_PACKET;STATE_SCHEMA_DESCRIPTOR_ONLY;POSTRUN_ARTIFACT_INVENTORY_ABSENT;STRONGER_SPLIT_NOT_RELIABLY_DERIVABLE;USER_COMBINED_TASK_DEPENDENCIES_MISSING;USER_UTILITY_FROM_TRACES_SOURCE_MISSING,,符合设计，可作为重新draft前的锁定输入,/Users/gss/Downloads/revised_agent_benchmark_paper_package/experiments/agentdojo_full_v1.2.2_direct/case_packets/agentdojo/v1.2.2_slack_user_task_20_injection_task_4/case_packet.md
v1.2.2:slack:user_task_20:injection_task_5,slack,user_task_20,injection_task_5,通过,通过,通过,通过,通过,通过,通过,通过,通过,通过,19,6,25,186265,OFFICIAL_SOURCE_CONTENT_NOT_MATERIALIZED;NATIVE_RUNNER_AND_AGGREGATION_NOT_IN_PACKET;STATE_SCHEMA_DESCRIPTOR_ONLY;POSTRUN_ARTIFACT_INVENTORY_ABSENT;STRONGER_SPLIT_NOT_RELIABLY_DERIVABLE;USER_COMBINED_TASK_DEPENDENCIES_MISSING;USER_UTILITY_FROM_TRACES_SOURCE_MISSING,,符合设计，可作为重新draft前的锁定输入,/Users/gss/Downloads/revised_agent_benchmark_paper_package/experiments/agentdojo_full_v1.2.2_direct/case_packets/agentdojo/v1.2.2_slack_user_task_20_injection_task_5/case_packet.md
