task_id,case_unit_id,agent,audit_status,confirmed_benchmark_conflict,semantic_relation,metadata_comparison_status,stronger_conditions_present,decision_reason,different_outcome_description
full-androidworld-ExpenseDeleteSingle-agent_a,ExpenseDeleteSingle,agent_a,not_confirmed,False,same_outcome_weaker_or_under_specified,mismatch,False,No retained source pointer establishes that the benchmark checked a different outcome than the apparent native task claim. Non-material retained difference reviewed: metadata uses the older 'arduia pro expense' label and a singular placeholder; runtime uses 'pro expense' and renders the same selected expense name.,
full-androidworld-ExpenseDeleteSingle-agent_b,ExpenseDeleteSingle,agent_b,not_confirmed,False,same_outcome_weaker_or_under_specified,mismatch,False,No retained source pointer establishes that the benchmark checked a different outcome than the apparent native task claim. Non-material retained difference reviewed: metadata uses the older 'arduia pro expense' label and a singular placeholder; runtime uses 'pro expense' and renders the same selected expense name.,
full-androidworld-ExpenseDeleteSingle-agent_c,ExpenseDeleteSingle,agent_c,not_confirmed,False,same_outcome_weaker_or_under_specified,mismatch,False,No retained source pointer establishes that the benchmark checked a different outcome than the apparent native task claim. Non-material retained difference reviewed: metadata uses the older 'arduia pro expense' label and a singular placeholder; runtime uses 'pro expense' and renders the same selected expense name.,
full-androidworld-FilesDeleteFile-agent_a,FilesDeleteFile,agent_a,not_confirmed,False,same_outcome_weaker_or_under_specified,exact,True,"No retained source pointer establishes that the benchmark checked a different outcome than the apparent native task claim. Stronger-measurement conditions may exist, but no retained task/evaluator/oracle/reward pointer shows that the native benchmark checked a different outcome.",
full-androidworld-FilesDeleteFile-agent_b,FilesDeleteFile,agent_b,not_confirmed,False,same_outcome_weaker_or_under_specified,exact,True,"No retained source pointer establishes that the benchmark checked a different outcome than the apparent native task claim. Stronger-measurement conditions may exist, but no retained task/evaluator/oracle/reward pointer shows that the native benchmark checked a different outcome.",
full-androidworld-FilesDeleteFile-agent_c,FilesDeleteFile,agent_c,not_confirmed,False,same_outcome_weaker_or_under_specified,exact,True,"No retained source pointer establishes that the benchmark checked a different outcome than the apparent native task claim. Stronger-measurement conditions may exist, but no retained task/evaluator/oracle/reward pointer shows that the native benchmark checked a different outcome.",
full-androidworld-FilesMoveFile-agent_a,FilesMoveFile,agent_a,not_confirmed,False,same_checked_outcome,exact,False,No retained source pointer establishes that the benchmark checked a different outcome than the apparent native task claim.,
full-androidworld-FilesMoveFile-agent_b,FilesMoveFile,agent_b,not_confirmed,False,same_checked_outcome,exact,False,No retained source pointer establishes that the benchmark checked a different outcome than the apparent native task claim.,
full-androidworld-FilesMoveFile-agent_c,FilesMoveFile,agent_c,not_confirmed,False,same_checked_outcome,exact,False,No retained source pointer establishes that the benchmark checked a different outcome than the apparent native task claim.,
full-androidworld-MarkorAddNoteHeader-agent_a,MarkorAddNoteHeader,agent_a,confirmed_conflict,True,different_outcome_checked,mismatch,False,"The apparent metadata task template and the runtime goal/evaluator target differ materially. The retained record binds the actual dispatched goal to this run, and the evaluator output records the same runtime goal. Conflict reason: metadata omits the required rename and names a non-runtime file_name placeholder.","Apparent claim: Update the Markor note {file_name} by adding the following text, along with a new blank line before the existing content: ""{header}"". Actual checked outcome: Update the Markor note kind_penguin_8ELL.txt by adding the following text, along with a new blank line before the existing content: ""7hjrmwFkDEHXHzSqfGjq"", and rename it to proud_eagle_lWrI.txt."
full-androidworld-MarkorAddNoteHeader-agent_b,MarkorAddNoteHeader,agent_b,confirmed_conflict,True,different_outcome_checked,mismatch,False,"The apparent metadata task template and the runtime goal/evaluator target differ materially. The retained record binds the actual dispatched goal to this run, and the evaluator output records the same runtime goal. Conflict reason: metadata omits the required rename and names a non-runtime file_name placeholder.","Apparent claim: Update the Markor note {file_name} by adding the following text, along with a new blank line before the existing content: ""{header}"". Actual checked outcome: Update the Markor note kind_penguin_8ELL.txt by adding the following text, along with a new blank line before the existing content: ""7hjrmwFkDEHXHzSqfGjq"", and rename it to proud_eagle_lWrI.txt."
full-androidworld-MarkorAddNoteHeader-agent_c,MarkorAddNoteHeader,agent_c,confirmed_conflict,True,different_outcome_checked,mismatch,False,"The apparent metadata task template and the runtime goal/evaluator target differ materially. The retained record binds the actual dispatched goal to this run, and the evaluator output records the same runtime goal. Conflict reason: metadata omits the required rename and names a non-runtime file_name placeholder.","Apparent claim: Update the Markor note {file_name} by adding the following text, along with a new blank line before the existing content: ""{header}"". Actual checked outcome: Update the Markor note kind_penguin_8ELL.txt by adding the following text, along with a new blank line before the existing content: ""7hjrmwFkDEHXHzSqfGjq"", and rename it to proud_eagle_lWrI.txt."
full-androidworld-MarkorChangeNoteContent-agent_a,MarkorChangeNoteContent,agent_a,confirmed_conflict,True,different_outcome_checked,mismatch,True,"The apparent metadata task template and the runtime goal/evaluator target differ materially. The retained record binds the actual dispatched goal to this run, and the evaluator output records the same runtime goal. Conflict reason: metadata omits the required rename and does not identify original_name/new_name.","Apparent claim: Update the content of {file_name} to ""{updated_content}"" in Markor. Actual checked outcome: Update the content of ogRD_cool_nurse.md to ""29A1goC9POUNH2p4oKUe"" in Markor and change its name to YjCv_pretty_eagle.md."
full-androidworld-MarkorChangeNoteContent-agent_b,MarkorChangeNoteContent,agent_b,confirmed_conflict,True,different_outcome_checked,mismatch,True,"The apparent metadata task template and the runtime goal/evaluator target differ materially. The retained record binds the actual dispatched goal to this run, and the evaluator output records the same runtime goal. Conflict reason: metadata omits the required rename and does not identify original_name/new_name.","Apparent claim: Update the content of {file_name} to ""{updated_content}"" in Markor. Actual checked outcome: Update the content of ogRD_cool_nurse.md to ""29A1goC9POUNH2p4oKUe"" in Markor and change its name to YjCv_pretty_eagle.md."
full-androidworld-MarkorChangeNoteContent-agent_c,MarkorChangeNoteContent,agent_c,confirmed_conflict,True,different_outcome_checked,mismatch,True,"The apparent metadata task template and the runtime goal/evaluator target differ materially. The retained record binds the actual dispatched goal to this run, and the evaluator output records the same runtime goal. Conflict reason: metadata omits the required rename and does not identify original_name/new_name.","Apparent claim: Update the content of {file_name} to ""{updated_content}"" in Markor. Actual checked outcome: Update the content of ogRD_cool_nurse.md to ""29A1goC9POUNH2p4oKUe"" in Markor and change its name to YjCv_pretty_eagle.md."
full-androidworld-MarkorCreateFolder-agent_a,MarkorCreateFolder,agent_a,not_confirmed,False,same_outcome_weaker_or_under_specified,exact,True,"No retained source pointer establishes that the benchmark checked a different outcome than the apparent native task claim. Stronger-measurement conditions may exist, but no retained task/evaluator/oracle/reward pointer shows that the native benchmark checked a different outcome.",
full-androidworld-MarkorCreateFolder-agent_b,MarkorCreateFolder,agent_b,not_confirmed,False,same_outcome_weaker_or_under_specified,exact,True,"No retained source pointer establishes that the benchmark checked a different outcome than the apparent native task claim. Stronger-measurement conditions may exist, but no retained task/evaluator/oracle/reward pointer shows that the native benchmark checked a different outcome.",
full-androidworld-MarkorCreateFolder-agent_c,MarkorCreateFolder,agent_c,not_confirmed,False,same_outcome_weaker_or_under_specified,exact,True,"No retained source pointer establishes that the benchmark checked a different outcome than the apparent native task claim. Stronger-measurement conditions may exist, but no retained task/evaluator/oracle/reward pointer shows that the native benchmark checked a different outcome.",
full-androidworld-MarkorCreateNote-agent_a,MarkorCreateNote,agent_a,not_confirmed,False,same_outcome_weaker_or_under_specified,exact,True,"No retained source pointer establishes that the benchmark checked a different outcome than the apparent native task claim. Stronger-measurement conditions may exist, but no retained task/evaluator/oracle/reward pointer shows that the native benchmark checked a different outcome.",
full-androidworld-MarkorCreateNote-agent_b,MarkorCreateNote,agent_b,not_confirmed,False,same_outcome_weaker_or_under_specified,exact,True,"No retained source pointer establishes that the benchmark checked a different outcome than the apparent native task claim. Stronger-measurement conditions may exist, but no retained task/evaluator/oracle/reward pointer shows that the native benchmark checked a different outcome.",
full-androidworld-MarkorCreateNote-agent_c,MarkorCreateNote,agent_c,not_confirmed,False,same_outcome_weaker_or_under_specified,exact,True,"No retained source pointer establishes that the benchmark checked a different outcome than the apparent native task claim. Stronger-measurement conditions may exist, but no retained task/evaluator/oracle/reward pointer shows that the native benchmark checked a different outcome.",
full-androidworld-MarkorCreateNoteAndSms-agent_a,MarkorCreateNoteAndSms,agent_a,not_confirmed,False,same_outcome_weaker_or_under_specified,exact,True,"No retained source pointer establishes that the benchmark checked a different outcome than the apparent native task claim. Stronger-measurement conditions may exist, but no retained task/evaluator/oracle/reward pointer shows that the native benchmark checked a different outcome.",
full-androidworld-MarkorCreateNoteAndSms-agent_b,MarkorCreateNoteAndSms,agent_b,not_confirmed,False,same_outcome_weaker_or_under_specified,exact,True,"No retained source pointer establishes that the benchmark checked a different outcome than the apparent native task claim. Stronger-measurement conditions may exist, but no retained task/evaluator/oracle/reward pointer shows that the native benchmark checked a different outcome.",
full-androidworld-MarkorCreateNoteAndSms-agent_c,MarkorCreateNoteAndSms,agent_c,not_confirmed,False,same_outcome_weaker_or_under_specified,exact,True,"No retained source pointer establishes that the benchmark checked a different outcome than the apparent native task claim. Stronger-measurement conditions may exist, but no retained task/evaluator/oracle/reward pointer shows that the native benchmark checked a different outcome.",
full-androidworld-MarkorCreateNoteFromClipboard-agent_a,MarkorCreateNoteFromClipboard,agent_a,not_confirmed,False,same_outcome_weaker_or_under_specified,exact,True,"No retained source pointer establishes that the benchmark checked a different outcome than the apparent native task claim. Stronger-measurement conditions may exist, but no retained task/evaluator/oracle/reward pointer shows that the native benchmark checked a different outcome.",
full-androidworld-MarkorCreateNoteFromClipboard-agent_b,MarkorCreateNoteFromClipboard,agent_b,not_confirmed,False,same_outcome_weaker_or_under_specified,exact,True,"No retained source pointer establishes that the benchmark checked a different outcome than the apparent native task claim. Stronger-measurement conditions may exist, but no retained task/evaluator/oracle/reward pointer shows that the native benchmark checked a different outcome.",
full-androidworld-MarkorCreateNoteFromClipboard-agent_c,MarkorCreateNoteFromClipboard,agent_c,not_confirmed,False,same_outcome_weaker_or_under_specified,exact,True,"No retained source pointer establishes that the benchmark checked a different outcome than the apparent native task claim. Stronger-measurement conditions may exist, but no retained task/evaluator/oracle/reward pointer shows that the native benchmark checked a different outcome.",
full-androidworld-MarkorDeleteAllNotes-agent_a,MarkorDeleteAllNotes,agent_a,not_confirmed,False,same_outcome_weaker_or_under_specified,exact,True,"No retained source pointer establishes that the benchmark checked a different outcome than the apparent native task claim. Stronger-measurement conditions may exist, but no retained task/evaluator/oracle/reward pointer shows that the native benchmark checked a different outcome.",
full-androidworld-MarkorDeleteAllNotes-agent_b,MarkorDeleteAllNotes,agent_b,not_confirmed,False,same_outcome_weaker_or_under_specified,exact,True,"No retained source pointer establishes that the benchmark checked a different outcome than the apparent native task claim. Stronger-measurement conditions may exist, but no retained task/evaluator/oracle/reward pointer shows that the native benchmark checked a different outcome.",
full-androidworld-MarkorDeleteAllNotes-agent_c,MarkorDeleteAllNotes,agent_c,not_confirmed,False,same_outcome_weaker_or_under_specified,exact,True,"No retained source pointer establishes that the benchmark checked a different outcome than the apparent native task claim. Stronger-measurement conditions may exist, but no retained task/evaluator/oracle/reward pointer shows that the native benchmark checked a different outcome.",
full-androidworld-MarkorDeleteNewestNote-agent_a,MarkorDeleteNewestNote,agent_a,not_confirmed,False,same_checked_outcome,exact,False,No retained source pointer establishes that the benchmark checked a different outcome than the apparent native task claim.,
full-androidworld-MarkorDeleteNewestNote-agent_b,MarkorDeleteNewestNote,agent_b,not_confirmed,False,same_checked_outcome,exact,False,No retained source pointer establishes that the benchmark checked a different outcome than the apparent native task claim.,
full-androidworld-MarkorDeleteNewestNote-agent_c,MarkorDeleteNewestNote,agent_c,not_confirmed,False,same_checked_outcome,exact,False,No retained source pointer establishes that the benchmark checked a different outcome than the apparent native task claim.,
full-androidworld-MarkorDeleteNote-agent_a,MarkorDeleteNote,agent_a,not_confirmed,False,same_outcome_weaker_or_under_specified,exact,True,"No retained source pointer establishes that the benchmark checked a different outcome than the apparent native task claim. Stronger-measurement conditions may exist, but no retained task/evaluator/oracle/reward pointer shows that the native benchmark checked a different outcome.",
full-androidworld-MarkorDeleteNote-agent_b,MarkorDeleteNote,agent_b,not_confirmed,False,same_outcome_weaker_or_under_specified,exact,True,"No retained source pointer establishes that the benchmark checked a different outcome than the apparent native task claim. Stronger-measurement conditions may exist, but no retained task/evaluator/oracle/reward pointer shows that the native benchmark checked a different outcome.",
full-androidworld-MarkorDeleteNote-agent_c,MarkorDeleteNote,agent_c,not_confirmed,False,same_outcome_weaker_or_under_specified,exact,True,"No retained source pointer establishes that the benchmark checked a different outcome than the apparent native task claim. Stronger-measurement conditions may exist, but no retained task/evaluator/oracle/reward pointer shows that the native benchmark checked a different outcome.",
full-androidworld-MarkorEditNote-agent_a,MarkorEditNote,agent_a,confirmed_conflict,True,different_outcome_checked,partial_variant_coverage,True,"The apparent metadata task template and the runtime goal/evaluator target differ materially. The retained record binds the actual dispatched goal to this run, and the evaluator output records the same runtime goal. Conflict reason: metadata describes only header while runtime also reaches footer and replace.",Apparent claim: Edit {file_name} in Markor. Add to the top of the note {header} Actual checked outcome: Edit note_bg18b.md in Markor. Replace the text with Yoga class every Tuesday and Thursday at 6 PM. Reminder to call Grandma for her birthday. Pick up groceries: Milk and Bread and Apples.
full-androidworld-MarkorEditNote-agent_b,MarkorEditNote,agent_b,confirmed_conflict,True,different_outcome_checked,partial_variant_coverage,True,"The apparent metadata task template and the runtime goal/evaluator target differ materially. The retained record binds the actual dispatched goal to this run, and the evaluator output records the same runtime goal. Conflict reason: metadata describes only header while runtime also reaches footer and replace.",Apparent claim: Edit {file_name} in Markor. Add to the top of the note {header} Actual checked outcome: Edit note_bg18b.md in Markor. Replace the text with Yoga class every Tuesday and Thursday at 6 PM. Reminder to call Grandma for her birthday. Pick up groceries: Milk and Bread and Apples.
full-androidworld-MarkorEditNote-agent_c,MarkorEditNote,agent_c,confirmed_conflict,True,different_outcome_checked,partial_variant_coverage,True,"The apparent metadata task template and the runtime goal/evaluator target differ materially. The retained record binds the actual dispatched goal to this run, and the evaluator output records the same runtime goal. Conflict reason: metadata describes only header while runtime also reaches footer and replace.",Apparent claim: Edit {file_name} in Markor. Add to the top of the note {header} Actual checked outcome: Edit note_bg18b.md in Markor. Replace the text with Yoga class every Tuesday and Thursday at 6 PM. Reminder to call Grandma for her birthday. Pick up groceries: Milk and Bread and Apples.
full-androidworld-MarkorMergeNotes-agent_a,MarkorMergeNotes,agent_a,not_confirmed,False,same_outcome_weaker_or_under_specified,exact,True,"No retained source pointer establishes that the benchmark checked a different outcome than the apparent native task claim. Stronger-measurement conditions may exist, but no retained task/evaluator/oracle/reward pointer shows that the native benchmark checked a different outcome.",
full-androidworld-MarkorMergeNotes-agent_b,MarkorMergeNotes,agent_b,not_confirmed,False,same_outcome_weaker_or_under_specified,exact,True,"No retained source pointer establishes that the benchmark checked a different outcome than the apparent native task claim. Stronger-measurement conditions may exist, but no retained task/evaluator/oracle/reward pointer shows that the native benchmark checked a different outcome.",
full-androidworld-MarkorMergeNotes-agent_c,MarkorMergeNotes,agent_c,not_confirmed,False,same_outcome_weaker_or_under_specified,exact,True,"No retained source pointer establishes that the benchmark checked a different outcome than the apparent native task claim. Stronger-measurement conditions may exist, but no retained task/evaluator/oracle/reward pointer shows that the native benchmark checked a different outcome.",
full-androidworld-MarkorMoveNote-agent_a,MarkorMoveNote,agent_a,not_confirmed,False,same_outcome_weaker_or_under_specified,exact,True,"No retained source pointer establishes that the benchmark checked a different outcome than the apparent native task claim. Stronger-measurement conditions may exist, but no retained task/evaluator/oracle/reward pointer shows that the native benchmark checked a different outcome.",
full-androidworld-MarkorMoveNote-agent_b,MarkorMoveNote,agent_b,not_confirmed,False,same_outcome_weaker_or_under_specified,exact,True,"No retained source pointer establishes that the benchmark checked a different outcome than the apparent native task claim. Stronger-measurement conditions may exist, but no retained task/evaluator/oracle/reward pointer shows that the native benchmark checked a different outcome.",
full-androidworld-MarkorMoveNote-agent_c,MarkorMoveNote,agent_c,not_confirmed,False,same_outcome_weaker_or_under_specified,exact,True,"No retained source pointer establishes that the benchmark checked a different outcome than the apparent native task claim. Stronger-measurement conditions may exist, but no retained task/evaluator/oracle/reward pointer shows that the native benchmark checked a different outcome.",
full-androidworld-MarkorTranscribeReceipt-agent_a,MarkorTranscribeReceipt,agent_a,not_confirmed,False,same_outcome_weaker_or_under_specified,exact,True,"No retained source pointer establishes that the benchmark checked a different outcome than the apparent native task claim. Stronger-measurement conditions may exist, but no retained task/evaluator/oracle/reward pointer shows that the native benchmark checked a different outcome.",
full-androidworld-MarkorTranscribeReceipt-agent_b,MarkorTranscribeReceipt,agent_b,not_confirmed,False,same_outcome_weaker_or_under_specified,exact,True,"No retained source pointer establishes that the benchmark checked a different outcome than the apparent native task claim. Stronger-measurement conditions may exist, but no retained task/evaluator/oracle/reward pointer shows that the native benchmark checked a different outcome.",
full-androidworld-MarkorTranscribeReceipt-agent_c,MarkorTranscribeReceipt,agent_c,not_confirmed,False,same_outcome_weaker_or_under_specified,exact,True,"No retained source pointer establishes that the benchmark checked a different outcome than the apparent native task claim. Stronger-measurement conditions may exist, but no retained task/evaluator/oracle/reward pointer shows that the native benchmark checked a different outcome.",
full-androidworld-MarkorTranscribeVideo-agent_a,MarkorTranscribeVideo,agent_a,not_confirmed,False,same_outcome_weaker_or_under_specified,mismatch,True,No retained source pointer establishes that the benchmark checked a different outcome than the apparent native task claim. Non-material retained difference reviewed: metadata says 'should contains'; runtime template corrects this to 'should contain'.,
full-androidworld-MarkorTranscribeVideo-agent_b,MarkorTranscribeVideo,agent_b,not_confirmed,False,same_outcome_weaker_or_under_specified,mismatch,True,No retained source pointer establishes that the benchmark checked a different outcome than the apparent native task claim. Non-material retained difference reviewed: metadata says 'should contains'; runtime template corrects this to 'should contain'.,
full-androidworld-MarkorTranscribeVideo-agent_c,MarkorTranscribeVideo,agent_c,not_confirmed,False,same_outcome_weaker_or_under_specified,mismatch,True,No retained source pointer establishes that the benchmark checked a different outcome than the apparent native task claim. Non-material retained difference reviewed: metadata says 'should contains'; runtime template corrects this to 'should contain'.,
full-androidworld-NotesIsTodo-agent_a,NotesIsTodo,agent_a,not_confirmed,False,same_outcome_weaker_or_under_specified,exact,True,"No retained source pointer establishes that the benchmark checked a different outcome than the apparent native task claim. Stronger-measurement conditions may exist, but no retained task/evaluator/oracle/reward pointer shows that the native benchmark checked a different outcome.",
full-androidworld-NotesIsTodo-agent_b,NotesIsTodo,agent_b,not_confirmed,False,same_outcome_weaker_or_under_specified,exact,True,"No retained source pointer establishes that the benchmark checked a different outcome than the apparent native task claim. Stronger-measurement conditions may exist, but no retained task/evaluator/oracle/reward pointer shows that the native benchmark checked a different outcome.",
full-androidworld-NotesIsTodo-agent_c,NotesIsTodo,agent_c,not_confirmed,False,same_outcome_weaker_or_under_specified,exact,True,"No retained source pointer establishes that the benchmark checked a different outcome than the apparent native task claim. Stronger-measurement conditions may exist, but no retained task/evaluator/oracle/reward pointer shows that the native benchmark checked a different outcome.",
full-androidworld-NotesMeetingAttendeeCount-agent_a,NotesMeetingAttendeeCount,agent_a,not_confirmed,False,same_outcome_weaker_or_under_specified,exact,True,"No retained source pointer establishes that the benchmark checked a different outcome than the apparent native task claim. Stronger-measurement conditions may exist, but no retained task/evaluator/oracle/reward pointer shows that the native benchmark checked a different outcome.",
full-androidworld-NotesMeetingAttendeeCount-agent_b,NotesMeetingAttendeeCount,agent_b,not_confirmed,False,same_outcome_weaker_or_under_specified,exact,True,"No retained source pointer establishes that the benchmark checked a different outcome than the apparent native task claim. Stronger-measurement conditions may exist, but no retained task/evaluator/oracle/reward pointer shows that the native benchmark checked a different outcome.",
full-androidworld-NotesMeetingAttendeeCount-agent_c,NotesMeetingAttendeeCount,agent_c,not_confirmed,False,same_outcome_weaker_or_under_specified,exact,True,"No retained source pointer establishes that the benchmark checked a different outcome than the apparent native task claim. Stronger-measurement conditions may exist, but no retained task/evaluator/oracle/reward pointer shows that the native benchmark checked a different outcome.",
full-androidworld-NotesRecipeIngredientCount-agent_a,NotesRecipeIngredientCount,agent_a,confirmed_conflict,True,different_outcome_checked,mismatch,True,"The apparent metadata task template and the runtime goal/evaluator target differ materially. The retained record binds the actual dispatched goal to this run, and the evaluator output records the same runtime goal. Conflict reason: metadata says no abbreviations while runtime requires exact amount/unit formatting from the recipe.",Apparent claim: What quantity of {ingredient} do I need for the recipe '{title}' in the Joplin app? Express your answer in the format <amount> <unit> without using abbreviations. Actual checked outcome: What quantity of almond flour do I need for the recipe 'Tacos' in the Joplin app? Express your answer in the format <amount> <unit> where both the amount and unit exactly match the format in the recipe.
full-androidworld-NotesRecipeIngredientCount-agent_b,NotesRecipeIngredientCount,agent_b,confirmed_conflict,True,different_outcome_checked,mismatch,True,"The apparent metadata task template and the runtime goal/evaluator target differ materially. The retained record binds the actual dispatched goal to this run, and the evaluator output records the same runtime goal. Conflict reason: metadata says no abbreviations while runtime requires exact amount/unit formatting from the recipe.",Apparent claim: What quantity of {ingredient} do I need for the recipe '{title}' in the Joplin app? Express your answer in the format <amount> <unit> without using abbreviations. Actual checked outcome: What quantity of almond flour do I need for the recipe 'Tacos' in the Joplin app? Express your answer in the format <amount> <unit> where both the amount and unit exactly match the format in the recipe.
full-androidworld-NotesRecipeIngredientCount-agent_c,NotesRecipeIngredientCount,agent_c,confirmed_conflict,True,different_outcome_checked,mismatch,True,"The apparent metadata task template and the runtime goal/evaluator target differ materially. The retained record binds the actual dispatched goal to this run, and the evaluator output records the same runtime goal. Conflict reason: metadata says no abbreviations while runtime requires exact amount/unit formatting from the recipe.",Apparent claim: What quantity of {ingredient} do I need for the recipe '{title}' in the Joplin app? Express your answer in the format <amount> <unit> without using abbreviations. Actual checked outcome: What quantity of almond flour do I need for the recipe 'Tacos' in the Joplin app? Express your answer in the format <amount> <unit> where both the amount and unit exactly match the format in the recipe.
full-androidworld-NotesTodoItemCount-agent_a,NotesTodoItemCount,agent_a,not_confirmed,False,same_outcome_weaker_or_under_specified,exact,True,"No retained source pointer establishes that the benchmark checked a different outcome than the apparent native task claim. Stronger-measurement conditions may exist, but no retained task/evaluator/oracle/reward pointer shows that the native benchmark checked a different outcome.",
full-androidworld-NotesTodoItemCount-agent_b,NotesTodoItemCount,agent_b,not_confirmed,False,same_outcome_weaker_or_under_specified,exact,True,"No retained source pointer establishes that the benchmark checked a different outcome than the apparent native task claim. Stronger-measurement conditions may exist, but no retained task/evaluator/oracle/reward pointer shows that the native benchmark checked a different outcome.",
full-androidworld-NotesTodoItemCount-agent_c,NotesTodoItemCount,agent_c,not_confirmed,False,same_outcome_weaker_or_under_specified,exact,True,"No retained source pointer establishes that the benchmark checked a different outcome than the apparent native task claim. Stronger-measurement conditions may exist, but no retained task/evaluator/oracle/reward pointer shows that the native benchmark checked a different outcome.",
full-androidworld-OpenAppTaskEval-agent_a,OpenAppTaskEval,agent_a,not_confirmed,False,same_outcome_weaker_or_under_specified,exact,True,"No retained source pointer establishes that the benchmark checked a different outcome than the apparent native task claim. Stronger-measurement conditions may exist, but no retained task/evaluator/oracle/reward pointer shows that the native benchmark checked a different outcome.",
full-androidworld-OpenAppTaskEval-agent_b,OpenAppTaskEval,agent_b,not_confirmed,False,same_outcome_weaker_or_under_specified,exact,True,"No retained source pointer establishes that the benchmark checked a different outcome than the apparent native task claim. Stronger-measurement conditions may exist, but no retained task/evaluator/oracle/reward pointer shows that the native benchmark checked a different outcome.",
full-androidworld-OpenAppTaskEval-agent_c,OpenAppTaskEval,agent_c,not_confirmed,False,same_outcome_weaker_or_under_specified,exact,True,"No retained source pointer establishes that the benchmark checked a different outcome than the apparent native task claim. Stronger-measurement conditions may exist, but no retained task/evaluator/oracle/reward pointer shows that the native benchmark checked a different outcome.",
full-androidworld-OsmAndFavorite-agent_a,OsmAndFavorite,agent_a,not_confirmed,False,same_checked_outcome,exact,False,No retained source pointer establishes that the benchmark checked a different outcome than the apparent native task claim.,
full-androidworld-OsmAndFavorite-agent_b,OsmAndFavorite,agent_b,not_confirmed,False,same_checked_outcome,exact,False,No retained source pointer establishes that the benchmark checked a different outcome than the apparent native task claim.,
full-androidworld-OsmAndFavorite-agent_c,OsmAndFavorite,agent_c,not_confirmed,False,same_checked_outcome,exact,False,No retained source pointer establishes that the benchmark checked a different outcome than the apparent native task claim.,
full-androidworld-OsmAndMarker-agent_a,OsmAndMarker,agent_a,not_confirmed,False,same_outcome_weaker_or_under_specified,exact,True,"No retained source pointer establishes that the benchmark checked a different outcome than the apparent native task claim. Stronger-measurement conditions may exist, but no retained task/evaluator/oracle/reward pointer shows that the native benchmark checked a different outcome.",
full-androidworld-OsmAndMarker-agent_b,OsmAndMarker,agent_b,not_confirmed,False,same_outcome_weaker_or_under_specified,exact,True,"No retained source pointer establishes that the benchmark checked a different outcome than the apparent native task claim. Stronger-measurement conditions may exist, but no retained task/evaluator/oracle/reward pointer shows that the native benchmark checked a different outcome.",
full-androidworld-OsmAndMarker-agent_c,OsmAndMarker,agent_c,not_confirmed,False,same_outcome_weaker_or_under_specified,exact,True,"No retained source pointer establishes that the benchmark checked a different outcome than the apparent native task claim. Stronger-measurement conditions may exist, but no retained task/evaluator/oracle/reward pointer shows that the native benchmark checked a different outcome.",
full-androidworld-OsmAndTrack-agent_a,OsmAndTrack,agent_a,confirmed_conflict,True,different_outcome_checked,mismatch,False,"The apparent metadata task template and the runtime goal/evaluator target differ materially. The retained record binds the actual dispatched goal to this run, and the evaluator output records the same runtime goal. Conflict reason: metadata fixes two waypoints while the runtime goal uses generated two-to-four waypoints.","Apparent claim: Save a track with waypoints Ruggell, Liechtenstein, Bendern, Liechtenstein in the OsmAnd maps app in the same order as listed. Actual checked outcome: Save a track with waypoints Planken, Liechtenstein, Schaan, Liechtenstein, Malbun, Liechtenstein in the OsmAnd maps app in the same order as listed."
full-androidworld-OsmAndTrack-agent_b,OsmAndTrack,agent_b,confirmed_conflict,True,different_outcome_checked,mismatch,False,"The apparent metadata task template and the runtime goal/evaluator target differ materially. The retained record binds the actual dispatched goal to this run, and the evaluator output records the same runtime goal. Conflict reason: metadata fixes two waypoints while the runtime goal uses generated two-to-four waypoints.","Apparent claim: Save a track with waypoints Ruggell, Liechtenstein, Bendern, Liechtenstein in the OsmAnd maps app in the same order as listed. Actual checked outcome: Save a track with waypoints Planken, Liechtenstein, Schaan, Liechtenstein, Malbun, Liechtenstein in the OsmAnd maps app in the same order as listed."
full-androidworld-OsmAndTrack-agent_c,OsmAndTrack,agent_c,confirmed_conflict,True,different_outcome_checked,mismatch,False,"The apparent metadata task template and the runtime goal/evaluator target differ materially. The retained record binds the actual dispatched goal to this run, and the evaluator output records the same runtime goal. Conflict reason: metadata fixes two waypoints while the runtime goal uses generated two-to-four waypoints.","Apparent claim: Save a track with waypoints Ruggell, Liechtenstein, Bendern, Liechtenstein in the OsmAnd maps app in the same order as listed. Actual checked outcome: Save a track with waypoints Planken, Liechtenstein, Schaan, Liechtenstein, Malbun, Liechtenstein in the OsmAnd maps app in the same order as listed."
full-androidworld-RecipeAddMultipleRecipes-agent_a,RecipeAddMultipleRecipes,agent_a,not_confirmed,False,same_outcome_weaker_or_under_specified,fixed_seed_goal_shape_match,True,"No retained source pointer establishes that the benchmark checked a different outcome than the apparent native task claim. Stronger-measurement conditions may exist, but no retained task/evaluator/oracle/reward pointer shows that the native benchmark checked a different outcome.",
full-androidworld-RecipeAddMultipleRecipes-agent_b,RecipeAddMultipleRecipes,agent_b,not_confirmed,False,same_outcome_weaker_or_under_specified,fixed_seed_goal_shape_match,True,"No retained source pointer establishes that the benchmark checked a different outcome than the apparent native task claim. Stronger-measurement conditions may exist, but no retained task/evaluator/oracle/reward pointer shows that the native benchmark checked a different outcome.",
full-androidworld-RecipeAddMultipleRecipes-agent_c,RecipeAddMultipleRecipes,agent_c,not_confirmed,False,same_outcome_weaker_or_under_specified,fixed_seed_goal_shape_match,True,"No retained source pointer establishes that the benchmark checked a different outcome than the apparent native task claim. Stronger-measurement conditions may exist, but no retained task/evaluator/oracle/reward pointer shows that the native benchmark checked a different outcome.",
full-androidworld-RecipeAddMultipleRecipesFromImage-agent_a,RecipeAddMultipleRecipesFromImage,agent_a,not_confirmed,False,same_outcome_weaker_or_under_specified,fixed_seed_goal_shape_match,True,"No retained source pointer establishes that the benchmark checked a different outcome than the apparent native task claim. Stronger-measurement conditions may exist, but no retained task/evaluator/oracle/reward pointer shows that the native benchmark checked a different outcome.",
full-androidworld-RecipeAddMultipleRecipesFromImage-agent_b,RecipeAddMultipleRecipesFromImage,agent_b,not_confirmed,False,same_outcome_weaker_or_under_specified,fixed_seed_goal_shape_match,True,"No retained source pointer establishes that the benchmark checked a different outcome than the apparent native task claim. Stronger-measurement conditions may exist, but no retained task/evaluator/oracle/reward pointer shows that the native benchmark checked a different outcome.",
full-androidworld-RecipeAddMultipleRecipesFromImage-agent_c,RecipeAddMultipleRecipesFromImage,agent_c,not_confirmed,False,same_outcome_weaker_or_under_specified,fixed_seed_goal_shape_match,True,"No retained source pointer establishes that the benchmark checked a different outcome than the apparent native task claim. Stronger-measurement conditions may exist, but no retained task/evaluator/oracle/reward pointer shows that the native benchmark checked a different outcome.",
full-androidworld-RecipeAddMultipleRecipesFromMarkor-agent_a,RecipeAddMultipleRecipesFromMarkor,agent_a,not_confirmed,False,same_outcome_weaker_or_under_specified,fixed_seed_goal_shape_match,True,"No retained source pointer establishes that the benchmark checked a different outcome than the apparent native task claim. Stronger-measurement conditions may exist, but no retained task/evaluator/oracle/reward pointer shows that the native benchmark checked a different outcome.",
full-androidworld-RecipeAddMultipleRecipesFromMarkor-agent_b,RecipeAddMultipleRecipesFromMarkor,agent_b,not_confirmed,False,same_outcome_weaker_or_under_specified,fixed_seed_goal_shape_match,True,"No retained source pointer establishes that the benchmark checked a different outcome than the apparent native task claim. Stronger-measurement conditions may exist, but no retained task/evaluator/oracle/reward pointer shows that the native benchmark checked a different outcome.",
full-androidworld-RecipeAddMultipleRecipesFromMarkor-agent_c,RecipeAddMultipleRecipesFromMarkor,agent_c,not_confirmed,False,same_outcome_weaker_or_under_specified,fixed_seed_goal_shape_match,True,"No retained source pointer establishes that the benchmark checked a different outcome than the apparent native task claim. Stronger-measurement conditions may exist, but no retained task/evaluator/oracle/reward pointer shows that the native benchmark checked a different outcome.",
full-androidworld-RecipeAddMultipleRecipesFromMarkor2-agent_a,RecipeAddMultipleRecipesFromMarkor2,agent_a,not_confirmed,False,same_outcome_weaker_or_under_specified,fixed_seed_goal_shape_match,True,"No retained source pointer establishes that the benchmark checked a different outcome than the apparent native task claim. Stronger-measurement conditions may exist, but no retained task/evaluator/oracle/reward pointer shows that the native benchmark checked a different outcome.",
full-androidworld-RecipeAddMultipleRecipesFromMarkor2-agent_b,RecipeAddMultipleRecipesFromMarkor2,agent_b,not_confirmed,False,same_outcome_weaker_or_under_specified,fixed_seed_goal_shape_match,True,"No retained source pointer establishes that the benchmark checked a different outcome than the apparent native task claim. Stronger-measurement conditions may exist, but no retained task/evaluator/oracle/reward pointer shows that the native benchmark checked a different outcome.",
full-androidworld-RecipeAddMultipleRecipesFromMarkor2-agent_c,RecipeAddMultipleRecipesFromMarkor2,agent_c,not_confirmed,False,same_outcome_weaker_or_under_specified,fixed_seed_goal_shape_match,True,"No retained source pointer establishes that the benchmark checked a different outcome than the apparent native task claim. Stronger-measurement conditions may exist, but no retained task/evaluator/oracle/reward pointer shows that the native benchmark checked a different outcome.",
full-androidworld-RecipeAddSingleRecipe-agent_a,RecipeAddSingleRecipe,agent_a,not_confirmed,False,same_outcome_weaker_or_under_specified,fixed_seed_goal_shape_match,True,"No retained source pointer establishes that the benchmark checked a different outcome than the apparent native task claim. Stronger-measurement conditions may exist, but no retained task/evaluator/oracle/reward pointer shows that the native benchmark checked a different outcome.",
full-androidworld-RecipeAddSingleRecipe-agent_b,RecipeAddSingleRecipe,agent_b,not_confirmed,False,same_outcome_weaker_or_under_specified,fixed_seed_goal_shape_match,True,"No retained source pointer establishes that the benchmark checked a different outcome than the apparent native task claim. Stronger-measurement conditions may exist, but no retained task/evaluator/oracle/reward pointer shows that the native benchmark checked a different outcome.",
full-androidworld-RecipeAddSingleRecipe-agent_c,RecipeAddSingleRecipe,agent_c,not_confirmed,False,same_outcome_weaker_or_under_specified,fixed_seed_goal_shape_match,True,"No retained source pointer establishes that the benchmark checked a different outcome than the apparent native task claim. Stronger-measurement conditions may exist, but no retained task/evaluator/oracle/reward pointer shows that the native benchmark checked a different outcome.",
full-androidworld-RecipeDeleteDuplicateRecipes-agent_a,RecipeDeleteDuplicateRecipes,agent_a,not_confirmed,False,same_outcome_weaker_or_under_specified,fixed_seed_goal_shape_match,True,"No retained source pointer establishes that the benchmark checked a different outcome than the apparent native task claim. Stronger-measurement conditions may exist, but no retained task/evaluator/oracle/reward pointer shows that the native benchmark checked a different outcome.",
full-androidworld-RecipeDeleteDuplicateRecipes-agent_b,RecipeDeleteDuplicateRecipes,agent_b,not_confirmed,False,same_outcome_weaker_or_under_specified,fixed_seed_goal_shape_match,True,"No retained source pointer establishes that the benchmark checked a different outcome than the apparent native task claim. Stronger-measurement conditions may exist, but no retained task/evaluator/oracle/reward pointer shows that the native benchmark checked a different outcome.",
full-androidworld-RecipeDeleteDuplicateRecipes-agent_c,RecipeDeleteDuplicateRecipes,agent_c,not_confirmed,False,same_outcome_weaker_or_under_specified,fixed_seed_goal_shape_match,True,"No retained source pointer establishes that the benchmark checked a different outcome than the apparent native task claim. Stronger-measurement conditions may exist, but no retained task/evaluator/oracle/reward pointer shows that the native benchmark checked a different outcome.",
full-androidworld-RecipeDeleteDuplicateRecipes2-agent_a,RecipeDeleteDuplicateRecipes2,agent_a,not_confirmed,False,same_outcome_weaker_or_under_specified,fixed_seed_goal_shape_match,True,"No retained source pointer establishes that the benchmark checked a different outcome than the apparent native task claim. Stronger-measurement conditions may exist, but no retained task/evaluator/oracle/reward pointer shows that the native benchmark checked a different outcome.",
full-androidworld-RecipeDeleteDuplicateRecipes2-agent_b,RecipeDeleteDuplicateRecipes2,agent_b,not_confirmed,False,same_outcome_weaker_or_under_specified,fixed_seed_goal_shape_match,True,"No retained source pointer establishes that the benchmark checked a different outcome than the apparent native task claim. Stronger-measurement conditions may exist, but no retained task/evaluator/oracle/reward pointer shows that the native benchmark checked a different outcome.",
full-androidworld-RecipeDeleteDuplicateRecipes2-agent_c,RecipeDeleteDuplicateRecipes2,agent_c,not_confirmed,False,same_outcome_weaker_or_under_specified,fixed_seed_goal_shape_match,True,"No retained source pointer establishes that the benchmark checked a different outcome than the apparent native task claim. Stronger-measurement conditions may exist, but no retained task/evaluator/oracle/reward pointer shows that the native benchmark checked a different outcome.",
full-androidworld-RecipeDeleteDuplicateRecipes3-agent_a,RecipeDeleteDuplicateRecipes3,agent_a,not_confirmed,False,same_outcome_weaker_or_under_specified,fixed_seed_goal_shape_match,True,"No retained source pointer establishes that the benchmark checked a different outcome than the apparent native task claim. Stronger-measurement conditions may exist, but no retained task/evaluator/oracle/reward pointer shows that the native benchmark checked a different outcome.",
full-androidworld-RecipeDeleteDuplicateRecipes3-agent_b,RecipeDeleteDuplicateRecipes3,agent_b,not_confirmed,False,same_outcome_weaker_or_under_specified,fixed_seed_goal_shape_match,True,"No retained source pointer establishes that the benchmark checked a different outcome than the apparent native task claim. Stronger-measurement conditions may exist, but no retained task/evaluator/oracle/reward pointer shows that the native benchmark checked a different outcome.",
full-androidworld-RecipeDeleteDuplicateRecipes3-agent_c,RecipeDeleteDuplicateRecipes3,agent_c,not_confirmed,False,same_outcome_weaker_or_under_specified,fixed_seed_goal_shape_match,True,"No retained source pointer establishes that the benchmark checked a different outcome than the apparent native task claim. Stronger-measurement conditions may exist, but no retained task/evaluator/oracle/reward pointer shows that the native benchmark checked a different outcome.",
full-androidworld-RecipeDeleteMultipleRecipes-agent_a,RecipeDeleteMultipleRecipes,agent_a,not_confirmed,False,same_checked_outcome,fixed_seed_goal_shape_match,False,No retained source pointer establishes that the benchmark checked a different outcome than the apparent native task claim.,
full-androidworld-RecipeDeleteMultipleRecipes-agent_b,RecipeDeleteMultipleRecipes,agent_b,not_confirmed,False,same_checked_outcome,fixed_seed_goal_shape_match,False,No retained source pointer establishes that the benchmark checked a different outcome than the apparent native task claim.,
full-androidworld-RecipeDeleteMultipleRecipes-agent_c,RecipeDeleteMultipleRecipes,agent_c,not_confirmed,False,same_checked_outcome,fixed_seed_goal_shape_match,False,No retained source pointer establishes that the benchmark checked a different outcome than the apparent native task claim.,
full-androidworld-RecipeDeleteMultipleRecipesWithNoise-agent_a,RecipeDeleteMultipleRecipesWithNoise,agent_a,not_confirmed,False,same_checked_outcome,fixed_seed_goal_shape_match,False,No retained source pointer establishes that the benchmark checked a different outcome than the apparent native task claim.,
full-androidworld-RecipeDeleteMultipleRecipesWithNoise-agent_b,RecipeDeleteMultipleRecipesWithNoise,agent_b,not_confirmed,False,same_checked_outcome,fixed_seed_goal_shape_match,False,No retained source pointer establishes that the benchmark checked a different outcome than the apparent native task claim.,
full-androidworld-RecipeDeleteMultipleRecipesWithNoise-agent_c,RecipeDeleteMultipleRecipesWithNoise,agent_c,not_confirmed,False,same_checked_outcome,fixed_seed_goal_shape_match,False,No retained source pointer establishes that the benchmark checked a different outcome than the apparent native task claim.,
full-androidworld-RecipeDeleteSingleRecipe-agent_a,RecipeDeleteSingleRecipe,agent_a,not_confirmed,False,same_checked_outcome,fixed_seed_goal_shape_match,False,No retained source pointer establishes that the benchmark checked a different outcome than the apparent native task claim.,
full-androidworld-RecipeDeleteSingleRecipe-agent_b,RecipeDeleteSingleRecipe,agent_b,not_confirmed,False,same_checked_outcome,fixed_seed_goal_shape_match,False,No retained source pointer establishes that the benchmark checked a different outcome than the apparent native task claim.,
full-androidworld-RecipeDeleteSingleRecipe-agent_c,RecipeDeleteSingleRecipe,agent_c,not_confirmed,False,same_checked_outcome,fixed_seed_goal_shape_match,False,No retained source pointer establishes that the benchmark checked a different outcome than the apparent native task claim.,
full-androidworld-RecipeDeleteSingleWithRecipeWithNoise-agent_a,RecipeDeleteSingleWithRecipeWithNoise,agent_a,not_confirmed,False,same_checked_outcome,fixed_seed_goal_shape_match,False,No retained source pointer establishes that the benchmark checked a different outcome than the apparent native task claim.,
full-androidworld-RecipeDeleteSingleWithRecipeWithNoise-agent_b,RecipeDeleteSingleWithRecipeWithNoise,agent_b,not_confirmed,False,same_checked_outcome,fixed_seed_goal_shape_match,False,No retained source pointer establishes that the benchmark checked a different outcome than the apparent native task claim.,
full-androidworld-RecipeDeleteSingleWithRecipeWithNoise-agent_c,RecipeDeleteSingleWithRecipeWithNoise,agent_c,not_confirmed,False,same_checked_outcome,fixed_seed_goal_shape_match,False,No retained source pointer establishes that the benchmark checked a different outcome than the apparent native task claim.,
full-androidworld-RetroCreatePlaylist-agent_a,RetroCreatePlaylist,agent_a,not_confirmed,False,same_outcome_weaker_or_under_specified,fixed_seed_goal_shape_match,True,"No retained source pointer establishes that the benchmark checked a different outcome than the apparent native task claim. Stronger-measurement conditions may exist, but no retained task/evaluator/oracle/reward pointer shows that the native benchmark checked a different outcome.",
full-androidworld-RetroCreatePlaylist-agent_b,RetroCreatePlaylist,agent_b,not_confirmed,False,same_outcome_weaker_or_under_specified,fixed_seed_goal_shape_match,True,"No retained source pointer establishes that the benchmark checked a different outcome than the apparent native task claim. Stronger-measurement conditions may exist, but no retained task/evaluator/oracle/reward pointer shows that the native benchmark checked a different outcome.",
full-androidworld-RetroCreatePlaylist-agent_c,RetroCreatePlaylist,agent_c,not_confirmed,False,same_outcome_weaker_or_under_specified,fixed_seed_goal_shape_match,True,"No retained source pointer establishes that the benchmark checked a different outcome than the apparent native task claim. Stronger-measurement conditions may exist, but no retained task/evaluator/oracle/reward pointer shows that the native benchmark checked a different outcome.",
full-androidworld-RetroPlayingQueue-agent_a,RetroPlayingQueue,agent_a,not_confirmed,False,same_checked_outcome,fixed_seed_goal_shape_match,False,No retained source pointer establishes that the benchmark checked a different outcome than the apparent native task claim.,
full-androidworld-RetroPlayingQueue-agent_b,RetroPlayingQueue,agent_b,not_confirmed,False,same_checked_outcome,fixed_seed_goal_shape_match,False,No retained source pointer establishes that the benchmark checked a different outcome than the apparent native task claim.,
full-androidworld-RetroPlayingQueue-agent_c,RetroPlayingQueue,agent_c,not_confirmed,False,same_checked_outcome,fixed_seed_goal_shape_match,False,No retained source pointer establishes that the benchmark checked a different outcome than the apparent native task claim.,
full-androidworld-RetroPlaylistDuration-agent_a,RetroPlaylistDuration,agent_a,not_confirmed,False,same_outcome_weaker_or_under_specified,fixed_seed_goal_shape_match,True,"No retained source pointer establishes that the benchmark checked a different outcome than the apparent native task claim. Stronger-measurement conditions may exist, but no retained task/evaluator/oracle/reward pointer shows that the native benchmark checked a different outcome.",
full-androidworld-RetroPlaylistDuration-agent_b,RetroPlaylistDuration,agent_b,not_confirmed,False,same_outcome_weaker_or_under_specified,fixed_seed_goal_shape_match,True,"No retained source pointer establishes that the benchmark checked a different outcome than the apparent native task claim. Stronger-measurement conditions may exist, but no retained task/evaluator/oracle/reward pointer shows that the native benchmark checked a different outcome.",
full-androidworld-RetroPlaylistDuration-agent_c,RetroPlaylistDuration,agent_c,not_confirmed,False,same_outcome_weaker_or_under_specified,fixed_seed_goal_shape_match,True,"No retained source pointer establishes that the benchmark checked a different outcome than the apparent native task claim. Stronger-measurement conditions may exist, but no retained task/evaluator/oracle/reward pointer shows that the native benchmark checked a different outcome.",
full-androidworld-RetroSavePlaylist-agent_a,RetroSavePlaylist,agent_a,not_confirmed,False,same_outcome_weaker_or_under_specified,fixed_seed_goal_shape_match,True,"No retained source pointer establishes that the benchmark checked a different outcome than the apparent native task claim. Stronger-measurement conditions may exist, but no retained task/evaluator/oracle/reward pointer shows that the native benchmark checked a different outcome.",
full-androidworld-RetroSavePlaylist-agent_b,RetroSavePlaylist,agent_b,not_confirmed,False,same_outcome_weaker_or_under_specified,fixed_seed_goal_shape_match,True,"No retained source pointer establishes that the benchmark checked a different outcome than the apparent native task claim. Stronger-measurement conditions may exist, but no retained task/evaluator/oracle/reward pointer shows that the native benchmark checked a different outcome.",
full-androidworld-RetroSavePlaylist-agent_c,RetroSavePlaylist,agent_c,not_confirmed,False,same_outcome_weaker_or_under_specified,fixed_seed_goal_shape_match,True,"No retained source pointer establishes that the benchmark checked a different outcome than the apparent native task claim. Stronger-measurement conditions may exist, but no retained task/evaluator/oracle/reward pointer shows that the native benchmark checked a different outcome.",
full-androidworld-SaveCopyOfReceiptTaskEval-agent_a,SaveCopyOfReceiptTaskEval,agent_a,not_confirmed,False,same_outcome_weaker_or_under_specified,mismatch,True,No retained source pointer establishes that the benchmark checked a different outcome than the apparent native task claim. Non-material retained difference reviewed: runtime prepends 'In Simple Gallery Pro' to the same DCIM-to-Download copy task described by metadata; this clarifies the target app without changing the required state.,
full-androidworld-SaveCopyOfReceiptTaskEval-agent_b,SaveCopyOfReceiptTaskEval,agent_b,not_confirmed,False,same_outcome_weaker_or_under_specified,mismatch,True,No retained source pointer establishes that the benchmark checked a different outcome than the apparent native task claim. Non-material retained difference reviewed: runtime prepends 'In Simple Gallery Pro' to the same DCIM-to-Download copy task described by metadata; this clarifies the target app without changing the required state.,
full-androidworld-SaveCopyOfReceiptTaskEval-agent_c,SaveCopyOfReceiptTaskEval,agent_c,not_confirmed,False,same_outcome_weaker_or_under_specified,mismatch,True,No retained source pointer establishes that the benchmark checked a different outcome than the apparent native task claim. Non-material retained difference reviewed: runtime prepends 'In Simple Gallery Pro' to the same DCIM-to-Download copy task described by metadata; this clarifies the target app without changing the required state.,
full-androidworld-SimpleCalendarAddOneEvent-agent_a,SimpleCalendarAddOneEvent,agent_a,not_confirmed,False,same_outcome_weaker_or_under_specified,exact,True,"No retained source pointer establishes that the benchmark checked a different outcome than the apparent native task claim. Stronger-measurement conditions may exist, but no retained task/evaluator/oracle/reward pointer shows that the native benchmark checked a different outcome.",
full-androidworld-SimpleCalendarAddOneEvent-agent_b,SimpleCalendarAddOneEvent,agent_b,not_confirmed,False,same_outcome_weaker_or_under_specified,exact,True,"No retained source pointer establishes that the benchmark checked a different outcome than the apparent native task claim. Stronger-measurement conditions may exist, but no retained task/evaluator/oracle/reward pointer shows that the native benchmark checked a different outcome.",
full-androidworld-SimpleCalendarAddOneEvent-agent_c,SimpleCalendarAddOneEvent,agent_c,not_confirmed,False,same_outcome_weaker_or_under_specified,exact,True,"No retained source pointer establishes that the benchmark checked a different outcome than the apparent native task claim. Stronger-measurement conditions may exist, but no retained task/evaluator/oracle/reward pointer shows that the native benchmark checked a different outcome.",
full-androidworld-SimpleSmsSend-agent_a,SimpleSmsSend,agent_a,not_confirmed,False,same_outcome_weaker_or_under_specified,exact,True,"No retained source pointer establishes that the benchmark checked a different outcome than the apparent native task claim. Stronger-measurement conditions may exist, but no retained task/evaluator/oracle/reward pointer shows that the native benchmark checked a different outcome.",
full-androidworld-SimpleSmsSend-agent_b,SimpleSmsSend,agent_b,not_confirmed,False,same_outcome_weaker_or_under_specified,exact,True,"No retained source pointer establishes that the benchmark checked a different outcome than the apparent native task claim. Stronger-measurement conditions may exist, but no retained task/evaluator/oracle/reward pointer shows that the native benchmark checked a different outcome.",
full-androidworld-SimpleSmsSend-agent_c,SimpleSmsSend,agent_c,not_confirmed,False,same_outcome_weaker_or_under_specified,exact,True,"No retained source pointer establishes that the benchmark checked a different outcome than the apparent native task claim. Stronger-measurement conditions may exist, but no retained task/evaluator/oracle/reward pointer shows that the native benchmark checked a different outcome.",
full-androidworld-SimpleSmsSendClipboardContent-agent_a,SimpleSmsSendClipboardContent,agent_a,not_confirmed,False,same_outcome_weaker_or_under_specified,exact,True,"No retained source pointer establishes that the benchmark checked a different outcome than the apparent native task claim. Stronger-measurement conditions may exist, but no retained task/evaluator/oracle/reward pointer shows that the native benchmark checked a different outcome.",
full-androidworld-SimpleSmsSendClipboardContent-agent_b,SimpleSmsSendClipboardContent,agent_b,not_confirmed,False,same_outcome_weaker_or_under_specified,exact,True,"No retained source pointer establishes that the benchmark checked a different outcome than the apparent native task claim. Stronger-measurement conditions may exist, but no retained task/evaluator/oracle/reward pointer shows that the native benchmark checked a different outcome.",
full-androidworld-SimpleSmsSendClipboardContent-agent_c,SimpleSmsSendClipboardContent,agent_c,not_confirmed,False,same_outcome_weaker_or_under_specified,exact,True,"No retained source pointer establishes that the benchmark checked a different outcome than the apparent native task claim. Stronger-measurement conditions may exist, but no retained task/evaluator/oracle/reward pointer shows that the native benchmark checked a different outcome.",
full-androidworld-SimpleSmsSendReceivedAddress-agent_a,SimpleSmsSendReceivedAddress,agent_a,not_confirmed,False,same_outcome_weaker_or_under_specified,exact,True,"No retained source pointer establishes that the benchmark checked a different outcome than the apparent native task claim. Stronger-measurement conditions may exist, but no retained task/evaluator/oracle/reward pointer shows that the native benchmark checked a different outcome.",
full-androidworld-SimpleSmsSendReceivedAddress-agent_b,SimpleSmsSendReceivedAddress,agent_b,not_confirmed,False,same_outcome_weaker_or_under_specified,exact,True,"No retained source pointer establishes that the benchmark checked a different outcome than the apparent native task claim. Stronger-measurement conditions may exist, but no retained task/evaluator/oracle/reward pointer shows that the native benchmark checked a different outcome.",
full-androidworld-SimpleSmsSendReceivedAddress-agent_c,SimpleSmsSendReceivedAddress,agent_c,not_confirmed,False,same_outcome_weaker_or_under_specified,exact,True,"No retained source pointer establishes that the benchmark checked a different outcome than the apparent native task claim. Stronger-measurement conditions may exist, but no retained task/evaluator/oracle/reward pointer shows that the native benchmark checked a different outcome.",
full-androidworld-SportsTrackerActivitiesCountForWeek-agent_a,SportsTrackerActivitiesCountForWeek,agent_a,confirmed_conflict,True,different_outcome_checked,mismatch,True,"The apparent metadata task template and the runtime goal/evaluator target differ materially. The retained record binds the actual dispatched goal to this run, and the evaluator output records the same runtime goal. Conflict reason: runtime prompt specifies Monday as the first day of the week.",Apparent claim: How many {category} activities did I do this week in the OpenTracks app? Express your answer as a single integer. Actual checked outcome: How many skate boarding activities did I do this week in the OpenTracks app? Assume the week starts from Monday. Express your answer as a single integer.
full-androidworld-SportsTrackerActivitiesCountForWeek-agent_b,SportsTrackerActivitiesCountForWeek,agent_b,confirmed_conflict,True,different_outcome_checked,mismatch,True,"The apparent metadata task template and the runtime goal/evaluator target differ materially. The retained record binds the actual dispatched goal to this run, and the evaluator output records the same runtime goal. Conflict reason: runtime prompt specifies Monday as the first day of the week.",Apparent claim: How many {category} activities did I do this week in the OpenTracks app? Express your answer as a single integer. Actual checked outcome: How many skate boarding activities did I do this week in the OpenTracks app? Assume the week starts from Monday. Express your answer as a single integer.
full-androidworld-SportsTrackerActivitiesCountForWeek-agent_c,SportsTrackerActivitiesCountForWeek,agent_c,confirmed_conflict,True,different_outcome_checked,mismatch,True,"The apparent metadata task template and the runtime goal/evaluator target differ materially. The retained record binds the actual dispatched goal to this run, and the evaluator output records the same runtime goal. Conflict reason: runtime prompt specifies Monday as the first day of the week.",Apparent claim: How many {category} activities did I do this week in the OpenTracks app? Express your answer as a single integer. Actual checked outcome: How many climbing activities did I do this week in the OpenTracks app? Assume the week starts from Monday. Express your answer as a single integer.
full-androidworld-SportsTrackerActivitiesOnDate-agent_a,SportsTrackerActivitiesOnDate,agent_a,confirmed_conflict,True,different_outcome_checked,mismatch,True,"The apparent metadata task template and the runtime goal/evaluator target differ materially. The retained record binds the actual dispatched goal to this run, and the evaluator output records the same runtime goal. Conflict reason: metadata requests category while runtime prompt requests activity type.","Apparent claim: What activities did I do {date} in the OpenTracks app? Answer with the category only. If there are multiples categories, format your answer in a comma separated list. Actual checked outcome: What activities did I do October 10 in the OpenTracks app? Answer with the activity type only. If there are multiple types, format your answer in a comma separated list."
full-androidworld-SportsTrackerActivitiesOnDate-agent_b,SportsTrackerActivitiesOnDate,agent_b,confirmed_conflict,True,different_outcome_checked,mismatch,True,"The apparent metadata task template and the runtime goal/evaluator target differ materially. The retained record binds the actual dispatched goal to this run, and the evaluator output records the same runtime goal. Conflict reason: metadata requests category while runtime prompt requests activity type.","Apparent claim: What activities did I do {date} in the OpenTracks app? Answer with the category only. If there are multiples categories, format your answer in a comma separated list. Actual checked outcome: What activities did I do October 10 in the OpenTracks app? Answer with the activity type only. If there are multiple types, format your answer in a comma separated list."
full-androidworld-SportsTrackerActivitiesOnDate-agent_c,SportsTrackerActivitiesOnDate,agent_c,confirmed_conflict,True,different_outcome_checked,mismatch,True,"The apparent metadata task template and the runtime goal/evaluator target differ materially. The retained record binds the actual dispatched goal to this run, and the evaluator output records the same runtime goal. Conflict reason: metadata requests category while runtime prompt requests activity type.","Apparent claim: What activities did I do {date} in the OpenTracks app? Answer with the category only. If there are multiples categories, format your answer in a comma separated list. Actual checked outcome: What activities did I do Friday in the OpenTracks app? Answer with the activity type only. If there are multiple types, format your answer in a comma separated list."
full-androidworld-SportsTrackerActivityDuration-agent_a,SportsTrackerActivityDuration,agent_a,not_confirmed,False,same_outcome_weaker_or_under_specified,exact,True,"No retained source pointer establishes that the benchmark checked a different outcome than the apparent native task claim. Stronger-measurement conditions may exist, but no retained task/evaluator/oracle/reward pointer shows that the native benchmark checked a different outcome.",
full-androidworld-SportsTrackerActivityDuration-agent_b,SportsTrackerActivityDuration,agent_b,not_confirmed,False,same_outcome_weaker_or_under_specified,exact,True,"No retained source pointer establishes that the benchmark checked a different outcome than the apparent native task claim. Stronger-measurement conditions may exist, but no retained task/evaluator/oracle/reward pointer shows that the native benchmark checked a different outcome.",
full-androidworld-SportsTrackerActivityDuration-agent_c,SportsTrackerActivityDuration,agent_c,not_confirmed,False,same_outcome_weaker_or_under_specified,exact,True,"No retained source pointer establishes that the benchmark checked a different outcome than the apparent native task claim. Stronger-measurement conditions may exist, but no retained task/evaluator/oracle/reward pointer shows that the native benchmark checked a different outcome.",
full-androidworld-SportsTrackerLongestDistanceActivity-agent_a,SportsTrackerLongestDistanceActivity,agent_a,confirmed_conflict,True,different_outcome_checked,mismatch,True,"The apparent metadata task template and the runtime goal/evaluator target differ materially. The retained record binds the actual dispatched goal to this run, and the evaluator output records the same runtime goal. Conflict reason: runtime prompt specifies Monday week boundaries and nearest-integer rounding.",Apparent claim: What was the longest distance covered in a {category} activity in the OpenTracks app this week? Express your answer in meters as a single integer. Actual checked outcome: What was the longest distance covered in a mountain biking activity in the OpenTracks app this week? Assume the week starts from Monday. Express your answer as a single number in meters rounded to the nearest integer.
full-androidworld-SportsTrackerLongestDistanceActivity-agent_b,SportsTrackerLongestDistanceActivity,agent_b,confirmed_conflict,True,different_outcome_checked,mismatch,True,"The apparent metadata task template and the runtime goal/evaluator target differ materially. The retained record binds the actual dispatched goal to this run, and the evaluator output records the same runtime goal. Conflict reason: runtime prompt specifies Monday week boundaries and nearest-integer rounding.",Apparent claim: What was the longest distance covered in a {category} activity in the OpenTracks app this week? Express your answer in meters as a single integer. Actual checked outcome: What was the longest distance covered in a mountain biking activity in the OpenTracks app this week? Assume the week starts from Monday. Express your answer as a single number in meters rounded to the nearest integer.
full-androidworld-SportsTrackerLongestDistanceActivity-agent_c,SportsTrackerLongestDistanceActivity,agent_c,confirmed_conflict,True,different_outcome_checked,mismatch,True,"The apparent metadata task template and the runtime goal/evaluator target differ materially. The retained record binds the actual dispatched goal to this run, and the evaluator output records the same runtime goal. Conflict reason: runtime prompt specifies Monday week boundaries and nearest-integer rounding.",Apparent claim: What was the longest distance covered in a {category} activity in the OpenTracks app this week? Express your answer in meters as a single integer. Actual checked outcome: What was the longest distance covered in a mountain biking activity in the OpenTracks app this week? Assume the week starts from Monday. Express your answer as a single number in meters rounded to the nearest integer.
full-androidworld-SportsTrackerTotalDistanceForCategoryOverInterval-agent_a,SportsTrackerTotalDistanceForCategoryOverInterval,agent_a,confirmed_conflict,True,different_outcome_checked,mismatch,True,"The apparent metadata task template and the runtime goal/evaluator target differ materially. The retained record binds the actual dispatched goal to this run, and the evaluator output records the same runtime goal. Conflict reason: runtime prompt requires rounding meters to the nearest integer.",Apparent claim: What was the total distance covered for {category} activities in the OpenTracks app from {start_date} to {end_date}? Express your answer in meters as a single integer. Actual checked outcome: What was the total distance covered for climbing activities in the OpenTracks app from October 05 2023 to October 11 2023? Express your answer as a single number in meters rounded to the nearest integer.
full-androidworld-SportsTrackerTotalDistanceForCategoryOverInterval-agent_b,SportsTrackerTotalDistanceForCategoryOverInterval,agent_b,confirmed_conflict,True,different_outcome_checked,mismatch,True,"The apparent metadata task template and the runtime goal/evaluator target differ materially. The retained record binds the actual dispatched goal to this run, and the evaluator output records the same runtime goal. Conflict reason: runtime prompt requires rounding meters to the nearest integer.",Apparent claim: What was the total distance covered for {category} activities in the OpenTracks app from {start_date} to {end_date}? Express your answer in meters as a single integer. Actual checked outcome: What was the total distance covered for climbing activities in the OpenTracks app from October 05 2023 to October 11 2023? Express your answer as a single number in meters rounded to the nearest integer.
full-androidworld-SportsTrackerTotalDistanceForCategoryOverInterval-agent_c,SportsTrackerTotalDistanceForCategoryOverInterval,agent_c,confirmed_conflict,True,different_outcome_checked,mismatch,True,"The apparent metadata task template and the runtime goal/evaluator target differ materially. The retained record binds the actual dispatched goal to this run, and the evaluator output records the same runtime goal. Conflict reason: runtime prompt requires rounding meters to the nearest integer.",Apparent claim: What was the total distance covered for {category} activities in the OpenTracks app from {start_date} to {end_date}? Express your answer in meters as a single integer. Actual checked outcome: What was the total distance covered for climbing activities in the OpenTracks app from October 05 2023 to October 11 2023? Express your answer as a single number in meters rounded to the nearest integer.
full-androidworld-SportsTrackerTotalDurationForCategoryThisWeek-agent_a,SportsTrackerTotalDurationForCategoryThisWeek,agent_a,confirmed_conflict,True,different_outcome_checked,mismatch,True,"The apparent metadata task template and the runtime goal/evaluator target differ materially. The retained record binds the actual dispatched goal to this run, and the evaluator output records the same runtime goal. Conflict reason: runtime prompt specifies Monday as the first day of the week.",Apparent claim: What was the total duration of {category} activities in the OpenTracks app this week? Express your answer in minutes as a single integer. Actual checked outcome: What was the total duration of running activities in the OpenTracks app this week? Assume the week starts from Monday. Express your answer in minutes as a single integer.
full-androidworld-SportsTrackerTotalDurationForCategoryThisWeek-agent_b,SportsTrackerTotalDurationForCategoryThisWeek,agent_b,confirmed_conflict,True,different_outcome_checked,mismatch,True,"The apparent metadata task template and the runtime goal/evaluator target differ materially. The retained record binds the actual dispatched goal to this run, and the evaluator output records the same runtime goal. Conflict reason: runtime prompt specifies Monday as the first day of the week.",Apparent claim: What was the total duration of {category} activities in the OpenTracks app this week? Express your answer in minutes as a single integer. Actual checked outcome: What was the total duration of running activities in the OpenTracks app this week? Assume the week starts from Monday. Express your answer in minutes as a single integer.
full-androidworld-SportsTrackerTotalDurationForCategoryThisWeek-agent_c,SportsTrackerTotalDurationForCategoryThisWeek,agent_c,confirmed_conflict,True,different_outcome_checked,mismatch,True,"The apparent metadata task template and the runtime goal/evaluator target differ materially. The retained record binds the actual dispatched goal to this run, and the evaluator output records the same runtime goal. Conflict reason: runtime prompt specifies Monday as the first day of the week.",Apparent claim: What was the total duration of {category} activities in the OpenTracks app this week? Express your answer in minutes as a single integer. Actual checked outcome: What was the total duration of cycling activities in the OpenTracks app this week? Assume the week starts from Monday. Express your answer in minutes as a single integer.
full-androidworld-SystemBluetoothTurnOff-agent_a,SystemBluetoothTurnOff,agent_a,not_confirmed,False,same_checked_outcome,exact,False,No retained source pointer establishes that the benchmark checked a different outcome than the apparent native task claim.,
full-androidworld-SystemBluetoothTurnOff-agent_b,SystemBluetoothTurnOff,agent_b,not_confirmed,False,same_checked_outcome,exact,False,No retained source pointer establishes that the benchmark checked a different outcome than the apparent native task claim.,
full-androidworld-SystemBluetoothTurnOff-agent_c,SystemBluetoothTurnOff,agent_c,not_confirmed,False,same_checked_outcome,exact,False,No retained source pointer establishes that the benchmark checked a different outcome than the apparent native task claim.,
full-androidworld-SystemBluetoothTurnOffVerify-agent_a,SystemBluetoothTurnOffVerify,agent_a,not_confirmed,False,same_checked_outcome,exact,False,No retained source pointer establishes that the benchmark checked a different outcome than the apparent native task claim.,
full-androidworld-SystemBluetoothTurnOffVerify-agent_b,SystemBluetoothTurnOffVerify,agent_b,not_confirmed,False,same_checked_outcome,exact,False,No retained source pointer establishes that the benchmark checked a different outcome than the apparent native task claim.,
full-androidworld-SystemBluetoothTurnOffVerify-agent_c,SystemBluetoothTurnOffVerify,agent_c,not_confirmed,False,same_checked_outcome,exact,False,No retained source pointer establishes that the benchmark checked a different outcome than the apparent native task claim.,
full-androidworld-SystemBluetoothTurnOn-agent_a,SystemBluetoothTurnOn,agent_a,not_confirmed,False,same_checked_outcome,exact,False,No retained source pointer establishes that the benchmark checked a different outcome than the apparent native task claim.,
full-androidworld-SystemBluetoothTurnOn-agent_b,SystemBluetoothTurnOn,agent_b,not_confirmed,False,same_checked_outcome,exact,False,No retained source pointer establishes that the benchmark checked a different outcome than the apparent native task claim.,
full-androidworld-SystemBluetoothTurnOn-agent_c,SystemBluetoothTurnOn,agent_c,not_confirmed,False,same_checked_outcome,exact,False,No retained source pointer establishes that the benchmark checked a different outcome than the apparent native task claim.,
full-androidworld-SystemBluetoothTurnOnVerify-agent_a,SystemBluetoothTurnOnVerify,agent_a,not_confirmed,False,same_checked_outcome,exact,False,No retained source pointer establishes that the benchmark checked a different outcome than the apparent native task claim.,
full-androidworld-SystemBluetoothTurnOnVerify-agent_b,SystemBluetoothTurnOnVerify,agent_b,not_confirmed,False,same_checked_outcome,exact,False,No retained source pointer establishes that the benchmark checked a different outcome than the apparent native task claim.,
full-androidworld-SystemBluetoothTurnOnVerify-agent_c,SystemBluetoothTurnOnVerify,agent_c,not_confirmed,False,same_checked_outcome,exact,False,No retained source pointer establishes that the benchmark checked a different outcome than the apparent native task claim.,
full-androidworld-SystemBrightnessMax-agent_a,SystemBrightnessMax,agent_a,not_confirmed,False,same_checked_outcome,exact,False,No retained source pointer establishes that the benchmark checked a different outcome than the apparent native task claim.,
full-androidworld-SystemBrightnessMax-agent_b,SystemBrightnessMax,agent_b,not_confirmed,False,same_checked_outcome,exact,False,No retained source pointer establishes that the benchmark checked a different outcome than the apparent native task claim.,
full-androidworld-SystemBrightnessMax-agent_c,SystemBrightnessMax,agent_c,not_confirmed,False,same_checked_outcome,exact,False,No retained source pointer establishes that the benchmark checked a different outcome than the apparent native task claim.,
full-androidworld-SystemBrightnessMaxVerify-agent_a,SystemBrightnessMaxVerify,agent_a,not_confirmed,False,same_checked_outcome,exact,False,No retained source pointer establishes that the benchmark checked a different outcome than the apparent native task claim.,
full-androidworld-SystemBrightnessMaxVerify-agent_b,SystemBrightnessMaxVerify,agent_b,not_confirmed,False,same_checked_outcome,exact,False,No retained source pointer establishes that the benchmark checked a different outcome than the apparent native task claim.,
full-androidworld-SystemBrightnessMaxVerify-agent_c,SystemBrightnessMaxVerify,agent_c,not_confirmed,False,same_checked_outcome,exact,False,No retained source pointer establishes that the benchmark checked a different outcome than the apparent native task claim.,
full-androidworld-SystemBrightnessMin-agent_a,SystemBrightnessMin,agent_a,not_confirmed,False,same_checked_outcome,exact,False,No retained source pointer establishes that the benchmark checked a different outcome than the apparent native task claim.,
full-androidworld-SystemBrightnessMin-agent_b,SystemBrightnessMin,agent_b,not_confirmed,False,same_checked_outcome,exact,False,No retained source pointer establishes that the benchmark checked a different outcome than the apparent native task claim.,
full-androidworld-SystemBrightnessMin-agent_c,SystemBrightnessMin,agent_c,not_confirmed,False,same_checked_outcome,exact,False,No retained source pointer establishes that the benchmark checked a different outcome than the apparent native task claim.,
full-androidworld-SystemBrightnessMinVerify-agent_a,SystemBrightnessMinVerify,agent_a,not_confirmed,False,same_checked_outcome,exact,False,No retained source pointer establishes that the benchmark checked a different outcome than the apparent native task claim.,
full-androidworld-SystemBrightnessMinVerify-agent_b,SystemBrightnessMinVerify,agent_b,not_confirmed,False,same_checked_outcome,exact,False,No retained source pointer establishes that the benchmark checked a different outcome than the apparent native task claim.,
full-androidworld-SystemBrightnessMinVerify-agent_c,SystemBrightnessMinVerify,agent_c,not_confirmed,False,same_checked_outcome,exact,False,No retained source pointer establishes that the benchmark checked a different outcome than the apparent native task claim.,
full-androidworld-SystemCopyToClipboard-agent_a,SystemCopyToClipboard,agent_a,not_confirmed,False,same_outcome_weaker_or_under_specified,exact,True,"No retained source pointer establishes that the benchmark checked a different outcome than the apparent native task claim. Stronger-measurement conditions may exist, but no retained task/evaluator/oracle/reward pointer shows that the native benchmark checked a different outcome.",
full-androidworld-SystemCopyToClipboard-agent_b,SystemCopyToClipboard,agent_b,not_confirmed,False,same_outcome_weaker_or_under_specified,exact,True,"No retained source pointer establishes that the benchmark checked a different outcome than the apparent native task claim. Stronger-measurement conditions may exist, but no retained task/evaluator/oracle/reward pointer shows that the native benchmark checked a different outcome.",
full-androidworld-SystemCopyToClipboard-agent_c,SystemCopyToClipboard,agent_c,not_confirmed,False,same_outcome_weaker_or_under_specified,exact,True,"No retained source pointer establishes that the benchmark checked a different outcome than the apparent native task claim. Stronger-measurement conditions may exist, but no retained task/evaluator/oracle/reward pointer shows that the native benchmark checked a different outcome.",
full-androidworld-SystemWifiTurnOff-agent_a,SystemWifiTurnOff,agent_a,not_confirmed,False,same_checked_outcome,exact,False,No retained source pointer establishes that the benchmark checked a different outcome than the apparent native task claim.,
full-androidworld-SystemWifiTurnOff-agent_b,SystemWifiTurnOff,agent_b,not_confirmed,False,same_checked_outcome,exact,False,No retained source pointer establishes that the benchmark checked a different outcome than the apparent native task claim.,
full-androidworld-SystemWifiTurnOff-agent_c,SystemWifiTurnOff,agent_c,not_confirmed,False,same_checked_outcome,exact,False,No retained source pointer establishes that the benchmark checked a different outcome than the apparent native task claim.,
full-androidworld-SystemWifiTurnOffVerify-agent_a,SystemWifiTurnOffVerify,agent_a,not_confirmed,False,same_checked_outcome,exact,False,No retained source pointer establishes that the benchmark checked a different outcome than the apparent native task claim.,
full-androidworld-SystemWifiTurnOffVerify-agent_b,SystemWifiTurnOffVerify,agent_b,not_confirmed,False,same_checked_outcome,exact,False,No retained source pointer establishes that the benchmark checked a different outcome than the apparent native task claim.,
full-androidworld-SystemWifiTurnOffVerify-agent_c,SystemWifiTurnOffVerify,agent_c,not_confirmed,False,same_checked_outcome,exact,False,No retained source pointer establishes that the benchmark checked a different outcome than the apparent native task claim.,
full-androidworld-SystemWifiTurnOn-agent_a,SystemWifiTurnOn,agent_a,not_confirmed,False,same_checked_outcome,exact,False,No retained source pointer establishes that the benchmark checked a different outcome than the apparent native task claim.,
full-androidworld-SystemWifiTurnOn-agent_b,SystemWifiTurnOn,agent_b,not_confirmed,False,same_checked_outcome,exact,False,No retained source pointer establishes that the benchmark checked a different outcome than the apparent native task claim.,
full-androidworld-SystemWifiTurnOn-agent_c,SystemWifiTurnOn,agent_c,not_confirmed,False,same_checked_outcome,exact,False,No retained source pointer establishes that the benchmark checked a different outcome than the apparent native task claim.,
full-androidworld-SystemWifiTurnOnVerify-agent_a,SystemWifiTurnOnVerify,agent_a,not_confirmed,False,same_checked_outcome,exact,False,No retained source pointer establishes that the benchmark checked a different outcome than the apparent native task claim.,
full-androidworld-SystemWifiTurnOnVerify-agent_b,SystemWifiTurnOnVerify,agent_b,not_confirmed,False,same_checked_outcome,exact,False,No retained source pointer establishes that the benchmark checked a different outcome than the apparent native task claim.,
full-androidworld-SystemWifiTurnOnVerify-agent_c,SystemWifiTurnOnVerify,agent_c,not_confirmed,False,same_checked_outcome,exact,False,No retained source pointer establishes that the benchmark checked a different outcome than the apparent native task claim.,
full-androidworld-TasksCompletedTasksForDate-agent_a,TasksCompletedTasksForDate,agent_a,not_confirmed,False,same_outcome_weaker_or_under_specified,exact,True,"No retained source pointer establishes that the benchmark checked a different outcome than the apparent native task claim. Stronger-measurement conditions may exist, but no retained task/evaluator/oracle/reward pointer shows that the native benchmark checked a different outcome.",
full-androidworld-TasksCompletedTasksForDate-agent_b,TasksCompletedTasksForDate,agent_b,not_confirmed,False,same_outcome_weaker_or_under_specified,exact,True,"No retained source pointer establishes that the benchmark checked a different outcome than the apparent native task claim. Stronger-measurement conditions may exist, but no retained task/evaluator/oracle/reward pointer shows that the native benchmark checked a different outcome.",
full-androidworld-TasksCompletedTasksForDate-agent_c,TasksCompletedTasksForDate,agent_c,not_confirmed,False,same_outcome_weaker_or_under_specified,exact,True,"No retained source pointer establishes that the benchmark checked a different outcome than the apparent native task claim. Stronger-measurement conditions may exist, but no retained task/evaluator/oracle/reward pointer shows that the native benchmark checked a different outcome.",
full-androidworld-TasksDueNextWeek-agent_a,TasksDueNextWeek,agent_a,confirmed_conflict,True,different_outcome_checked,mismatch,True,"The apparent metadata task template and the runtime goal/evaluator target differ materially. The retained record binds the actual dispatched goal to this run, and the evaluator output records the same runtime goal. Conflict reason: runtime prompt specifies Monday as the first day of the week.",Apparent claim: How many tasks do I have due next week in Tasks app? Express your answer as a single integer. Actual checked outcome: How many tasks do I have due next week in Tasks app? Assume the week starts from Monday. Express your answer as a single integer.
full-androidworld-TasksDueNextWeek-agent_b,TasksDueNextWeek,agent_b,confirmed_conflict,True,different_outcome_checked,mismatch,True,"The apparent metadata task template and the runtime goal/evaluator target differ materially. The retained record binds the actual dispatched goal to this run, and the evaluator output records the same runtime goal. Conflict reason: runtime prompt specifies Monday as the first day of the week.",Apparent claim: How many tasks do I have due next week in Tasks app? Express your answer as a single integer. Actual checked outcome: How many tasks do I have due next week in Tasks app? Assume the week starts from Monday. Express your answer as a single integer.
full-androidworld-TasksDueNextWeek-agent_c,TasksDueNextWeek,agent_c,confirmed_conflict,True,different_outcome_checked,mismatch,True,"The apparent metadata task template and the runtime goal/evaluator target differ materially. The retained record binds the actual dispatched goal to this run, and the evaluator output records the same runtime goal. Conflict reason: runtime prompt specifies Monday as the first day of the week.",Apparent claim: How many tasks do I have due next week in Tasks app? Express your answer as a single integer. Actual checked outcome: How many tasks do I have due next week in Tasks app? Assume the week starts from Monday. Express your answer as a single integer.
full-androidworld-TasksDueOnDate-agent_a,TasksDueOnDate,agent_a,not_confirmed,False,same_outcome_weaker_or_under_specified,exact,True,"No retained source pointer establishes that the benchmark checked a different outcome than the apparent native task claim. Stronger-measurement conditions may exist, but no retained task/evaluator/oracle/reward pointer shows that the native benchmark checked a different outcome.",
full-androidworld-TasksDueOnDate-agent_b,TasksDueOnDate,agent_b,not_confirmed,False,same_outcome_weaker_or_under_specified,exact,True,"No retained source pointer establishes that the benchmark checked a different outcome than the apparent native task claim. Stronger-measurement conditions may exist, but no retained task/evaluator/oracle/reward pointer shows that the native benchmark checked a different outcome.",
full-androidworld-TasksDueOnDate-agent_c,TasksDueOnDate,agent_c,not_confirmed,False,same_outcome_weaker_or_under_specified,exact,True,"No retained source pointer establishes that the benchmark checked a different outcome than the apparent native task claim. Stronger-measurement conditions may exist, but no retained task/evaluator/oracle/reward pointer shows that the native benchmark checked a different outcome.",
full-androidworld-TasksHighPriorityTasks-agent_a,TasksHighPriorityTasks,agent_a,not_confirmed,False,same_outcome_weaker_or_under_specified,exact,True,"No retained source pointer establishes that the benchmark checked a different outcome than the apparent native task claim. Stronger-measurement conditions may exist, but no retained task/evaluator/oracle/reward pointer shows that the native benchmark checked a different outcome.",
full-androidworld-TasksHighPriorityTasks-agent_b,TasksHighPriorityTasks,agent_b,not_confirmed,False,same_outcome_weaker_or_under_specified,exact,True,"No retained source pointer establishes that the benchmark checked a different outcome than the apparent native task claim. Stronger-measurement conditions may exist, but no retained task/evaluator/oracle/reward pointer shows that the native benchmark checked a different outcome.",
full-androidworld-TasksHighPriorityTasks-agent_c,TasksHighPriorityTasks,agent_c,not_confirmed,False,same_outcome_weaker_or_under_specified,exact,True,"No retained source pointer establishes that the benchmark checked a different outcome than the apparent native task claim. Stronger-measurement conditions may exist, but no retained task/evaluator/oracle/reward pointer shows that the native benchmark checked a different outcome.",
full-androidworld-TasksHighPriorityTasksDueOnDate-agent_a,TasksHighPriorityTasksDueOnDate,agent_a,not_confirmed,False,same_outcome_weaker_or_under_specified,exact,True,"No retained source pointer establishes that the benchmark checked a different outcome than the apparent native task claim. Stronger-measurement conditions may exist, but no retained task/evaluator/oracle/reward pointer shows that the native benchmark checked a different outcome.",
full-androidworld-TasksHighPriorityTasksDueOnDate-agent_b,TasksHighPriorityTasksDueOnDate,agent_b,not_confirmed,False,same_outcome_weaker_or_under_specified,exact,True,"No retained source pointer establishes that the benchmark checked a different outcome than the apparent native task claim. Stronger-measurement conditions may exist, but no retained task/evaluator/oracle/reward pointer shows that the native benchmark checked a different outcome.",
full-androidworld-TasksHighPriorityTasksDueOnDate-agent_c,TasksHighPriorityTasksDueOnDate,agent_c,not_confirmed,False,same_outcome_weaker_or_under_specified,exact,True,"No retained source pointer establishes that the benchmark checked a different outcome than the apparent native task claim. Stronger-measurement conditions may exist, but no retained task/evaluator/oracle/reward pointer shows that the native benchmark checked a different outcome.",
full-androidworld-TasksIncompleteTasksOnDate-agent_a,TasksIncompleteTasksOnDate,agent_a,not_confirmed,False,same_outcome_weaker_or_under_specified,exact,True,"No retained source pointer establishes that the benchmark checked a different outcome than the apparent native task claim. Stronger-measurement conditions may exist, but no retained task/evaluator/oracle/reward pointer shows that the native benchmark checked a different outcome.",
full-androidworld-TasksIncompleteTasksOnDate-agent_b,TasksIncompleteTasksOnDate,agent_b,not_confirmed,False,same_outcome_weaker_or_under_specified,exact,True,"No retained source pointer establishes that the benchmark checked a different outcome than the apparent native task claim. Stronger-measurement conditions may exist, but no retained task/evaluator/oracle/reward pointer shows that the native benchmark checked a different outcome.",
full-androidworld-TasksIncompleteTasksOnDate-agent_c,TasksIncompleteTasksOnDate,agent_c,not_confirmed,False,same_outcome_weaker_or_under_specified,exact,True,"No retained source pointer establishes that the benchmark checked a different outcome than the apparent native task claim. Stronger-measurement conditions may exist, but no retained task/evaluator/oracle/reward pointer shows that the native benchmark checked a different outcome.",
full-androidworld-TurnOffWifiAndTurnOnBluetooth-agent_a,TurnOffWifiAndTurnOnBluetooth,agent_a,not_confirmed,False,same_outcome_weaker_or_under_specified,exact,True,"No retained source pointer establishes that the benchmark checked a different outcome than the apparent native task claim. Stronger-measurement conditions may exist, but no retained task/evaluator/oracle/reward pointer shows that the native benchmark checked a different outcome.",
full-androidworld-TurnOffWifiAndTurnOnBluetooth-agent_b,TurnOffWifiAndTurnOnBluetooth,agent_b,not_confirmed,False,same_outcome_weaker_or_under_specified,exact,True,"No retained source pointer establishes that the benchmark checked a different outcome than the apparent native task claim. Stronger-measurement conditions may exist, but no retained task/evaluator/oracle/reward pointer shows that the native benchmark checked a different outcome.",
full-androidworld-TurnOffWifiAndTurnOnBluetooth-agent_c,TurnOffWifiAndTurnOnBluetooth,agent_c,not_confirmed,False,same_outcome_weaker_or_under_specified,exact,True,"No retained source pointer establishes that the benchmark checked a different outcome than the apparent native task claim. Stronger-measurement conditions may exist, but no retained task/evaluator/oracle/reward pointer shows that the native benchmark checked a different outcome.",
full-androidworld-TurnOnWifiAndOpenApp-agent_a,TurnOnWifiAndOpenApp,agent_a,not_confirmed,False,same_outcome_weaker_or_under_specified,exact,True,"No retained source pointer establishes that the benchmark checked a different outcome than the apparent native task claim. Stronger-measurement conditions may exist, but no retained task/evaluator/oracle/reward pointer shows that the native benchmark checked a different outcome.",
full-androidworld-TurnOnWifiAndOpenApp-agent_b,TurnOnWifiAndOpenApp,agent_b,not_confirmed,False,same_outcome_weaker_or_under_specified,exact,True,"No retained source pointer establishes that the benchmark checked a different outcome than the apparent native task claim. Stronger-measurement conditions may exist, but no retained task/evaluator/oracle/reward pointer shows that the native benchmark checked a different outcome.",
full-androidworld-TurnOnWifiAndOpenApp-agent_c,TurnOnWifiAndOpenApp,agent_c,not_confirmed,False,same_outcome_weaker_or_under_specified,exact,True,"No retained source pointer establishes that the benchmark checked a different outcome than the apparent native task claim. Stronger-measurement conditions may exist, but no retained task/evaluator/oracle/reward pointer shows that the native benchmark checked a different outcome.",
full-androidworld-VlcCreatePlaylist-agent_a,VlcCreatePlaylist,agent_a,not_confirmed,False,same_outcome_weaker_or_under_specified,fixed_seed_goal_shape_match,True,"No retained source pointer establishes that the benchmark checked a different outcome than the apparent native task claim. Stronger-measurement conditions may exist, but no retained task/evaluator/oracle/reward pointer shows that the native benchmark checked a different outcome.",
full-androidworld-VlcCreatePlaylist-agent_b,VlcCreatePlaylist,agent_b,not_confirmed,False,same_outcome_weaker_or_under_specified,fixed_seed_goal_shape_match,True,"No retained source pointer establishes that the benchmark checked a different outcome than the apparent native task claim. Stronger-measurement conditions may exist, but no retained task/evaluator/oracle/reward pointer shows that the native benchmark checked a different outcome.",
full-androidworld-VlcCreatePlaylist-agent_c,VlcCreatePlaylist,agent_c,not_confirmed,False,same_outcome_weaker_or_under_specified,fixed_seed_goal_shape_match,True,"No retained source pointer establishes that the benchmark checked a different outcome than the apparent native task claim. Stronger-measurement conditions may exist, but no retained task/evaluator/oracle/reward pointer shows that the native benchmark checked a different outcome.",
full-androidworld-VlcCreateTwoPlaylists-agent_a,VlcCreateTwoPlaylists,agent_a,confirmed_conflict,True,different_outcome_checked,mismatch,True,"The apparent metadata task template and the runtime goal/evaluator target differ materially. The retained record binds the actual dispatched goal to this run, and the evaluator output records the same runtime goal. Conflict reason: metadata reuses files1 for playlist two and swaps the runtime location wording.","Apparent claim: Create a playlist titled ""{playlist_name1}"" with the following files in VLC, in order: {files1}. And then, Create a playlist titled ""{playlist_name2}"" with the following files in VLC (located in Internal Memory/VLCVideos), in order: {files1} Actual checked outcome: Create a playlist titled ""Fitness Challenges Favorites"" with the following files in VLC (located in Internal Memory/VLCVideos), in order: Bgxh_footage_26_export.mp4, moment_87_raw_2023_06_06.mp4, copy_episode_17_raw.mp4, recording_89_raw_j72e.mp4. And then, create a playlist titled ""Travel Guide Marathon"" with the following files in VLC, in order: episode_14_4K_final.mp4, BcL8_highlight_22_HD.mp4, copy_recording_33_HD.mp4, clip_87_4K_edited.mp4."
full-androidworld-VlcCreateTwoPlaylists-agent_b,VlcCreateTwoPlaylists,agent_b,confirmed_conflict,True,different_outcome_checked,mismatch,True,"The apparent metadata task template and the runtime goal/evaluator target differ materially. The retained record binds the actual dispatched goal to this run, and the evaluator output records the same runtime goal. Conflict reason: metadata reuses files1 for playlist two and swaps the runtime location wording.","Apparent claim: Create a playlist titled ""{playlist_name1}"" with the following files in VLC, in order: {files1}. And then, Create a playlist titled ""{playlist_name2}"" with the following files in VLC (located in Internal Memory/VLCVideos), in order: {files1} Actual checked outcome: Create a playlist titled ""Fitness Challenges Favorites"" with the following files in VLC (located in Internal Memory/VLCVideos), in order: Bgxh_footage_26_export.mp4, moment_87_raw_2023_06_06.mp4, copy_episode_17_raw.mp4, recording_89_raw_j72e.mp4. And then, create a playlist titled ""Travel Guide Marathon"" with the following files in VLC, in order: episode_14_4K_final.mp4, BcL8_highlight_22_HD.mp4, copy_recording_33_HD.mp4, clip_87_4K_edited.mp4."
full-androidworld-VlcCreateTwoPlaylists-agent_c,VlcCreateTwoPlaylists,agent_c,confirmed_conflict,True,different_outcome_checked,mismatch,True,"The apparent metadata task template and the runtime goal/evaluator target differ materially. The retained record binds the actual dispatched goal to this run, and the evaluator output records the same runtime goal. Conflict reason: metadata reuses files1 for playlist two and swaps the runtime location wording.","Apparent claim: Create a playlist titled ""{playlist_name1}"" with the following files in VLC, in order: {files1}. And then, Create a playlist titled ""{playlist_name2}"" with the following files in VLC (located in Internal Memory/VLCVideos), in order: {files1} Actual checked outcome: Create a playlist titled ""Daily Routines Marathon"" with the following files in VLC (located in Internal Memory/VLCVideos), in order: episode_85__2023_09_06.mp4, clip_18_export_JC92.mp4, 2023_07_28_moment_95_.mp4, scene_7_4K_2023_08_05.mp4, moment_2_export_edited.mp4. And then, create a playlist titled ""How To Specials"" with the following files in VLC, in order: footage_20_export_iTyz.mp4, highlight_77_4K_final.mp4, 2023_06_07_footage_95_export.mp4, episode_8_export_2023_10_09.mp4, footage_37_4K_YYDe.mp4."
